Flowtool
Copyright 2026 Cadence Design Systems Inc.  All rights reserved worldwide

Command:   -verbose -reset
Directory: /nethome/dkhalil8/InnovateECE/PhysicalDesign/design
Script:    scripts/flow.yaml
Version:   25.10-b003_1, built 03/20/2025 14:55 PDT
Date:      Fri Mar 13 10:17:03 2026

Starting scheduled flows at 03-13 10:17:09...
* flow_current @ genus: synthesis.syn_generic.block_start -> synthesis.syn_generic.schedule_syn_generic_report_synth
Waiting for flows to return... (1 running)
* flow_current @ genus: synthesis.syn_generic.block_start -> synthesis.syn_generic.schedule_syn_generic_report_synth
syn_generic:TMPDIR is being set to /tmp/genus_temp_1173054_aecc530e-6bfe-4476-ad26-a197a4e80434_ece-rschsrv.ece.gatech.edu_dkhalil8_2iWaT9
syn_generic:Cadence Genus(TM) Synthesis Solution.
syn_generic:Copyright 2025 Cadence Design Systems, Inc. All rights reserved worldwide.
syn_generic:Cadence and the Cadence logo are registered trademarks and Genus is a trademark
syn_generic:of Cadence Design Systems, Inc. in the United States and other countries.
syn_generic:
syn_generic:[10:17:16.185729] Configured Lic search path (25.01-s002): 5280@ece-winlic.ece.gatech.edu
syn_generic:
syn_generic:Version: 25.11-s095_1, built Tue Aug 12 07:59:05 PDT 2025
syn_generic:Options: -batch -log /nethome/dkhalil8/InnovateECE/PhysicalDesign/design/logs/syn_generic -disable_user_startup -execute {if {[catch {init_flow  {flow_script {} yaml_script /nethome/dkhalil8/InnovateECE/PhysicalDesign/design/scripts/flow.yaml flow_no_check 0 parent_uuid {} previous_uuid {} top_dir /nethome/dkhalil8/InnovateECE/PhysicalDesign/design flow_dir . status_file /nethome/dkhalil8/InnovateECE/PhysicalDesign/design/flow.status.d/syn_generic metrics_file /nethome/dkhalil8/InnovateECE/PhysicalDesign/design/flow.metrics.d/syn_generic run_tag {} db {{} {} {} {}} db_is_ref_run 0 branch {} caller_data {group 0 process_branch 0 trunk_process 1 flowtool_hostname ece-rschsrv.ece.gatech.edu flowtool_pid 1172434} flow {flow flow:flow_current tool genus tool_options {} dir . db {{} {} {} {}} start_step {tool genus flow flow:flow_current canonical_path {.steps flow:synthesis .steps flow:syn_generic .steps flow_step:block_start} step flow_step:block_start features {} str synthesis.syn_generic.block_start} branch {} caller_data {group 0 process_branch 0} uuid {} parent_uuid {} case_sensitive_match 0 child_of {} process_branch_trunk 1} flow_name flow:flow_current first_step {tool genus flow flow:flow_current canonical_path {.steps flow:synthesis .steps flow:syn_generic .steps flow_step:block_start} step flow_step:block_start features {} str synthesis.syn_generic.block_start} interactive 0 interactive_run 0 enabled_features {} inject_tcl {} trunk_process 1 aum_upload false tool_options {} overwrite 0 last_step {tool genus flow flow:flow_current canonical_path {.steps flow:synthesis .steps flow:syn_generic .steps flow_step:schedule_syn_generic_report_synth} step flow_step:schedule_syn_generic_report_synth features {} str synthesis.syn_generic.schedule_syn_generic_report_synth} log_prefix /nethome/dkhalil8/InnovateECE/PhysicalDesign/design/logs/syn_generic}; run_flow -from {tool genus flow flow:flow_current canonical_path {.steps flow:synthesis .steps flow:syn_generic .steps flow_step:block_start} step flow_step:block_start features {} str synthesis.syn_generic.block_start} -to {tool genus flow flow:flow_current canonical_path {.steps flow:synthesis .steps flow:syn_generic .steps flow_step:schedule_syn_generic_report_synth} step flow_step:schedule_syn_generic_report_synth features {} str synthesis.syn_generic.schedule_syn_generic_report_synth}} msg]} { puts [concat {Tcl error:} $errorInfo]; set fp [open {/nethome/dkhalil8/InnovateECE/PhysicalDesign/design/flow.status.d/syn_generic} a]; puts $fp {}; puts $fp [list [list script run_tcl status error flow {flow:flow_current} branch {} flow_working_directory {.} flow_starting_db {{} {} {} {}} {tool_options} {} steps_run [get_db flow_step_canonical_current] msg $msg]]; close $fp; exit 1 }; exit 0} 
syn_generic:Date:    Fri Mar 13 10:17:16 2026
syn_generic:Host:    ece-rschsrv.ece.gatech.edu (x86_64 w/Linux 4.18.0-553.89.1.el8_10.x86_64) (22cores*88cpus*2physical cpus*Intel(R) Xeon(R) CPU E5-2699 v4 @ 2.20GHz 56320KB) (264007036KB)
syn_generic:PID:     1173054
syn_generic:OS:      Red Hat Enterprise Linux 8.10 (Ootpa)
syn_generic:
syn_generic:Checking out license: Genus_Synthesis
syn_generic:[10:17:16.219227] Periodic Lic check successful
syn_generic:[10:17:16.743528] Feature usage summary:
syn_generic:[10:17:16.743529] Genus_Synthesis  
syn_generic:License checkout complete (0 seconds elapsed).
syn_generic:
syn_generic:
syn_generic:***********************************************************************************************************
syn_generic:***********************************************************************************************************
syn_generic:
syn_generic:
syn_generic:
syn_generic:Finished executable startup (6 seconds elapsed).
syn_generic:
syn_generic:Loading tool scripts...
syn_generic:Finished loading tool scripts (21 seconds elapsed).
syn_generic:
syn_generic:#@ Processing -execute option
syn_generic:@genus:root: 1> if {[catch {init_flow  {flow_script {} yaml_script /nethome/dkhalil8/InnovateECE/PhysicalDesign/design/scripts/flow.yaml flow_no_check 0 parent_uuid {} previous_uuid {} top_dir /nethome/dkhalil8/InnovateECE/PhysicalDesign/design flow_dir . status_file /nethome/dkhalil8/InnovateECE/PhysicalDesign/design/flow.status.d/syn_generic metrics_file /nethome/dkhalil8/InnovateECE/PhysicalDesign/design/flow.metrics.d/syn_generic run_tag {} db {{} {} {} {}} db_is_ref_run 0 branch {} caller_data {group 0 process_branch 0 trunk_process 1 flowtool_hostname ece-rschsrv.ece.gatech.edu flowtool_pid 1172434} flow {flow flow:flow_current tool genus tool_options {} dir . db {{} {} {} {}} start_step {tool genus flow flow:flow_current canonical_path {.steps flow:synthesis .steps flow:syn_generic .steps flow_step:block_start} step flow_step:block_start features {} str synthesis.syn_generic.block_start} branch {} caller_data {group 0 process_branch 0} uuid {} parent_uuid {} case_sensitive_match 0 child_of {} process_branch_trunk 1} flow_name flow:flow_current first_step {tool genus flow flow:flow_current canonical_path {.steps flow:synthesis .steps flow:syn_generic .steps flow_step:block_start} step flow_step:block_start features {} str synthesis.syn_generic.block_start} interactive 0 interactive_run 0 enabled_features {} inject_tcl {} trunk_process 1 aum_upload false tool_options {} overwrite 0 last_step {tool genus flow flow:flow_current canonical_path {.steps flow:synthesis .steps flow:syn_generic .steps flow_step:schedule_syn_generic_report_synth} step flow_step:schedule_syn_generic_report_synth features {} str synthesis.syn_generic.schedule_syn_generic_report_synth} log_prefix /nethome/dkhalil8/InnovateECE/PhysicalDesign/design/logs/syn_generic}; run_flow -from {tool genus flow flow:flow_current canonical_path {.steps flow:synthesis .steps flow:syn_generic .steps flow_step:block_start} step flow_step:block_start features {} str synthesis.syn_generic.block_start} -to {tool genus flow flow:flow_current canonical_path {.steps flow:synthesis .steps flow:syn_generic .steps flow_step:schedule_syn_generic_report_synth} step flow_step:schedule_syn_generic_report_synth features {} str synthesis.syn_generic.schedule_syn_generic_report_synth}} msg]} { puts [concat {Tcl error:} $errorInfo]; set fp [open {/nethome/dkhalil8/InnovateECE/PhysicalDesign/design/flow.status.d/syn_generic} a]; puts $fp {}; puts $fp [list [list script run_tcl status error flow {flow:flow_current} branch {} flow_working_directory {.} flow_starting_db {{} {} {} {}} {tool_options} {} steps_run [get_db flow_step_canonical_current] msg $msg]]; close $fp; exit 1 }; exit 0
syn_generic:init_flow summary:
syn_generic:  Flow script        : 
syn_generic:  YAML script        : /nethome/dkhalil8/InnovateECE/PhysicalDesign/design/scripts/flow.yaml
syn_generic:  Flow               : flow:flow_current
syn_generic:  From               : synthesis.syn_generic.block_start
syn_generic:  To                 : synthesis.syn_generic.schedule_syn_generic_report_synth
syn_generic:  Top directory      : /nethome/dkhalil8/InnovateECE/PhysicalDesign/design
syn_generic:  Working directory  : .
syn_generic:  Starting database  : 
syn_generic:  Run tag            : 
syn_generic:  Branch name        : 
syn_generic:  Metrics file       : /nethome/dkhalil8/InnovateECE/PhysicalDesign/design/flow.metrics.d/syn_generic
syn_generic:  Status file        : /nethome/dkhalil8/InnovateECE/PhysicalDesign/design/flow.status.d/syn_generic
syn_generic:reading previous metrics...
syn_generic:Sourcing flow scripts...
syn_generic:  Setting attribute of root '/': 'flow_template_type' = stylus
syn_generic:  Setting attribute of root '/': 'flow_template_version' = 1
syn_generic:  Setting attribute of root '/': 'flow_template_tools' = genus innovus tempus quantus voltus
syn_generic:  Setting attribute of root '/': 'flow_template_feature_definition' = flow_express 0 report_inline {} report_defer 0 report_none 0 report_clp 0 report_lec {} use_common_db 0 report_pba {} dft_simple 0 dft_compressor 0 synth_hybrid 0 synth_ispatial 0 synth_placev2 0 opt_early_cts 0 clock_design 0 clock_flexible_htree 0 opt_clock 0 opt_postcts_hold_disable 0 opt_postcts_split 0 route_filler_disable 0 route_track_opt 0 route_secondary_nets 0 opt_postroute_split 0 opt_route 0 opt_signoff {} opt_em 0 opt_eco 0 sta_use_setup_yaml 0 sta_dmmmc 0 sta_glitch 0 sta_eco 0 report_early_static_ir 0 report_early_dynamic_ir 0 report_grid_resistance 0 report_static_ir {} report_dynamic_ir {} report_rampup 0 report_signal_em 0 report_power_em 0 report_power_parallel 0 ff_setup 0
syn_generic:  Setting attribute of root '/': 'flowtool_metrics_qor_vivid' = reports/qor.html
syn_generic:  Setting attribute of root '/': 'flow_header_tcl' = 
syn_generic:  #- extend flow report name based on context
syn_generic:  if {[is_flow -quiet -inside flow:sta] || [is_flow -quiet -inside flow:sta_dmmmc] || [is_flow -quiet -inside flow:sta_eco]} {
syn_generic:    if {![regexp {sta$} [get_db flow_report_name]]} {
syn_generic:      set_db flow_report_name [expr {[string is space [get_db flow_report_name]] ? "sta" : "[get_db flow_report_name].sta"}]
syn_generic:    }
syn_generic:  } elseif {[is_flow -quiet -inside flow:ir_early_static] || [is_flow -quiet -inside flow:ir_early_dynamic]} {
syn_generic:    if {![regexp {era$} [get_db flow_report_name]]} {
syn_generic:      set_db flow_report_name [expr {[string is space [get_db flow_report_name]] ? "era" : "[get_db flow_report_name].era"}]
syn_generic:    }
syn_generic:  } elseif {[is_flow -quiet -inside flow:ir_grid] || [is_flow -quiet -inside flow:ir_static] || [is_flow -quiet -inside flow:ir_dynamic] || [is_flow -quiet -inside flow:ir_rampup]} {
syn_generic:    if {![regexp {ir$} [get_db flow_report_name]]} {
syn_generic:      set_db flow_report_name [expr {[string is space [get_db flow_report_name]] ? "ir" : "[get_db flow_report_name].ir"}]
syn_generic:    }
syn_generic:  } elseif {[is_flow -quiet -inside flow:sta_subflows] && [get_db flow_branch] ne {}} {
syn_generic:    set_db flow_report_name [get_db flow_branch]
syn_generic:  } elseif {[regexp {block_start|hier_start|eco_start} [get_db flow_step_current]]} {
syn_generic:    set_db flow_report_name [get_db [lindex [get_db flow_hier_path] end] .name]
syn_generic:  } else {
syn_generic:  }
syn_generic:
syn_generic:  #- Create report dir (if necessary)
syn_generic:  file mkdir [file normalize [file join [get_db flow_report_directory] [get_db flow_report_name]]]
syn_generic:
syn_generic:  Setting attribute of root '/': 'flow_top' = flow:block
syn_generic:  Setting attribute of root '/': 'flow_top' = flow_current
syn_generic:Sourcing flow scripts done.
syn_generic:Begin steps for plugin point Cadence.plugin.flowkit.read_db.pre
syn_generic:#@ Begin verbose flow_step activate_views
syn_generic:@flow_step(activate_views)  2:   apply {{} {
syn_generic:                                   set db [get_db flow_starting_db]
syn_generic:                                   set flow [lindex [get_db flow_hier_path] end]
syn_generic:                                   set setup_views [get_feature -obj $flow setup_views]
syn_generic:                                   set hold_views [get_feature -obj $flow hold_views]
syn_generic:                                   set leakage_view [get_feature -obj $flow leakage_view]
syn_generic:                                   set dynamic_view [get_feature -obj $flow dynamic_view]
syn_generic:                                 
syn_generic:                                   if {($setup_views ne "") || ($hold_views ne "") || ($leakage_view ne "") || ($dynamic_view ne "")} {
syn_generic:                                     #- use read_db args for DB types and set_analysis_views for TCL
syn_generic:                                     if {([llength [get_db analysis_views]]) > 0 &&  ([lindex $db 0] eq {tcl} || [lindex $db 0] in {enc cdb} && [file isfile [lindex $db 1]])} {
syn_generic:                                       set cmd "set_analysis_view"
syn_generic:                                       if {$setup_views ne ""} {
syn_generic:                                         append cmd " -setup [list $setup_views]"
syn_generic:                                       } else {
syn_generic:                                         append cmd " -setup [list [get_db [get_db analysis_views -if .is_setup] .name]]"
syn_generic:                                       }
syn_generic:                                       if {$hold_views ne ""} {
syn_generic:                                         append cmd " -hold [list $hold_views]"
syn_generic:                                       } else {
syn_generic:                                         append cmd " -hold [list [get_db [get_db analysis_views -if .is_hold] .name]]"
syn_generic:                                       }
syn_generic:                                       if {$leakage_view ne ""} {
syn_generic:                                         append cmd " -leakage [list $leakage_view]"
syn_generic:                                       } else {
syn_generic:                                         if {[llength [get_db analysis_views -if .is_leakage]] > 0} {
syn_generic:                                           append cmd " -leakage [list [get_db [get_db analysis_views -if .is_leakage] .name]]"
syn_generic:                                         }
syn_generic:                                       }
syn_generic:                                       if {$dynamic_view ne ""} {
syn_generic:                                         append cmd " -dynamic [list $dynamic_view]"
syn_generic:                                       } else {
syn_generic:                                         if {[llength [get_db analysis_views -if .is_dynamic]] > 0} {
syn_generic:                                           append cmd " -dynamic [list [get_db [get_db analysis_views -if .is_dynamic] .name]]"
syn_generic:                                         }
syn_generic:                                       }
syn_generic:                                       eval $cmd
syn_generic:                                     } elseif {[llength [get_db analysis_views]] == 0} {
syn_generic:                                       set cmd "set_flowkit_read_db_args"
syn_generic:                                       if {$setup_views ne ""} {
syn_generic:                                         append cmd " -setup_views [list $setup_views]"
syn_generic:                                       }
syn_generic:                                       if {$hold_views ne ""} {
syn_generic:                                         append cmd " -hold_views [list $hold_views]"
syn_generic:                                       }
syn_generic:                                       if {$leakage_view ne ""} {
syn_generic:                                         append cmd " -leakage_view [list $leakage_view]"
syn_generic:                                       }
syn_generic:                                       if {$dynamic_view ne ""} {
syn_generic:                                         append cmd " -dynamic_view [list $dynamic_view]"
syn_generic:                                       }
syn_generic:                                       eval $cmd
syn_generic:                                     } else {
syn_generic:                                     }
syn_generic:                                   }
syn_generic:                                 }}
syn_generic:#@ End verbose flow_step activate_views
syn_generic:#@ Begin verbose flow_step init_mcpu
syn_generic:@flow_step(init_mcpu)  2:   apply {{} {
syn_generic:                              # Multi host/cpu attributes
syn_generic:                              #-----------------------------------------------------------------------------
syn_generic:                              # The FLOWTOOL_NUM_CPUS is an environment variable which should be exported by
syn_generic:                              # the specified dist script.  This connects the number of CPUs being reserved
syn_generic:                              # for batch jobs with the current flow scripts.  The LSB_MAX_NUM_PROCESSORS is
syn_generic:                              # a typical environment variable exported by distribution platforms and is
syn_generic:                              # useful for ensuring all interactive jobs are using the reserved amount of CPUs.
syn_generic:                              if {[info exists ::env(FLOWTOOL_NUM_CPUS)]} {
syn_generic:                                set max_cpus $::env(FLOWTOOL_NUM_CPUS)
syn_generic:                              } elseif {[info exists ::env(LSB_MAX_NUM_PROCESSORS)]} {
syn_generic:                                set max_cpus $::env(LSB_MAX_NUM_PROCESSORS)
syn_generic:                              } else {
syn_generic:                                set max_cpus 1
syn_generic:                              }
syn_generic:                              switch -glob [get_db program_short_name] {
syn_generic:                                default       {}
syn_generic:                                joules*       -
syn_generic:                                genus*        -
syn_generic:                                innovus*      -
syn_generic:                                tempus*       -
syn_generic:                                voltus*       { set_multi_cpu_usage -verbose -local_cpu $max_cpus }
syn_generic:                              }
syn_generic:                          if {[get_feature opt_signoff]} {
syn_generic:                                if {[is_flow -inside flow:opt_signoff]} {
syn_generic:                                  set_multi_cpu_usage -verbose -remote_host 1
syn_generic:                                  set_multi_cpu_usage -verbose -cpu_per_remote_host 16
syn_generic:                                  set_distributed_hosts -local
syn_generic:                                }
syn_generic:                          }
syn_generic:                            }}
syn_generic:set_multi_cpu_usage -local_cpu 1
syn_generic:#@ End verbose flow_step init_mcpu
syn_generic:End steps for plugin point Cadence.plugin.flowkit.read_db.pre
syn_generic:Sourcing flow scripts...
syn_generic:  Setting attribute of root '/': 'flow_template_type' = stylus
syn_generic:  Setting attribute of root '/': 'flow_template_version' = 1
syn_generic:  Setting attribute of root '/': 'flow_template_tools' = genus innovus tempus quantus voltus
syn_generic:  Setting attribute of root '/': 'flow_template_feature_definition' = flow_express 0 report_inline {} report_defer 0 report_none 0 report_clp 0 report_lec {} use_common_db 0 report_pba {} dft_simple 0 dft_compressor 0 synth_hybrid 0 synth_ispatial 0 synth_placev2 0 opt_early_cts 0 clock_design 0 clock_flexible_htree 0 opt_clock 0 opt_postcts_hold_disable 0 opt_postcts_split 0 route_filler_disable 0 route_track_opt 0 route_secondary_nets 0 opt_postroute_split 0 opt_route 0 opt_signoff {} opt_em 0 opt_eco 0 sta_use_setup_yaml 0 sta_dmmmc 0 sta_glitch 0 sta_eco 0 report_early_static_ir 0 report_early_dynamic_ir 0 report_grid_resistance 0 report_static_ir {} report_dynamic_ir {} report_rampup 0 report_signal_em 0 report_power_em 0 report_power_parallel 0 ff_setup 0
syn_generic:  Setting attribute of root '/': 'flowtool_metrics_qor_vivid' = reports/qor.html
syn_generic:  Setting attribute of root '/': 'flow_header_tcl' = 
syn_generic:  #- extend flow report name based on context
syn_generic:  if {[is_flow -quiet -inside flow:sta] || [is_flow -quiet -inside flow:sta_dmmmc] || [is_flow -quiet -inside flow:sta_eco]} {
syn_generic:    if {![regexp {sta$} [get_db flow_report_name]]} {
syn_generic:      set_db flow_report_name [expr {[string is space [get_db flow_report_name]] ? "sta" : "[get_db flow_report_name].sta"}]
syn_generic:    }
syn_generic:  } elseif {[is_flow -quiet -inside flow:ir_early_static] || [is_flow -quiet -inside flow:ir_early_dynamic]} {
syn_generic:    if {![regexp {era$} [get_db flow_report_name]]} {
syn_generic:      set_db flow_report_name [expr {[string is space [get_db flow_report_name]] ? "era" : "[get_db flow_report_name].era"}]
syn_generic:    }
syn_generic:  } elseif {[is_flow -quiet -inside flow:ir_grid] || [is_flow -quiet -inside flow:ir_static] || [is_flow -quiet -inside flow:ir_dynamic] || [is_flow -quiet -inside flow:ir_rampup]} {
syn_generic:    if {![regexp {ir$} [get_db flow_report_name]]} {
syn_generic:      set_db flow_report_name [expr {[string is space [get_db flow_report_name]] ? "ir" : "[get_db flow_report_name].ir"}]
syn_generic:    }
syn_generic:  } elseif {[is_flow -quiet -inside flow:sta_subflows] && [get_db flow_branch] ne {}} {
syn_generic:    set_db flow_report_name [get_db flow_branch]
syn_generic:  } elseif {[regexp {block_start|hier_start|eco_start} [get_db flow_step_current]]} {
syn_generic:    set_db flow_report_name [get_db [lindex [get_db flow_hier_path] end] .name]
syn_generic:  } else {
syn_generic:  }
syn_generic:
syn_generic:  #- Create report dir (if necessary)
syn_generic:  file mkdir [file normalize [file join [get_db flow_report_directory] [get_db flow_report_name]]]
syn_generic:
syn_generic:  Setting attribute of root '/': 'flow_top' = flow:block
syn_generic:  Setting attribute of root '/': 'flow_top' = flow_current
syn_generic:Sourcing flow scripts done.
syn_generic:reading previous metrics...
syn_generic:Begin steps for plugin point Cadence.plugin.flowkit.read_db.post
syn_generic:#@ Begin verbose flow_step activate_views
syn_generic:@flow_step(activate_views)  2:   apply {{} {
syn_generic:                                   set db [get_db flow_starting_db]
syn_generic:                                   set flow [lindex [get_db flow_hier_path] end]
syn_generic:                                   set setup_views [get_feature -obj $flow setup_views]
syn_generic:                                   set hold_views [get_feature -obj $flow hold_views]
syn_generic:                                   set leakage_view [get_feature -obj $flow leakage_view]
syn_generic:                                   set dynamic_view [get_feature -obj $flow dynamic_view]
syn_generic:                                 
syn_generic:                                   if {($setup_views ne "") || ($hold_views ne "") || ($leakage_view ne "") || ($dynamic_view ne "")} {
syn_generic:                                     #- use read_db args for DB types and set_analysis_views for TCL
syn_generic:                                     if {([llength [get_db analysis_views]]) > 0 &&  ([lindex $db 0] eq {tcl} || [lindex $db 0] in {enc cdb} && [file isfile [lindex $db 1]])} {
syn_generic:                                       set cmd "set_analysis_view"
syn_generic:                                       if {$setup_views ne ""} {
syn_generic:                                         append cmd " -setup [list $setup_views]"
syn_generic:                                       } else {
syn_generic:                                         append cmd " -setup [list [get_db [get_db analysis_views -if .is_setup] .name]]"
syn_generic:                                       }
syn_generic:                                       if {$hold_views ne ""} {
syn_generic:                                         append cmd " -hold [list $hold_views]"
syn_generic:                                       } else {
syn_generic:                                         append cmd " -hold [list [get_db [get_db analysis_views -if .is_hold] .name]]"
syn_generic:                                       }
syn_generic:                                       if {$leakage_view ne ""} {
syn_generic:                                         append cmd " -leakage [list $leakage_view]"
syn_generic:                                       } else {
syn_generic:                                         if {[llength [get_db analysis_views -if .is_leakage]] > 0} {
syn_generic:                                           append cmd " -leakage [list [get_db [get_db analysis_views -if .is_leakage] .name]]"
syn_generic:                                         }
syn_generic:                                       }
syn_generic:                                       if {$dynamic_view ne ""} {
syn_generic:                                         append cmd " -dynamic [list $dynamic_view]"
syn_generic:                                       } else {
syn_generic:                                         if {[llength [get_db analysis_views -if .is_dynamic]] > 0} {
syn_generic:                                           append cmd " -dynamic [list [get_db [get_db analysis_views -if .is_dynamic] .name]]"
syn_generic:                                         }
syn_generic:                                       }
syn_generic:                                       eval $cmd
syn_generic:                                     } elseif {[llength [get_db analysis_views]] == 0} {
syn_generic:                                       set cmd "set_flowkit_read_db_args"
syn_generic:                                       if {$setup_views ne ""} {
syn_generic:                                         append cmd " -setup_views [list $setup_views]"
syn_generic:                                       }
syn_generic:                                       if {$hold_views ne ""} {
syn_generic:                                         append cmd " -hold_views [list $hold_views]"
syn_generic:                                       }
syn_generic:                                       if {$leakage_view ne ""} {
syn_generic:                                         append cmd " -leakage_view [list $leakage_view]"
syn_generic:                                       }
syn_generic:                                       if {$dynamic_view ne ""} {
syn_generic:                                         append cmd " -dynamic_view [list $dynamic_view]"
syn_generic:                                       }
syn_generic:                                       eval $cmd
syn_generic:                                     } else {
syn_generic:                                     }
syn_generic:                                   }
syn_generic:                                 }}
syn_generic:#@ End verbose flow_step activate_views
syn_generic:#@ Begin verbose flow_step init_mcpu
syn_generic:@flow_step(init_mcpu)  2:   apply {{} {
syn_generic:                              # Multi host/cpu attributes
syn_generic:                              #-----------------------------------------------------------------------------
syn_generic:                              # The FLOWTOOL_NUM_CPUS is an environment variable which should be exported by
syn_generic:                              # the specified dist script.  This connects the number of CPUs being reserved
syn_generic:                              # for batch jobs with the current flow scripts.  The LSB_MAX_NUM_PROCESSORS is
syn_generic:                              # a typical environment variable exported by distribution platforms and is
syn_generic:                              # useful for ensuring all interactive jobs are using the reserved amount of CPUs.
syn_generic:                              if {[info exists ::env(FLOWTOOL_NUM_CPUS)]} {
syn_generic:                                set max_cpus $::env(FLOWTOOL_NUM_CPUS)
syn_generic:                              } elseif {[info exists ::env(LSB_MAX_NUM_PROCESSORS)]} {
syn_generic:                                set max_cpus $::env(LSB_MAX_NUM_PROCESSORS)
syn_generic:                              } else {
syn_generic:                                set max_cpus 1
syn_generic:                              }
syn_generic:                              switch -glob [get_db program_short_name] {
syn_generic:                                default       {}
syn_generic:                                joules*       -
syn_generic:                                genus*        -
syn_generic:                                innovus*      -
syn_generic:                                tempus*       -
syn_generic:                                voltus*       { set_multi_cpu_usage -verbose -local_cpu $max_cpus }
syn_generic:                              }
syn_generic:                          if {[get_feature opt_signoff]} {
syn_generic:                                if {[is_flow -inside flow:opt_signoff]} {
syn_generic:                                  set_multi_cpu_usage -verbose -remote_host 1
syn_generic:                                  set_multi_cpu_usage -verbose -cpu_per_remote_host 16
syn_generic:                                  set_distributed_hosts -local
syn_generic:                                }
syn_generic:                          }
syn_generic:                            }}
syn_generic:set_multi_cpu_usage -local_cpu 1
syn_generic:#@ End verbose flow_step init_mcpu
syn_generic:End steps for plugin point Cadence.plugin.flowkit.read_db.post
syn_generic:UM:   flow.cputime  flow.realtime  timing.setup.tns  timing.setup.wns  snapshot
syn_generic:UM:*                                                                   init_flow
syn_generic:      flow.cputime  flow.realtime  timing.setup.tns  timing.setup.wns  snapshot
syn_generic:UM:*                                                                   syn_generic
syn_generic:  Setting attribute of root '/': 'flow_report_name' = syn_generic
syn_generic:#@ Begin verbose flow_step synthesis.syn_generic.block_start
syn_generic:@flow_step(block_start)  2:   set_db flow_write_db_common false
syn_generic:  Setting attribute of root '/': 'flow_write_db_common' = false
syn_generic:@flow_step(block_start)  3:   # When starting from a Genus synthesis flat DB (rc format), load the
syn_generic:@flow_step(block_start)  4:   # physical library and call init_design to fully initialize Innovus.
syn_generic:@flow_step(block_start)  5:   # For subsequent blocks (prects, cts, route) that start from Innovus native
syn_generic:@flow_step(block_start)  6:   # DBs, this block is skipped automatically because the key 'rc' won't exist.
syn_generic:@flow_step(block_start)  7:   if {[dict exists [get_db flow_starting_db] rc]} {
syn_generic:                                set_db init_ground_nets [get_flow_config init_ground_nets]
syn_generic:                                set_db init_power_nets  [get_flow_config init_power_nets]
syn_generic:                                read_physical -lef [get_flow_config init_physical_files lef_files]
syn_generic:                                init_design
syn_generic:                              }
syn_generic:#@ End verbose flow_step synthesis.syn_generic.block_start
syn_generic:      flow.cputime  flow.realtime  timing.setup.tns  timing.setup.wns  snapshot
syn_generic:UM:             28             33                                      block_start
syn_generic:#@ Begin verbose flow_step synthesis.syn_generic.init_elaborate
syn_generic:@flow_step(init_elaborate) 2:   # HDL attributes [get_db -category hdl]
syn_generic:@flow_step(init_elaborate) 3:   #-----------------------------------------------------------------------------
syn_generic:@flow_step(init_elaborate) 5:   # Low Power attributes [get_db -category lp_cg]
syn_generic:@flow_step(init_elaborate) 6:   #-----------------------------------------------------------------------------
syn_generic:@flow_step(init_elaborate) 7:   set_db lp_insert_clock_gating 1
syn_generic:  Setting attribute of root '/': 'lp_insert_clock_gating' = true
syn_generic:#@ End verbose flow_step synthesis.syn_generic.init_elaborate
syn_generic:      flow.cputime  flow.realtime  timing.setup.tns  timing.setup.wns  snapshot
syn_generic:UM:              2              2                                      init_elaborate
syn_generic:#@ Begin verbose flow_step synthesis.syn_generic.init_design.read_mmmc
syn_generic:@flow_step(read_mmmc)   2:   apply {{} {
syn_generic:                               set FH [open [file join [get_db flow_db_directory] [get_db flow_report_name].mmmc_config.tcl] w]
syn_generic:                             
syn_generic:                               puts $FH "##############################################################################"
syn_generic:                               puts $FH "## LIBRARY SETS"
syn_generic:                               puts $FH "##############################################################################"
syn_generic:                               foreach name [dict keys [get_flow_config library_sets]] {
syn_generic:                             
syn_generic:                                 set library_files [get_flow_config -quiet library_sets $name library_files]
syn_generic:                                 set link_files    [get_flow_config -quiet library_sets $name link_library_files]
syn_generic:                                 set target_files  [get_flow_config -quiet library_sets $name target_library_files]
syn_generic:                                 set aocv_files    [get_flow_config -quiet library_sets $name aocv_files]
syn_generic:                                 set lvf_files     [get_flow_config -quiet library_sets $name lvf_files]
syn_generic:                                 set si_files      [get_flow_config -quiet library_sets $name si_files]
syn_generic:                                 set socv_files    [get_flow_config -quiet library_sets $name socv_files]
syn_generic:                             
syn_generic:                                 puts $FH "create_library_set \\"
syn_generic:                                 puts $FH "  -name $name \\"
syn_generic:                                 #- define timing_files (.ldb/.lib)
syn_generic:                                 if {[llength $library_files] > 0} {
syn_generic:                                   puts $FH "  -timing \\"
syn_generic:                                   puts $FH "    \[list \\"
syn_generic:                                   if {[llength $library_files] != [llength [join $library_files]]} {
syn_generic:                                     foreach inner_list $library_files {
syn_generic:                                       puts $FH "      \[list \\"
syn_generic:                                       foreach file $inner_list {
syn_generic:                                         puts $FH "        [file normalize $file] \\"
syn_generic:                                       }
syn_generic:                                       puts $FH "      \] \\"
syn_generic:                                     }
syn_generic:                                   } else {
syn_generic:                                     foreach file $library_files {
syn_generic:                                       puts $FH "      [file normalize $file] \\"
syn_generic:                                     }
syn_generic:                                   }
syn_generic:                                   if {[llength [concat $aocv_files $lvf_files $si_files $socv_files]] > 0 } {
syn_generic:                                     puts $FH "    \] \\"
syn_generic:                                   } else {
syn_generic:                                     puts $FH "    \]"
syn_generic:                                   }
syn_generic:                                 }
syn_generic:                                 #- define link/target timing_files (.ldb/.lib)
syn_generic:                                 if {[llength $link_files] > 0 && [llength $target_files] > 0} {
syn_generic:                                   puts $FH "  -link_timing \\"
syn_generic:                                   puts $FH "    \[list \\"
syn_generic:                                   foreach file $link_files {
syn_generic:                                     puts $FH "      [file normalize $file] \\"
syn_generic:                                   }
syn_generic:                                   puts $FH "    \] \\"
syn_generic:                                   puts $FH "  -target_timing \\"
syn_generic:                                   puts $FH "    \[list \\"
syn_generic:                                   foreach file $target_files {
syn_generic:                                     puts $FH "      [file normalize $file] \\"
syn_generic:                                   }
syn_generic:                                   if {[llength [concat $aocv_files $lvf_files $si_files $socv_files]] > 0 } {
syn_generic:                                     puts $FH "    \] \\"
syn_generic:                                   } else {
syn_generic:                                     puts $FH "    \]"
syn_generic:                                   }
syn_generic:                                 }
syn_generic:                                 #- define aocv files
syn_generic:                                 if {[llength $aocv_files] > 0 } {
syn_generic:                                   puts $FH "  -aocv \\"
syn_generic:                                   puts $FH "    \[list \\"
syn_generic:                                   foreach file $aocv_files {
syn_generic:                                     puts $FH "      [file normalize $file] \\"
syn_generic:                                   }
syn_generic:                                   if {[llength [concat $lvf_files $si_files $socv_files]] > 0 } {
syn_generic:                                     puts $FH "    \] \\"
syn_generic:                                   } else {
syn_generic:                                     puts $FH "    \]"
syn_generic:                                   }
syn_generic:                                 }
syn_generic:                                 #- define lvf files
syn_generic:                                 if {[llength $lvf_files] > 0 } {
syn_generic:                                   puts $FH "  -lvf \\"
syn_generic:                                   puts $FH "    \[list \\"
syn_generic:                                   foreach file $lvf_files {
syn_generic:                                     puts $FH "      [file normalize $file] \\"
syn_generic:                                   }
syn_generic:                                   if {[llength [concat $si_files $socv_files]] > 0 } {
syn_generic:                                     puts $FH "    \] \\"
syn_generic:                                   } else {
syn_generic:                                     puts $FH "    \]"
syn_generic:                                   }
syn_generic:                                 }
syn_generic:                                 #- define si files (.cdb)
syn_generic:                                 if {[llength $si_files] > 0 } {
syn_generic:                                   puts $FH "  -si     \\"
syn_generic:                                   puts $FH "    \[list \\"
syn_generic:                                   foreach file $si_files {
syn_generic:                                     puts $FH "      [file normalize $file] \\"
syn_generic:                                   }
syn_generic:                                   if {[llength [concat $socv_files]] > 0 } {
syn_generic:                                     puts $FH "    \] \\"
syn_generic:                                   } else {
syn_generic:                                     puts $FH "    \]"
syn_generic:                                   }
syn_generic:                                 }
syn_generic:                                 #- define socv files
syn_generic:                                 if {[llength $socv_files] > 0 } {
syn_generic:                                   puts $FH "  -socv   \\"
syn_generic:                                   puts $FH "    \[list \\"
syn_generic:                                   foreach file $socv_files {
syn_generic:                                     puts $FH "      [file normalize $file] \\"
syn_generic:                                   }
syn_generic:                                   puts $FH "    \]"
syn_generic:                                 }
syn_generic:                                 puts $FH ""
syn_generic:                               }
syn_generic:                               puts $FH ""
syn_generic:                               puts $FH "##############################################################################"
syn_generic:                               puts $FH "## OPERATING CONDITIONS"
syn_generic:                               puts $FH "##############################################################################"
syn_generic:                               foreach name [dict keys [get_flow_config -quiet opconds]] {
syn_generic:                                 set op_cond_process      [get_flow_config -quiet opconds $name process]
syn_generic:                                 set op_cond_voltage      [get_flow_config -quiet opconds $name voltage]
syn_generic:                                 set op_cond_temperature  [get_flow_config -quiet opconds $name temperature]
syn_generic:                             
syn_generic:                                 puts $FH "create_opcond \\"
syn_generic:                                 puts $FH "  -name $name \\"
syn_generic:                                 if ![string is space $op_cond_process] {
syn_generic:                                   puts $FH "  -process $op_cond_process \\"
syn_generic:                                 }
syn_generic:                                 if ![string is space $op_cond_voltage] {
syn_generic:                                   puts $FH "  -voltage $op_cond_voltage \\"
syn_generic:                                 }
syn_generic:                                 if ![string is space $op_cond_temperature] {
syn_generic:                                   puts $FH "  -temperature $op_cond_temperature \\"
syn_generic:                                 }
syn_generic:                                 puts $FH ""
syn_generic:                               }
syn_generic:                               puts $FH ""
syn_generic:                               puts $FH "###############################################################################"
syn_generic:                               puts $FH "### RC CORNERS"
syn_generic:                               puts $FH "###############################################################################"
syn_generic:                               foreach name [dict keys [get_flow_config rc_corners]] {
syn_generic:                                 set rc_corner_qrc_tech    [get_flow_config -quiet rc_corners $name qrc_tech_file]
syn_generic:                                 set rc_corner_temperature [get_flow_config -quiet rc_corners $name temperature]
syn_generic:                             
syn_generic:                                 puts $FH "create_rc_corner \\"
syn_generic:                                 puts $FH "  -name $name \\"
syn_generic:                                 if ![string is space $rc_corner_temperature] {
syn_generic:                                   puts $FH "  -temperature $rc_corner_temperature \\"
syn_generic:                                 }
syn_generic:                                 if ![string is space $rc_corner_qrc_tech] {
syn_generic:                                   puts $FH "  -qrc_tech $rc_corner_qrc_tech"
syn_generic:                                 }
syn_generic:                                 puts $FH ""
syn_generic:                               }
syn_generic:                               puts $FH ""
syn_generic:                               puts $FH "##############################################################################"
syn_generic:                               puts $FH "## TIMING CONDITIONS"
syn_generic:                               puts $FH "##############################################################################"
syn_generic:                               foreach name [dict keys [get_flow_config timing_conditions]] {
syn_generic:                                 set timing_condition_lib_set [get_flow_config -quiet timing_conditions $name library_sets]
syn_generic:                                 set timing_condition_opcond  [get_flow_config -quiet timing_conditions $name opcond]
syn_generic:                                 set timing_condition_opcond_lib  [get_flow_config -quiet timing_conditions $name opcond_library]
syn_generic:                             
syn_generic:                                 puts $FH "create_timing_condition \\"
syn_generic:                                 puts $FH "  -name $name \\"
syn_generic:                             
syn_generic:                                 #- Timing Condition library sets validation
syn_generic:                                 puts $FH "  -library_sets \\"
syn_generic:                                 puts $FH "    \[list \\"
syn_generic:                                 foreach tc_lib_set $timing_condition_lib_set {
syn_generic:                                   puts $FH "        $tc_lib_set \\"
syn_generic:                                 }
syn_generic:                                 if {[llength [concat $timing_condition_opcond $timing_condition_opcond_lib]] > 0 } {
syn_generic:                                   puts $FH "    \] \\"
syn_generic:                                 } else {
syn_generic:                                   puts $FH "    \]"
syn_generic:                                 }
syn_generic:                                 if {![string is space $timing_condition_opcond]} {
syn_generic:                                   if {![string is space $timing_condition_opcond_lib]} {
syn_generic:                                     puts $FH "  -opcond $timing_condition_opcond \\"
syn_generic:                                     puts $FH "  -opcond_library $timing_condition_opcond_lib"
syn_generic:                                   } else {
syn_generic:                                    puts $FH "  -opcond $timing_condition_opcond"
syn_generic:                                  }
syn_generic:                                 }
syn_generic:                                 puts $FH ""
syn_generic:                               }
syn_generic:                               puts $FH ""
syn_generic:                               puts $FH "###############################################################################"
syn_generic:                               puts $FH "### DELAY CORNERS"
syn_generic:                               puts $FH "###############################################################################"
syn_generic:                               foreach name [dict keys [get_flow_config delay_corners]] {
syn_generic:                                 set delay_corner_early_rc_corner  [get_flow_config -quiet delay_corners $name rc_corner early]
syn_generic:                                 set delay_corner_late_rc_corner   [get_flow_config -quiet delay_corners $name rc_corner late]
syn_generic:                                 set delay_corner_early_timing_condition [get_flow_config -quiet delay_corners $name timing_condition early]
syn_generic:                                 set delay_corner_late_timing_condition  [get_flow_config -quiet delay_corners $name timing_condition late]
syn_generic:                             
syn_generic:                                 puts $FH "create_delay_corner \\"
syn_generic:                                 puts $FH "  -name $name \\"
syn_generic:                             
syn_generic:                                 #- define delay_corner -rc_corner
syn_generic:                                 if {![string is space $delay_corner_early_rc_corner] && ![string is space $delay_corner_late_rc_corner]} {
syn_generic:                                   if {$delay_corner_early_rc_corner eq $delay_corner_late_rc_corner} {
syn_generic:                                     puts $FH "  -rc_corner $delay_corner_early_rc_corner \\"
syn_generic:                                   } else {
syn_generic:                                     puts $FH "  -early_rc_corner $delay_corner_early_rc_corner \\"
syn_generic:                                     puts $FH "  -late_rc_corner $delay_corner_late_rc_corner \\"
syn_generic:                                   }
syn_generic:                                 }
syn_generic:                                 #- define delay_corner -timing_condition
syn_generic:                                 if {![string is space $delay_corner_early_timing_condition] && ![string is space $delay_corner_late_timing_condition]} {
syn_generic:                                   if {$delay_corner_early_timing_condition eq $delay_corner_late_timing_condition} {
syn_generic:                                     puts $FH "  -timing_condition [list $delay_corner_early_timing_condition]"
syn_generic:                                   } else {
syn_generic:                                     puts $FH "  -early_timing_condition [list $delay_corner_early_timing_condition] \\"
syn_generic:                                     puts $FH "  -late_timing_condition [list $delay_corner_late_timing_condition]"
syn_generic:                                   }
syn_generic:                                 }
syn_generic:                                 puts $FH ""
syn_generic:                               }
syn_generic:                               puts $FH ""
syn_generic:                               puts $FH "###############################################################################"
syn_generic:                               puts $FH "### CONSTRAINT MODES"
syn_generic:                               puts $FH "###############################################################################"
syn_generic:                               foreach name [dict keys [get_flow_config constraint_modes]] {
syn_generic:                                 set constraint_mode_sdc       [get_flow_config -quiet constraint_modes $name sdc_files]
syn_generic:                                 set constraint_mode_tcl_vars  [get_flow_config -quiet constraint_modes $name tcl_variables]
syn_generic:                             
syn_generic:                                 puts $FH "create_constraint_mode \\"
syn_generic:                                 puts $FH "  -name $name \\"
syn_generic:                                 #- Constraint_mode -sdc_files
syn_generic:                                 puts $FH "  -sdc_files \\"
syn_generic:                                 puts $FH "    \[list \\"
syn_generic:                                 foreach file $constraint_mode_sdc {
syn_generic:                                   puts $FH "      [file normalize $file] \\"
syn_generic:                                 }
syn_generic:                                 #- Constraint_mode -tcl_vars
syn_generic:                                 if ![string is space $constraint_mode_tcl_vars] {
syn_generic:                                   puts $FH "    \] \\"
syn_generic:                                   puts $FH "  -tcl_variables \{$constraint_mode_tcl_vars\}"
syn_generic:                                 } else {
syn_generic:                                   puts $FH "    \]"
syn_generic:                                 }
syn_generic:                                 puts $FH ""
syn_generic:                               }
syn_generic:                               puts $FH ""
syn_generic:                               puts $FH "###############################################################################"
syn_generic:                               puts $FH "### ANALYSIS VIEWS"
syn_generic:                               puts $FH "###############################################################################"
syn_generic:                               set analysis_view_is_setup_list   ""
syn_generic:                               set analysis_view_is_hold_list    ""
syn_generic:                               set analysis_view_is_dynamic_list ""
syn_generic:                               set analysis_view_is_leakage_list ""
syn_generic:                               foreach name [dict keys [get_flow_config analysis_views]] {
syn_generic:                                 puts $FH "create_analysis_view \\"
syn_generic:                                 puts $FH "  -name $name \\"
syn_generic:                                 puts $FH "  -constraint_mode [get_flow_config -quiet analysis_views $name constraint_mode] \\"
syn_generic:                                 if {![string is space [get_flow_config -quiet analysis_views $name power_modes]]} {
syn_generic:                                   puts $FH "  -power_modes [get_flow_config -quiet analysis_views $name power_modes] \\"
syn_generic:                                 }
syn_generic:                                 puts $FH "  -delay_corner [get_flow_config -quiet analysis_views $name delay_corner]"
syn_generic:                                 #- Sort views by purpose
syn_generic:                                 if {[string is true -strict [get_flow_config -quiet analysis_views $name is_setup]]} {
syn_generic:                                   lappend analysis_view_is_setup_list $name
syn_generic:                                 }
syn_generic:                                 if {[string is true -strict [get_flow_config -quiet analysis_views $name is_hold]]} {
syn_generic:                                   lappend analysis_view_is_hold_list $name
syn_generic:                                 }
syn_generic:                                 if {[string is true -strict [get_flow_config -quiet analysis_views $name is_leakage]]} {
syn_generic:                                   lappend analysis_view_is_leakage_list $name
syn_generic:                                 }
syn_generic:                                 if {[string is true -strict [get_flow_config -quiet analysis_views $name is_dynamic]]} {
syn_generic:                                   lappend analysis_view_is_dynamic_list $name
syn_generic:                                 }
syn_generic:                                 puts $FH ""
syn_generic:                               }
syn_generic:                             
syn_generic:                               #- Override view list with feature values when available
syn_generic:                               if {[get_feature setup_views] ne ""} {
syn_generic:                                 set analysis_view_is_setup_list [get_feature setup_views]
syn_generic:                               }
syn_generic:                               if {[get_feature hold_views] ne ""} {
syn_generic:                                 set analysis_view_is_hold_list [get_feature hold_views]
syn_generic:                               }
syn_generic:                               if {[get_feature leakage_view] ne ""} {
syn_generic:                                 set analysis_view_is_leakage_list [get_feature leakage_view]
syn_generic:                               }
syn_generic:                               if {[get_feature dynamic_view] ne ""} {
syn_generic:                                 set analysis_view_is_dynamic_list [get_feature dynamic_view]
syn_generic:                               }
syn_generic:                             
syn_generic:                               #- Configure the Analysis View
syn_generic:                               puts $FH "set_analysis_view \\"
syn_generic:                               puts $FH "  -setup   \[list $analysis_view_is_setup_list\] \\"
syn_generic:                               if {[llength $analysis_view_is_leakage_list] > 0 && [llength $analysis_view_is_dynamic_list] > 0} {
syn_generic:                                 puts $FH "  -hold    \[list $analysis_view_is_hold_list\] \\"
syn_generic:                                 puts $FH "  -leakage \[list $analysis_view_is_leakage_list\] \\"
syn_generic:                                 puts $FH "  -dynamic \[list $analysis_view_is_dynamic_list\]"
syn_generic:                               } elseif {[llength $analysis_view_is_leakage_list] > 0 && [llength $analysis_view_is_dynamic_list] == 0} {
syn_generic:                                 puts $FH "  -hold    \[list $analysis_view_is_hold_list\] \\"
syn_generic:                                 puts $FH "  -leakage \[list $analysis_view_is_leakage_list\]"
syn_generic:                               } elseif {[llength $analysis_view_is_leakage_list] == 0 && [llength $analysis_view_is_dynamic_list] > 0} {
syn_generic:                                 puts $FH "  -hold    \[list $analysis_view_is_hold_list\] \\"
syn_generic:                                 puts $FH "  -dynamic \[list $analysis_view_is_dynamic_list\]"
syn_generic:                               } else {
syn_generic:                                 puts $FH "  -hold    \[list $analysis_view_is_hold_list\]"
syn_generic:                               }
syn_generic:                               puts $FH ""
syn_generic:                               close $FH
syn_generic:                             
syn_generic:                               #- Read MMMC file
syn_generic:                               if {[is_flow -inside flow:init_design]} {
syn_generic:                                 read_mmmc [file join [get_db flow_db_directory] [get_db flow_report_name].mmmc_config.tcl]
syn_generic:                               }
syn_generic:                             }}
syn_generic:  Setting attribute of root '/': 'is_read_mmmc_flow' = true
syn_generic:Sourcing './dbs/syn_generic.mmmc_config.tcl' (Fri Mar 13 10:17:48 EDT 2026)...
syn_generic:#@ Begin verbose source ./dbs/syn_generic.mmmc_config.tcl
syn_generic:@file(syn_generic.mmmc_config.tcl) 4: create_library_set \
syn_generic:  -name ff_v1.98_0C \
syn_generic:  -timing \
syn_generic:    [list \
syn_generic:      /nethome/dkhalil8/InnovateECE/PhysicalDesign/SiliconJackets/cadence_sky130/sky130_scl_9T_0.0.5/lib/sky130_ff_1.98_0_nldm.lib \
syn_generic:    ]
syn_generic:@file(syn_generic.mmmc_config.tcl) 11: create_library_set \
syn_generic:  -name ss_v1.62_125C \
syn_generic:  -timing \
syn_generic:    [list \
syn_generic:      /nethome/dkhalil8/InnovateECE/PhysicalDesign/SiliconJackets/cadence_sky130/sky130_scl_9T_0.0.5/lib/sky130_ss_1.62_125_nldm.lib \
syn_generic:    ]
syn_generic:@file(syn_generic.mmmc_config.tcl) 18: create_library_set \
syn_generic:  -name tt_v1.8_25C \
syn_generic:  -timing \
syn_generic:    [list \
syn_generic:      /nethome/dkhalil8/InnovateECE/PhysicalDesign/SiliconJackets/cadence_sky130/sky130_scl_9T_0.0.5/lib/sky130_tt_1.8_25_nldm.lib \
syn_generic:      /nethome/dkhalil8/InnovateECE/PhysicalDesign/SiliconJackets/sram_sky130/lib/sky130_sram_2kbyte_1rw1r_32x512_8_TT_1p8V_25C.lib \
syn_generic:    ]
syn_generic:@file(syn_generic.mmmc_config.tcl) 34: create_rc_corner \
syn_generic:  -name Nominal_25C \
syn_generic:  -temperature 25 \
syn_generic:  -qrc_tech ../SiliconJackets/cadence_sky130/sky130_release_0.0.4/quantus/extraction/typical/qrcTechFile
syn_generic:@file(syn_generic.mmmc_config.tcl) 43: create_timing_condition \
syn_generic:  -name ff_v1.98_0C \
syn_generic:  -library_sets \
syn_generic:    [list \
syn_generic:        ff_v1.98_0C \
syn_generic:    ]
syn_generic:@file(syn_generic.mmmc_config.tcl) 50: create_timing_condition \
syn_generic:  -name ss_v1.62_125C \
syn_generic:  -library_sets \
syn_generic:    [list \
syn_generic:        ss_v1.62_125C \
syn_generic:    ]
syn_generic:@file(syn_generic.mmmc_config.tcl) 57: create_timing_condition \
syn_generic:  -name tt_v1.8_25C \
syn_generic:  -library_sets \
syn_generic:    [list \
syn_generic:        tt_v1.8_25C \
syn_generic:    ]
syn_generic:@file(syn_generic.mmmc_config.tcl) 68: create_delay_corner \
syn_generic:  -name tt_v1.8_25C_Nominal_25 \
syn_generic:  -rc_corner Nominal_25C \
syn_generic:  -timing_condition tt_v1.8_25C
syn_generic:@file(syn_generic.mmmc_config.tcl) 73: create_delay_corner \
syn_generic:  -name ff_v1.98_0C_Nominal_25 \
syn_generic:  -rc_corner Nominal_25C \
syn_generic:  -timing_condition ff_v1.98_0C
syn_generic:@file(syn_generic.mmmc_config.tcl) 78: create_delay_corner \
syn_generic:  -name ss_v1.62_125C_Nominal_25 \
syn_generic:  -rc_corner Nominal_25C \
syn_generic:  -timing_condition ss_v1.62_125C
syn_generic:@file(syn_generic.mmmc_config.tcl) 87: create_constraint_mode \
syn_generic:  -name func \
syn_generic:  -sdc_files \
syn_generic:    [list \
syn_generic:      /nethome/dkhalil8/InnovateECE/PhysicalDesign/pipeline_src/base.sdc \
syn_generic:    ]
syn_generic:@file(syn_generic.mmmc_config.tcl) 98: create_analysis_view \
syn_generic:  -name tt_v1.8_25C_Nominal_25_func \
syn_generic:  -constraint_mode func \
syn_generic:  -delay_corner tt_v1.8_25C_Nominal_25
syn_generic:@file(syn_generic.mmmc_config.tcl) 103: set_analysis_view \
syn_generic:  -setup   [list tt_v1.8_25C_Nominal_25_func] \
syn_generic:  -hold    [list tt_v1.8_25C_Nominal_25_func] \
syn_generic:  -leakage [list tt_v1.8_25C_Nominal_25_func] \
syn_generic:  -dynamic [list tt_v1.8_25C_Nominal_25_func]
syn_generic:
syn_generic:  Message Summary for Library both libraries:
syn_generic:  *******************************************
syn_generic:  Missing library level attribute. [LBR-516]: 1
syn_generic:  An unsupported construct was detected in this library. [LBR-40]: 2
syn_generic:  *******************************************
syn_generic: 
syn_generic:Info    : Created nominal operating condition. [LBR-412]
syn_generic:        : Operating condition '_nominal_' was created for the PVT values (1.000000, 1.800000, 25.000000) in library 'sky130_tt_1.8_25_nldm.lib'.
syn_generic:        : The nominal operating condition is represented, either by the nominal PVT values specified in the library source (via nom_process,nom_voltage and nom_temperature respectively), or by the default PVT values (1.0,1.0,1.0).
syn_generic:Info    : Created nominal operating condition. [LBR-412]
syn_generic:        : Operating condition '_nominal_' was created for the PVT values (1.000000, 1.800000, 25.000000) in library 'sky130_sram_2kbyte_1rw1r_32x512_8_TT_1p8V_25C.lib'.
syn_generic:Warning : Unusable clock gating integrated cell found at the time of loading libraries. This warning happens because a particular library cell is defined as 'clock_gating_integrated_cell', but 'dont_use' attribute is defined as true in the liberty library. To make Genus use this cell for clock gating insertion, 'dont_use' attribute should be set to false. [LBR-101]
syn_generic:        : Clock gating integrated cell name: 'ICGX1'
syn_generic:        : To make the cell usable, change the value of 'dont_use' attribute to false.
syn_generic:Info    : Set default library domain. [LBR-109]
syn_generic:        : The default library domain is 'library_domain:tt_v1.8_25C'.
syn_generic:#@ End verbose source ./dbs/syn_generic.mmmc_config.tcl
syn_generic:#@ End verbose flow_step synthesis.syn_generic.init_design.read_mmmc
syn_generic:      flow.cputime  flow.realtime  timing.setup.tns  timing.setup.wns  snapshot
syn_generic:UM:              3              4                                      read_mmmc
syn_generic:      flow.cputime  flow.realtime  timing.setup.tns  timing.setup.wns  snapshot
syn_generic:UM:*                                                                   init_design
syn_generic:#@ Begin verbose flow_step synthesis.syn_generic.init_design.read_physical
syn_generic:@flow_step(read_physical)  2:   apply {{} {
syn_generic:                                  if {![string is space [get_flow_config -quiet init_physical_files lef_files]]} {
syn_generic:                                    read_physical -lef [get_flow_config init_physical_files lef_files]
syn_generic:                                  }
syn_generic:                                  if {![string is space [get_flow_config -quiet init_physical_files oa_ref_libs]]} {
syn_generic:                                    set flow_startup_directory [get_db flow_startup_directory]
syn_generic:                                    set flow_top_directory [file normalize [get_db flow_working_directory]]
syn_generic:                                    if {![string is space [get_flow_config -quiet init_physical_files oa_search_libs]]} {
syn_generic:                                      set cmd "[list read_physical -oa_ref_libs [get_flow_config init_physical_files oa_ref_libs] -oa_search_libs [get_flow_config init_physical_files oa_search_libs]]"
syn_generic:                                    } else {
syn_generic:                                      set cmd "[list read_physical -oa_ref_libs [get_flow_config init_physical_files oa_ref_libs]]"
syn_generic:                                    }
syn_generic:                                
syn_generic:                                    if {$flow_startup_directory ne $flow_top_directory} {
syn_generic:                                      cd $flow_startup_directory
syn_generic:                                      eval $cmd
syn_generic:                                      cd $flow_top_directory
syn_generic:                                    } else {
syn_generic:                                      eval $cmd
syn_generic:                                    }
syn_generic:                                  }
syn_generic:                                }}
syn_generic:
syn_generic:  According to lef_library, there are total 5 routing layers [ V(2) / H(3) ]
syn_generic:
syn_generic:Warning : The variant range of wire parameters is too large. An example of wire parameters are, a WIDTH for layer, PITCH for layer, MINSPACING for layers, etc. [PHYS-12]
syn_generic:        : The variant range (0.14, 1.6) of 'WIDTH' for layers 'met1' and 'met5' is too large.
syn_generic:        : Check the consistency of the parameters, and see if you can ignore this message or you're using different LEF file with wrong parameters.
syn_generic:Warning : The variant range of wire parameters is too large. An example of wire parameters are, a WIDTH for layer, PITCH for layer, MINSPACING for layers, etc. [PHYS-12]
syn_generic:        : The variant range (0.14, 1.6) of 'MINSPACING' for layers 'met2' and 'met5' is too large.
syn_generic:Warning : Physical cell not defined in library. [PHYS-279]
syn_generic:        : The physical (LEF) cell FILL1 cannot be found in library.
syn_generic:        : Ensure that the proper library files are available and have been imported.
syn_generic:Warning : Physical cell not defined in library. [PHYS-279]
syn_generic:        : The physical (LEF) cell FILL2 cannot be found in library.
syn_generic:Warning : Physical cell not defined in library. [PHYS-279]
syn_generic:        : The physical (LEF) cell FILL4 cannot be found in library.
syn_generic:Warning : Physical cell not defined in library. [PHYS-279]
syn_generic:        : The physical (LEF) cell FILL8 cannot be found in library.
syn_generic:Warning : Physical cell not defined in library. [PHYS-279]
syn_generic:        : The physical (LEF) cell FILL16 cannot be found in library.
syn_generic:Warning : Physical cell not defined in library. [PHYS-279]
syn_generic:        : The physical (LEF) cell FILL32 cannot be found in library.
syn_generic:Warning : Physical cell not defined in library. [PHYS-279]
syn_generic:        : The physical (LEF) cell FILL64 cannot be found in library.
syn_generic:Warning : Physical cell not defined in library. [PHYS-279]
syn_generic:        : The physical (LEF) cell ANTENNA cannot be found in library.
syn_generic:#@ End verbose flow_step synthesis.syn_generic.init_design.read_physical
syn_generic:      flow.cputime  flow.realtime  timing.setup.tns  timing.setup.wns  snapshot
syn_generic:UM:              3              2                                      read_physical
syn_generic:#@ Begin verbose flow_step synthesis.syn_generic.init_design.read_hdl
syn_generic:@flow_step(read_hdl) 2:   set hdl_file_list [list ../pipeline_src/core_pkg.sv  ../pipeline_src/ALU.sv  ../pipeline_src/DFlipFlop.sv  ../pipeline_src/DRAM.sv  ../pipeline_src/Register_File.sv  ../pipeline_src/Instr_Mem.sv  ../pipeline_src/Stall_Control.sv  ../pipeline_src/Flush_Control.sv  ../pipeline_src/FWD_Control.sv  ../pipeline_src/IF_Stage.sv  ../pipeline_src/ID_Stage.sv  ../pipeline_src/EX_Stage.sv  ../pipeline_src/Mem_Stage.sv  ../pipeline_src/WB_Stage.sv  ../pipeline_src/Fetch.sv  ../pipeline_src/Core.sv  ]
syn_generic:@flow_step(read_hdl) 3:   read_hdl -sv $hdl_file_list
syn_generic:%DLS-E-AuxAttrExists, DeclarationList node already has auxiliary
syn_generic:	attribute NODE_BASE_FILE_INFO; in AddAttribute.
syn_generic:  initial begin
syn_generic:        |
syn_generic:Warning : Ignoring unsynthesizable construct. [VLOGPT-37]
syn_generic:        : Initial in file '../pipeline_src/DRAM.sv' on line 49, column 9.
syn_generic:        : For example, the following constructs will be ignored:
syn_generic:    - initial block
syn_generic:    - final block
syn_generic:    - program block
syn_generic:    - property block
syn_generic:    - sequence block
syn_generic:    - covergroup
syn_generic:    - checker block
syn_generic:    - gate drive strength
syn_generic:    - system task enable
syn_generic:    - reg declaration with initial value
syn_generic:    - specify block.
syn_generic:%DLS-E-AuxAttrExists, DeclarationList node already has auxiliary
syn_generic:	attribute NODE_BASE_FILE_INFO; in AddAttribute.
syn_generic:%DLS-E-AuxAttrExists, DeclarationList node already has auxiliary
syn_generic:	attribute NODE_BASE_FILE_INFO; in AddAttribute.
syn_generic:  initial begin
syn_generic:        |
syn_generic:Warning : Ignoring unsynthesizable construct. [VLOGPT-37]
syn_generic:        : Initial in file '../pipeline_src/Instr_Mem.sv' on line 40, column 9.
syn_generic:%DLS-E-AuxAttrExists, DeclarationList node already has auxiliary
syn_generic:	attribute NODE_BASE_FILE_INFO; in AddAttribute.
syn_generic:%DLS-E-AuxAttrExists, DeclarationList node already has auxiliary
syn_generic:	attribute NODE_BASE_FILE_INFO; in AddAttribute.
syn_generic:%DLS-E-AuxAttrExists, DeclarationList node already has auxiliary
syn_generic:	attribute NODE_BASE_FILE_INFO; in AddAttribute.
syn_generic:%DLS-E-AuxAttrExists, DeclarationList node already has auxiliary
syn_generic:	attribute NODE_BASE_FILE_INFO; in AddAttribute.
syn_generic:%DLS-E-AuxAttrExists, DeclarationList node already has auxiliary
syn_generic:	attribute NODE_BASE_FILE_INFO; in AddAttribute.
syn_generic:%DLS-E-AuxAttrExists, DeclarationList node already has auxiliary
syn_generic:	attribute NODE_BASE_FILE_INFO; in AddAttribute.
syn_generic:%DLS-E-AuxAttrExists, DeclarationList node already has auxiliary
syn_generic:	attribute NODE_BASE_FILE_INFO; in AddAttribute.
syn_generic:%DLS-E-AuxAttrExists, DeclarationList node already has auxiliary
syn_generic:	attribute NODE_BASE_FILE_INFO; in AddAttribute.
syn_generic:%DLS-E-AuxAttrExists, DeclarationList node already has auxiliary
syn_generic:	attribute NODE_BASE_FILE_INFO; in AddAttribute.
syn_generic:%DLS-E-AuxAttrExists, DeclarationList node already has auxiliary
syn_generic:	attribute NODE_BASE_FILE_INFO; in AddAttribute.
syn_generic:@flow_step(read_hdl) 4:   elaborate Core
syn_generic:  Libraries have 88 usable logic and 18 usable sequential lib-cells.
syn_generic:Info    : Elaborating Design. [ELAB-1]
syn_generic:        : Elaborating top-level block 'Core' from file '../pipeline_src/Core.sv'.
syn_generic:Warning : Ignored redundant case item. [CDFG-480]
syn_generic:        : Case item '0000000110' in module 'ID_Stage' in file '../pipeline_src/ID_Stage.sv' on line 174.
syn_generic:        : When multiple case item expressions match the case condition, only the statements associated with the first matching item are considered.
syn_generic:Warning : Unreachable statements for case item. [CDFG-472]
syn_generic:        : Case item '8' in module 'ID_Stage' in file '../pipeline_src/ID_Stage.sv' on line 174.
syn_generic:Warning : Usage of case equality or inequality operator. [CDFG-188]
syn_generic:        : Case equality/inequality operators are replaced with equality/inequality operators in file '../pipeline_src/Stall_Control.sv' on line 54.
syn_generic:        : This can cause a simulation mismatch between the original and the synthesized designs.
syn_generic:Warning : Usage of case equality or inequality operator. [CDFG-188]
syn_generic:        : Case equality/inequality operators are replaced with equality/inequality operators in file '../pipeline_src/Stall_Control.sv' on line 55.
syn_generic:Warning : Usage of case equality or inequality operator. [CDFG-188]
syn_generic:        : Case equality/inequality operators are replaced with equality/inequality operators in file '../pipeline_src/Stall_Control.sv' on line 57.
syn_generic:Warning : Usage of case equality or inequality operator. [CDFG-188]
syn_generic:        : Case equality/inequality operators are replaced with equality/inequality operators in file '../pipeline_src/Stall_Control.sv' on line 62.
syn_generic:Warning : Usage of case equality or inequality operator. [CDFG-188]
syn_generic:        : Case equality/inequality operators are replaced with equality/inequality operators in file '../pipeline_src/Stall_Control.sv' on line 64.
syn_generic:Warning : Usage of case equality or inequality operator. [CDFG-188]
syn_generic:        : Case equality/inequality operators are replaced with equality/inequality operators in file '../pipeline_src/Stall_Control.sv' on line 83.
syn_generic:Warning : Usage of case equality or inequality operator. [CDFG-188]
syn_generic:        : Case equality/inequality operators are replaced with equality/inequality operators in file '../pipeline_src/Stall_Control.sv' on line 84.
syn_generic:Warning : Usage of case equality or inequality operator. [CDFG-188]
syn_generic:        : Case equality/inequality operators are replaced with equality/inequality operators in file '../pipeline_src/Stall_Control.sv' on line 89.
syn_generic:Warning : Undriven signal detected. [ELABUTL-125]
syn_generic:        : Undriven bits of signal 'instr_RAM[0]' in module 'Instr_Mem' in file '../pipeline_src/Instr_Mem.sv' on line 50, column 17, hid = 0.
syn_generic:        : The undriven signal handling can be controlled by setting the attribute 'hdl_unconnected_value' before syn_generic command.
syn_generic:Warning : Undriven signal detected. [ELABUTL-125]
syn_generic:        : Undriven bits of signal 'instr_RAM[1]' in module 'Instr_Mem' in file '../pipeline_src/Instr_Mem.sv' on line 50, column 17, hid = 0.
syn_generic:Warning : Undriven signal detected. [ELABUTL-125]
syn_generic:        : Undriven bits of signal 'instr_RAM[2]' in module 'Instr_Mem' in file '../pipeline_src/Instr_Mem.sv' on line 50, column 17, hid = 0.
syn_generic:Warning : Undriven signal detected. [ELABUTL-125]
syn_generic:        : Undriven bits of signal 'instr_RAM[3]' in module 'Instr_Mem' in file '../pipeline_src/Instr_Mem.sv' on line 50, column 17, hid = 0.
syn_generic:Warning : Undriven signal detected. [ELABUTL-125]
syn_generic:        : Undriven bits of signal 'instr_RAM[4]' in module 'Instr_Mem' in file '../pipeline_src/Instr_Mem.sv' on line 50, column 17, hid = 0.
syn_generic:Warning : Undriven signal detected. [ELABUTL-125]
syn_generic:        : Undriven bits of signal 'instr_RAM[5]' in module 'Instr_Mem' in file '../pipeline_src/Instr_Mem.sv' on line 50, column 17, hid = 0.
syn_generic:Warning : Undriven signal detected. [ELABUTL-125]
syn_generic:        : Undriven bits of signal 'instr_RAM[6]' in module 'Instr_Mem' in file '../pipeline_src/Instr_Mem.sv' on line 50, column 17, hid = 0.
syn_generic:Warning : Undriven signal detected. [ELABUTL-125]
syn_generic:        : Undriven bits of signal 'instr_RAM[7]' in module 'Instr_Mem' in file '../pipeline_src/Instr_Mem.sv' on line 50, column 17, hid = 0.
syn_generic:Warning : Undriven signal detected. [ELABUTL-125]
syn_generic:        : Undriven bits of signal 'instr_RAM[8]' in module 'Instr_Mem' in file '../pipeline_src/Instr_Mem.sv' on line 50, column 17, hid = 0.
syn_generic:Warning : Undriven signal detected. [ELABUTL-125]
syn_generic:        : Undriven bits of signal 'instr_RAM[9]' in module 'Instr_Mem' in file '../pipeline_src/Instr_Mem.sv' on line 50, column 17, hid = 0.
syn_generic:Warning : Undriven signal detected. [ELABUTL-125]
syn_generic:        : Undriven bits of signal 'instr_RAM[10]' in module 'Instr_Mem' in file '../pipeline_src/Instr_Mem.sv' on line 50, column 17, hid = 0.
syn_generic:Warning : Undriven signal detected. [ELABUTL-125]
syn_generic:        : Undriven bits of signal 'instr_RAM[11]' in module 'Instr_Mem' in file '../pipeline_src/Instr_Mem.sv' on line 50, column 17, hid = 0.
syn_generic:Warning : Undriven signal detected. [ELABUTL-125]
syn_generic:        : Undriven bits of signal 'instr_RAM[12]' in module 'Instr_Mem' in file '../pipeline_src/Instr_Mem.sv' on line 50, column 17, hid = 0.
syn_generic:Warning : Undriven signal detected. [ELABUTL-125]
syn_generic:        : Undriven bits of signal 'instr_RAM[13]' in module 'Instr_Mem' in file '../pipeline_src/Instr_Mem.sv' on line 50, column 17, hid = 0.
syn_generic:Warning : Undriven signal detected. [ELABUTL-125]
syn_generic:        : Undriven bits of signal 'instr_RAM[14]' in module 'Instr_Mem' in file '../pipeline_src/Instr_Mem.sv' on line 50, column 17, hid = 0.
syn_generic:Warning : Undriven signal detected. [ELABUTL-125]
syn_generic:        : Undriven bits of signal 'instr_RAM[15]' in module 'Instr_Mem' in file '../pipeline_src/Instr_Mem.sv' on line 50, column 17, hid = 0.
syn_generic:Warning : Undriven signal detected. [ELABUTL-125]
syn_generic:        : Undriven bits of signal 'instr_RAM[16]' in module 'Instr_Mem' in file '../pipeline_src/Instr_Mem.sv' on line 50, column 17, hid = 0.
syn_generic:Warning : Undriven signal detected. [ELABUTL-125]
syn_generic:        : Undriven bits of signal 'instr_RAM[17]' in module 'Instr_Mem' in file '../pipeline_src/Instr_Mem.sv' on line 50, column 17, hid = 0.
syn_generic:Warning : Undriven signal detected. [ELABUTL-125]
syn_generic:        : Undriven bits of signal 'instr_RAM[18]' in module 'Instr_Mem' in file '../pipeline_src/Instr_Mem.sv' on line 50, column 17, hid = 0.
syn_generic:Warning : Undriven signal detected. [ELABUTL-125]
syn_generic:        : Undriven bits of signal 'instr_RAM[19]' in module 'Instr_Mem' in file '../pipeline_src/Instr_Mem.sv' on line 50, column 17, hid = 0.
syn_generic:Warning : Maximum message print count reached. [MESG-11]
syn_generic:        : Maximum print count of '20' reached for message 'ELABUTL-125'.
syn_generic:Warning : Undriven module input port. [ELABUTL-127]
syn_generic:        : Undriven bits of port 'instr_gnt_ip' of instance 'FetchModule' of module 'Fetch' in file '../pipeline_src/IF_Stage.sv' on line 104, column 20, hid = 0.
syn_generic:        : Run check_design to check 'Undriven Port(s)/Pin(s)' section for all undriven module input ports. It is better to double confirm with designer if these undriven ports are expected. During syn_gen the undriven ports are controlled by attribute 'hdl_unconnected_value', the default value is 0.
syn_generic:Warning : Undriven module input port. [ELABUTL-127]
syn_generic:        : Undriven bits of port 'pc4' of instance 'InstructionDecode_Module' of module 'ID_Stage' in file '../pipeline_src/Core.sv' on line 134, column 36, hid = 0.
syn_generic:Info    : Done Elaborating Design. [ELAB-3]
syn_generic:        : Done elaborating 'Core'.
syn_generic:Checking for source RTL...
syn_generic:Check completed for source RTL.
syn_generic:Running Unified Mux Engine Tricks...
syn_generic:Completed Unified Mux Engine Tricks
syn_generic:
syn_generic:Stage: post_elab
syn_generic:-------------------------------------------------------
syn_generic:| Trick             | Accepts | Rejects | Runtime (s) | 
syn_generic:-------------------------------------------------------
syn_generic:| ume_constant_bmux |       0 |       0 |        0.00 | 
syn_generic:| ume_merge         |       0 |       0 |        0.00 | 
syn_generic:| ume_ssm           |       0 |       0 |        0.00 | 
syn_generic:| ume_cse           |       1 |       0 |        0.05 | 
syn_generic:| ume_shrink        |       0 |       0 |        0.00 | 
syn_generic:| ume_sweep         |       0 |       0 |        0.95 | 
syn_generic:| ume_constant_bmux |       0 |       0 |        0.00 | 
syn_generic:| ume_merge         |       0 |       0 |        0.00 | 
syn_generic:| ume_ssm           |       0 |       0 |        0.00 | 
syn_generic:| ume_cse           |       0 |       0 |        0.05 | 
syn_generic:| ume_shrink        |       0 |       0 |        0.00 | 
syn_generic:| ume_sweep         |       0 |       0 |        0.95 | 
syn_generic:-------------------------------------------------------
syn_generic:Starting optimize datapath shifters [v1.0] (stage: post_elab, startdef: Core, recur: true)
syn_generic:Completed optimize datapath shifters (accepts: 0, rejects: 0, runtime: 0.000s)
syn_generic:Starting clip mux common data inputs [v1.0] (stage: post_elab, startdef: Core, recur: true)
syn_generic:Completed clip mux common data inputs (accepts: 0, rejects: 0, runtime: 0.002s)
syn_generic:Starting clip the non-user hierarchies [v2.0] (stage: post_elab, startdef: Core, recur: true)
syn_generic:Completed clip the non-user hierarchies (accepts: 0, rejects: 0, runtime: 0.000s)
syn_generic:Starting basic netlist cleanup [v1.0] (stage: post_elab, startdef: Core, recur: true)
syn_generic:Completed basic netlist cleanup (accepts: 0, rejects: 0, runtime: 0.000s)
syn_generic:
syn_generic:Stage: post_elab
syn_generic:--------------------------------------------------------------------
syn_generic:| Transform                      | Accepts | Rejects | Runtime (s) | 
syn_generic:--------------------------------------------------------------------
syn_generic:| hlo_optimize_datapath_shifters |       0 |       0 |        0.00 | 
syn_generic:| hlo_clip_mux_input             |       0 |       0 |        0.00 | 
syn_generic:| hlo_clip                       |       0 |       0 |        0.00 | 
syn_generic:| hlo_cleanup                    |       0 |       0 |        0.00 | 
syn_generic:--------------------------------------------------------------------
syn_generic:      flow.cputime  flow.realtime  timing.setup.tns  timing.setup.wns  snapshot
syn_generic:UM:*                                                                   elaborate
syn_generic:#@ End verbose flow_step synthesis.syn_generic.init_design.read_hdl
syn_generic:      flow.cputime  flow.realtime  timing.setup.tns  timing.setup.wns  snapshot
syn_generic:UM:              7              8                                      read_hdl
syn_generic:#@ Begin verbose flow_step synthesis.syn_generic.init_design.read_power_intent
syn_generic:@flow_step(read_power_intent) 2:   if {![string is space [get_flow_config -quiet init_power_intent_files 1801]]} {
syn_generic:                                     read_power_intent -1801 [get_flow_config init_power_intent_files 1801]
syn_generic:                                   }
syn_generic:@flow_step(read_power_intent) 5:   if {![string is space [get_flow_config -quiet init_power_intent_files cpf]]} {
syn_generic:                                     read_power_intent -cpf [get_flow_config init_power_intent_files cpf]
syn_generic:                                   }
syn_generic:#@ End verbose flow_step synthesis.syn_generic.init_design.read_power_intent
syn_generic:      flow.cputime  flow.realtime  timing.setup.tns  timing.setup.wns  snapshot
syn_generic:UM:              3              3                                      read_power_intent
syn_generic:#@ Begin verbose flow_step synthesis.syn_generic.init_design.run_init_design
syn_generic:@flow_step(run_init_design) 2:   set_db init_ground_nets VSS
syn_generic:This attribute has no effect on the tool operation.
syn_generic:  Setting attribute of root '/': 'init_ground_nets' = VSS
syn_generic:@flow_step(run_init_design) 3:   set_db init_power_nets VDD
syn_generic:This attribute has no effect on the tool operation.
syn_generic:  Setting attribute of root '/': 'init_power_nets' = VDD
syn_generic:@flow_step(run_init_design) 5:   init_design
syn_generic:Started checking and loading power intent for design Core...
syn_generic:============================================================
syn_generic:No power intent for design 'Core'.
syn_generic:Completed checking and loading power intent for design Core (runtime:0.00s memory_usage:0.00M peak_memory:0.00M).
syn_generic:=================================================================================================================
syn_generic:#
syn_generic:# Reading SDC /nethome/dkhalil8/InnovateECE/PhysicalDesign/pipeline_src/base.sdc for view:tt_v1.8_25C_Nominal_25_func (constraint_mode:func)
syn_generic:#
syn_generic:[INFO] Setting load to: 0.033442
syn_generic:[INFO] Setting output delay to: 5
syn_generic:[INFO] Setting input delay to: 5
syn_generic:[INFO] Setting clock uncertainty to: 0.25
syn_generic:[INFO] Setting clock transition to: .15
syn_generic:[INFO] Setting timing derate to: 5%
syn_generic:Warning : Command set_timing_derate -delay_corner is expected in Common UI. [SDC-241]
syn_generic:        : .Now using delay corner tt_v1.8_25C_Nominal_25
syn_generic:        : Option -delay_corner is required by set_timing_derate in Common UI mode.
syn_generic:Warning : Command set_timing_derate -delay_corner is expected in Common UI. [SDC-241]
syn_generic:        : .Now using delay corner tt_v1.8_25C_Nominal_25
syn_generic:Statistics for commands executed by read_sdc:
syn_generic: "create_clock"             - successful      1 , failed      0 (runtime  0.00)
syn_generic: "get_ports"                - successful      3 , failed      0 (runtime  0.01)
syn_generic: "set_clock_transition"     - successful      1 , failed      0 (runtime  0.00)
syn_generic: "set_clock_uncertainty"    - successful      1 , failed      0 (runtime  0.00)
syn_generic: "set_interactive_constraint_modes" - successful      1 , failed      0 (runtime  0.00)
syn_generic: "set_load"                 - successful      1 , failed      0 (runtime  0.01)
syn_generic: "set_max_fanout"           - successful      1 , failed      0 (runtime  0.01)
syn_generic: "set_max_transition"       - successful      1 , failed      0 (runtime  0.01)
syn_generic: "set_timing_derate"        - successful      2 , failed      0 (runtime  0.00)
syn_generic: "set_units"                - successful      1 , failed      0 (runtime  0.00)
syn_generic:read_sdc completed in 00:00:00 (hh:mm:ss)
syn_generic:There is no ndr for this design!
syn_generic:INFO (IMPEXT-7048): Generating auto layer map file.
syn_generic:
syn_generic:INFO (IMPEXT-6188): Importing multi-corner technology file(s) for preRoute extraction...
syn_generic:
syn_generic:INFO (IMPEXT-5003): /nethome/dkhalil8/InnovateECE/PhysicalDesign/design/../SiliconJackets/cadence_sky130/sky130_release_0.0.4/quantus/extraction/typical/qrcTechFile
syn_generic:
syn_generic:INFO (IMPEXT-7048): Generating auto layer map file.
syn_generic:
syn_generic:INFO (IMPEXT-6209): Completed (cpu: 1143002.000000 real: 1143002.000000)
syn_generic:
syn_generic:
syn_generic:  According to qrc_tech_file, there are total 5 routing layers [ V(2) / H(3) ]
syn_generic:
syn_generic:There is no ndr for this design!
syn_generic:INFO (IMPEXT-7048): Generating auto layer map file.
syn_generic:
syn_generic:INFO (IMPEXT-6188): Importing multi-corner technology file(s) for preRoute extraction...
syn_generic:
syn_generic:INFO (IMPEXT-5003): /nethome/dkhalil8/InnovateECE/PhysicalDesign/design/../SiliconJackets/cadence_sky130/sky130_release_0.0.4/quantus/extraction/typical/qrcTechFile
syn_generic:
syn_generic:INFO (IMPEXT-7048): Generating auto layer map file.
syn_generic:
syn_generic:INFO (IMPEXT-6209): Completed (cpu: 1125406.000000 real: 1125406.000000)
syn_generic:
syn_generic:
syn_generic:  According to qrc_tech_file, there are total 5 routing layers [ V(2) / H(3) ]
syn_generic:
syn_generic:  Setting attribute of root '/': 'read_qrc_tech_file_rc_corner' = true
syn_generic:#@ End verbose flow_step synthesis.syn_generic.init_design.run_init_design
syn_generic:      flow.cputime  flow.realtime  timing.setup.tns  timing.setup.wns  snapshot
syn_generic:UM:              5              6                                      run_init_design
syn_generic:Finished exporting design database to file '/nethome/dkhalil8/InnovateECE/PhysicalDesign/design/dbs/syn_generic.init_design.run_init_design.db' for 'Core' (command execution time mm:ss cpu = 00:02, real = 00:02).
syn_generic:      flow.cputime  flow.realtime  timing.setup.tns  timing.setup.wns  snapshot
syn_generic:UM:*                                                                   write_db
syn_generic:#@ Begin verbose flow_step synthesis.syn_generic.init_genus.init_genus_yaml
syn_generic:@flow_step(init_genus_yaml)  2:   # Timing attributes  [get_db -category tim]
syn_generic:@flow_step(init_genus_yaml)  3:   #-------------------------------------------------------------------------------
syn_generic:@flow_step(init_genus_yaml)  4:   set_db ocv_mode                         true
syn_generic:  Setting attribute of root '/': 'ocv_mode' = true
syn_generic:@flow_step(init_genus_yaml)  6:   # Routing attributes  [get_db -category route]
syn_generic:@flow_step(init_genus_yaml)  7:   #-------------------------------------------------------------------------------
syn_generic:@flow_step(init_genus_yaml)  8:   set_db design_top_routing_layer met5
syn_generic:Warning : Layer 'met1' has zero utilization. To include set a utilization value.
syn_generic:no gcells found!
syn_generic:  Setting attribute of root '/': 'design_top_routing_layer' = met5
syn_generic:@flow_step(init_genus_yaml)  9:   set_db design_bottom_routing_layer met1
syn_generic:  Setting attribute of root '/': 'design_bottom_routing_layer' = met1
syn_generic:@flow_step(init_genus_yaml) 11:   # Optimization attributes  [get_db -category netlist]
syn_generic:@flow_step(init_genus_yaml) 12:   #-------------------------------------------------------------------------------
syn_generic:@flow_step(init_genus_yaml) 13:   set_db design_flow_effort standard
syn_generic:  Setting attribute of root '/': 'design_flow_effort' = standard
syn_generic:@flow_step(init_genus_yaml) 14:   set_db design_power_effort none
syn_generic:  Setting attribute of root '/': 'design_power_effort' = none
syn_generic:@flow_step(init_genus_yaml) 15:   set_db opt_leakage_to_dynamic_ratio 0.5
syn_generic:  Setting attribute of root '/': 'opt_leakage_to_dynamic_ratio' = 0.5
syn_generic:@flow_step(init_genus_yaml) 16:   set_db cts_buffer_cells {CLKBUFX2 CLKBUFX4 CLKBUFX8}
syn_generic:  Setting attribute of root '/': 'cts_buffer_cells' = CLKBUFX2 CLKBUFX4 CLKBUFX8
syn_generic:@flow_step(init_genus_yaml) 17:   set_db cts_inverter_cells {CLKINVX1 CLKINVX2 CLKINVX4 CLKINVX8}
syn_generic:  Setting attribute of root '/': 'cts_inverter_cells' = CLKINVX1 CLKINVX2 CLKINVX4 CLKINVX8
syn_generic:@flow_step(init_genus_yaml) 18:   set_db cts_clock_gating_cells ICGX1
syn_generic:  Setting attribute of root '/': 'cts_clock_gating_cells' = ICGX1
syn_generic:@flow_step(init_genus_yaml) 19:   set_db cts_logic_cells {CLKAND2X2 CLKXOR2X1 CLKMX2X2 CLKINVX1 CLKINVX2 CLKINVX4 CLKINVX8}
syn_generic:  Setting attribute of root '/': 'cts_logic_cells' = CLKAND2X2 CLKXOR2X1 CLKMX2X2 CLKINVX1 CLKINVX2 CLKINVX4 CLKINVX8
syn_generic:@flow_step(init_genus_yaml) 21:   # Physical attributes  [get_db -category phys]
syn_generic:@flow_step(init_genus_yaml) 22:   #-------------------------------------------------------------------------------
syn_generic:@flow_step(init_genus_yaml) 23:   set_db design_process_node 130
syn_generic:##  Process: 130            (User Set)
syn_generic:##     Node: (not set)
syn_generic:##  Check design process and node:
syn_generic:##  Design tech node is not set.
syn_generic:  Setting attribute of root '/': 'design_process_node' = 130
syn_generic:#@ End verbose flow_step synthesis.syn_generic.init_genus.init_genus_yaml
syn_generic:      flow.cputime  flow.realtime  timing.setup.tns  timing.setup.wns  snapshot
syn_generic:UM:              3              3                                      init_genus_yaml
syn_generic:      flow.cputime  flow.realtime  timing.setup.tns  timing.setup.wns  snapshot
syn_generic:UM:*                                                                   init_genus
syn_generic:#@ Begin verbose flow_step synthesis.syn_generic.init_genus.init_genus_user
syn_generic:@flow_step(init_genus_user)  2:   set_db heartbeat 300
syn_generic:  Setting attribute of root '/': 'heartbeat' = 300
syn_generic:@flow_step(init_genus_user)  3:   set_db max_cpus_per_server 16
syn_generic:  Setting attribute of root '/': 'max_cpus_per_server' = 16
syn_generic:@flow_step(init_genus_user)  4:   # Timing attributes  [get_db -category tim]
syn_generic:@flow_step(init_genus_user)  5:   #-----------------------------------------------------------------------------
syn_generic:@flow_step(init_genus_user)  6:   set_db timing_apply_default_primary_input_assertion true
syn_generic:  Setting attribute of root '/': 'timing_apply_default_primary_input_assertion' = true
syn_generic:@flow_step(init_genus_user)  7:   set_db timing_analysis_async_checks     async
syn_generic:  Setting attribute of root '/': 'timing_analysis_async_checks' = async
syn_generic:@flow_step(init_genus_user)  9:   # Optimization attributes  [get_db -category netlist]
syn_generic:@flow_step(init_genus_user) 10:   #-----------------------------------------------------------------------------
syn_generic:@flow_step(init_genus_user) 12:   # Datapath attributes  [get_db -category dp]
syn_generic:@flow_step(init_genus_user) 13:   #-----------------------------------------------------------------------------
syn_generic:@flow_step(init_genus_user) 15:   # Leakage Power attributes  [get_db -category lp_opt lib_ui]
syn_generic:@flow_step(init_genus_user) 16:   #-----------------------------------------------------------------------------
syn_generic:#@ End verbose flow_step synthesis.syn_generic.init_genus.init_genus_user
syn_generic:      flow.cputime  flow.realtime  timing.setup.tns  timing.setup.wns  snapshot
syn_generic:UM:              2              2                                      init_genus_user
syn_generic:#@ Begin verbose flow_step synthesis.syn_generic.set_dont_use
syn_generic:@flow_step(set_dont_use) 2:   #- disable base_cell usage during optimization
syn_generic:#@ End verbose flow_step synthesis.syn_generic.set_dont_use
syn_generic:      flow.cputime  flow.realtime  timing.setup.tns  timing.setup.wns  snapshot
syn_generic:UM:              3              3                                      set_dont_use
syn_generic:#@ Begin verbose flow_step synthesis.syn_generic.commit_power_intent
syn_generic:@flow_step(commit_power_intent)  2:   if {[join [dict values [get_db init_power_intent_files]]] ne {}} {
syn_generic:                                        #- apply power intent rules
syn_generic:                                        if {[is_flow -quiet -inside synthesis]} {
syn_generic:                                          apply_power_intent -summary
syn_generic:                                        }
syn_generic:                                      
syn_generic:                                        #- commit power intent rules
syn_generic:                                        commit_power_intent
syn_generic:                                      }
syn_generic:#@ End verbose flow_step synthesis.syn_generic.commit_power_intent
syn_generic:      flow.cputime  flow.realtime  timing.setup.tns  timing.setup.wns  snapshot
syn_generic:UM:              2              3                                      commit_power_intent
syn_generic:#@ Begin verbose flow_step synthesis.syn_generic.run_syn_generic
syn_generic:@flow_step(run_syn_generic) 2:   #- Synthesize to generic gates
syn_generic:@flow_step(run_syn_generic) 3:   syn_generic
syn_generic:stamp 'PBS_Generic-Start' being created for table 'pbs_debug'
syn_generic:
syn_generic:  Total Time (Wall) |  Stage Time (Wall)  |   % (Wall)   |    Date - Time     |  Memory   | Stage
syn_generic:--------------------+---------------------+--------------+--------------------+-----------+----------------------
syn_generic: 00:01:07(00:01:06) |  00:00:00(00:00:00) |   0.0(  0.0) |   10:18:25 (Mar13) |  914.6 MB | PBS_Generic-Start
syn_generic:--------------------+---------------------+--------------+--------------------+-----------+----------------------
syn_generic:Number of threads: 16 * 1   (id: pbs_debug, time_info v1.57)
syn_generic:Info: (*N*) indicates data that was populated from previously saved time_info database
syn_generic:Info: CPU time includes time of parent + longest thread
syn_generic:Info    : Undriven signal detected. [ELABUTL-130]
syn_generic:        : Assuming a logic '0' value for undriven bits of signal 'instr_RAM[0]' in module 'Instr_Mem'.
syn_generic:        : The 'hdl_unconnected_value' attribute controls treatment of undriven signal.
syn_generic:Info    : Undriven signal detected. [ELABUTL-130]
syn_generic:        : Assuming a logic '0' value for undriven bits of signal 'instr_RAM[1]' in module 'Instr_Mem'.
syn_generic:Info    : Undriven signal detected. [ELABUTL-130]
syn_generic:        : Assuming a logic '0' value for undriven bits of signal 'instr_RAM[2]' in module 'Instr_Mem'.
syn_generic:Info    : Undriven signal detected. [ELABUTL-130]
syn_generic:        : Assuming a logic '0' value for undriven bits of signal 'instr_RAM[3]' in module 'Instr_Mem'.
syn_generic:Info    : Undriven signal detected. [ELABUTL-130]
syn_generic:        : Assuming a logic '0' value for undriven bits of signal 'instr_RAM[4]' in module 'Instr_Mem'.
syn_generic:Info    : Undriven signal detected. [ELABUTL-130]
syn_generic:        : Assuming a logic '0' value for undriven bits of signal 'instr_RAM[5]' in module 'Instr_Mem'.
syn_generic:Info    : Undriven signal detected. [ELABUTL-130]
syn_generic:        : Assuming a logic '0' value for undriven bits of signal 'instr_RAM[6]' in module 'Instr_Mem'.
syn_generic:Info    : Undriven signal detected. [ELABUTL-130]
syn_generic:        : Assuming a logic '0' value for undriven bits of signal 'instr_RAM[7]' in module 'Instr_Mem'.
syn_generic:Info    : Undriven signal detected. [ELABUTL-130]
syn_generic:        : Assuming a logic '0' value for undriven bits of signal 'instr_RAM[8]' in module 'Instr_Mem'.
syn_generic:Info    : Undriven signal detected. [ELABUTL-130]
syn_generic:        : Assuming a logic '0' value for undriven bits of signal 'instr_RAM[9]' in module 'Instr_Mem'.
syn_generic:Info    : Undriven signal detected. [ELABUTL-130]
syn_generic:        : Assuming a logic '0' value for undriven bits of signal 'instr_RAM[10]' in module 'Instr_Mem'.
syn_generic:Info    : Undriven signal detected. [ELABUTL-130]
syn_generic:        : Assuming a logic '0' value for undriven bits of signal 'instr_RAM[11]' in module 'Instr_Mem'.
syn_generic:Info    : Undriven signal detected. [ELABUTL-130]
syn_generic:        : Assuming a logic '0' value for undriven bits of signal 'instr_RAM[12]' in module 'Instr_Mem'.
syn_generic:Info    : Undriven signal detected. [ELABUTL-130]
syn_generic:        : Assuming a logic '0' value for undriven bits of signal 'instr_RAM[13]' in module 'Instr_Mem'.
syn_generic:Info    : Undriven signal detected. [ELABUTL-130]
syn_generic:        : Assuming a logic '0' value for undriven bits of signal 'instr_RAM[14]' in module 'Instr_Mem'.
syn_generic:Info    : Undriven signal detected. [ELABUTL-130]
syn_generic:        : Assuming a logic '0' value for undriven bits of signal 'instr_RAM[15]' in module 'Instr_Mem'.
syn_generic:Info    : Undriven signal detected. [ELABUTL-130]
syn_generic:        : Assuming a logic '0' value for undriven bits of signal 'instr_RAM[16]' in module 'Instr_Mem'.
syn_generic:Info    : Undriven signal detected. [ELABUTL-130]
syn_generic:        : Assuming a logic '0' value for undriven bits of signal 'instr_RAM[17]' in module 'Instr_Mem'.
syn_generic:Info    : Undriven signal detected. [ELABUTL-130]
syn_generic:        : Assuming a logic '0' value for undriven bits of signal 'instr_RAM[18]' in module 'Instr_Mem'.
syn_generic:Info    : Undriven signal detected. [ELABUTL-130]
syn_generic:        : Assuming a logic '0' value for undriven bits of signal 'instr_RAM[19]' in module 'Instr_Mem'.
syn_generic:Warning : Maximum message print count reached. [MESG-11]
syn_generic:        : Maximum print count of '20' reached for message 'ELABUTL-130'.
syn_generic:Info    : Undriven module input port. [ELABUTL-131]
syn_generic:        : Assuming a logic '0' value for undriven bits of port 'instr_gnt_ip' of instance 'FetchModule' of module 'Fetch'.
syn_generic:        : The 'hdl_unconnected_value' attribute controls treatment of undriven input port.
syn_generic:Info    : Undriven module input port. [ELABUTL-131]
syn_generic:        : Assuming a logic '0' value for undriven bits of port 'pc4' of instance 'InstructionDecode_Module' of module 'ID_Stage'.
syn_generic:Info    : Deleting instances not driving any primary outputs. [GLO-34]
syn_generic:        : Deleting 2070 sequential instances.
syn_generic:        : Optimizations such as constant propagation or redundancy removal could change the connections so a hierarchical instance does not drive any primary outputs anymore. To see the list of deleted hierarchical instances, set the 'information_level' attribute to 2 or above. If the message is truncated set the message attribute 'truncate' to false to see the complete list. To prevent this optimization, set the 'delete_unloaded_insts' root/subdesign attribute to 'false' or 'preserve' instance attribute to 'true'.
syn_generic:Info    : Deleting instances not driving any primary outputs. [GLO-34]
syn_generic:        : Deleting 310 tristate instances.
syn_generic:Info    : Deleting instances not driving any primary outputs. [GLO-34]
syn_generic:        : Deleting 7 hierarchical instances.
syn_generic:
syn_generic:Stage: pre_early_cg
syn_generic:-----------------------------------------------
syn_generic:| Transform | Accepts | Rejects | Runtime (s) | 
syn_generic:-----------------------------------------------
syn_generic:-----------------------------------------------
syn_generic:Mapping ChipWare ICG instances in Core
syn_generic:Found 0 unmapped ChipWare ICG instances
syn_generic:Mapped 0 of 0 ChipWare ICG instances
syn_generic:EarlyCg insertion, version 4
syn_generic:[Clock Gating] Propagating constants ...
syn_generic:Multi-threaded constant propagation [4|0] ...
syn_generic:  total runtime for constant propagation: 00:00 walltime (min:sec)
syn_generic:[Clock Gating] Propagating constants done. (0 s.)
syn_generic:[Clock Gating] Reordering datapath muxes ...
syn_generic:[Clock Gating] Reordering datapath muxes done. (0 s.)
syn_generic:[Clock Gating] Decloning datapath insts ...
syn_generic:[Clock Gating] Decloning datapath insts done. (0 s.)
syn_generic:[Clock Gating] Removing redundant muxes pre insertion ...
syn_generic:  total runtime for constant propagation: 00:00 walltime (min:sec)
syn_generic:[Clock Gating] Removing redundant muxes pre insertion done. (0 s.)
syn_generic:  Setting attribute of root '/': 'basic_opto_skip_datapath' = true
syn_generic:[Clock Gating] Clock gating design ...
syn_generic:  Inserting clock-gating logic in netlist from 'design:Core'
syn_generic:Inserting clock-gating logic .....
syn_generic:Clock Gating Status
syn_generic:===================
syn_generic:Category                                Number    Percentage
syn_generic:------------------------------------------------------------------
syn_generic:Gated flip-flops                        0		  0%
syn_generic:Ungated flip-flops
syn_generic:  Cannot map to requested logic         0		  0%
syn_generic:  Enable signal is constant             0		  0%
syn_generic:  Excluded from clock-gating            0		  0%
syn_generic:  User preserved                        0		  0%
syn_generic:  Libcell unusable                      0		  0%
syn_generic:  Timing exception in enable logic      0		  0%
syn_generic:  Register bank width too small         0		  0%
syn_generic:Total flip-flops                        0		100%
syn_generic:Total CG Modules                        0
syn_generic:[Clock Gating] Clock gating design done. (0 s.)
syn_generic:  Resetting attribute of root '/': 'basic_opto_skip_datapath' = false
syn_generic:[Clock Gating] Dissolving small equality operators ...
syn_generic:[Clock Gating] Dissolving small equality operators done. (0 s.)
syn_generic:      flow.cputime  flow.realtime  timing.setup.tns  timing.setup.wns  snapshot
syn_generic:UM:*                                                                   power_ecg_insertion
syn_generic:PBS_Generic-earlyCG - Elapsed_Time 0, CPU_Time 0.0
syn_generic:stamp 'PBS_Generic-earlyCG' being created for table 'pbs_debug'
syn_generic:
syn_generic:  Total Time (Wall) |  Stage Time (Wall)  |   % (Wall)   |    Date - Time     |  Memory   | Stage
syn_generic:--------------------+---------------------+--------------+--------------------+-----------+----------------------
syn_generic: 00:01:07(00:01:06) |  00:00:00(00:00:00) |   0.0(  0.0) |   10:18:25 (Mar13) |  914.6 MB | PBS_Generic-Start
syn_generic:--------------------+---------------------+--------------+--------------------+-----------+----------------------
syn_generic: 00:01:08(00:01:08) |  00:00:01(00:00:02) | 100.0(100.0) |   10:18:26 (Mar13) |  914.6 MB | PBS_Generic-earlyCG
syn_generic:--------------------+---------------------+--------------+--------------------+-----------+----------------------
syn_generic:Number of threads: 16 * 1   (id: pbs_debug, time_info v1.57)
syn_generic:Info: (*N*) indicates data that was populated from previously saved time_info database
syn_generic:Info: CPU time includes time of parent + longest thread
syn_generic:##Generic Timing Info: typical gate delay  121.6 ps   std_slew:   13.6 ps   std_load:  5.5 fF  for library domain tt_v1.8_25C
syn_generic:Starting mux data reorder optimization [v1.0] (stage: pre_to_gen_setup, startdef: Core, recur: true)
syn_generic:Completed mux data reorder optimization (accepts: 0, rejects: 0, runtime: 0.000s)
syn_generic:
syn_generic:Stage: pre_to_gen_setup
syn_generic:-----------------------------------------------------
syn_generic:| Transform       | Accepts | Rejects | Runtime (s) | 
syn_generic:-----------------------------------------------------
syn_generic:| hlo_mux_reorder |       0 |       0 |        0.00 | 
syn_generic:-----------------------------------------------------
syn_generic:Current PLE settings:
syn_generic:
syn_generic:Aspect ratio        : 1.000
syn_generic:Shrink factor       : 1.000
syn_generic:Scale of res/length : 1.000
syn_generic:Scale of cap/length : 1.000
syn_generic:Net derating factor : 1.000
syn_generic:Thermal factor      : 1.000
syn_generic:Via Resistance      : 3.955 ohm (from qrc_tech_file)
syn_generic:Site size           : 4.600 um (from lef [tech+cell])
syn_generic:
syn_generic:Warning : This attribute will be obsolete in a next major release. [TUI-32]
syn_generic:        : attribute: 'number_of_routing_layers', object type: 'root'
syn_generic:        : Attribute, 'number_of_routing_layers' on root is going to be obsoleted. Use root attribute 'design_top_routing_layer' instead.
syn_generic:                                   Capacitance  
syn_generic:  Layer                             / Length         Data source:
syn_generic:Name        Direction Utilization  (pF/micron)       qrc_tech_file
syn_generic:------------------------------------------------
syn_generic:metal1          H         1.00        0.000299  
syn_generic:metal2          V         1.00        0.000294  
syn_generic:metal3          H         1.00        0.000348  
syn_generic:metal4          V         1.00        0.000324  
syn_generic:metal5          H         1.00        0.000301  
syn_generic:
syn_generic:                                    Resistance   
syn_generic:  Layer                              / Length         Data source:
syn_generic:Name        Direction Utilization  (ohm/micron)       qrc_tech_file
syn_generic:-------------------------------------------------
syn_generic:metal1          H         1.00         0.892857  
syn_generic:metal2          V         1.00         0.892857  
syn_generic:metal3          H         1.00         0.156667  
syn_generic:metal4          V         1.00         0.156667  
syn_generic:metal5          H         1.00         0.018125  
syn_generic:
syn_generic:                                        Area     
syn_generic:  Layer                               / Length        Data source:
syn_generic:Name        Direction Utilization     (micron)        lef_library
syn_generic:-------------------------------------------------
syn_generic:met1            H         1.00         0.140000  
syn_generic:met2            V         1.00         0.140000  
syn_generic:met3            H         1.00         0.300000  
syn_generic:met4            V         1.00         0.300000  
syn_generic:met5            H         1.00         1.600000  
syn_generic:
syn_generic:Info    : Unmapping. [SYNTH-10]
syn_generic:        : Unmapping 'Core'.
syn_generic:Info    : Done unmapping. [SYNTH-11]
syn_generic:        : Done unmapping 'Core'.
syn_generic:Info    : Synthesizing. [SYNTH-1]
syn_generic:        : Synthesizing 'Core' to generic gates using 'medium' effort.
syn_generic:Running Synthesis Turbo Flow Version 4.
syn_generic:Info    : Partition Based Synthesis execution skipped. [PHYS-752]
syn_generic:        : Design size is less than the partition size '100000' for distributed generic optimization to kick in.
syn_generic:Starting mux data reorder optimization [v1.0] (stage: pre_to_gen_setup, startdef: Core, recur: true)
syn_generic:Completed mux data reorder optimization (accepts: 0, rejects: 0, runtime: 0.000s)
syn_generic:
syn_generic:Stage: pre_to_gen_setup
syn_generic:-----------------------------------------------------
syn_generic:| Transform       | Accepts | Rejects | Runtime (s) | 
syn_generic:-----------------------------------------------------
syn_generic:| hlo_mux_reorder |       0 |       0 |        0.00 | 
syn_generic:-----------------------------------------------------
syn_generic:Starting mux data reorder optimization [v1.0] (stage: post_to_gen_setup, startdef: Core, recur: true)
syn_generic:Completed mux data reorder optimization (accepts: 0, rejects: 0, runtime: 0.000s)
syn_generic:
syn_generic:Stage: post_to_gen_setup
syn_generic:-----------------------------------------------------
syn_generic:| Transform       | Accepts | Rejects | Runtime (s) | 
syn_generic:-----------------------------------------------------
syn_generic:| hlo_mux_reorder |       0 |       0 |        0.00 | 
syn_generic:-----------------------------------------------------
syn_generic:Current PLE settings:
syn_generic:
syn_generic:Aspect ratio        : 1.000
syn_generic:Shrink factor       : 1.000
syn_generic:Scale of res/length : 1.000
syn_generic:Scale of cap/length : 1.000
syn_generic:Net derating factor : 1.000
syn_generic:Thermal factor      : 1.000
syn_generic:Via Resistance      : 3.955 ohm (from qrc_tech_file)
syn_generic:Site size           : 4.600 um (from lef [tech+cell])
syn_generic:
syn_generic:                                   Capacitance  
syn_generic:  Layer                             / Length         Data source:
syn_generic:Name        Direction Utilization  (pF/micron)       qrc_tech_file
syn_generic:------------------------------------------------
syn_generic:metal1          H         1.00        0.000299  
syn_generic:metal2          V         1.00        0.000294  
syn_generic:metal3          H         1.00        0.000348  
syn_generic:metal4          V         1.00        0.000324  
syn_generic:metal5          H         1.00        0.000301  
syn_generic:
syn_generic:                                    Resistance   
syn_generic:  Layer                              / Length         Data source:
syn_generic:Name        Direction Utilization  (ohm/micron)       qrc_tech_file
syn_generic:-------------------------------------------------
syn_generic:metal1          H         1.00         0.892857  
syn_generic:metal2          V         1.00         0.892857  
syn_generic:metal3          H         1.00         0.156667  
syn_generic:metal4          V         1.00         0.156667  
syn_generic:metal5          H         1.00         0.018125  
syn_generic:
syn_generic:                                        Area     
syn_generic:  Layer                               / Length        Data source:
syn_generic:Name        Direction Utilization     (micron)        lef_library
syn_generic:-------------------------------------------------
syn_generic:met1            H         1.00         0.140000  
syn_generic:met2            V         1.00         0.140000  
syn_generic:met3            H         1.00         0.300000  
syn_generic:met4            V         1.00         0.300000  
syn_generic:met5            H         1.00         1.600000  
syn_generic:
syn_generic:Info    : Unmapping. [SYNTH-10]
syn_generic:        : Unmapping 'Core'.
syn_generic:Info    : Done unmapping. [SYNTH-11]
syn_generic:        : Done unmapping 'Core'.
syn_generic:Running Unified Mux Engine Tricks...
syn_generic:Completed Unified Mux Engine Tricks
syn_generic:
syn_generic:Stage: pre_hlo_rtlopt
syn_generic:-----------------------------------------------
syn_generic:| Trick     | Accepts | Rejects | Runtime (s) | 
syn_generic:-----------------------------------------------
syn_generic:| ume_ssm   |       0 |       0 |        0.00 | 
syn_generic:| ume_sweep |       0 |       0 |        0.00 | 
syn_generic:| ume_share |       0 |       0 |        0.00 | 
syn_generic:-----------------------------------------------
syn_generic:Begin SDR optimization CTX_region 
syn_generic:#Special hiers formed inside Core = 0
syn_generic:No special hier is found 
syn_generic:End SDR optimization CTX_region 
syn_generic:Begin SDR optimization UME_region 
syn_generic:#Special hiers formed inside Core = 0
syn_generic:No special hier is found 
syn_generic:End SDR optimization UME_region 
syn_generic:Begin SDR optimization IMPL_BASED_region 
syn_generic:#Special hiers formed inside Core = 0
syn_generic:No special hier is found 
syn_generic:End SDR optimization IMPL_BASED_region 
syn_generic:Starting timing based select reordering [v1.0] (stage: pre_rtlopt, startdef: Core, recur: true)
syn_generic:Completed timing based select reordering (accepts: 0, rejects: 0, runtime: 0.003s)
syn_generic:Starting recase case-box optimization [v1.0] (stage: pre_rtlopt, startdef: Core, recur: true)
syn_generic:Completed recase case-box optimization (accepts: 0, rejects: 0, runtime: 0.000s)
syn_generic:Starting infer macro optimization [v1.0] (stage: pre_rtlopt, startdef: Core, recur: true)
syn_generic:Completed infer macro optimization (accepts: 0, rejects: 0, runtime: 0.000s)
syn_generic:Starting decode mux sandwich optimization [v2.0] (stage: pre_rtlopt, startdef: Core, recur: true)
syn_generic:Completed decode mux sandwich optimization (accepts: 0, rejects: 0, runtime: 0.000s)
syn_generic:Starting decode mux optimization [v1.0] (stage: pre_rtlopt, startdef: Core, recur: true)
syn_generic:Completed decode mux optimization (accepts: 0, rejects: 0, runtime: 0.000s)
syn_generic:Starting chop wide muxes [v1.0] (stage: pre_rtlopt, startdef: Core, recur: true)
syn_generic:Completed chop wide muxes (accepts: 0, rejects: 0, runtime: 0.000s)
syn_generic:Starting common data mux cascade opt [v1.0] (stage: pre_rtlopt, startdef: Core, recur: true)
syn_generic:Completed common data mux cascade opt (accepts: 0, rejects: 0, runtime: 0.000s)
syn_generic:Starting mux input consolidation [v1.0] (stage: pre_rtlopt, startdef: Core, recur: true)
syn_generic:Completed mux input consolidation (accepts: 0, rejects: 0, runtime: 0.000s)
syn_generic:Starting constant-data mux optimization [v1.0] (stage: pre_rtlopt, startdef: Core, recur: true)
syn_generic:Completed constant-data mux optimization (accepts: 0, rejects: 0, runtime: 0.000s)
syn_generic:Starting chain-to-tree inequality transform [v2.0] (stage: pre_rtlopt, startdef: Core, recur: true)
syn_generic:Completed chain-to-tree inequality transform (accepts: 0, rejects: 0, runtime: 0.000s)
syn_generic:Starting reconvergence optimization [v1.0] (stage: pre_rtlopt, startdef: Core, recur: true)
syn_generic:Completed reconvergence optimization (accepts: 0, rejects: 0, runtime: 0.000s)
syn_generic:Starting logic restructure optimization [v1.0] (stage: pre_rtlopt, startdef: Core, recur: true)
syn_generic:Completed logic restructure optimization (accepts: 0, rejects: 0, runtime: 0.000s)
syn_generic:Starting identity transform [v3.0] (stage: pre_rtlopt, startdef: Core, recur: true)
syn_generic:Completed identity transform (accepts: 0, rejects: 0, runtime: 0.000s)
syn_generic:Starting reduce operator chain [v1.0] (stage: pre_rtlopt, startdef: Core, recur: true)
syn_generic:Completed reduce operator chain (accepts: 0, rejects: 0, runtime: 0.000s)
syn_generic:Starting common data mux cascade opt [v1.0] (stage: pre_rtlopt, startdef: Core, recur: true)
syn_generic:Completed common data mux cascade opt (accepts: 0, rejects: 0, runtime: 0.000s)
syn_generic:Starting mux input consolidation [v1.0] (stage: pre_rtlopt, startdef: Core, recur: true)
syn_generic:Completed mux input consolidation (accepts: 0, rejects: 0, runtime: 0.000s)
syn_generic:Starting optimize datapath elements [v1.0] (stage: pre_rtlopt, startdef: Core, recur: true)
syn_generic:Completed optimize datapath elements (accepts: 0, rejects: 0, runtime: 0.000s)
syn_generic:Starting datapath recasting [v1.0] (stage: pre_rtlopt, startdef: Core, recur: true)
syn_generic:Completed datapath recasting (accepts: 0, rejects: 0, runtime: 0.000s)
syn_generic:Starting word-level redundancy removal [v1.0] (stage: pre_rtlopt, startdef: Core, recur: true)
syn_generic:Word-level redundancy removal for def Core is saturated.
syn_generic:Word-level redundancy removal for def Core is saturated.
syn_generic:Completed word-level redundancy removal (accepts: 0, rejects: 0, runtime: 0.000s)
syn_generic:Starting clip mux common data inputs [v1.0] (stage: pre_rtlopt, startdef: Core, recur: true)
syn_generic:Completed clip mux common data inputs (accepts: 0, rejects: 0, runtime: 0.000s)
syn_generic:Starting clip the non-user hierarchies [v2.0] (stage: pre_rtlopt, startdef: Core, recur: true)
syn_generic:Completed clip the non-user hierarchies (accepts: 0, rejects: 0, runtime: 0.000s)
syn_generic:Starting basic netlist cleanup [v1.0] (stage: pre_rtlopt, startdef: Core, recur: true)
syn_generic:Completed basic netlist cleanup (accepts: 0, rejects: 0, runtime: 0.000s)
syn_generic:
syn_generic:Stage: pre_rtlopt
syn_generic:-----------------------------------------------------------------
syn_generic:| Transform                   | Accepts | Rejects | Runtime (s) | 
syn_generic:-----------------------------------------------------------------
syn_generic:| hlo_timing_reorder          |       0 |       0 |        0.00 | 
syn_generic:| hlo_recase_casebox          |       0 |       0 |        0.00 | 
syn_generic:| hlo_infer_macro             |       0 |       0 |        0.00 | 
syn_generic:| hlo_decode_mux_sandwich     |       0 |       0 |        0.00 | 
syn_generic:| hlo_mux_decode              |       0 |       0 |        0.00 | 
syn_generic:| hlo_chop_mux                |       0 |       0 |        0.00 | 
syn_generic:| hlo_mux_cascade_opt         |       0 |       0 |        0.00 | 
syn_generic:| hlo_mux_consolidation       |       0 |       0 |        0.00 | 
syn_generic:| hlo_constant_mux_opt        |       0 |       0 |        0.00 | 
syn_generic:| hlo_inequality_transform    |       0 |       0 |        0.00 | 
syn_generic:| hlo_reconv_opt              |       0 |       0 |        0.00 | 
syn_generic:| hlo_restructure             |       0 |       0 |        0.00 | 
syn_generic:| hlo_identity_transform      |       0 |       0 |        0.00 | 
syn_generic:| hlo_reduce_operator_chain   |       0 |       0 |        0.00 | 
syn_generic:| hlo_mux_cascade_opt         |       0 |       0 |        0.00 | 
syn_generic:| hlo_mux_consolidation       |       0 |       0 |        0.00 | 
syn_generic:| hlo_optimize_datapath       |       0 |       0 |        0.00 | 
syn_generic:| hlo_datapath_recast         |       0 |       0 |        0.00 | 
syn_generic:| hlo_redundancy_removal_word |       0 |       0 |        0.00 | 
syn_generic:| hlo_clip_mux_input          |       0 |       0 |        0.00 | 
syn_generic:| hlo_clip                    |       0 |       0 |        0.00 | 
syn_generic:| hlo_cleanup                 |       0 |       0 |        0.00 | 
syn_generic:-----------------------------------------------------------------
syn_generic:Running Unified Mux Engine Tricks...
syn_generic:Completed Unified Mux Engine Tricks
syn_generic:
syn_generic:Stage: post_hlo_rtlopt
syn_generic:----------------------------------------------------------
syn_generic:| Trick                | Accepts | Rejects | Runtime (s) | 
syn_generic:----------------------------------------------------------
syn_generic:| ume_sweep_aggressive |       0 |       0 |        0.00 | 
syn_generic:| ume_runtime          |       0 |       0 |        0.00 | 
syn_generic:----------------------------------------------------------
syn_generic:Number of big hc bmuxes before = 0
syn_generic:Info    : Pre-processed datapath logic. [DPOPT-6]
syn_generic:        : No pre-processing optimizations applied to datapath logic in 'Core'.
syn_generic:Info    : Skipping datapath optimization. [DPOPT-5]
syn_generic:        : There is no datapath logic in 'Core'.
syn_generic:Number of big hc bmuxes after = 0
syn_generic:Starting bit-level redundancy removal [v1.0] (stage: post_rtlopt, startdef: Core, recur: true)
syn_generic:Bit-level redundancy removal for def Core is saturated.
syn_generic:Bit-level redundancy removal for def Core is saturated.
syn_generic:Completed bit-level redundancy removal (accepts: 0, rejects: 0, runtime: 0.001s)
syn_generic:Starting logic reduction [v1.0] (stage: post_rtlopt, startdef: Core, recur: true)
syn_generic:Completed logic reduction (accepts: 0, rejects: 0, runtime: 0.000s)
syn_generic:Starting mux data reorder optimization [v1.0] (stage: post_rtlopt, startdef: Core, recur: true)
syn_generic:Completed mux data reorder optimization (accepts: 0, rejects: 0, runtime: 0.000s)
syn_generic:Starting timing based select reordering [v1.0] (stage: post_rtlopt, startdef: Core, recur: true)
syn_generic:Completed timing based select reordering (accepts: 0, rejects: 0, runtime: 0.001s)
syn_generic:
syn_generic:Stage: post_rtlopt
syn_generic:----------------------------------------------------------------
syn_generic:| Transform                  | Accepts | Rejects | Runtime (s) | 
syn_generic:----------------------------------------------------------------
syn_generic:| hlo_redundancy_removal_bit |       0 |       0 |        0.00 | 
syn_generic:| hlo_logic_reduction        |       0 |       0 |        0.00 | 
syn_generic:| hlo_mux_reorder            |       0 |       0 |        0.00 | 
syn_generic:| hlo_timing_reorder         |       0 |       0 |        0.00 | 
syn_generic:----------------------------------------------------------------
syn_generic:Starting mux speculation [v1.0] (stage: post_muxopt, startdef: Core, recur: true)
syn_generic:Starting speculation optimization
syn_generic:Completed speculation optimization (accepts:0)
syn_generic:Completed mux speculation (accepts: 0, rejects: 0, runtime: 0.000s)
syn_generic:Starting timing based select reordering [v1.0] (stage: post_muxopt, startdef: Core, recur: true)
syn_generic:Completed timing based select reordering (accepts: 0, rejects: 0, runtime: 0.002s)
syn_generic:
syn_generic:Stage: post_muxopt
syn_generic:--------------------------------------------------------
syn_generic:| Transform          | Accepts | Rejects | Runtime (s) | 
syn_generic:--------------------------------------------------------
syn_generic:| hlo_speculation    |       0 |       0 |        0.00 | 
syn_generic:| hlo_timing_reorder |       0 |       0 |        0.00 | 
syn_generic:--------------------------------------------------------
syn_generic:==================================
syn_generic:Stage : to_generic 
syn_generic:==================================
syn_generic:  =================
syn_generic:   Message Summary
syn_generic:  =================
syn_generic:---------------------------------------------------------------------------
syn_generic:|    Id     |  Sev  |Count|                 Message Text                  |
syn_generic:---------------------------------------------------------------------------
syn_generic:|CDFG-188   |Warning|    8|Usage of case equality or inequality operator. |
syn_generic:|           |       |     |This can cause a simulation mismatch between   |
syn_generic:|           |       |     | the original and the synthesized designs.     |
syn_generic:|CDFG-250   |Info   |    3|Processing multi-dimensional arrays.           |
syn_generic:|CDFG-372   |Info   |   74|Bitwidth mismatch in assignment.               |
syn_generic:|           |       |     |Review and make sure the mismatch is           |
syn_generic:|           |       |     | intentional. Genus can possibly issue bitwidth|
syn_generic:|           |       |     | mismatch warning for explicit assignments     |
syn_generic:|           |       |     | present in RTL as-well-as for implicit        |
syn_generic:|           |       |     | assignments inferred by the tool. For example,|
syn_generic:|           |       |     | in case of enum declaration without value, the|
syn_generic:|           |       |     | tool will implicitly assign value to the enum |
syn_generic:|           |       |     | variables. It also issues the warning for any |
syn_generic:|           |       |     | bitwidth mismatch that appears in this        |
syn_generic:|           |       |     | implicit assignment.                          |
syn_generic:|CDFG-373   |Info   |    4|Sign mismatch in assignment.                   |
syn_generic:|CDFG-472   |Warning|    1|Unreachable statements for case item.          |
syn_generic:|CDFG-480   |Warning|    1|Ignored redundant case item.                   |
syn_generic:|           |       |     |When multiple case item expressions match the  |
syn_generic:|           |       |     | case condition, only the statements associated|
syn_generic:|           |       |     | with the first matching item are considered.  |
syn_generic:|CDFG-500   |Info   |   13|Unused module input port.                      |
syn_generic:|           |       |     |(In port definition within the module, the inpu|
syn_generic:|           |       |     | t port is not used in any assignment          |
syn_generic:|           |       |     | statements or conditional expressions for     |
syn_generic:|           |       |     | decision statements.                          |
syn_generic:|CDFG-567   |Info   |   45|Instantiating Subdesign.                       |
syn_generic:|CDFG-738   |Info   |   23|Common subexpression eliminated.               |
syn_generic:|CDFG-739   |Info   |   23|Common subexpression kept.                     |
syn_generic:|CDFG-769   |Info   |    8|Identified sum-of-products logic to be         |
syn_generic:|           |       |     | optimized during syn_generic.                 |
syn_generic:|CDFG2G-616 |Info   |    4|Latch inferred. Check and revisit your RTL if  |
syn_generic:|           |       |     | this is not the intended behavior.            |
syn_generic:|           |       |     |Use the attributes 'set_attribute              |
syn_generic:|           |       |     | hdl_error_on_latch true'(LUI)                 |
syn_generic:|           |       |     | or 'set_db hdl_error_on_latch true' (CUI)     |
syn_generic:|           |       |     | to issue an error when a latch is inferred.   |
syn_generic:|           |       |     | Use the attributes 'set_attributes            |
syn_generic:|           |       |     | hdl_latch_keep_feedback true'(LUI)            |
syn_generic:|           |       |     | or 'set_db hdl_latch_keep_feedback true'(CUI) |
syn_generic:|           |       |     | to infer combinational logic rather than a    |
syn_generic:|           |       |     | latch in case a variable is explicitly        |
syn_generic:|           |       |     | assigned to itself.                           |
syn_generic:|CWD-19     |Info   |   83|An implementation was inferred.                |
syn_generic:|DPOPT-5    |Info   |    1|Skipping datapath optimization.                |
syn_generic:|DPOPT-6    |Info   |    1|Pre-processed datapath logic.                  |
syn_generic:|ELAB-1     |Info   |    1|Elaborating Design.                            |
syn_generic:|ELAB-2     |Info   |   14|Elaborating Subdesign.                         |
syn_generic:|ELAB-3     |Info   |    1|Done Elaborating Design.                       |
syn_generic:|ELABUTL-125|Warning| 8224|Undriven signal detected.                      |
syn_generic:|           |       |     |The undriven signal handling can be controlled |
syn_generic:|           |       |     | by setting the attribute                      |
syn_generic:|           |       |     | 'hdl_unconnected_value' before syn_generic    |
syn_generic:|           |       |     | command.                                      |
syn_generic:|ELABUTL-127|Warning|    2|Undriven module input port.                    |
syn_generic:|           |       |     |Run check_design to check 'Undriven Port(s)    |
syn_generic:|           |       |     | /Pin(s)                                       |
syn_generic:|           |       |     | ' section for all undriven module input ports.|
syn_generic:|           |       |     | It is better to double confirm with designer  |
syn_generic:|           |       |     | if these undriven ports are expected. During  |
syn_generic:|           |       |     | syn_gen the undriven ports are controlled by  |
syn_generic:|           |       |     | attribute 'hdl_unconnected_value', the default|
syn_generic:|           |       |     | value is 0.                                   |
syn_generic:|ELABUTL-130|Info   | 2080|Undriven signal detected.                      |
syn_generic:|           |       |     |The 'hdl_unconnected_value' attribute controls |
syn_generic:|           |       |     | treatment of undriven signal.                 |
syn_generic:|ELABUTL-131|Info   |    2|Undriven module input port.                    |
syn_generic:|           |       |     |The 'hdl_unconnected_value' attribute controls |
syn_generic:|           |       |     | treatment of undriven input port.             |
syn_generic:|GLO-34     |Info   |    3|Deleting instances not driving any primary     |
syn_generic:|           |       |     | outputs.                                      |
syn_generic:|           |       |     |Optimizations such as constant propagation or  |
syn_generic:|           |       |     | redundancy removal could change the           |
syn_generic:|           |       |     | connections so a hierarchical instance does   |
syn_generic:|           |       |     | not drive any primary outputs anymore. To see |
syn_generic:|           |       |     | the list of deleted hierarchical instances,   |
syn_generic:|           |       |     | set the 'information_level' attribute to 2 or |
syn_generic:|           |       |     | above. If the message is truncated set the    |
syn_generic:|           |       |     | message attribute 'truncate' to false to see  |
syn_generic:|           |       |     | the complete list. To prevent this            |
syn_generic:|           |       |     | optimization, set the 'delete_unloaded_insts' |
syn_generic:|           |       |     | root/subdesign attribute to 'false' or        |
syn_generic:|           |       |     | 'preserve' instance attribute to 'true'.      |
syn_generic:|GLO-40     |Info   |    3|Combinational hierarchical blocks with         |
syn_generic:|           |       |     | identical inputs have been merged.            |
syn_generic:|           |       |     |This optimization usually reduces design area. |
syn_generic:|           |       |     | To prevent merging of combinational           |
syn_generic:|           |       |     | hierarchical blocks, set the                  |
syn_generic:|           |       |     | 'merge_combinational_hier_instances' root     |
syn_generic:|           |       |     | attribute to 'false' or the                   |
syn_generic:|           |       |     | 'merge_combinational_hier_instance' instance  |
syn_generic:|           |       |     | attribute to 'false'.                         |
syn_generic:|GLO-46     |Info   |    1|Combinational hierarchical instances are       |
syn_generic:|           |       |     | merged.                                       |
syn_generic:|INVS-99    |Info   |    1|Setting Innovus attribute that is not used by  |
syn_generic:|           |       |     | Genus.                                        |
syn_generic:|           |       |     |This attribute exists to allow configuration of|
syn_generic:|           |       |     | Innovus from Genus.                           |
syn_generic:|LBR-40     |Info   |    2|An unsupported construct was detected in this  |
syn_generic:|           |       |     | library.                                      |
syn_generic:|           |       |     |Check to see if this construct is really needed|
syn_generic:|           |       |     | for synthesis. Many liberty constructs are not|
syn_generic:|           |       |     | actually required.                            |
syn_generic:|LBR-41     |Info   |   64|An output library pin lacks a function         |
syn_generic:|           |       |     | attribute.                                    |
syn_generic:|           |       |     |If the remainder of this library cell's        |
syn_generic:|           |       |     | semantic checks are successful, it will be    |
syn_generic:|           |       |     | considered as a timing-model                  |
syn_generic:|           |       |     | (because one of its outputs does not have a va|
syn_generic:|           |       |     | lid function.                                 |
syn_generic:|LBR-101    |Warning|    1|Unusable clock gating integrated cell found at |
syn_generic:|           |       |     | the time of loading libraries. This warning   |
syn_generic:|           |       |     | happens because a particular library cell is  |
syn_generic:|           |       |     | defined as 'clock_gating_integrated_cell', but|
syn_generic:|           |       |     | 'dont_use' attribute is defined as true in the|
syn_generic:|           |       |     | liberty library. To make Genus use this cell  |
syn_generic:|           |       |     | for clock gating insertion, 'dont_use'        |
syn_generic:|           |       |     | attribute should be set to false.             |
syn_generic:|           |       |     |To make the cell usable, change the value of   |
syn_generic:|           |       |     | 'dont_use' attribute to false.                |
syn_generic:|LBR-109    |Info   |    1|Set default library domain.                    |
syn_generic:|LBR-162    |Info   |   26|Both 'pos_unate' and 'neg_unate' timing_sense  |
syn_generic:|           |       |     | arcs have been processed.                     |
syn_generic:|           |       |     |Setting the 'timing_sense' to non_unate.       |
syn_generic:|LBR-412    |Info   |    2|Created nominal operating condition.           |
syn_generic:|           |       |     |The nominal operating condition is represented,|
syn_generic:|           |       |     | either by the nominal PVT values specified in |
syn_generic:|           |       |     | the library source                            |
syn_generic:|           |       |     | (via nom_process,nom_voltage and nom_temperatu|
syn_generic:|           |       |     | re respectively)                              |
syn_generic:|           |       |     | , or by the default PVT values (1.0,1.0,1.0). |
syn_generic:|LBR-516    |Info   |    1|Missing library level attribute.               |
syn_generic:|PHYS-12    |Warning|    2|The variant range of wire parameters is too    |
syn_generic:|           |       |     | large. An example of wire parameters are, a   |
syn_generic:|           |       |     | WIDTH for layer, PITCH for layer, MINSPACING  |
syn_generic:|           |       |     | for layers, etc.                              |
syn_generic:|           |       |     |Check the consistency of the parameters, and   |
syn_generic:|           |       |     | see if you can ignore this message or you're  |
syn_generic:|           |       |     | using different LEF file with wrong           |
syn_generic:|           |       |     | parameters.                                   |
syn_generic:|PHYS-279   |Warning|    8|Physical cell not defined in library.          |
syn_generic:|           |       |     |Ensure that the proper library files are       |
syn_generic:|           |       |     | available and have been imported.             |
syn_generic:|PHYS-752   |Info   |    1|Partition Based Synthesis execution skipped.   |
syn_generic:|SDC-241    |Warning|    2|Command set_timing_derate -delay_corner is     |
syn_generic:|           |       |     | expected in Common UI.                        |
syn_generic:|           |       |     |Option -delay_corner is required by            |
syn_generic:|           |       |     | set_timing_derate in Common UI mode.          |
syn_generic:|SYNTH-1    |Info   |    1|Synthesizing.                                  |
syn_generic:|SYNTH-10   |Info   |    2|Unmapping.                                     |
syn_generic:|SYNTH-11   |Info   |    2|Done unmapping.                                |
syn_generic:|TUI-32     |Warning|    1|This attribute will be obsolete in a next major|
syn_generic:|           |       |     | release.                                      |
syn_generic:|           |       |     |Attribute, 'number_of_routing_layers' on root  |
syn_generic:|           |       |     | is going to be obsoleted. Use root attribute  |
syn_generic:|           |       |     | 'design_top_routing_layer' instead.           |
syn_generic:|TUI-58     |Info   |  118|Removed object.                                |
syn_generic:|VLOGPT-37  |Warning|    2|Ignoring unsynthesizable construct.            |
syn_generic:|           |       |     |For example, the following constructs will be  |
syn_generic:|           |       |     | ignored:
syn_generic:    - initial block
syn_generic:    - final      |
syn_generic:|           |       |     | block
syn_generic:    - program block
syn_generic:    - property      |
syn_generic:|           |       |     | block
syn_generic:    - sequence block
syn_generic:    - covergroup
syn_generic:  |
syn_generic:|           |       |     | - checker block
syn_generic:    - gate drive strength
syn_generic:    |
syn_generic:|           |       |     | - system task enable
syn_generic:    - reg declaration    |
syn_generic:|           |       |     | with initial value
syn_generic:    - specify block.       |
syn_generic:---------------------------------------------------------------------------
syn_generic:no gcells found!
syn_generic:Current PLE settings:
syn_generic:
syn_generic:Aspect ratio        : 1.000
syn_generic:Shrink factor       : 1.000
syn_generic:Scale of res/length : 1.000
syn_generic:Scale of cap/length : 1.000
syn_generic:Net derating factor : 1.000
syn_generic:Thermal factor      : 1.000
syn_generic:Via Resistance      : 3.955 ohm (from qrc_tech_file)
syn_generic:Site size           : 4.600 um (from lef [tech+cell])
syn_generic:
syn_generic:                                   Capacitance  
syn_generic:  Layer                             / Length         Data source:
syn_generic:Name        Direction Utilization  (pF/micron)       qrc_tech_file
syn_generic:------------------------------------------------
syn_generic:metal1          H         1.00        0.000299  
syn_generic:metal2          V         1.00        0.000294  
syn_generic:metal3          H         1.00        0.000348  
syn_generic:metal4          V         1.00        0.000324  
syn_generic:metal5          H         1.00        0.000301  
syn_generic:
syn_generic:                                    Resistance   
syn_generic:  Layer                              / Length         Data source:
syn_generic:Name        Direction Utilization  (ohm/micron)       qrc_tech_file
syn_generic:-------------------------------------------------
syn_generic:metal1          H         1.00         0.892857  
syn_generic:metal2          V         1.00         0.892857  
syn_generic:metal3          H         1.00         0.156667  
syn_generic:metal4          V         1.00         0.156667  
syn_generic:metal5          H         1.00         0.018125  
syn_generic:
syn_generic:                                        Area     
syn_generic:  Layer                               / Length        Data source:
syn_generic:Name        Direction Utilization     (micron)        lef_library
syn_generic:-------------------------------------------------
syn_generic:met1            H         1.00         0.140000  
syn_generic:met2            V         1.00         0.140000  
syn_generic:met3            H         1.00         0.300000  
syn_generic:met4            V         1.00         0.300000  
syn_generic:met5            H         1.00         1.600000  
syn_generic:
syn_generic:Warning : Total power has skewed contributions from leakage and dynamic power. [POPT-502]
syn_generic:        : With 'opt_leakage_to_dynamic_ratio' set to 0.5, the total power of 'NAND2X1' is being computed as:
syn_generic:	  Total Power = (Leakage Power * 0.5) + (Dynamic Power * (1 - 0.5))
syn_generic:	  Leakage Power:     0.1139330000 nW
syn_generic:	  Dynamic Power:  4821.5147780000 nW
syn_generic:	  Total Power:    2410.8143555000 nW
syn_generic:	  Leakage Power is contributing 0.00236% to the Total Power.
syn_generic:        : Dynamic power is typically calculated/specified for some 'active period'. For combination of leakage and dynamic power opt_leakage_to_dynamic_ratio must specify the percentage of overall time for which the design is not in the 'active period' but in 'idle mode', i.e. no dynamic power but only leakage power is consumed. For a reasonable optimization across dynamic and leakage power, leakage contribution is expected to be above 5% and below 95%. A contribution of less than 5% will result in limited leakage optimization and contribution of more than 95% will result in limited dynamic optimization. Adjust 'opt_leakage_to_dynamic_ratio' so that leakage contribution comes to an intermediate value if you intend both optimizations to occur.
syn_generic:Mapper: Libraries have:
syn_generic:	domain tt_v1.8_25C: 88 combo usable cells and 18 sequential usable cells
syn_generic:Inserting clock-gating logic .....
syn_generic:Clock Gating Status
syn_generic:===================
syn_generic:Category                                Number    Percentage
syn_generic:------------------------------------------------------------------
syn_generic:Gated flip-flops                        0		  0%
syn_generic:Ungated flip-flops
syn_generic:  Cannot map to requested logic         0		  0%
syn_generic:  Enable signal is constant             0		  0%
syn_generic:  Excluded from clock-gating            0		  0%
syn_generic:  User preserved                        0		  0%
syn_generic:  Libcell unusable                      0		  0%
syn_generic:  Timing exception in enable logic      0		  0%
syn_generic:  Register bank width too small         0		  0%
syn_generic:Total flip-flops                        0		100%
syn_generic:Total CG Modules                        0
syn_generic:Multi-threaded Virtual Mapping    (8 threads, 8 of 88 CPUs usable)
syn_generic:==================================
syn_generic:Stage : first_condense 
syn_generic:==================================
syn_generic:  =================
syn_generic:   Message Summary
syn_generic:  =================
syn_generic:---------------------------------------------------------------------------
syn_generic:|   Id   |  Sev  |Count|                   Message Text                   |
syn_generic:---------------------------------------------------------------------------
syn_generic:|POPT-502|Warning|    1|Total power has skewed contributions from leakage |
syn_generic:|        |       |     | and dynamic power.                               |
syn_generic:|        |       |     |Dynamic power is typically calculated/specified   |
syn_generic:|        |       |     | for some 'active period'. For combination of     |
syn_generic:|        |       |     | leakage and dynamic power                        |
syn_generic:|        |       |     | opt_leakage_to_dynamic_ratio must specify the    |
syn_generic:|        |       |     | percentage of overall time for which the design  |
syn_generic:|        |       |     | is not in the 'active period' but in 'idle mode',|
syn_generic:|        |       |     | i.e. no dynamic power but only leakage power is  |
syn_generic:|        |       |     | consumed. For a reasonable optimization across   |
syn_generic:|        |       |     | dynamic and leakage power, leakage contribution  |
syn_generic:|        |       |     | is expected to be above 5% and below 95%. A      |
syn_generic:|        |       |     | contribution of less than 5% will result in      |
syn_generic:|        |       |     | limited leakage optimization and contribution of |
syn_generic:|        |       |     | more than 95% will result in limited dynamic     |
syn_generic:|        |       |     | optimization. Adjust                             |
syn_generic:|        |       |     | 'opt_leakage_to_dynamic_ratio' so that leakage   |
syn_generic:|        |       |     | contribution comes to an intermediate value if   |
syn_generic:|        |       |     | you intend both optimizations to occur.          |
syn_generic:---------------------------------------------------------------------------
syn_generic: 
syn_generic:Global mapping target info
syn_generic:==========================
syn_generic:Cost Group 'default' target slack: Unconstrained
syn_generic:
syn_generic:no gcells found!
syn_generic:Starting post first-condense unobservable FF removal
syn_generic:Detecting unobservable FF's ... (design is uniquified)
syn_generic:Detected 0 unobservable FF's cputime(detection/total) = 0.000 /0.000 seconds
syn_generic:Unobservable FF redundancy removal succeeded.
syn_generic:Done post first-condense unobservable FF removal (0.00 cpu seconds) (0.00 elapsed cpu seconds)
syn_generic:Advanced structuring report (syn_gen):
syn_generic:info: no table 'advstr_report' registered on netlist 'Core'
syn_generic:PBS_Generic_Opt-Post - Elapsed_Time 2, CPU_Time 2.0
syn_generic:stamp 'PBS_Generic_Opt-Post' being created for table 'pbs_debug'
syn_generic:
syn_generic:  Total Time (Wall) |  Stage Time (Wall)  |   % (Wall)   |    Date - Time     |  Memory   | Stage
syn_generic:--------------------+---------------------+--------------+--------------------+-----------+----------------------
syn_generic: 00:01:07(00:01:06) |  00:00:00(00:00:00) |   0.0(  0.0) |   10:18:25 (Mar13) |  914.6 MB | PBS_Generic-Start
syn_generic:--------------------+---------------------+--------------+--------------------+-----------+----------------------
syn_generic: 00:01:08(00:01:08) |  00:00:01(00:00:02) |  25.0( 50.0) |   10:18:26 (Mar13) |  914.6 MB | PBS_Generic-earlyCG
syn_generic:--------------------+---------------------+--------------+--------------------+-----------+----------------------
syn_generic: 00:01:11(00:01:10) |  00:00:03(00:00:02) |  75.0( 50.0) |   10:18:28 (Mar13) |  914.6 MB | PBS_Generic_Opt-Post
syn_generic:--------------------+---------------------+--------------+--------------------+-----------+----------------------
syn_generic:Number of threads: 16 * 1   (id: pbs_debug, time_info v1.57)
syn_generic:Info: (*N*) indicates data that was populated from previously saved time_info database
syn_generic:Info: CPU time includes time of parent + longest thread
syn_generic:PBS_Generic-Postgen HBO Optimizations - Elapsed_Time 0, CPU_Time 0.0
syn_generic:stamp 'PBS_Generic-Postgen HBO Optimizations' being created for table 'pbs_debug'
syn_generic:
syn_generic:  Total Time (Wall) |  Stage Time (Wall)  |   % (Wall)   |    Date - Time     |  Memory   | Stage
syn_generic:--------------------+---------------------+--------------+--------------------+-----------+----------------------
syn_generic: 00:01:07(00:01:06) |  00:00:00(00:00:00) |   0.0(  0.0) |   10:18:25 (Mar13) |  914.6 MB | PBS_Generic-Start
syn_generic:--------------------+---------------------+--------------+--------------------+-----------+----------------------
syn_generic: 00:01:08(00:01:08) |  00:00:01(00:00:02) |  25.0( 50.0) |   10:18:26 (Mar13) |  914.6 MB | PBS_Generic-earlyCG
syn_generic:--------------------+---------------------+--------------+--------------------+-----------+----------------------
syn_generic: 00:01:11(00:01:10) |  00:00:03(00:00:02) |  75.0( 50.0) |   10:18:28 (Mar13) |  914.6 MB | PBS_Generic_Opt-Post
syn_generic:--------------------+---------------------+--------------+--------------------+-----------+----------------------
syn_generic: 00:01:11(00:01:10) |  00:00:00(00:00:00) |   0.0(  0.0) |   10:18:28 (Mar13) |  914.6 MB | PBS_Generic-Postgen HBO Optimizations
syn_generic:--------------------+---------------------+--------------+--------------------+-----------+----------------------
syn_generic:Number of threads: 16 * 1   (id: pbs_debug, time_info v1.57)
syn_generic:Info: (*N*) indicates data that was populated from previously saved time_info database
syn_generic:Info: CPU time includes time of parent + longest thread
syn_generic:Starting post syn_generic ultra-effort Boolean optimization
syn_generic:Redundancy removal succeeded.
syn_generic:Done post syn_generic ultra-effort Boolean optimization (0.00 cpu seconds) (0.00 elapsed cpu seconds)
syn_generic:Info    : Done synthesizing. [SYNTH-2]
syn_generic:        : Done synthesizing 'Core' to generic gates.
syn_generic:EarlyCg clean up, version 4
syn_generic:[Clock Gating] Simplifying datapath in light of clock gating ...
syn_generic:no gcells found!
syn_generic:[Clock Gating] Simplifying datapath in light of clock gating done. (0 s.)
syn_generic:[Clock Gating] Declone clock gates (post_gen) ...
syn_generic:  Decloning clock-gating logic from design:Core
syn_generic:Clock-Gating declone Status
syn_generic:===========================
syn_generic:Total number of Synthesis inserted clock-gating instances before: 0
syn_generic:Total number of Synthesis inserted clock-gating instances after : 0
syn_generic:Total number of clock-gating instances before: 0
syn_generic:Total number of clock-gating instances after : 0
syn_generic:[Clock Gating] Declone clock gates (post_gen) done. (0 s.)
syn_generic:      flow.cputime  flow.realtime  timing.setup.tns  timing.setup.wns  snapshot
syn_generic:UM:*                                                                   power_ecg_cleanup
syn_generic:PBS_Generic-earlyCG_cleanup - Elapsed_Time 0, CPU_Time 0.0
syn_generic:stamp 'PBS_Generic-earlyCG_cleanup' being created for table 'pbs_debug'
syn_generic:
syn_generic:  Total Time (Wall) |  Stage Time (Wall)  |   % (Wall)   |    Date - Time     |  Memory   | Stage
syn_generic:--------------------+---------------------+--------------+--------------------+-----------+----------------------
syn_generic: 00:01:07(00:01:06) |  00:00:00(00:00:00) |   0.0(  0.0) |   10:18:25 (Mar13) |  914.6 MB | PBS_Generic-Start
syn_generic:--------------------+---------------------+--------------+--------------------+-----------+----------------------
syn_generic: 00:01:08(00:01:08) |  00:00:01(00:00:02) |  25.0( 40.0) |   10:18:26 (Mar13) |  914.6 MB | PBS_Generic-earlyCG
syn_generic:--------------------+---------------------+--------------+--------------------+-----------+----------------------
syn_generic: 00:01:11(00:01:10) |  00:00:03(00:00:02) |  75.0( 40.0) |   10:18:28 (Mar13) |  914.6 MB | PBS_Generic_Opt-Post
syn_generic:--------------------+---------------------+--------------+--------------------+-----------+----------------------
syn_generic: 00:01:11(00:01:10) |  00:00:00(00:00:00) |   0.0(  0.0) |   10:18:28 (Mar13) |  914.6 MB | PBS_Generic-Postgen HBO Optimizations
syn_generic:--------------------+---------------------+--------------+--------------------+-----------+----------------------
syn_generic: 00:01:11(00:01:11) |  00:00:00(00:00:01) |   0.0( 20.0) |   10:18:29 (Mar13) |  914.6 MB | PBS_Generic-earlyCG_cleanup
syn_generic:--------------------+---------------------+--------------+--------------------+-----------+----------------------
syn_generic:Number of threads: 16 * 1   (id: pbs_debug, time_info v1.57)
syn_generic:Info: (*N*) indicates data that was populated from previously saved time_info database
syn_generic:Info: CPU time includes time of parent + longest thread
syn_generic:##>=================== Cadence Confidential (Generic-Logical) ===================
syn_generic:##>=================== Cadence Confidential (Generic-Logical) ===================
syn_generic:      flow.cputime  flow.realtime  timing.setup.tns  timing.setup.wns  snapshot
syn_generic:UM:*                                                                   syn_gen
syn_generic:#@ End verbose flow_step synthesis.syn_generic.run_syn_generic
syn_generic:      flow.cputime  flow.realtime  timing.setup.tns  timing.setup.wns  snapshot
syn_generic:UM:              7              7                                      run_syn_generic
syn_generic:#@ Begin verbose flow_step synthesis.syn_generic.block_finish
syn_generic:@flow_step(block_finish)  2:   apply {{} {
syn_generic:                                 set_db flow_report_name [get_db [lindex [get_db flow_hier_path] end] .name]
syn_generic:                                 if {[is_flow -inside flow:syn_opt] && [get_feature use_common_db]} {
syn_generic:                                   set_db flow_write_db_common true
syn_generic:                                 }
syn_generic:                                 if {[get_db flow_branch] ne ""} {
syn_generic:                                   set out_dir [file join [get_db flow_db_directory] [get_db flow_branch]_[get_db flow_report_name]]
syn_generic:                                 } else {
syn_generic:                                   set out_dir [file join [get_db flow_db_directory] [get_db flow_report_name]]
syn_generic:                                 }
syn_generic:                                 set_db flow_spef_directory $out_dir
syn_generic:                                 catch {report_obj -tcl} flow_root_config
syn_generic:                                 if {[dict exists $flow_root_config root:/]} {
syn_generic:                                   set flow_root_config [dict get $flow_root_config root:/]
syn_generic:                                 } elseif {[dict exists $flow_root_config root:]} {
syn_generic:                                   set flow_root_config [dict get $flow_root_config root:]
syn_generic:                                 } else {
syn_generic:                                 }
syn_generic:                                 foreach key [dict keys $flow_root_config] {
syn_generic:                                   if {[string length [dict get $flow_root_config $key]] > 200} {
syn_generic:                                     dict set flow_root_config $key "\[long value truncated\]"
syn_generic:                                   }
syn_generic:                                 }
syn_generic:                                 set_metric -name flow.root_config -value $flow_root_config
syn_generic:                               }}
syn_generic:  Setting attribute of root '/': 'flow_report_name' = syn_generic
syn_generic:  Setting attribute of root '/': 'flow_spef_directory' = dbs/syn_generic
syn_generic:#@ End verbose flow_step synthesis.syn_generic.block_finish
syn_generic:      flow.cputime  flow.realtime  timing.setup.tns  timing.setup.wns  snapshot
syn_generic:UM:              3              3                                      block_finish
syn_generic:Finished exporting design database to file '/nethome/dkhalil8/InnovateECE/PhysicalDesign/design/dbs/syn_generic.db' for 'Core' (command execution time mm:ss cpu = 00:00, real = 00:00).
syn_generic:      flow.cputime  flow.realtime  timing.setup.tns  timing.setup.wns  snapshot
syn_generic:UM:*                                                                   write_db
syn_generic:#@ Begin verbose flow_step synthesis.syn_generic.schedule_syn_generic_report_synth
syn_generic:@flow_step(schedule_syn_generic_report_synth) 2:     schedule_flow -flow report_synth -include_in_metrics
syn_generic:#@ End verbose flow_step synthesis.syn_generic.schedule_syn_generic_report_synth
syn_generic:
syn_generic:Program version = 25.11-s095_1
syn_generic:Working directory = /nethome/dkhalil8/InnovateECE/PhysicalDesign/design
syn_generic:Databases directory = /nethome/dkhalil8/InnovateECE/PhysicalDesign/design/dbs
syn_generic:Starting time = Mar 13, 2026 10:17:42
syn_generic:Ending time = Mar 13, 2026 10:18:37
syn_generic:
syn_generic:Run Flow Summary
syn_generic:---------------------
syn_generic:
syn_generic:Steps run:  synthesis.syn_generic.block_start synthesis.syn_generic.init_elaborate synthesis.syn_generic.init_design.read_mmmc synthesis.syn_generic.init_design.read_physical synthesis.syn_generic.init_design.read_hdl synthesis.syn_generic.init_design.read_power_intent synthesis.syn_generic.init_design.run_init_design synthesis.syn_generic.init_genus.init_genus_yaml synthesis.syn_generic.init_genus.init_genus_user synthesis.syn_generic.set_dont_use synthesis.syn_generic.commit_power_intent synthesis.syn_generic.run_syn_generic synthesis.syn_generic.block_finish synthesis.syn_generic.schedule_syn_generic_report_synth
syn_generic:
syn_generic:Step status:
syn_generic:     synthesis.syn_generic.block_start                               success
syn_generic:     synthesis.syn_generic.init_elaborate                            success
syn_generic:     synthesis.syn_generic.init_design.read_mmmc                     success
syn_generic:     synthesis.syn_generic.init_design.read_physical                 success
syn_generic:     synthesis.syn_generic.init_design.read_hdl                      success
syn_generic:     synthesis.syn_generic.init_design.read_power_intent             success
syn_generic:     synthesis.syn_generic.init_design.run_init_design               success
syn_generic:     synthesis.syn_generic.init_genus.init_genus_yaml                success
syn_generic:     synthesis.syn_generic.init_genus.init_genus_user                success
syn_generic:     synthesis.syn_generic.set_dont_use                              success
syn_generic:     synthesis.syn_generic.commit_power_intent                       success
syn_generic:     synthesis.syn_generic.run_syn_generic                           success
syn_generic:     synthesis.syn_generic.block_finish                              success
syn_generic:     synthesis.syn_generic.schedule_syn_generic_report_synth         success
syn_generic:
syn_generic: ---------------------------------------------------------------------------------------------------- 
syn_generic:| Snapshot    | flow.cputime (s) | flow.realtime (s) | timing.setup.tns (ns) | timing.setup.wns (ns) |
syn_generic:|-------------+------------------+-------------------+-----------------------+-----------------------|
syn_generic:| syn_generic | 0:01:11          | 0:01:19           |                       |                       |
syn_generic: ---------------------------------------------------------------------------------------------------- 
syn_generic:
syn_generic:Lic Summary:
syn_generic:[10:18:37.375651] Cdslmd servers: ece-winlic
syn_generic:[10:18:37.899961] Feature usage summary:
syn_generic:[10:18:37.899962] Genus_Synthesis  
syn_generic:Normal exit.
  flow_current @ genus: synthesis.syn_generic.block_start -> synthesis.syn_generic.schedule_syn_generic_report_synth returned successfully

Starting scheduled flows at 03-13 10:18:42...
* flow_current @ genus: synthesis.syn_map.block_start -> synthesis.syn_map.schedule_syn_map_report_synth
  report_synth @ genus: report_start -> report_finish
Waiting for flows to return... (2 running)
* flow_current @ genus: synthesis.syn_map.block_start -> synthesis.syn_map.schedule_syn_map_report_synth
  report_synth @ genus: report_start -> report_finish
syn_generic.report_synth:TMPDIR is being set to /tmp/genus_temp_1189021_18effca3-3c5b-4739-a13f-688bb77b09e7_ece-rschsrv.ece.gatech.edu_dkhalil8_vi5Rc0
syn_map:TMPDIR is being set to /tmp/genus_temp_1188913_16fb21ea-1ca5-43a8-9563-43164f159669_ece-rschsrv.ece.gatech.edu_dkhalil8_DMT9pW
syn_generic.report_synth:Cadence Genus(TM) Synthesis Solution.
syn_generic.report_synth:Copyright 2025 Cadence Design Systems, Inc. All rights reserved worldwide.
syn_generic.report_synth:Cadence and the Cadence logo are registered trademarks and Genus is a trademark
syn_generic.report_synth:of Cadence Design Systems, Inc. in the United States and other countries.
syn_generic.report_synth:
syn_generic.report_synth:[10:18:49.185785] Configured Lic search path (25.01-s002): 5280@ece-winlic.ece.gatech.edu
syn_generic.report_synth:
syn_generic.report_synth:Version: 25.11-s095_1, built Tue Aug 12 07:59:05 PDT 2025
syn_generic.report_synth:Options: -batch -log /nethome/dkhalil8/InnovateECE/PhysicalDesign/design/logs/syn_generic.report_synth -disable_user_startup -execute {if {[catch {init_flow  {flow_script {} yaml_script /nethome/dkhalil8/InnovateECE/PhysicalDesign/design/scripts/flow.yaml flow_no_check 0 parent_uuid 2217fcad-7db6-400d-875c-6b640721c413 previous_uuid {} top_dir /nethome/dkhalil8/InnovateECE/PhysicalDesign/design flow_dir ./. status_file /nethome/dkhalil8/InnovateECE/PhysicalDesign/design/flow.status.d/syn_generic.report_synth metrics_file /nethome/dkhalil8/InnovateECE/PhysicalDesign/design/flow.metrics.d/syn_generic.report_synth run_tag {} db {rc /nethome/dkhalil8/InnovateECE/PhysicalDesign/design/dbs/syn_generic.db Core {}} db_is_ref_run 0 branch {} caller_data {group 0 process_branch 1 trunk_process 0 flowtool_hostname ece-rschsrv.ece.gatech.edu flowtool_pid 1172434} flow {flow flow:report_synth tool genus tool_options -disable_user_startup no_sync 0 sync 0 db {rc dbs/syn_generic.db Core {}} dir ./. branch {} caller_data {group 0 process_branch 1} include_in_metrics 1 parent_uuid 2217fcad-7db6-400d-875c-6b640721c413 after {} defer 0 child_of {flow:flow_current flow:synthesis flow:syn_generic}} flow_name flow:report_synth first_step {tool genus flow flow:report_synth canonical_path {.steps flow_step:report_start} step flow_step:report_start features {} str report_start child_of {flow:flow_current flow:synthesis flow:syn_generic}} interactive 0 interactive_run 0 enabled_features {} inject_tcl {} trunk_process 0 aum_upload false tool_options -disable_user_startup overwrite 0 last_step {tool genus flow flow:report_synth canonical_path {.steps flow_step:report_finish} step flow_step:report_finish features {} str report_finish child_of {flow:flow_current flow:synthesis flow:syn_generic}} child_of {flow:flow_current flow:synthesis flow:syn_generic} log_prefix /nethome/dkhalil8/InnovateECE/PhysicalDesign/design/logs/syn_generic.report_synth}; run_flow -from {tool genus flow flow:report_synth canonical_path {.steps flow_step:report_start} step flow_step:report_start features {} str report_start child_of {flow:flow_current flow:synthesis flow:syn_generic}} -to {tool genus flow flow:report_synth canonical_path {.steps flow_step:report_finish} step flow_step:report_finish features {} str report_finish child_of {flow:flow_current flow:synthesis flow:syn_generic}}} msg]} { puts [concat {Tcl error:} $errorInfo]; set fp [open {/nethome/dkhalil8/InnovateECE/PhysicalDesign/design/flow.status.d/syn_generic.report_synth} a]; puts $fp {}; puts $fp [list [list script run_tcl status error flow {flow:report_synth} branch {} flow_working_directory {./.} flow_starting_db {rc /nethome/dkhalil8/InnovateECE/PhysicalDesign/design/dbs/syn_generic.db Core {}} {tool_options} {-disable_user_startup} steps_run [get_db flow_step_canonical_current] msg $msg]]; close $fp; exit 1 }; exit 0} 
syn_generic.report_synth:Date:    Fri Mar 13 10:18:49 2026
syn_map:Cadence Genus(TM) Synthesis Solution.
syn_map:Copyright 2025 Cadence Design Systems, Inc. All rights reserved worldwide.
syn_map:Cadence and the Cadence logo are registered trademarks and Genus is a trademark
syn_map:of Cadence Design Systems, Inc. in the United States and other countries.
syn_map:
syn_map:[10:18:49.185785] Configured Lic search path (25.01-s002): 5280@ece-winlic.ece.gatech.edu
syn_map:
syn_map:Version: 25.11-s095_1, built Tue Aug 12 07:59:05 PDT 2025
syn_map:Options: -batch -log /nethome/dkhalil8/InnovateECE/PhysicalDesign/design/logs/syn_map -disable_user_startup -execute {if {[catch {init_flow  {flow_script {} yaml_script /nethome/dkhalil8/InnovateECE/PhysicalDesign/design/scripts/flow.yaml flow_no_check 0 parent_uuid {} previous_uuid {} top_dir /nethome/dkhalil8/InnovateECE/PhysicalDesign/design flow_dir . status_file /nethome/dkhalil8/InnovateECE/PhysicalDesign/design/flow.status.d/syn_map metrics_file /nethome/dkhalil8/InnovateECE/PhysicalDesign/design/flow.metrics.d/syn_map run_tag {} db {rc /nethome/dkhalil8/InnovateECE/PhysicalDesign/design/dbs/syn_generic.db Core {}} db_is_ref_run 0 branch {} caller_data {group 0 process_branch 0 trunk_process 1 flowtool_hostname ece-rschsrv.ece.gatech.edu flowtool_pid 1172434} flow {flow flow:flow_current dir . db {rc dbs/syn_generic.db Core {}} branch {} tool genus caller_data {group 0 process_branch 0 trunk_process 1 flowtool_hostname ece-rschsrv.ece.gatech.edu flowtool_pid 1172434} uuid {} tool_options {} start_step {tool genus flow flow:flow_current canonical_path {.steps flow:synthesis .steps flow:syn_map .steps flow_step:block_start} step flow_step:block_start features {} str synthesis.syn_map.block_start} process_branch_trunk 1} flow_name flow:flow_current first_step {tool genus flow flow:flow_current canonical_path {.steps flow:synthesis .steps flow:syn_map .steps flow_step:block_start} step flow_step:block_start features {} str synthesis.syn_map.block_start} interactive 0 interactive_run 0 enabled_features {} inject_tcl {} trunk_process 1 aum_upload false tool_options {} overwrite 0 last_step {tool genus flow flow:flow_current canonical_path {.steps flow:synthesis .steps flow:syn_map .steps flow_step:schedule_syn_map_report_synth} step flow_step:schedule_syn_map_report_synth features {} str synthesis.syn_map.schedule_syn_map_report_synth} log_prefix /nethome/dkhalil8/InnovateECE/PhysicalDesign/design/logs/syn_map}; run_flow -from {tool genus flow flow:flow_current canonical_path {.steps flow:synthesis .steps flow:syn_map .steps flow_step:block_start} step flow_step:block_start features {} str synthesis.syn_map.block_start} -to {tool genus flow flow:flow_current canonical_path {.steps flow:synthesis .steps flow:syn_map .steps flow_step:schedule_syn_map_report_synth} step flow_step:schedule_syn_map_report_synth features {} str synthesis.syn_map.schedule_syn_map_report_synth}} msg]} { puts [concat {Tcl error:} $errorInfo]; set fp [open {/nethome/dkhalil8/InnovateECE/PhysicalDesign/design/flow.status.d/syn_map} a]; puts $fp {}; puts $fp [list [list script run_tcl status error flow {flow:flow_current} branch {} flow_working_directory {.} flow_starting_db {rc /nethome/dkhalil8/InnovateECE/PhysicalDesign/design/dbs/syn_generic.db Core {}} {tool_options} {} steps_run [get_db flow_step_canonical_current] msg $msg]]; close $fp; exit 1 }; exit 0} 
syn_map:Date:    Fri Mar 13 10:18:49 2026
syn_generic.report_synth:Host:    ece-rschsrv.ece.gatech.edu (x86_64 w/Linux 4.18.0-553.89.1.el8_10.x86_64) (22cores*88cpus*2physical cpus*Intel(R) Xeon(R) CPU E5-2699 v4 @ 2.20GHz 56320KB) (264007036KB)
syn_generic.report_synth:PID:     1189021
syn_generic.report_synth:OS:      Red Hat Enterprise Linux 8.10 (Ootpa)
syn_generic.report_synth:
syn_map:Host:    ece-rschsrv.ece.gatech.edu (x86_64 w/Linux 4.18.0-553.89.1.el8_10.x86_64) (22cores*88cpus*2physical cpus*Intel(R) Xeon(R) CPU E5-2699 v4 @ 2.20GHz 56320KB) (264007036KB)
syn_map:PID:     1188913
syn_map:OS:      Red Hat Enterprise Linux 8.10 (Ootpa)
syn_map:
syn_generic.report_synth:Checking out license: Genus_Synthesis
syn_generic.report_synth:[10:18:49.188353] Periodic Lic check successful
syn_generic.report_synth:[10:18:49.712672] Feature usage summary:
syn_generic.report_synth:[10:18:49.712673] Genus_Synthesis  
syn_generic.report_synth:License checkout complete (0 seconds elapsed).
syn_generic.report_synth:
syn_generic.report_synth:
syn_generic.report_synth:***********************************************************************************************************
syn_generic.report_synth:***********************************************************************************************************
syn_generic.report_synth:
syn_generic.report_synth:
syn_generic.report_synth:
syn_generic.report_synth:Finished executable startup (6 seconds elapsed).
syn_map:Checking out license: Genus_Synthesis
syn_map:[10:18:49.196578] Periodic Lic check successful
syn_map:[10:18:49.720882] Feature usage summary:
syn_map:[10:18:49.720882] Genus_Synthesis  
syn_map:License checkout complete (0 seconds elapsed).
syn_map:
syn_map:
syn_map:***********************************************************************************************************
syn_map:***********************************************************************************************************
syn_map:
syn_map:
syn_map:
syn_map:Finished executable startup (6 seconds elapsed).
syn_map:
syn_generic.report_synth:
syn_generic.report_synth:Loading tool scripts...
syn_map:Loading tool scripts...
syn_generic.report_synth:Finished loading tool scripts (20 seconds elapsed).
syn_generic.report_synth:
syn_map:Finished loading tool scripts (20 seconds elapsed).
syn_generic.report_synth:#@ Processing -execute option
syn_generic.report_synth:@genus:root: 1> if {[catch {init_flow  {flow_script {} yaml_script /nethome/dkhalil8/InnovateECE/PhysicalDesign/design/scripts/flow.yaml flow_no_check 0 parent_uuid 2217fcad-7db6-400d-875c-6b640721c413 previous_uuid {} top_dir /nethome/dkhalil8/InnovateECE/PhysicalDesign/design flow_dir ./. status_file /nethome/dkhalil8/InnovateECE/PhysicalDesign/design/flow.status.d/syn_generic.report_synth metrics_file /nethome/dkhalil8/InnovateECE/PhysicalDesign/design/flow.metrics.d/syn_generic.report_synth run_tag {} db {rc /nethome/dkhalil8/InnovateECE/PhysicalDesign/design/dbs/syn_generic.db Core {}} db_is_ref_run 0 branch {} caller_data {group 0 process_branch 1 trunk_process 0 flowtool_hostname ece-rschsrv.ece.gatech.edu flowtool_pid 1172434} flow {flow flow:report_synth tool genus tool_options -disable_user_startup no_sync 0 sync 0 db {rc dbs/syn_generic.db Core {}} dir ./. branch {} caller_data {group 0 process_branch 1} include_in_metrics 1 parent_uuid 2217fcad-7db6-400d-875c-6b640721c413 after {} defer 0 child_of {flow:flow_current flow:synthesis flow:syn_generic}} flow_name flow:report_synth first_step {tool genus flow flow:report_synth canonical_path {.steps flow_step:report_start} step flow_step:report_start features {} str report_start child_of {flow:flow_current flow:synthesis flow:syn_generic}} interactive 0 interactive_run 0 enabled_features {} inject_tcl {} trunk_process 0 aum_upload false tool_options -disable_user_startup overwrite 0 last_step {tool genus flow flow:report_synth canonical_path {.steps flow_step:report_finish} step flow_step:report_finish features {} str report_finish child_of {flow:flow_current flow:synthesis flow:syn_generic}} child_of {flow:flow_current flow:synthesis flow:syn_generic} log_prefix /nethome/dkhalil8/InnovateECE/PhysicalDesign/design/logs/syn_generic.report_synth}; run_flow -from {tool genus flow flow:report_synth canonical_path {.steps flow_step:report_start} step flow_step:report_start features {} str report_start child_of {flow:flow_current flow:synthesis flow:syn_generic}} -to {tool genus flow flow:report_synth canonical_path {.steps flow_step:report_finish} step flow_step:report_finish features {} str report_finish child_of {flow:flow_current flow:synthesis flow:syn_generic}}} msg]} { puts [concat {Tcl error:} $errorInfo]; set fp [open {/nethome/dkhalil8/InnovateECE/PhysicalDesign/design/flow.status.d/syn_generic.report_synth} a]; puts $fp {}; puts $fp [list [list script run_tcl status error flow {flow:report_synth} branch {} flow_working_directory {./.} flow_starting_db {rc /nethome/dkhalil8/InnovateECE/PhysicalDesign/design/dbs/syn_generic.db Core {}} {tool_options} {-disable_user_startup} steps_run [get_db flow_step_canonical_current] msg $msg]]; close $fp; exit 1 }; exit 0
syn_generic.report_synth:init_flow summary:
syn_generic.report_synth:  Flow script        : 
syn_generic.report_synth:  YAML script        : /nethome/dkhalil8/InnovateECE/PhysicalDesign/design/scripts/flow.yaml
syn_generic.report_synth:  Flow               : flow:report_synth
syn_generic.report_synth:  From               : report_start
syn_generic.report_synth:  To                 : report_finish
syn_generic.report_synth:  Top directory      : /nethome/dkhalil8/InnovateECE/PhysicalDesign/design
syn_generic.report_synth:  Working directory  : .
syn_generic.report_synth:  Starting database  : /nethome/dkhalil8/InnovateECE/PhysicalDesign/design/dbs/syn_generic.db
syn_generic.report_synth:  Run tag            : 
syn_generic.report_synth:  Branch name        : 
syn_generic.report_synth:  Metrics file       : /nethome/dkhalil8/InnovateECE/PhysicalDesign/design/flow.metrics.d/syn_generic.report_synth
syn_generic.report_synth:  Status file        : /nethome/dkhalil8/InnovateECE/PhysicalDesign/design/flow.status.d/syn_generic.report_synth
syn_map:
syn_generic.report_synth:reading previous metrics...
syn_map:#@ Processing -execute option
syn_map:@genus:root: 1> if {[catch {init_flow  {flow_script {} yaml_script /nethome/dkhalil8/InnovateECE/PhysicalDesign/design/scripts/flow.yaml flow_no_check 0 parent_uuid {} previous_uuid {} top_dir /nethome/dkhalil8/InnovateECE/PhysicalDesign/design flow_dir . status_file /nethome/dkhalil8/InnovateECE/PhysicalDesign/design/flow.status.d/syn_map metrics_file /nethome/dkhalil8/InnovateECE/PhysicalDesign/design/flow.metrics.d/syn_map run_tag {} db {rc /nethome/dkhalil8/InnovateECE/PhysicalDesign/design/dbs/syn_generic.db Core {}} db_is_ref_run 0 branch {} caller_data {group 0 process_branch 0 trunk_process 1 flowtool_hostname ece-rschsrv.ece.gatech.edu flowtool_pid 1172434} flow {flow flow:flow_current dir . db {rc dbs/syn_generic.db Core {}} branch {} tool genus caller_data {group 0 process_branch 0 trunk_process 1 flowtool_hostname ece-rschsrv.ece.gatech.edu flowtool_pid 1172434} uuid {} tool_options {} start_step {tool genus flow flow:flow_current canonical_path {.steps flow:synthesis .steps flow:syn_map .steps flow_step:block_start} step flow_step:block_start features {} str synthesis.syn_map.block_start} process_branch_trunk 1} flow_name flow:flow_current first_step {tool genus flow flow:flow_current canonical_path {.steps flow:synthesis .steps flow:syn_map .steps flow_step:block_start} step flow_step:block_start features {} str synthesis.syn_map.block_start} interactive 0 interactive_run 0 enabled_features {} inject_tcl {} trunk_process 1 aum_upload false tool_options {} overwrite 0 last_step {tool genus flow flow:flow_current canonical_path {.steps flow:synthesis .steps flow:syn_map .steps flow_step:schedule_syn_map_report_synth} step flow_step:schedule_syn_map_report_synth features {} str synthesis.syn_map.schedule_syn_map_report_synth} log_prefix /nethome/dkhalil8/InnovateECE/PhysicalDesign/design/logs/syn_map}; run_flow -from {tool genus flow flow:flow_current canonical_path {.steps flow:synthesis .steps flow:syn_map .steps flow_step:block_start} step flow_step:block_start features {} str synthesis.syn_map.block_start} -to {tool genus flow flow:flow_current canonical_path {.steps flow:synthesis .steps flow:syn_map .steps flow_step:schedule_syn_map_report_synth} step flow_step:schedule_syn_map_report_synth features {} str synthesis.syn_map.schedule_syn_map_report_synth}} msg]} { puts [concat {Tcl error:} $errorInfo]; set fp [open {/nethome/dkhalil8/InnovateECE/PhysicalDesign/design/flow.status.d/syn_map} a]; puts $fp {}; puts $fp [list [list script run_tcl status error flow {flow:flow_current} branch {} flow_working_directory {.} flow_starting_db {rc /nethome/dkhalil8/InnovateECE/PhysicalDesign/design/dbs/syn_generic.db Core {}} {tool_options} {} steps_run [get_db flow_step_canonical_current] msg $msg]]; close $fp; exit 1 }; exit 0
syn_map:init_flow summary:
syn_map:  Flow script        : 
syn_map:  YAML script        : /nethome/dkhalil8/InnovateECE/PhysicalDesign/design/scripts/flow.yaml
syn_map:  Flow               : flow:flow_current
syn_map:  From               : synthesis.syn_map.block_start
syn_map:  To                 : synthesis.syn_map.schedule_syn_map_report_synth
syn_map:  Top directory      : /nethome/dkhalil8/InnovateECE/PhysicalDesign/design
syn_map:  Working directory  : .
syn_map:  Starting database  : /nethome/dkhalil8/InnovateECE/PhysicalDesign/design/dbs/syn_generic.db
syn_map:  Run tag            : 
syn_map:  Branch name        : 
syn_map:  Metrics file       : /nethome/dkhalil8/InnovateECE/PhysicalDesign/design/flow.metrics.d/syn_map
syn_map:  Status file        : /nethome/dkhalil8/InnovateECE/PhysicalDesign/design/flow.status.d/syn_map
syn_map:reading previous metrics...
syn_generic.report_synth:Sourcing flow scripts...
syn_map:Sourcing flow scripts...
syn_generic.report_synth:  Setting attribute of root '/': 'flow_template_type' = stylus
syn_generic.report_synth:  Setting attribute of root '/': 'flow_template_version' = 1
syn_generic.report_synth:  Setting attribute of root '/': 'flow_template_tools' = genus innovus tempus quantus voltus
syn_generic.report_synth:  Setting attribute of root '/': 'flow_template_feature_definition' = flow_express 0 report_inline {} report_defer 0 report_none 0 report_clp 0 report_lec {} use_common_db 0 report_pba {} dft_simple 0 dft_compressor 0 synth_hybrid 0 synth_ispatial 0 synth_placev2 0 opt_early_cts 0 clock_design 0 clock_flexible_htree 0 opt_clock 0 opt_postcts_hold_disable 0 opt_postcts_split 0 route_filler_disable 0 route_track_opt 0 route_secondary_nets 0 opt_postroute_split 0 opt_route 0 opt_signoff {} opt_em 0 opt_eco 0 sta_use_setup_yaml 0 sta_dmmmc 0 sta_glitch 0 sta_eco 0 report_early_static_ir 0 report_early_dynamic_ir 0 report_grid_resistance 0 report_static_ir {} report_dynamic_ir {} report_rampup 0 report_signal_em 0 report_power_em 0 report_power_parallel 0 ff_setup 0
syn_generic.report_synth:  Setting attribute of root '/': 'flowtool_metrics_qor_vivid' = reports/qor.html
syn_generic.report_synth:  Setting attribute of root '/': 'flow_header_tcl' = 
syn_generic.report_synth:  #- extend flow report name based on context
syn_generic.report_synth:  if {[is_flow -quiet -inside flow:sta] || [is_flow -quiet -inside flow:sta_dmmmc] || [is_flow -quiet -inside flow:sta_eco]} {
syn_generic.report_synth:    if {![regexp {sta$} [get_db flow_report_name]]} {
syn_generic.report_synth:      set_db flow_report_name [expr {[string is space [get_db flow_report_name]] ? "sta" : "[get_db flow_report_name].sta"}]
syn_generic.report_synth:    }
syn_generic.report_synth:  } elseif {[is_flow -quiet -inside flow:ir_early_static] || [is_flow -quiet -inside flow:ir_early_dynamic]} {
syn_generic.report_synth:    if {![regexp {era$} [get_db flow_report_name]]} {
syn_generic.report_synth:      set_db flow_report_name [expr {[string is space [get_db flow_report_name]] ? "era" : "[get_db flow_report_name].era"}]
syn_generic.report_synth:    }
syn_generic.report_synth:  } elseif {[is_flow -quiet -inside flow:ir_grid] || [is_flow -quiet -inside flow:ir_static] || [is_flow -quiet -inside flow:ir_dynamic] || [is_flow -quiet -inside flow:ir_rampup]} {
syn_generic.report_synth:    if {![regexp {ir$} [get_db flow_report_name]]} {
syn_generic.report_synth:      set_db flow_report_name [expr {[string is space [get_db flow_report_name]] ? "ir" : "[get_db flow_report_name].ir"}]
syn_generic.report_synth:    }
syn_generic.report_synth:  } elseif {[is_flow -quiet -inside flow:sta_subflows] && [get_db flow_branch] ne {}} {
syn_generic.report_synth:    set_db flow_report_name [get_db flow_branch]
syn_generic.report_synth:  } elseif {[regexp {block_start|hier_start|eco_start} [get_db flow_step_current]]} {
syn_generic.report_synth:    set_db flow_report_name [get_db [lindex [get_db flow_hier_path] end] .name]
syn_generic.report_synth:  } else {
syn_generic.report_synth:  }
syn_generic.report_synth:
syn_generic.report_synth:  #- Create report dir (if necessary)
syn_generic.report_synth:  file mkdir [file normalize [file join [get_db flow_report_directory] [get_db flow_report_name]]]
syn_generic.report_synth:
syn_generic.report_synth:  Setting attribute of root '/': 'flow_top' = flow:block
syn_generic.report_synth:  Setting attribute of root '/': 'flow_top' = flow_current
syn_generic.report_synth:Sourcing flow scripts done.
syn_generic.report_synth:Begin steps for plugin point Cadence.plugin.flowkit.read_db.pre
syn_generic.report_synth:#@ Begin verbose flow_step activate_views
syn_generic.report_synth:@flow_step(activate_views)  2:   apply {{} {
syn_generic.report_synth:                                   set db [get_db flow_starting_db]
syn_generic.report_synth:                                   set flow [lindex [get_db flow_hier_path] end]
syn_generic.report_synth:                                   set setup_views [get_feature -obj $flow setup_views]
syn_generic.report_synth:                                   set hold_views [get_feature -obj $flow hold_views]
syn_generic.report_synth:                                   set leakage_view [get_feature -obj $flow leakage_view]
syn_generic.report_synth:                                   set dynamic_view [get_feature -obj $flow dynamic_view]
syn_generic.report_synth:                                 
syn_generic.report_synth:                                   if {($setup_views ne "") || ($hold_views ne "") || ($leakage_view ne "") || ($dynamic_view ne "")} {
syn_generic.report_synth:                                     #- use read_db args for DB types and set_analysis_views for TCL
syn_generic.report_synth:                                     if {([llength [get_db analysis_views]]) > 0 &&  ([lindex $db 0] eq {tcl} || [lindex $db 0] in {enc cdb} && [file isfile [lindex $db 1]])} {
syn_generic.report_synth:                                       set cmd "set_analysis_view"
syn_generic.report_synth:                                       if {$setup_views ne ""} {
syn_generic.report_synth:                                         append cmd " -setup [list $setup_views]"
syn_generic.report_synth:                                       } else {
syn_generic.report_synth:                                         append cmd " -setup [list [get_db [get_db analysis_views -if .is_setup] .name]]"
syn_generic.report_synth:                                       }
syn_generic.report_synth:                                       if {$hold_views ne ""} {
syn_generic.report_synth:                                         append cmd " -hold [list $hold_views]"
syn_generic.report_synth:                                       } else {
syn_generic.report_synth:                                         append cmd " -hold [list [get_db [get_db analysis_views -if .is_hold] .name]]"
syn_generic.report_synth:                                       }
syn_generic.report_synth:                                       if {$leakage_view ne ""} {
syn_generic.report_synth:                                         append cmd " -leakage [list $leakage_view]"
syn_generic.report_synth:                                       } else {
syn_generic.report_synth:                                         if {[llength [get_db analysis_views -if .is_leakage]] > 0} {
syn_generic.report_synth:                                           append cmd " -leakage [list [get_db [get_db analysis_views -if .is_leakage] .name]]"
syn_generic.report_synth:                                         }
syn_generic.report_synth:                                       }
syn_generic.report_synth:                                       if {$dynamic_view ne ""} {
syn_generic.report_synth:                                         append cmd " -dynamic [list $dynamic_view]"
syn_generic.report_synth:                                       } else {
syn_generic.report_synth:                                         if {[llength [get_db analysis_views -if .is_dynamic]] > 0} {
syn_generic.report_synth:                                           append cmd " -dynamic [list [get_db [get_db analysis_views -if .is_dynamic] .name]]"
syn_generic.report_synth:                                         }
syn_generic.report_synth:                                       }
syn_generic.report_synth:                                       eval $cmd
syn_generic.report_synth:                                     } elseif {[llength [get_db analysis_views]] == 0} {
syn_generic.report_synth:                                       set cmd "set_flowkit_read_db_args"
syn_generic.report_synth:                                       if {$setup_views ne ""} {
syn_generic.report_synth:                                         append cmd " -setup_views [list $setup_views]"
syn_generic.report_synth:                                       }
syn_generic.report_synth:                                       if {$hold_views ne ""} {
syn_generic.report_synth:                                         append cmd " -hold_views [list $hold_views]"
syn_generic.report_synth:                                       }
syn_generic.report_synth:                                       if {$leakage_view ne ""} {
syn_generic.report_synth:                                         append cmd " -leakage_view [list $leakage_view]"
syn_generic.report_synth:                                       }
syn_generic.report_synth:                                       if {$dynamic_view ne ""} {
syn_generic.report_synth:                                         append cmd " -dynamic_view [list $dynamic_view]"
syn_generic.report_synth:                                       }
syn_generic.report_synth:                                       eval $cmd
syn_generic.report_synth:                                     } else {
syn_generic.report_synth:                                     }
syn_generic.report_synth:                                   }
syn_generic.report_synth:                                 }}
syn_generic.report_synth:#@ End verbose flow_step activate_views
syn_generic.report_synth:#@ Begin verbose flow_step init_mcpu
syn_generic.report_synth:@flow_step(init_mcpu)  2:   apply {{} {
syn_generic.report_synth:                              # Multi host/cpu attributes
syn_generic.report_synth:                              #-----------------------------------------------------------------------------
syn_generic.report_synth:                              # The FLOWTOOL_NUM_CPUS is an environment variable which should be exported by
syn_generic.report_synth:                              # the specified dist script.  This connects the number of CPUs being reserved
syn_generic.report_synth:                              # for batch jobs with the current flow scripts.  The LSB_MAX_NUM_PROCESSORS is
syn_generic.report_synth:                              # a typical environment variable exported by distribution platforms and is
syn_generic.report_synth:                              # useful for ensuring all interactive jobs are using the reserved amount of CPUs.
syn_generic.report_synth:                              if {[info exists ::env(FLOWTOOL_NUM_CPUS)]} {
syn_generic.report_synth:                                set max_cpus $::env(FLOWTOOL_NUM_CPUS)
syn_generic.report_synth:                              } elseif {[info exists ::env(LSB_MAX_NUM_PROCESSORS)]} {
syn_generic.report_synth:                                set max_cpus $::env(LSB_MAX_NUM_PROCESSORS)
syn_generic.report_synth:                              } else {
syn_generic.report_synth:                                set max_cpus 1
syn_generic.report_synth:                              }
syn_generic.report_synth:                              switch -glob [get_db program_short_name] {
syn_generic.report_synth:                                default       {}
syn_generic.report_synth:                                joules*       -
syn_generic.report_synth:                                genus*        -
syn_generic.report_synth:                                innovus*      -
syn_generic.report_synth:                                tempus*       -
syn_generic.report_synth:                                voltus*       { set_multi_cpu_usage -verbose -local_cpu $max_cpus }
syn_generic.report_synth:                              }
syn_generic.report_synth:                          if {[get_feature opt_signoff]} {
syn_generic.report_synth:                                if {[is_flow -inside flow:opt_signoff]} {
syn_generic.report_synth:                                  set_multi_cpu_usage -verbose -remote_host 1
syn_generic.report_synth:                                  set_multi_cpu_usage -verbose -cpu_per_remote_host 16
syn_generic.report_synth:                                  set_distributed_hosts -local
syn_generic.report_synth:                                }
syn_generic.report_synth:                          }
syn_generic.report_synth:                            }}
syn_generic.report_synth:set_multi_cpu_usage -local_cpu 1
syn_generic.report_synth:#@ End verbose flow_step init_mcpu
syn_generic.report_synth:End steps for plugin point Cadence.plugin.flowkit.read_db.pre
syn_generic.report_synth:Reading database file '/nethome/dkhalil8/InnovateECE/PhysicalDesign/design/dbs/syn_generic.db'.
syn_map:  Setting attribute of root '/': 'flow_template_type' = stylus
syn_map:  Setting attribute of root '/': 'flow_template_version' = 1
syn_map:  Setting attribute of root '/': 'flow_template_tools' = genus innovus tempus quantus voltus
syn_map:  Setting attribute of root '/': 'flow_template_feature_definition' = flow_express 0 report_inline {} report_defer 0 report_none 0 report_clp 0 report_lec {} use_common_db 0 report_pba {} dft_simple 0 dft_compressor 0 synth_hybrid 0 synth_ispatial 0 synth_placev2 0 opt_early_cts 0 clock_design 0 clock_flexible_htree 0 opt_clock 0 opt_postcts_hold_disable 0 opt_postcts_split 0 route_filler_disable 0 route_track_opt 0 route_secondary_nets 0 opt_postroute_split 0 opt_route 0 opt_signoff {} opt_em 0 opt_eco 0 sta_use_setup_yaml 0 sta_dmmmc 0 sta_glitch 0 sta_eco 0 report_early_static_ir 0 report_early_dynamic_ir 0 report_grid_resistance 0 report_static_ir {} report_dynamic_ir {} report_rampup 0 report_signal_em 0 report_power_em 0 report_power_parallel 0 ff_setup 0
syn_map:  Setting attribute of root '/': 'flowtool_metrics_qor_vivid' = reports/qor.html
syn_generic.report_synth:
syn_generic.report_synth:  Message Summary for Library both libraries:
syn_generic.report_synth:  *******************************************
syn_generic.report_synth:  Missing library level attribute. [LBR-516]: 1
syn_generic.report_synth:  An unsupported construct was detected in this library. [LBR-40]: 2
syn_generic.report_synth:  *******************************************
syn_generic.report_synth: 
syn_generic.report_synth:Info    : Created nominal operating condition. [LBR-412]
syn_generic.report_synth:        : Operating condition '_nominal_' was created for the PVT values (1.000000, 1.800000, 25.000000) in library 'sky130_tt_1.8_25_nldm.lib'.
syn_generic.report_synth:        : The nominal operating condition is represented, either by the nominal PVT values specified in the library source (via nom_process,nom_voltage and nom_temperature respectively), or by the default PVT values (1.0,1.0,1.0).
syn_generic.report_synth:Info    : Created nominal operating condition. [LBR-412]
syn_generic.report_synth:        : Operating condition '_nominal_' was created for the PVT values (1.000000, 1.800000, 25.000000) in library 'sky130_sram_2kbyte_1rw1r_32x512_8_TT_1p8V_25C.lib'.
syn_generic.report_synth:Warning : Unusable clock gating integrated cell found at the time of loading libraries. This warning happens because a particular library cell is defined as 'clock_gating_integrated_cell', but 'dont_use' attribute is defined as true in the liberty library. To make Genus use this cell for clock gating insertion, 'dont_use' attribute should be set to false. [LBR-101]
syn_generic.report_synth:        : Clock gating integrated cell name: 'ICGX1'
syn_generic.report_synth:        : To make the cell usable, change the value of 'dont_use' attribute to false.
syn_generic.report_synth:Info    : Set default library domain. [LBR-109]
syn_generic.report_synth:        : The default library domain is 'library_domain:tt_v1.8_25C'.
syn_generic.report_synth:##  Process: 130            (User Set)
syn_generic.report_synth:##     Node: (not set)
syn_generic.report_synth:##  Check design process and node:
syn_generic.report_synth:##  Design tech node is not set.
syn_generic.report_synth:
syn_generic.report_synth:  According to lef_library, there are total 5 routing layers [ V(2) / H(3) ]
syn_generic.report_synth:
syn_generic.report_synth:Warning : The variant range of wire parameters is too large. An example of wire parameters are, a WIDTH for layer, PITCH for layer, MINSPACING for layers, etc. [PHYS-12]
syn_generic.report_synth:        : The variant range (0.14, 1.6) of 'WIDTH' for layers 'met1' and 'met5' is too large.
syn_generic.report_synth:        : Check the consistency of the parameters, and see if you can ignore this message or you're using different LEF file with wrong parameters.
syn_generic.report_synth:Warning : The variant range of wire parameters is too large. An example of wire parameters are, a WIDTH for layer, PITCH for layer, MINSPACING for layers, etc. [PHYS-12]
syn_generic.report_synth:        : The variant range (0.14, 1.6) of 'MINSPACING' for layers 'met2' and 'met5' is too large.
syn_generic.report_synth:Warning : Physical cell not defined in library. [PHYS-279]
syn_generic.report_synth:        : The physical (LEF) cell FILL1 cannot be found in library.
syn_generic.report_synth:        : Ensure that the proper library files are available and have been imported.
syn_generic.report_synth:Warning : Physical cell not defined in library. [PHYS-279]
syn_generic.report_synth:        : The physical (LEF) cell FILL2 cannot be found in library.
syn_generic.report_synth:Warning : Physical cell not defined in library. [PHYS-279]
syn_generic.report_synth:        : The physical (LEF) cell FILL4 cannot be found in library.
syn_generic.report_synth:Warning : Physical cell not defined in library. [PHYS-279]
syn_generic.report_synth:        : The physical (LEF) cell FILL8 cannot be found in library.
syn_generic.report_synth:Warning : Physical cell not defined in library. [PHYS-279]
syn_generic.report_synth:        : The physical (LEF) cell FILL16 cannot be found in library.
syn_generic.report_synth:Warning : Physical cell not defined in library. [PHYS-279]
syn_generic.report_synth:        : The physical (LEF) cell FILL32 cannot be found in library.
syn_generic.report_synth:Warning : Physical cell not defined in library. [PHYS-279]
syn_generic.report_synth:        : The physical (LEF) cell FILL64 cannot be found in library.
syn_generic.report_synth:Warning : Physical cell not defined in library. [PHYS-279]
syn_generic.report_synth:        : The physical (LEF) cell ANTENNA cannot be found in library.
syn_generic.report_synth:This attribute has no effect on the tool operation.
syn_generic.report_synth:This attribute has no effect on the tool operation.
syn_generic.report_synth:
syn_generic.report_synth:  According to qrc_tech_file, there are total 5 routing layers [ V(2) / H(3) ]
syn_generic.report_synth:
syn_generic.report_synth:
syn_generic.report_synth:  According to qrc_tech_file, there are total 5 routing layers [ V(2) / H(3) ]
syn_generic.report_synth:
syn_generic.report_synth:Warning : Total power has skewed contributions from leakage and dynamic power. [POPT-502]
syn_generic.report_synth:        : With 'opt_leakage_to_dynamic_ratio' set to 0.5, the total power of 'NAND2X1' is being computed as:
syn_generic.report_synth:	  Total Power = (Leakage Power * 0.5) + (Dynamic Power * (1 - 0.5))
syn_generic.report_synth:	  Leakage Power:     0.1139330000 nW
syn_generic.report_synth:	  Dynamic Power:  4821.5147780000 nW
syn_generic.report_synth:	  Total Power:    2410.8143555000 nW
syn_generic.report_synth:	  Leakage Power is contributing 0.00236% to the Total Power.
syn_generic.report_synth:        : Dynamic power is typically calculated/specified for some 'active period'. For combination of leakage and dynamic power opt_leakage_to_dynamic_ratio must specify the percentage of overall time for which the design is not in the 'active period' but in 'idle mode', i.e. no dynamic power but only leakage power is consumed. For a reasonable optimization across dynamic and leakage power, leakage contribution is expected to be above 5% and below 95%. A contribution of less than 5% will result in limited leakage optimization and contribution of more than 95% will result in limited dynamic optimization. Adjust 'opt_leakage_to_dynamic_ratio' so that leakage contribution comes to an intermediate value if you intend both optimizations to occur.
syn_generic.report_synth:UM:   flow.cputime  flow.realtime  timing.setup.tns  timing.setup.wns  snapshot
syn_generic.report_synth:UM:*                                                                   read_db
syn_map:  Setting attribute of root '/': 'flow_header_tcl' = 
syn_map:  #- extend flow report name based on context
syn_map:  if {[is_flow -quiet -inside flow:sta] || [is_flow -quiet -inside flow:sta_dmmmc] || [is_flow -quiet -inside flow:sta_eco]} {
syn_map:    if {![regexp {sta$} [get_db flow_report_name]]} {
syn_map:      set_db flow_report_name [expr {[string is space [get_db flow_report_name]] ? "sta" : "[get_db flow_report_name].sta"}]
syn_map:    }
syn_map:  } elseif {[is_flow -quiet -inside flow:ir_early_static] || [is_flow -quiet -inside flow:ir_early_dynamic]} {
syn_map:    if {![regexp {era$} [get_db flow_report_name]]} {
syn_map:      set_db flow_report_name [expr {[string is space [get_db flow_report_name]] ? "era" : "[get_db flow_report_name].era"}]
syn_map:    }
syn_map:  } elseif {[is_flow -quiet -inside flow:ir_grid] || [is_flow -quiet -inside flow:ir_static] || [is_flow -quiet -inside flow:ir_dynamic] || [is_flow -quiet -inside flow:ir_rampup]} {
syn_map:    if {![regexp {ir$} [get_db flow_report_name]]} {
syn_map:      set_db flow_report_name [expr {[string is space [get_db flow_report_name]] ? "ir" : "[get_db flow_report_name].ir"}]
syn_map:    }
syn_map:  } elseif {[is_flow -quiet -inside flow:sta_subflows] && [get_db flow_branch] ne {}} {
syn_map:    set_db flow_report_name [get_db flow_branch]
syn_map:  } elseif {[regexp {block_start|hier_start|eco_start} [get_db flow_step_current]]} {
syn_map:    set_db flow_report_name [get_db [lindex [get_db flow_hier_path] end] .name]
syn_map:  } else {
syn_map:  }
syn_map:
syn_map:  #- Create report dir (if necessary)
syn_map:  file mkdir [file normalize [file join [get_db flow_report_directory] [get_db flow_report_name]]]
syn_map:
syn_map:  Setting attribute of root '/': 'flow_top' = flow:block
syn_generic.report_synth:Sourcing flow scripts...
syn_map:  Setting attribute of root '/': 'flow_top' = flow_current
syn_map:Sourcing flow scripts done.
syn_map:Begin steps for plugin point Cadence.plugin.flowkit.read_db.pre
syn_map:#@ Begin verbose flow_step activate_views
syn_map:@flow_step(activate_views)  2:   apply {{} {
syn_map:                                   set db [get_db flow_starting_db]
syn_map:                                   set flow [lindex [get_db flow_hier_path] end]
syn_map:                                   set setup_views [get_feature -obj $flow setup_views]
syn_map:                                   set hold_views [get_feature -obj $flow hold_views]
syn_map:                                   set leakage_view [get_feature -obj $flow leakage_view]
syn_map:                                   set dynamic_view [get_feature -obj $flow dynamic_view]
syn_map:                                 
syn_map:                                   if {($setup_views ne "") || ($hold_views ne "") || ($leakage_view ne "") || ($dynamic_view ne "")} {
syn_map:                                     #- use read_db args for DB types and set_analysis_views for TCL
syn_map:                                     if {([llength [get_db analysis_views]]) > 0 &&  ([lindex $db 0] eq {tcl} || [lindex $db 0] in {enc cdb} && [file isfile [lindex $db 1]])} {
syn_map:                                       set cmd "set_analysis_view"
syn_map:                                       if {$setup_views ne ""} {
syn_map:                                         append cmd " -setup [list $setup_views]"
syn_map:                                       } else {
syn_map:                                         append cmd " -setup [list [get_db [get_db analysis_views -if .is_setup] .name]]"
syn_map:                                       }
syn_map:                                       if {$hold_views ne ""} {
syn_map:                                         append cmd " -hold [list $hold_views]"
syn_map:                                       } else {
syn_map:                                         append cmd " -hold [list [get_db [get_db analysis_views -if .is_hold] .name]]"
syn_map:                                       }
syn_map:                                       if {$leakage_view ne ""} {
syn_map:                                         append cmd " -leakage [list $leakage_view]"
syn_map:                                       } else {
syn_map:                                         if {[llength [get_db analysis_views -if .is_leakage]] > 0} {
syn_map:                                           append cmd " -leakage [list [get_db [get_db analysis_views -if .is_leakage] .name]]"
syn_map:                                         }
syn_map:                                       }
syn_map:                                       if {$dynamic_view ne ""} {
syn_map:                                         append cmd " -dynamic [list $dynamic_view]"
syn_map:                                       } else {
syn_map:                                         if {[llength [get_db analysis_views -if .is_dynamic]] > 0} {
syn_map:                                           append cmd " -dynamic [list [get_db [get_db analysis_views -if .is_dynamic] .name]]"
syn_map:                                         }
syn_map:                                       }
syn_map:                                       eval $cmd
syn_map:                                     } elseif {[llength [get_db analysis_views]] == 0} {
syn_map:                                       set cmd "set_flowkit_read_db_args"
syn_map:                                       if {$setup_views ne ""} {
syn_map:                                         append cmd " -setup_views [list $setup_views]"
syn_map:                                       }
syn_map:                                       if {$hold_views ne ""} {
syn_map:                                         append cmd " -hold_views [list $hold_views]"
syn_map:                                       }
syn_map:                                       if {$leakage_view ne ""} {
syn_map:                                         append cmd " -leakage_view [list $leakage_view]"
syn_map:                                       }
syn_map:                                       if {$dynamic_view ne ""} {
syn_map:                                         append cmd " -dynamic_view [list $dynamic_view]"
syn_map:                                       }
syn_map:                                       eval $cmd
syn_map:                                     } else {
syn_map:                                     }
syn_map:                                   }
syn_map:                                 }}
syn_generic.report_synth:  Setting attribute of root '/': 'flow_template_type' = stylus
syn_map:#@ End verbose flow_step activate_views
syn_generic.report_synth:  Setting attribute of root '/': 'flow_template_version' = 1
syn_generic.report_synth:  Setting attribute of root '/': 'flow_template_tools' = genus innovus tempus quantus voltus
syn_generic.report_synth:  Setting attribute of root '/': 'flow_template_feature_definition' = flow_express 0 report_inline {} report_defer 0 report_none 0 report_clp 0 report_lec {} use_common_db 0 report_pba {} dft_simple 0 dft_compressor 0 synth_hybrid 0 synth_ispatial 0 synth_placev2 0 opt_early_cts 0 clock_design 0 clock_flexible_htree 0 opt_clock 0 opt_postcts_hold_disable 0 opt_postcts_split 0 route_filler_disable 0 route_track_opt 0 route_secondary_nets 0 opt_postroute_split 0 opt_route 0 opt_signoff {} opt_em 0 opt_eco 0 sta_use_setup_yaml 0 sta_dmmmc 0 sta_glitch 0 sta_eco 0 report_early_static_ir 0 report_early_dynamic_ir 0 report_grid_resistance 0 report_static_ir {} report_dynamic_ir {} report_rampup 0 report_signal_em 0 report_power_em 0 report_power_parallel 0 ff_setup 0
syn_generic.report_synth:  Setting attribute of root '/': 'flowtool_metrics_qor_vivid' = reports/qor.html
syn_map:#@ Begin verbose flow_step init_mcpu
syn_map:@flow_step(init_mcpu)  2:   apply {{} {
syn_map:                              # Multi host/cpu attributes
syn_map:                              #-----------------------------------------------------------------------------
syn_map:                              # The FLOWTOOL_NUM_CPUS is an environment variable which should be exported by
syn_map:                              # the specified dist script.  This connects the number of CPUs being reserved
syn_map:                              # for batch jobs with the current flow scripts.  The LSB_MAX_NUM_PROCESSORS is
syn_map:                              # a typical environment variable exported by distribution platforms and is
syn_map:                              # useful for ensuring all interactive jobs are using the reserved amount of CPUs.
syn_map:                              if {[info exists ::env(FLOWTOOL_NUM_CPUS)]} {
syn_map:                                set max_cpus $::env(FLOWTOOL_NUM_CPUS)
syn_map:                              } elseif {[info exists ::env(LSB_MAX_NUM_PROCESSORS)]} {
syn_map:                                set max_cpus $::env(LSB_MAX_NUM_PROCESSORS)
syn_map:                              } else {
syn_map:                                set max_cpus 1
syn_map:                              }
syn_map:                              switch -glob [get_db program_short_name] {
syn_map:                                default       {}
syn_map:                                joules*       -
syn_map:                                genus*        -
syn_map:                                innovus*      -
syn_map:                                tempus*       -
syn_map:                                voltus*       { set_multi_cpu_usage -verbose -local_cpu $max_cpus }
syn_map:                              }
syn_map:                          if {[get_feature opt_signoff]} {
syn_map:                                if {[is_flow -inside flow:opt_signoff]} {
syn_map:                                  set_multi_cpu_usage -verbose -remote_host 1
syn_map:                                  set_multi_cpu_usage -verbose -cpu_per_remote_host 16
syn_map:                                  set_distributed_hosts -local
syn_map:                                }
syn_map:                          }
syn_map:                            }}
syn_map:set_multi_cpu_usage -local_cpu 1
syn_map:#@ End verbose flow_step init_mcpu
syn_map:End steps for plugin point Cadence.plugin.flowkit.read_db.pre
syn_map:Reading database file '/nethome/dkhalil8/InnovateECE/PhysicalDesign/design/dbs/syn_generic.db'.
syn_map:
syn_map:  Message Summary for Library both libraries:
syn_map:  *******************************************
syn_map:  Missing library level attribute. [LBR-516]: 1
syn_map:  An unsupported construct was detected in this library. [LBR-40]: 2
syn_map:  *******************************************
syn_map: 
syn_map:Info    : Created nominal operating condition. [LBR-412]
syn_map:        : Operating condition '_nominal_' was created for the PVT values (1.000000, 1.800000, 25.000000) in library 'sky130_tt_1.8_25_nldm.lib'.
syn_map:        : The nominal operating condition is represented, either by the nominal PVT values specified in the library source (via nom_process,nom_voltage and nom_temperature respectively), or by the default PVT values (1.0,1.0,1.0).
syn_map:Info    : Created nominal operating condition. [LBR-412]
syn_map:        : Operating condition '_nominal_' was created for the PVT values (1.000000, 1.800000, 25.000000) in library 'sky130_sram_2kbyte_1rw1r_32x512_8_TT_1p8V_25C.lib'.
syn_map:Warning : Unusable clock gating integrated cell found at the time of loading libraries. This warning happens because a particular library cell is defined as 'clock_gating_integrated_cell', but 'dont_use' attribute is defined as true in the liberty library. To make Genus use this cell for clock gating insertion, 'dont_use' attribute should be set to false. [LBR-101]
syn_map:        : Clock gating integrated cell name: 'ICGX1'
syn_map:        : To make the cell usable, change the value of 'dont_use' attribute to false.
syn_map:Info    : Set default library domain. [LBR-109]
syn_map:        : The default library domain is 'library_domain:tt_v1.8_25C'.
syn_map:##  Process: 130            (User Set)
syn_map:##     Node: (not set)
syn_map:##  Check design process and node:
syn_map:##  Design tech node is not set.
syn_map:
syn_map:  According to lef_library, there are total 5 routing layers [ V(2) / H(3) ]
syn_map:
syn_map:Warning : The variant range of wire parameters is too large. An example of wire parameters are, a WIDTH for layer, PITCH for layer, MINSPACING for layers, etc. [PHYS-12]
syn_map:        : The variant range (0.14, 1.6) of 'WIDTH' for layers 'met1' and 'met5' is too large.
syn_map:        : Check the consistency of the parameters, and see if you can ignore this message or you're using different LEF file with wrong parameters.
syn_map:Warning : The variant range of wire parameters is too large. An example of wire parameters are, a WIDTH for layer, PITCH for layer, MINSPACING for layers, etc. [PHYS-12]
syn_map:        : The variant range (0.14, 1.6) of 'MINSPACING' for layers 'met2' and 'met5' is too large.
syn_map:Warning : Physical cell not defined in library. [PHYS-279]
syn_map:        : The physical (LEF) cell FILL1 cannot be found in library.
syn_map:        : Ensure that the proper library files are available and have been imported.
syn_map:Warning : Physical cell not defined in library. [PHYS-279]
syn_map:        : The physical (LEF) cell FILL2 cannot be found in library.
syn_map:Warning : Physical cell not defined in library. [PHYS-279]
syn_map:        : The physical (LEF) cell FILL4 cannot be found in library.
syn_map:Warning : Physical cell not defined in library. [PHYS-279]
syn_map:        : The physical (LEF) cell FILL8 cannot be found in library.
syn_map:Warning : Physical cell not defined in library. [PHYS-279]
syn_map:        : The physical (LEF) cell FILL16 cannot be found in library.
syn_map:Warning : Physical cell not defined in library. [PHYS-279]
syn_map:        : The physical (LEF) cell FILL32 cannot be found in library.
syn_map:Warning : Physical cell not defined in library. [PHYS-279]
syn_map:        : The physical (LEF) cell FILL64 cannot be found in library.
syn_map:Warning : Physical cell not defined in library. [PHYS-279]
syn_map:        : The physical (LEF) cell ANTENNA cannot be found in library.
syn_map:This attribute has no effect on the tool operation.
syn_map:This attribute has no effect on the tool operation.
syn_generic.report_synth:  Setting attribute of root '/': 'flow_header_tcl' = 
syn_generic.report_synth:  #- extend flow report name based on context
syn_generic.report_synth:  if {[is_flow -quiet -inside flow:sta] || [is_flow -quiet -inside flow:sta_dmmmc] || [is_flow -quiet -inside flow:sta_eco]} {
syn_generic.report_synth:    if {![regexp {sta$} [get_db flow_report_name]]} {
syn_generic.report_synth:      set_db flow_report_name [expr {[string is space [get_db flow_report_name]] ? "sta" : "[get_db flow_report_name].sta"}]
syn_generic.report_synth:    }
syn_generic.report_synth:  } elseif {[is_flow -quiet -inside flow:ir_early_static] || [is_flow -quiet -inside flow:ir_early_dynamic]} {
syn_generic.report_synth:    if {![regexp {era$} [get_db flow_report_name]]} {
syn_generic.report_synth:      set_db flow_report_name [expr {[string is space [get_db flow_report_name]] ? "era" : "[get_db flow_report_name].era"}]
syn_generic.report_synth:    }
syn_generic.report_synth:  } elseif {[is_flow -quiet -inside flow:ir_grid] || [is_flow -quiet -inside flow:ir_static] || [is_flow -quiet -inside flow:ir_dynamic] || [is_flow -quiet -inside flow:ir_rampup]} {
syn_generic.report_synth:    if {![regexp {ir$} [get_db flow_report_name]]} {
syn_generic.report_synth:      set_db flow_report_name [expr {[string is space [get_db flow_report_name]] ? "ir" : "[get_db flow_report_name].ir"}]
syn_generic.report_synth:    }
syn_generic.report_synth:  } elseif {[is_flow -quiet -inside flow:sta_subflows] && [get_db flow_branch] ne {}} {
syn_generic.report_synth:    set_db flow_report_name [get_db flow_branch]
syn_generic.report_synth:  } elseif {[regexp {block_start|hier_start|eco_start} [get_db flow_step_current]]} {
syn_generic.report_synth:    set_db flow_report_name [get_db [lindex [get_db flow_hier_path] end] .name]
syn_generic.report_synth:  } else {
syn_generic.report_synth:  }
syn_generic.report_synth:
syn_generic.report_synth:  #- Create report dir (if necessary)
syn_generic.report_synth:  file mkdir [file normalize [file join [get_db flow_report_directory] [get_db flow_report_name]]]
syn_generic.report_synth:
syn_generic.report_synth:  Setting attribute of root '/': 'flow_top' = flow:block
syn_map:
syn_map:  According to qrc_tech_file, there are total 5 routing layers [ V(2) / H(3) ]
syn_map:
syn_map:
syn_map:  According to qrc_tech_file, there are total 5 routing layers [ V(2) / H(3) ]
syn_map:
syn_map:Warning : Total power has skewed contributions from leakage and dynamic power. [POPT-502]
syn_map:        : With 'opt_leakage_to_dynamic_ratio' set to 0.5, the total power of 'NAND2X1' is being computed as:
syn_map:	  Total Power = (Leakage Power * 0.5) + (Dynamic Power * (1 - 0.5))
syn_map:	  Leakage Power:     0.1139330000 nW
syn_map:	  Dynamic Power:  4821.5147780000 nW
syn_map:	  Total Power:    2410.8143555000 nW
syn_map:	  Leakage Power is contributing 0.00236% to the Total Power.
syn_map:        : Dynamic power is typically calculated/specified for some 'active period'. For combination of leakage and dynamic power opt_leakage_to_dynamic_ratio must specify the percentage of overall time for which the design is not in the 'active period' but in 'idle mode', i.e. no dynamic power but only leakage power is consumed. For a reasonable optimization across dynamic and leakage power, leakage contribution is expected to be above 5% and below 95%. A contribution of less than 5% will result in limited leakage optimization and contribution of more than 95% will result in limited dynamic optimization. Adjust 'opt_leakage_to_dynamic_ratio' so that leakage contribution comes to an intermediate value if you intend both optimizations to occur.
syn_generic.report_synth:  Setting attribute of root '/': 'flow_top' = flow_current
syn_map:UM:   flow.cputime  flow.realtime  timing.setup.tns  timing.setup.wns  snapshot
syn_map:UM:*                                                                   read_db
syn_generic.report_synth:Sourcing flow scripts done.
syn_map:Sourcing flow scripts...
syn_generic.report_synth:reading previous metrics...
syn_map:  Setting attribute of root '/': 'flow_template_type' = stylus
syn_map:  Setting attribute of root '/': 'flow_template_version' = 1
syn_map:  Setting attribute of root '/': 'flow_template_tools' = genus innovus tempus quantus voltus
syn_map:  Setting attribute of root '/': 'flow_template_feature_definition' = flow_express 0 report_inline {} report_defer 0 report_none 0 report_clp 0 report_lec {} use_common_db 0 report_pba {} dft_simple 0 dft_compressor 0 synth_hybrid 0 synth_ispatial 0 synth_placev2 0 opt_early_cts 0 clock_design 0 clock_flexible_htree 0 opt_clock 0 opt_postcts_hold_disable 0 opt_postcts_split 0 route_filler_disable 0 route_track_opt 0 route_secondary_nets 0 opt_postroute_split 0 opt_route 0 opt_signoff {} opt_em 0 opt_eco 0 sta_use_setup_yaml 0 sta_dmmmc 0 sta_glitch 0 sta_eco 0 report_early_static_ir 0 report_early_dynamic_ir 0 report_grid_resistance 0 report_static_ir {} report_dynamic_ir {} report_rampup 0 report_signal_em 0 report_power_em 0 report_power_parallel 0 ff_setup 0
syn_map:  Setting attribute of root '/': 'flowtool_metrics_qor_vivid' = reports/qor.html
syn_generic.report_synth:Begin steps for plugin point Cadence.plugin.flowkit.read_db.post
syn_generic.report_synth:#@ Begin verbose flow_step activate_views
syn_generic.report_synth:@flow_step(activate_views)  2:   apply {{} {
syn_generic.report_synth:                                   set db [get_db flow_starting_db]
syn_generic.report_synth:                                   set flow [lindex [get_db flow_hier_path] end]
syn_generic.report_synth:                                   set setup_views [get_feature -obj $flow setup_views]
syn_generic.report_synth:                                   set hold_views [get_feature -obj $flow hold_views]
syn_generic.report_synth:                                   set leakage_view [get_feature -obj $flow leakage_view]
syn_generic.report_synth:                                   set dynamic_view [get_feature -obj $flow dynamic_view]
syn_generic.report_synth:                                 
syn_generic.report_synth:                                   if {($setup_views ne "") || ($hold_views ne "") || ($leakage_view ne "") || ($dynamic_view ne "")} {
syn_generic.report_synth:                                     #- use read_db args for DB types and set_analysis_views for TCL
syn_generic.report_synth:                                     if {([llength [get_db analysis_views]]) > 0 &&  ([lindex $db 0] eq {tcl} || [lindex $db 0] in {enc cdb} && [file isfile [lindex $db 1]])} {
syn_generic.report_synth:                                       set cmd "set_analysis_view"
syn_generic.report_synth:                                       if {$setup_views ne ""} {
syn_generic.report_synth:                                         append cmd " -setup [list $setup_views]"
syn_generic.report_synth:                                       } else {
syn_generic.report_synth:                                         append cmd " -setup [list [get_db [get_db analysis_views -if .is_setup] .name]]"
syn_generic.report_synth:                                       }
syn_generic.report_synth:                                       if {$hold_views ne ""} {
syn_generic.report_synth:                                         append cmd " -hold [list $hold_views]"
syn_generic.report_synth:                                       } else {
syn_generic.report_synth:                                         append cmd " -hold [list [get_db [get_db analysis_views -if .is_hold] .name]]"
syn_generic.report_synth:                                       }
syn_generic.report_synth:                                       if {$leakage_view ne ""} {
syn_generic.report_synth:                                         append cmd " -leakage [list $leakage_view]"
syn_generic.report_synth:                                       } else {
syn_generic.report_synth:                                         if {[llength [get_db analysis_views -if .is_leakage]] > 0} {
syn_generic.report_synth:                                           append cmd " -leakage [list [get_db [get_db analysis_views -if .is_leakage] .name]]"
syn_generic.report_synth:                                         }
syn_generic.report_synth:                                       }
syn_generic.report_synth:                                       if {$dynamic_view ne ""} {
syn_generic.report_synth:                                         append cmd " -dynamic [list $dynamic_view]"
syn_generic.report_synth:                                       } else {
syn_generic.report_synth:                                         if {[llength [get_db analysis_views -if .is_dynamic]] > 0} {
syn_generic.report_synth:                                           append cmd " -dynamic [list [get_db [get_db analysis_views -if .is_dynamic] .name]]"
syn_generic.report_synth:                                         }
syn_generic.report_synth:                                       }
syn_generic.report_synth:                                       eval $cmd
syn_generic.report_synth:                                     } elseif {[llength [get_db analysis_views]] == 0} {
syn_generic.report_synth:                                       set cmd "set_flowkit_read_db_args"
syn_generic.report_synth:                                       if {$setup_views ne ""} {
syn_generic.report_synth:                                         append cmd " -setup_views [list $setup_views]"
syn_generic.report_synth:                                       }
syn_generic.report_synth:                                       if {$hold_views ne ""} {
syn_generic.report_synth:                                         append cmd " -hold_views [list $hold_views]"
syn_generic.report_synth:                                       }
syn_generic.report_synth:                                       if {$leakage_view ne ""} {
syn_generic.report_synth:                                         append cmd " -leakage_view [list $leakage_view]"
syn_generic.report_synth:                                       }
syn_generic.report_synth:                                       if {$dynamic_view ne ""} {
syn_generic.report_synth:                                         append cmd " -dynamic_view [list $dynamic_view]"
syn_generic.report_synth:                                       }
syn_generic.report_synth:                                       eval $cmd
syn_generic.report_synth:                                     } else {
syn_generic.report_synth:                                     }
syn_generic.report_synth:                                   }
syn_generic.report_synth:                                 }}
syn_generic.report_synth:#@ End verbose flow_step activate_views
syn_generic.report_synth:#@ Begin verbose flow_step init_mcpu
syn_generic.report_synth:@flow_step(init_mcpu)  2:   apply {{} {
syn_generic.report_synth:                              # Multi host/cpu attributes
syn_generic.report_synth:                              #-----------------------------------------------------------------------------
syn_generic.report_synth:                              # The FLOWTOOL_NUM_CPUS is an environment variable which should be exported by
syn_generic.report_synth:                              # the specified dist script.  This connects the number of CPUs being reserved
syn_generic.report_synth:                              # for batch jobs with the current flow scripts.  The LSB_MAX_NUM_PROCESSORS is
syn_generic.report_synth:                              # a typical environment variable exported by distribution platforms and is
syn_generic.report_synth:                              # useful for ensuring all interactive jobs are using the reserved amount of CPUs.
syn_generic.report_synth:                              if {[info exists ::env(FLOWTOOL_NUM_CPUS)]} {
syn_generic.report_synth:                                set max_cpus $::env(FLOWTOOL_NUM_CPUS)
syn_generic.report_synth:                              } elseif {[info exists ::env(LSB_MAX_NUM_PROCESSORS)]} {
syn_generic.report_synth:                                set max_cpus $::env(LSB_MAX_NUM_PROCESSORS)
syn_generic.report_synth:                              } else {
syn_generic.report_synth:                                set max_cpus 1
syn_generic.report_synth:                              }
syn_generic.report_synth:                              switch -glob [get_db program_short_name] {
syn_generic.report_synth:                                default       {}
syn_generic.report_synth:                                joules*       -
syn_generic.report_synth:                                genus*        -
syn_generic.report_synth:                                innovus*      -
syn_generic.report_synth:                                tempus*       -
syn_generic.report_synth:                                voltus*       { set_multi_cpu_usage -verbose -local_cpu $max_cpus }
syn_generic.report_synth:                              }
syn_generic.report_synth:                          if {[get_feature opt_signoff]} {
syn_generic.report_synth:                                if {[is_flow -inside flow:opt_signoff]} {
syn_generic.report_synth:                                  set_multi_cpu_usage -verbose -remote_host 1
syn_generic.report_synth:                                  set_multi_cpu_usage -verbose -cpu_per_remote_host 16
syn_generic.report_synth:                                  set_distributed_hosts -local
syn_generic.report_synth:                                }
syn_generic.report_synth:                          }
syn_generic.report_synth:                            }}
syn_generic.report_synth:set_multi_cpu_usage -local_cpu 1
syn_generic.report_synth:#@ End verbose flow_step init_mcpu
syn_generic.report_synth:End steps for plugin point Cadence.plugin.flowkit.read_db.post
syn_map:  Setting attribute of root '/': 'flow_header_tcl' = 
syn_map:  #- extend flow report name based on context
syn_map:  if {[is_flow -quiet -inside flow:sta] || [is_flow -quiet -inside flow:sta_dmmmc] || [is_flow -quiet -inside flow:sta_eco]} {
syn_map:    if {![regexp {sta$} [get_db flow_report_name]]} {
syn_map:      set_db flow_report_name [expr {[string is space [get_db flow_report_name]] ? "sta" : "[get_db flow_report_name].sta"}]
syn_map:    }
syn_map:  } elseif {[is_flow -quiet -inside flow:ir_early_static] || [is_flow -quiet -inside flow:ir_early_dynamic]} {
syn_map:    if {![regexp {era$} [get_db flow_report_name]]} {
syn_map:      set_db flow_report_name [expr {[string is space [get_db flow_report_name]] ? "era" : "[get_db flow_report_name].era"}]
syn_map:    }
syn_map:  } elseif {[is_flow -quiet -inside flow:ir_grid] || [is_flow -quiet -inside flow:ir_static] || [is_flow -quiet -inside flow:ir_dynamic] || [is_flow -quiet -inside flow:ir_rampup]} {
syn_map:    if {![regexp {ir$} [get_db flow_report_name]]} {
syn_map:      set_db flow_report_name [expr {[string is space [get_db flow_report_name]] ? "ir" : "[get_db flow_report_name].ir"}]
syn_map:    }
syn_map:  } elseif {[is_flow -quiet -inside flow:sta_subflows] && [get_db flow_branch] ne {}} {
syn_map:    set_db flow_report_name [get_db flow_branch]
syn_map:  } elseif {[regexp {block_start|hier_start|eco_start} [get_db flow_step_current]]} {
syn_map:    set_db flow_report_name [get_db [lindex [get_db flow_hier_path] end] .name]
syn_map:  } else {
syn_map:  }
syn_map:
syn_map:  #- Create report dir (if necessary)
syn_map:  file mkdir [file normalize [file join [get_db flow_report_directory] [get_db flow_report_name]]]
syn_map:
syn_map:  Setting attribute of root '/': 'flow_top' = flow:block
syn_generic.report_synth:      flow.cputime  flow.realtime  timing.setup.tns  timing.setup.wns  snapshot
syn_generic.report_synth:UM:*                                                                   init_flow
syn_generic.report_synth:      flow.cputime  flow.realtime  timing.setup.tns  timing.setup.wns  snapshot
syn_generic.report_synth:UM:*                                                                   report_synth
syn_map:  Setting attribute of root '/': 'flow_top' = flow_current
syn_map:Sourcing flow scripts done.
syn_map:reading previous metrics...
syn_generic.report_synth:#@ Begin verbose flow_step report_start
syn_generic.report_synth:#@ End verbose flow_step report_start
syn_generic.report_synth:      flow.cputime  flow.realtime  timing.setup.tns  timing.setup.wns  snapshot
syn_generic.report_synth:UM:             30             34                                      report_start
syn_map:Begin steps for plugin point Cadence.plugin.flowkit.read_db.post
syn_map:#@ Begin verbose flow_step activate_views
syn_map:@flow_step(activate_views)  2:   apply {{} {
syn_map:                                   set db [get_db flow_starting_db]
syn_map:                                   set flow [lindex [get_db flow_hier_path] end]
syn_map:                                   set setup_views [get_feature -obj $flow setup_views]
syn_map:                                   set hold_views [get_feature -obj $flow hold_views]
syn_map:                                   set leakage_view [get_feature -obj $flow leakage_view]
syn_map:                                   set dynamic_view [get_feature -obj $flow dynamic_view]
syn_map:                                 
syn_map:                                   if {($setup_views ne "") || ($hold_views ne "") || ($leakage_view ne "") || ($dynamic_view ne "")} {
syn_map:                                     #- use read_db args for DB types and set_analysis_views for TCL
syn_map:                                     if {([llength [get_db analysis_views]]) > 0 &&  ([lindex $db 0] eq {tcl} || [lindex $db 0] in {enc cdb} && [file isfile [lindex $db 1]])} {
syn_map:                                       set cmd "set_analysis_view"
syn_map:                                       if {$setup_views ne ""} {
syn_map:                                         append cmd " -setup [list $setup_views]"
syn_map:                                       } else {
syn_map:                                         append cmd " -setup [list [get_db [get_db analysis_views -if .is_setup] .name]]"
syn_map:                                       }
syn_map:                                       if {$hold_views ne ""} {
syn_map:                                         append cmd " -hold [list $hold_views]"
syn_map:                                       } else {
syn_map:                                         append cmd " -hold [list [get_db [get_db analysis_views -if .is_hold] .name]]"
syn_map:                                       }
syn_map:                                       if {$leakage_view ne ""} {
syn_map:                                         append cmd " -leakage [list $leakage_view]"
syn_map:                                       } else {
syn_map:                                         if {[llength [get_db analysis_views -if .is_leakage]] > 0} {
syn_map:                                           append cmd " -leakage [list [get_db [get_db analysis_views -if .is_leakage] .name]]"
syn_map:                                         }
syn_map:                                       }
syn_map:                                       if {$dynamic_view ne ""} {
syn_map:                                         append cmd " -dynamic [list $dynamic_view]"
syn_map:                                       } else {
syn_map:                                         if {[llength [get_db analysis_views -if .is_dynamic]] > 0} {
syn_map:                                           append cmd " -dynamic [list [get_db [get_db analysis_views -if .is_dynamic] .name]]"
syn_map:                                         }
syn_map:                                       }
syn_map:                                       eval $cmd
syn_map:                                     } elseif {[llength [get_db analysis_views]] == 0} {
syn_map:                                       set cmd "set_flowkit_read_db_args"
syn_map:                                       if {$setup_views ne ""} {
syn_map:                                         append cmd " -setup_views [list $setup_views]"
syn_map:                                       }
syn_map:                                       if {$hold_views ne ""} {
syn_map:                                         append cmd " -hold_views [list $hold_views]"
syn_map:                                       }
syn_map:                                       if {$leakage_view ne ""} {
syn_map:                                         append cmd " -leakage_view [list $leakage_view]"
syn_map:                                       }
syn_map:                                       if {$dynamic_view ne ""} {
syn_map:                                         append cmd " -dynamic_view [list $dynamic_view]"
syn_map:                                       }
syn_map:                                       eval $cmd
syn_map:                                     } else {
syn_map:                                     }
syn_map:                                   }
syn_map:                                 }}
syn_map:#@ End verbose flow_step activate_views
syn_map:#@ Begin verbose flow_step init_mcpu
syn_map:@flow_step(init_mcpu)  2:   apply {{} {
syn_map:                              # Multi host/cpu attributes
syn_map:                              #-----------------------------------------------------------------------------
syn_map:                              # The FLOWTOOL_NUM_CPUS is an environment variable which should be exported by
syn_map:                              # the specified dist script.  This connects the number of CPUs being reserved
syn_map:                              # for batch jobs with the current flow scripts.  The LSB_MAX_NUM_PROCESSORS is
syn_map:                              # a typical environment variable exported by distribution platforms and is
syn_map:                              # useful for ensuring all interactive jobs are using the reserved amount of CPUs.
syn_map:                              if {[info exists ::env(FLOWTOOL_NUM_CPUS)]} {
syn_map:                                set max_cpus $::env(FLOWTOOL_NUM_CPUS)
syn_map:                              } elseif {[info exists ::env(LSB_MAX_NUM_PROCESSORS)]} {
syn_map:                                set max_cpus $::env(LSB_MAX_NUM_PROCESSORS)
syn_map:                              } else {
syn_map:                                set max_cpus 1
syn_map:                              }
syn_map:                              switch -glob [get_db program_short_name] {
syn_map:                                default       {}
syn_map:                                joules*       -
syn_map:                                genus*        -
syn_map:                                innovus*      -
syn_map:                                tempus*       -
syn_map:                                voltus*       { set_multi_cpu_usage -verbose -local_cpu $max_cpus }
syn_map:                              }
syn_map:                          if {[get_feature opt_signoff]} {
syn_map:                                if {[is_flow -inside flow:opt_signoff]} {
syn_map:                                  set_multi_cpu_usage -verbose -remote_host 1
syn_map:                                  set_multi_cpu_usage -verbose -cpu_per_remote_host 16
syn_map:                                  set_distributed_hosts -local
syn_map:                                }
syn_map:                          }
syn_map:                            }}
syn_map:set_multi_cpu_usage -local_cpu 1
syn_map:#@ End verbose flow_step init_mcpu
syn_map:End steps for plugin point Cadence.plugin.flowkit.read_db.post
syn_map:      flow.cputime  flow.realtime  timing.setup.tns  timing.setup.wns  snapshot
syn_map:UM:*                                                                   init_flow
syn_map:      flow.cputime  flow.realtime  timing.setup.tns  timing.setup.wns  snapshot
syn_map:UM:*                                                                   syn_map
syn_map:  Setting attribute of root '/': 'flow_report_name' = syn_map
syn_map:#@ Begin verbose flow_step synthesis.syn_map.block_start
syn_map:@flow_step(block_start)  2:   set_db flow_write_db_common false
syn_map:  Setting attribute of root '/': 'flow_write_db_common' = false
syn_map:@flow_step(block_start)  3:   # When starting from a Genus synthesis flat DB (rc format), load the
syn_map:@flow_step(block_start)  4:   # physical library and call init_design to fully initialize Innovus.
syn_map:@flow_step(block_start)  5:   # For subsequent blocks (prects, cts, route) that start from Innovus native
syn_map:@flow_step(block_start)  6:   # DBs, this block is skipped automatically because the key 'rc' won't exist.
syn_map:@flow_step(block_start)  7:   if {[dict exists [get_db flow_starting_db] rc]} {
syn_map:                                set_db init_ground_nets [get_flow_config init_ground_nets]
syn_map:                                set_db init_power_nets  [get_flow_config init_power_nets]
syn_map:                                read_physical -lef [get_flow_config init_physical_files lef_files]
syn_map:                                init_design
syn_map:                              }
syn_map:This attribute has no effect on the tool operation.
syn_map:  Setting attribute of root '/': 'init_ground_nets' = VSS
syn_map:This attribute has no effect on the tool operation.
syn_map:  Setting attribute of root '/': 'init_power_nets' = VDD
syn_map:Error   : The init design flow needs to be initialized in a proper sequence.  The sequence of initialization is as follow.
syn_map:  uninitialized - timing_initialized - physical_initialized - design_initialized - power_initialized - initialization_complete.
syn_map: [TUI-340] [read_physical]
syn_map:        : Cannot perform initialization step 'physical_initialized' from current state 'initialization_complete'. Please check and correct your initialization steps.
syn_map:        : Command Failed.
syn_map:FLOWKIT: Encountered error during previous command and saving error database: dbs/syn_map.block_start.ERROR.db.
syn_map:         To disable saving a database on error condition, set the attribute 'flow_error_write_db' to false.
syn_map:Finished exporting design database to file '/nethome/dkhalil8/InnovateECE/PhysicalDesign/design/dbs/syn_map.block_start.ERROR.db' for 'Core' (command execution time mm:ss cpu = 00:00, real = 00:01).
syn_map:#@ End verbose flow_step synthesis.syn_map.block_start
syn_map:Tcl error: ------------------------------------------------------------------------------------------------------------------------------------------------------------------------------------------------------------------------------------------------------------------------------------------
syn_map:| ID                  | SEV   | Count | Description                                                                                                                                                                                                                                      |
syn_map:------------------------------------------------------------------------------------------------------------------------------------------------------------------------------------------------------------------------------------------------------------------------------------------
syn_map:| message:TUI/TUI-340 | Error | 1     | The init design flow needs to be initialized in a proper sequence.  The sequence of initialization is as follow.
syn_map:  uninitialized - timing_initialized - physical_initialized - design_initialized - power_initialized - initialization_complete. |
syn_map:------------------------------------------------------------------------------------------------------------------------------------------------------------------------------------------------------------------------------------------------------------------------------------------
syn_map:    while executing
syn_map:"read_physical -lef [get_flow_config init_physical_files lef_files]"
syn_map:    invoked from within
syn_map:"run_flow -from {tool genus flow flow:flow_current canonical_path {.steps flow:synthesis .steps flow:syn_map .steps flow_step:block_start} step flow_st..."
syn_map:
syn_map:Lic Summary:
syn_map:[10:19:20.134192] Cdslmd servers: ece-winlic
syn_map:[10:19:20.134209] Feature usage summary:
syn_map:[10:19:20.134210] Genus_Synthesis  
syn_generic.report_synth:#@ Begin verbose flow_step init_genus.init_genus_yaml
syn_generic.report_synth:@flow_step(init_genus_yaml)  2:   # Timing attributes  [get_db -category tim]
syn_generic.report_synth:@flow_step(init_genus_yaml)  3:   #-------------------------------------------------------------------------------
syn_generic.report_synth:@flow_step(init_genus_yaml)  4:   set_db ocv_mode                         true
syn_generic.report_synth:  Setting attribute of root '/': 'ocv_mode' = true
syn_generic.report_synth:@flow_step(init_genus_yaml)  6:   # Routing attributes  [get_db -category route]
syn_generic.report_synth:@flow_step(init_genus_yaml)  7:   #-------------------------------------------------------------------------------
syn_generic.report_synth:@flow_step(init_genus_yaml)  8:   set_db design_top_routing_layer met5
syn_generic.report_synth:  Setting attribute of root '/': 'design_top_routing_layer' = met5
syn_generic.report_synth:@flow_step(init_genus_yaml)  9:   set_db design_bottom_routing_layer met1
syn_generic.report_synth:  Setting attribute of root '/': 'design_bottom_routing_layer' = met1
syn_generic.report_synth:@flow_step(init_genus_yaml) 11:   # Optimization attributes  [get_db -category netlist]
syn_generic.report_synth:@flow_step(init_genus_yaml) 12:   #-------------------------------------------------------------------------------
syn_generic.report_synth:@flow_step(init_genus_yaml) 13:   set_db design_flow_effort standard
syn_generic.report_synth:  Setting attribute of root '/': 'design_flow_effort' = standard
syn_generic.report_synth:@flow_step(init_genus_yaml) 14:   set_db design_power_effort none
syn_generic.report_synth:  Setting attribute of root '/': 'design_power_effort' = none
syn_generic.report_synth:@flow_step(init_genus_yaml) 15:   set_db opt_leakage_to_dynamic_ratio 0.5
syn_generic.report_synth:  Setting attribute of root '/': 'opt_leakage_to_dynamic_ratio' = 0.5
syn_generic.report_synth:@flow_step(init_genus_yaml) 16:   set_db cts_buffer_cells {CLKBUFX2 CLKBUFX4 CLKBUFX8}
syn_generic.report_synth:  Setting attribute of root '/': 'cts_buffer_cells' = CLKBUFX2 CLKBUFX4 CLKBUFX8
syn_generic.report_synth:@flow_step(init_genus_yaml) 17:   set_db cts_inverter_cells {CLKINVX1 CLKINVX2 CLKINVX4 CLKINVX8}
syn_generic.report_synth:  Setting attribute of root '/': 'cts_inverter_cells' = CLKINVX1 CLKINVX2 CLKINVX4 CLKINVX8
syn_generic.report_synth:@flow_step(init_genus_yaml) 18:   set_db cts_clock_gating_cells ICGX1
syn_generic.report_synth:  Setting attribute of root '/': 'cts_clock_gating_cells' = ICGX1
syn_generic.report_synth:@flow_step(init_genus_yaml) 19:   set_db cts_logic_cells {CLKAND2X2 CLKXOR2X1 CLKMX2X2 CLKINVX1 CLKINVX2 CLKINVX4 CLKINVX8}
syn_generic.report_synth:  Setting attribute of root '/': 'cts_logic_cells' = CLKAND2X2 CLKXOR2X1 CLKMX2X2 CLKINVX1 CLKINVX2 CLKINVX4 CLKINVX8
syn_generic.report_synth:@flow_step(init_genus_yaml) 21:   # Physical attributes  [get_db -category phys]
syn_generic.report_synth:@flow_step(init_genus_yaml) 22:   #-------------------------------------------------------------------------------
syn_generic.report_synth:@flow_step(init_genus_yaml) 23:   set_db design_process_node 130
syn_generic.report_synth:##  Process: 130            (User Set)
syn_generic.report_synth:##     Node: (not set)
syn_generic.report_synth:##  Check design process and node:
syn_generic.report_synth:##  Design tech node is not set.
syn_generic.report_synth:  Setting attribute of root '/': 'design_process_node' = 130
syn_generic.report_synth:#@ End verbose flow_step init_genus.init_genus_yaml
syn_generic.report_synth:      flow.cputime  flow.realtime  timing.setup.tns  timing.setup.wns  snapshot
syn_generic.report_synth:UM:              3              3                                      init_genus_yaml
syn_generic.report_synth:      flow.cputime  flow.realtime  timing.setup.tns  timing.setup.wns  snapshot
syn_generic.report_synth:UM:*                                                                   init_genus
syn_map:Abnormal exit.
  flow_current @ genus: synthesis.syn_map.block_start -> synthesis.syn_map.schedule_syn_map_report_synth failed at step "synthesis.syn_map.block_start"
    log files:
      logs/syn_map.log
      output.flow_current.synthesis.syn_map.block_start.failed_startup.log
    error summary:
      Severity  ID                   Count  Step                           Where             Summary
      ERROR     message:TUI/TUI-340  1      synthesis.syn_map.block_start  .body_tcl line 7  The init design flow needs to be initialized in a proper sequence.  The sequence of initialization is as follow.
    fatal error detail:
Error in flow_step:block_start .body_tcl, message: 
------------------------------------------------------------------------------------------------------------------------------------------------------------------------------------------------------------------------------------------------------------------------------------------
| ID                  | SEV   | Count | Description                                                                                                                                                                                                                                      |
------------------------------------------------------------------------------------------------------------------------------------------------------------------------------------------------------------------------------------------------------------------------------------------
| message:TUI/TUI-340 | Error | 1     | The init design flow needs to be initialized in a proper sequence.  The sequence of initialization is as follow.
  uninitialized - timing_initialized - physical_initialized - design_initialized - power_initialized - initialization_complete. |
------------------------------------------------------------------------------------------------------------------------------------------------------------------------------------------------------------------------------------------------------------------------------------------
    while executing
"read_physical -lef [get_flow_config init_physical_files lef_files]"
    (in namespace eval "::" script line 4)
    (flow_step:block_start .body_tcl line 7)

Waiting for flows to return... (1 running)
  report_synth @ genus: report_start -> report_finish
syn_generic.report_synth:#@ Begin verbose flow_step init_genus.init_genus_user
syn_generic.report_synth:@flow_step(init_genus_user)  2:   set_db heartbeat 300
syn_generic.report_synth:  Setting attribute of root '/': 'heartbeat' = 300
syn_generic.report_synth:@flow_step(init_genus_user)  3:   set_db max_cpus_per_server 16
syn_generic.report_synth:  Setting attribute of root '/': 'max_cpus_per_server' = 16
syn_generic.report_synth:@flow_step(init_genus_user)  4:   # Timing attributes  [get_db -category tim]
syn_generic.report_synth:@flow_step(init_genus_user)  5:   #-----------------------------------------------------------------------------
syn_generic.report_synth:@flow_step(init_genus_user)  6:   set_db timing_apply_default_primary_input_assertion true
syn_generic.report_synth:  Setting attribute of root '/': 'timing_apply_default_primary_input_assertion' = true
syn_generic.report_synth:@flow_step(init_genus_user)  7:   set_db timing_analysis_async_checks     async
syn_generic.report_synth:  Setting attribute of root '/': 'timing_analysis_async_checks' = async
syn_generic.report_synth:@flow_step(init_genus_user)  9:   # Optimization attributes  [get_db -category netlist]
syn_generic.report_synth:@flow_step(init_genus_user) 10:   #-----------------------------------------------------------------------------
syn_generic.report_synth:@flow_step(init_genus_user) 12:   # Datapath attributes  [get_db -category dp]
syn_generic.report_synth:@flow_step(init_genus_user) 13:   #-----------------------------------------------------------------------------
syn_generic.report_synth:@flow_step(init_genus_user) 15:   # Leakage Power attributes  [get_db -category lp_opt lib_ui]
syn_generic.report_synth:@flow_step(init_genus_user) 16:   #-----------------------------------------------------------------------------
syn_generic.report_synth:#@ End verbose flow_step init_genus.init_genus_user
syn_generic.report_synth:      flow.cputime  flow.realtime  timing.setup.tns  timing.setup.wns  snapshot
syn_generic.report_synth:UM:              2              3                                      init_genus_user
syn_generic.report_synth:#@ Begin verbose flow_step report_area_genus
syn_generic.report_synth:@flow_step(report_area_genus) 2:   report_area -min_count 1000 > [file join [get_db flow_report_directory] [get_db flow_report_name] [get_db flow_report_prefix]area.summary.rpt]
syn_generic.report_synth:Warning : The details given in report might be incorrect or incomplete. [RPT-80]
syn_generic.report_synth:        : The design design:Core should be mapped to get accurate area details.
syn_generic.report_synth:        : Map the design using syn_map before using the '-detail' option of the 'report_area' command.
syn_generic.report_synth:There is no ndr for this design!
syn_generic.report_synth:INFO (IMPEXT-7048): Generating auto layer map file.
syn_generic.report_synth:
syn_generic.report_synth:INFO (IMPEXT-6188): Importing multi-corner technology file(s) for preRoute extraction...
syn_generic.report_synth:
syn_generic.report_synth:INFO (IMPEXT-5003): /nethome/dkhalil8/InnovateECE/PhysicalDesign/design/../SiliconJackets/cadence_sky130/sky130_release_0.0.4/quantus/extraction/typical/qrcTechFile
syn_generic.report_synth:
syn_generic.report_synth:INFO (IMPEXT-7048): Generating auto layer map file.
syn_generic.report_synth:
syn_generic.report_synth:INFO (IMPEXT-6209): Completed (cpu: 1187499.000000 real: 1187499.000000)
syn_generic.report_synth:
syn_generic.report_synth:@flow_step(report_area_genus) 3:   report_dp                   > [file join [get_db flow_report_directory] [get_db flow_report_name] [get_db flow_report_prefix]area.datapath.rpt]
syn_generic.report_synth:Beginning report datapath command
syn_generic.report_synth:Warning : The filename, column and line number information will not be available in the report. [RPT_DP-100]
syn_generic.report_synth:        : The attribute for getting HDL filename and line number is not set.
syn_generic.report_synth:        : You must set the 'hdl_track_filename_row_col' attribute to 'true' (before elaborate) to enable filename, column, and line number tracking in the datapath report.
syn_generic.report_synth:#@ End verbose flow_step report_area_genus
syn_generic.report_synth:UM: Running design category ...
syn_generic.report_synth:      flow.cputime  flow.realtime  timing.setup.tns  timing.setup.wns  snapshot
syn_generic.report_synth:UM:              4              5                                      report_area_genus
syn_generic.report_synth:#@ Begin verbose flow_step report_late_summary_genus
syn_generic.report_synth:@flow_step(report_late_summary_genus) 2:   report_timing_summary -checks {setup drv} > [file join [get_db flow_report_directory] [get_db flow_report_name] [get_db flow_report_prefix]setup.analysis_summary.rpt]
syn_generic.report_synth:Error   : A required object parameter could not be found. [TUI-61] [group_path]
syn_generic.report_synth:        : An object of type 'clock|port|inst|hinst|pin|hpin|port_bus|hpin_bus' named '' could not be found.
syn_generic.report_synth:        : Check to make sure that the object exists and is of the correct type.  The 'what_is' command can be used to determine the type of an object.
syn_generic.report_synth:
syn_generic.report_synth:Usage: group_path [-rise] [-fall]
syn_generic.report_synth:           [ -from <clock|port|inst|hinst|pin|hpin|port_bus|hpin_bus>+ |
syn_generic.report_synth:             -rise_from <clock|port|inst|hinst|pin|hpin|port_bus|hpin_bus>+ |
syn_generic.report_synth:             -fall_from <clock|port|inst|hinst|pin|hpin|port_bus|hpin_bus>+ ]
syn_generic.report_synth:           [ -to <clock|port|inst|hinst|pin|hpin|port_bus|hpin_bus>+ |
syn_generic.report_synth:             -rise_to <clock|port|inst|hinst|pin|hpin|port_bus|hpin_bus>+ |
syn_generic.report_synth:             -fall_to <clock|port|inst|hinst|pin|hpin|port_bus|hpin_bus>+ ]
syn_generic.report_synth:           [ -through <port|inst|hinst|pin|hpin|hnet|port_bus|hpin_bus>+ |
syn_generic.report_synth:             -rise_through <port|inst|hinst|pin|hpin|hnet|port_bus|hpin_bus>+ |
syn_generic.report_synth:             -fall_through <port|inst|hinst|pin|hpin|hnet|port_bus|hpin_bus>+ ]+
syn_generic.report_synth:           [-name <string>] [-default] [-weight <float>]
syn_generic.report_synth:           [-critical_range <float>] [-setup] [-hold] [-comment <string>]
syn_generic.report_synth:           [-user_priority <integer>] [-exception_name <string>]
syn_generic.report_synth:
syn_generic.report_synth:    [-rise]:
syn_generic.report_synth:        exception is for setup timing analysis only (default is both setup and 
syn_generic.report_synth:        hold) 
syn_generic.report_synth:    [-fall]:
syn_generic.report_synth:        exception is for setup timing analysis only (default is both setup and 
syn_generic.report_synth:        hold) 
syn_generic.report_synth:    -from <clock|port|inst|hinst|pin|hpin|port_bus|hpin_bus>+:
syn_generic.report_synth:        a set of startpoints for the paths 
syn_generic.report_synth:    -rise_from <clock|port|inst|hinst|pin|hpin|port_bus|hpin_bus>+:
syn_generic.report_synth:        startpoints with a rise transition at the pin itself 
syn_generic.report_synth:    -fall_from <clock|port|inst|hinst|pin|hpin|port_bus|hpin_bus>+:
syn_generic.report_synth:        startpoints with a fall transition at the pin itself 
syn_generic.report_synth:    -to <clock|port|inst|hinst|pin|hpin|port_bus|hpin_bus>+:
syn_generic.report_synth:        a set of endpoints for the paths 
syn_generic.report_synth:    -rise_to <clock|port|inst|hinst|pin|hpin|port_bus|hpin_bus>+:
syn_generic.report_synth:        endpoints with a rise transition at the pin itself 
syn_generic.report_synth:    -fall_to <clock|port|inst|hinst|pin|hpin|port_bus|hpin_bus>+:
syn_generic.report_synth:        endpoints with a fall transition at the pin itself 
syn_generic.report_synth:    -through <port|inst|hinst|pin|hpin|hnet|port_bus|hpin_bus>+:
syn_generic.report_synth:        through list 
syn_generic.report_synth:    -rise_through <port|inst|hinst|pin|hpin|hnet|port_bus|hpin_bus>+:
syn_generic.report_synth:        this option specifies paths that contain a rise transition in one of 
syn_generic.report_synth:        these objects and it can be repeated and can be combined with -through 
syn_generic.report_synth:        and/or -through_fall_pin 
syn_generic.report_synth:    -fall_through <port|inst|hinst|pin|hpin|hnet|port_bus|hpin_bus>+:
syn_generic.report_synth:        this option specifies paths that contain a fall transition in one of 
syn_generic.report_synth:        these objects and it can be repeated and can be combined with -through 
syn_generic.report_synth:        and/or -through_rise_pin 
syn_generic.report_synth:    [-name <string>]:
syn_generic.report_synth:        cost group name 
syn_generic.report_synth:    [-default]:
syn_generic.report_synth:        default cost group 
syn_generic.report_synth:    [-weight <float>]:
syn_generic.report_synth:        cost function weight value 
syn_generic.report_synth:    [-critical_range <float>]:
syn_generic.report_synth:        margin of delay for optimization 
syn_generic.report_synth:    [-setup]:
syn_generic.report_synth:        for setup timing analysis only 
syn_generic.report_synth:    [-hold]:
syn_generic.report_synth:        for hold timing analysis only 
syn_generic.report_synth:    [-comment <string>]:
syn_generic.report_synth:        comment 
syn_generic.report_synth:    [-user_priority <integer>]:
syn_generic.report_synth:        user priority setting for exception 
syn_generic.report_synth:    [-exception_name <string>]:
syn_generic.report_synth:        exception name 
syn_generic.report_synth:Warning : Empty collection is not accepted. [SDC-238] [filter_collection]
syn_generic.report_synth:@flow_step(report_late_summary_genus) 3:   report_timing_summary -checks {setup drv} -expand_views > [file join [get_db flow_report_directory] [get_db flow_report_name] [get_db flow_report_prefix]setup.view_summary.rpt]
syn_generic.report_synth:Error   : A required object parameter could not be found. [TUI-61] [group_path]
syn_generic.report_synth:        : An object of type 'clock|port|inst|hinst|pin|hpin|port_bus|hpin_bus' named '' could not be found.
syn_generic.report_synth:
syn_generic.report_synth:Usage: group_path [-rise] [-fall]
syn_generic.report_synth:           [ -from <clock|port|inst|hinst|pin|hpin|port_bus|hpin_bus>+ |
syn_generic.report_synth:             -rise_from <clock|port|inst|hinst|pin|hpin|port_bus|hpin_bus>+ |
syn_generic.report_synth:             -fall_from <clock|port|inst|hinst|pin|hpin|port_bus|hpin_bus>+ ]
syn_generic.report_synth:           [ -to <clock|port|inst|hinst|pin|hpin|port_bus|hpin_bus>+ |
syn_generic.report_synth:             -rise_to <clock|port|inst|hinst|pin|hpin|port_bus|hpin_bus>+ |
syn_generic.report_synth:             -fall_to <clock|port|inst|hinst|pin|hpin|port_bus|hpin_bus>+ ]
syn_generic.report_synth:           [ -through <port|inst|hinst|pin|hpin|hnet|port_bus|hpin_bus>+ |
syn_generic.report_synth:             -rise_through <port|inst|hinst|pin|hpin|hnet|port_bus|hpin_bus>+ |
syn_generic.report_synth:             -fall_through <port|inst|hinst|pin|hpin|hnet|port_bus|hpin_bus>+ ]+
syn_generic.report_synth:           [-name <string>] [-default] [-weight <float>]
syn_generic.report_synth:           [-critical_range <float>] [-setup] [-hold] [-comment <string>]
syn_generic.report_synth:           [-user_priority <integer>] [-exception_name <string>]
syn_generic.report_synth:
syn_generic.report_synth:    [-rise]:
syn_generic.report_synth:        exception is for setup timing analysis only (default is both setup and 
syn_generic.report_synth:        hold) 
syn_generic.report_synth:    [-fall]:
syn_generic.report_synth:        exception is for setup timing analysis only (default is both setup and 
syn_generic.report_synth:        hold) 
syn_generic.report_synth:    -from <clock|port|inst|hinst|pin|hpin|port_bus|hpin_bus>+:
syn_generic.report_synth:        a set of startpoints for the paths 
syn_generic.report_synth:    -rise_from <clock|port|inst|hinst|pin|hpin|port_bus|hpin_bus>+:
syn_generic.report_synth:        startpoints with a rise transition at the pin itself 
syn_generic.report_synth:    -fall_from <clock|port|inst|hinst|pin|hpin|port_bus|hpin_bus>+:
syn_generic.report_synth:        startpoints with a fall transition at the pin itself 
syn_generic.report_synth:    -to <clock|port|inst|hinst|pin|hpin|port_bus|hpin_bus>+:
syn_generic.report_synth:        a set of endpoints for the paths 
syn_generic.report_synth:    -rise_to <clock|port|inst|hinst|pin|hpin|port_bus|hpin_bus>+:
syn_generic.report_synth:        endpoints with a rise transition at the pin itself 
syn_generic.report_synth:    -fall_to <clock|port|inst|hinst|pin|hpin|port_bus|hpin_bus>+:
syn_generic.report_synth:        endpoints with a fall transition at the pin itself 
syn_generic.report_synth:    -through <port|inst|hinst|pin|hpin|hnet|port_bus|hpin_bus>+:
syn_generic.report_synth:        through list 
syn_generic.report_synth:    -rise_through <port|inst|hinst|pin|hpin|hnet|port_bus|hpin_bus>+:
syn_generic.report_synth:        this option specifies paths that contain a rise transition in one of 
syn_generic.report_synth:        these objects and it can be repeated and can be combined with -through 
syn_generic.report_synth:        and/or -through_fall_pin 
syn_generic.report_synth:    -fall_through <port|inst|hinst|pin|hpin|hnet|port_bus|hpin_bus>+:
syn_generic.report_synth:        this option specifies paths that contain a fall transition in one of 
syn_generic.report_synth:        these objects and it can be repeated and can be combined with -through 
syn_generic.report_synth:        and/or -through_rise_pin 
syn_generic.report_synth:    [-name <string>]:
syn_generic.report_synth:        cost group name 
syn_generic.report_synth:    [-default]:
syn_generic.report_synth:        default cost group 
syn_generic.report_synth:    [-weight <float>]:
syn_generic.report_synth:        cost function weight value 
syn_generic.report_synth:    [-critical_range <float>]:
syn_generic.report_synth:        margin of delay for optimization 
syn_generic.report_synth:    [-setup]:
syn_generic.report_synth:        for setup timing analysis only 
syn_generic.report_synth:    [-hold]:
syn_generic.report_synth:        for hold timing analysis only 
syn_generic.report_synth:    [-comment <string>]:
syn_generic.report_synth:        comment 
syn_generic.report_synth:    [-user_priority <integer>]:
syn_generic.report_synth:        user priority setting for exception 
syn_generic.report_synth:    [-exception_name <string>]:
syn_generic.report_synth:        exception name 
syn_generic.report_synth:Warning : Empty collection is not accepted. [SDC-238] [filter_collection]
syn_generic.report_synth:@flow_step(report_late_summary_genus) 4:   report_timing_summary -checks {setup drv} -expand_views -expand_clocks launch_capture  > [file join [get_db flow_report_directory] [get_db flow_report_name] [get_db flow_report_prefix]setup.group_summary.rpt]
syn_generic.report_synth:Error   : A required object parameter could not be found. [TUI-61] [group_path]
syn_generic.report_synth:        : An object of type 'clock|port|inst|hinst|pin|hpin|port_bus|hpin_bus' named '' could not be found.
syn_generic.report_synth:
syn_generic.report_synth:Usage: group_path [-rise] [-fall]
syn_generic.report_synth:           [ -from <clock|port|inst|hinst|pin|hpin|port_bus|hpin_bus>+ |
syn_generic.report_synth:             -rise_from <clock|port|inst|hinst|pin|hpin|port_bus|hpin_bus>+ |
syn_generic.report_synth:             -fall_from <clock|port|inst|hinst|pin|hpin|port_bus|hpin_bus>+ ]
syn_generic.report_synth:           [ -to <clock|port|inst|hinst|pin|hpin|port_bus|hpin_bus>+ |
syn_generic.report_synth:             -rise_to <clock|port|inst|hinst|pin|hpin|port_bus|hpin_bus>+ |
syn_generic.report_synth:             -fall_to <clock|port|inst|hinst|pin|hpin|port_bus|hpin_bus>+ ]
syn_generic.report_synth:           [ -through <port|inst|hinst|pin|hpin|hnet|port_bus|hpin_bus>+ |
syn_generic.report_synth:             -rise_through <port|inst|hinst|pin|hpin|hnet|port_bus|hpin_bus>+ |
syn_generic.report_synth:             -fall_through <port|inst|hinst|pin|hpin|hnet|port_bus|hpin_bus>+ ]+
syn_generic.report_synth:           [-name <string>] [-default] [-weight <float>]
syn_generic.report_synth:           [-critical_range <float>] [-setup] [-hold] [-comment <string>]
syn_generic.report_synth:           [-user_priority <integer>] [-exception_name <string>]
syn_generic.report_synth:
syn_generic.report_synth:    [-rise]:
syn_generic.report_synth:        exception is for setup timing analysis only (default is both setup and 
syn_generic.report_synth:        hold) 
syn_generic.report_synth:    [-fall]:
syn_generic.report_synth:        exception is for setup timing analysis only (default is both setup and 
syn_generic.report_synth:        hold) 
syn_generic.report_synth:    -from <clock|port|inst|hinst|pin|hpin|port_bus|hpin_bus>+:
syn_generic.report_synth:        a set of startpoints for the paths 
syn_generic.report_synth:    -rise_from <clock|port|inst|hinst|pin|hpin|port_bus|hpin_bus>+:
syn_generic.report_synth:        startpoints with a rise transition at the pin itself 
syn_generic.report_synth:    -fall_from <clock|port|inst|hinst|pin|hpin|port_bus|hpin_bus>+:
syn_generic.report_synth:        startpoints with a fall transition at the pin itself 
syn_generic.report_synth:    -to <clock|port|inst|hinst|pin|hpin|port_bus|hpin_bus>+:
syn_generic.report_synth:        a set of endpoints for the paths 
syn_generic.report_synth:    -rise_to <clock|port|inst|hinst|pin|hpin|port_bus|hpin_bus>+:
syn_generic.report_synth:        endpoints with a rise transition at the pin itself 
syn_generic.report_synth:    -fall_to <clock|port|inst|hinst|pin|hpin|port_bus|hpin_bus>+:
syn_generic.report_synth:        endpoints with a fall transition at the pin itself 
syn_generic.report_synth:    -through <port|inst|hinst|pin|hpin|hnet|port_bus|hpin_bus>+:
syn_generic.report_synth:        through list 
syn_generic.report_synth:    -rise_through <port|inst|hinst|pin|hpin|hnet|port_bus|hpin_bus>+:
syn_generic.report_synth:        this option specifies paths that contain a rise transition in one of 
syn_generic.report_synth:        these objects and it can be repeated and can be combined with -through 
syn_generic.report_synth:        and/or -through_fall_pin 
syn_generic.report_synth:    -fall_through <port|inst|hinst|pin|hpin|hnet|port_bus|hpin_bus>+:
syn_generic.report_synth:        this option specifies paths that contain a fall transition in one of 
syn_generic.report_synth:        these objects and it can be repeated and can be combined with -through 
syn_generic.report_synth:        and/or -through_rise_pin 
syn_generic.report_synth:    [-name <string>]:
syn_generic.report_synth:        cost group name 
syn_generic.report_synth:    [-default]:
syn_generic.report_synth:        default cost group 
syn_generic.report_synth:    [-weight <float>]:
syn_generic.report_synth:        cost function weight value 
syn_generic.report_synth:    [-critical_range <float>]:
syn_generic.report_synth:        margin of delay for optimization 
syn_generic.report_synth:    [-setup]:
syn_generic.report_synth:        for setup timing analysis only 
syn_generic.report_synth:    [-hold]:
syn_generic.report_synth:        for hold timing analysis only 
syn_generic.report_synth:    [-comment <string>]:
syn_generic.report_synth:        comment 
syn_generic.report_synth:    [-user_priority <integer>]:
syn_generic.report_synth:        user priority setting for exception 
syn_generic.report_synth:    [-exception_name <string>]:
syn_generic.report_synth:        exception name 
syn_generic.report_synth:Warning : Empty collection is not accepted. [SDC-238] [filter_collection]
syn_generic.report_synth:@flow_step(report_late_summary_genus) 5:   set_metric -name timing.setup.type -value gba
syn_generic.report_synth:@flow_step(report_late_summary_genus) 6:   report_qor > [file join [get_db flow_report_directory] [get_db flow_report_name] [get_db flow_report_prefix]qor.rpt]
syn_generic.report_synth:#@ End verbose flow_step report_late_summary_genus
syn_generic.report_synth:UM: Running setup category ...
syn_generic.report_synth:No paths found. Empty collection returned.
syn_generic.report_synth:
syn_generic.report_synth:      flow.cputime  flow.realtime  timing.setup.tns  timing.setup.wns  snapshot
syn_generic.report_synth:UM:              3              3                                      report_late_summary_genus
syn_generic.report_synth:#@ Begin verbose flow_step report_late_paths
syn_generic.report_synth:@flow_step(report_late_paths)  2:   #- Reports that show detailed timing with Graph Based Analysis (GBA)
syn_generic.report_synth:@flow_step(report_late_paths)  3:   report_timing -max_paths 5   -nworst 1 -path_type endpoint        > [file join [get_db flow_report_directory] [get_db flow_report_name] setup.endpoint.rpt]
syn_generic.report_synth:Warning : Timing problems have been detected in this design. [TIM-11]
syn_generic.report_synth:        : The design is 'Core'.
syn_generic.report_synth:        : Use 'check_timing_intent' or 'report timing -lint' to report more information.
syn_generic.report_synth:@flow_step(report_late_paths)  4:   report_timing -max_paths 1   -nworst 1 -path_type full_clock -net > [file join [get_db flow_report_directory] [get_db flow_report_name] setup.worst.rpt]
syn_generic.report_synth:Warning : Timing problems have been detected in this design. [TIM-11]
syn_generic.report_synth:        : The design is 'Core'.
syn_generic.report_synth:@flow_step(report_late_paths)  5:   report_timing -max_paths 500 -nworst 1 -path_type full_clock      > [file join [get_db flow_report_directory] [get_db flow_report_name] setup.gba.rpt]
syn_generic.report_synth:Warning : Timing problems have been detected in this design. [TIM-11]
syn_generic.report_synth:        : The design is 'Core'.
syn_generic.report_synth:@flow_step(report_late_paths)  6:   if {![get_feature report_pba]} {
syn_generic.report_synth:                                      
syn_generic.report_synth:                                      #- Reports that show detailed timing with Path Based Analysis (PBA)
syn_generic.report_synth:                                      if {[is_flow -quiet -inside flow:sta]} {
syn_generic.report_synth:                                        report_timing -max_paths 50 -nworst 1 -path_type full_clock -retime path_slew_propagation > [file join [get_db flow_report_directory] [get_db flow_report_name] setup.pba.rpt]
syn_generic.report_synth:                                      }
syn_generic.report_synth:                                    }
syn_generic.report_synth:#@ End verbose flow_step report_late_paths
syn_generic.report_synth:      flow.cputime  flow.realtime  timing.setup.tns  timing.setup.wns  snapshot
syn_generic.report_synth:UM:              3              3                                      report_late_paths
syn_generic.report_synth:#@ Begin verbose flow_step report_power_genus
syn_generic.report_synth:@flow_step(report_power_genus) 2:   report_gates -power   > [file join [get_db flow_report_directory] [get_db flow_report_name] [get_db flow_report_prefix]power.all.rpt]
syn_generic.report_synth:Info    : Joules engine is used. [RPT-16]
syn_generic.report_synth:        : Joules engine is being used for the command report_gates -power.
syn_generic.report_synth:ENABLED NEW REPORT GATE CMD
syn_generic.report_synth:
syn_generic.report_synth:
syn_generic.report_synth:
syn_generic.report_synth:
syn_generic.report_synth:@flow_step(report_power_genus) 3:   report_clock_gates    > [file join [get_db flow_report_directory]/[get_db flow_report_name] [get_db flow_report_prefix]power.clock_gating.rpt]
syn_generic.report_synth:@flow_step(report_power_genus) 4:   report_power -by_category > [file join [get_db flow_report_directory]/[get_db flow_report_name] [get_db flow_report_prefix]power.design.rpt]
syn_generic.report_synth:Info    : Joules engine is used. [RPT-16]
syn_generic.report_synth:        : Joules engine is being used for the command report_power.
syn_generic.report_synth:Info   : ACTP-0001 [ACTPInfo] Activity propagation started for stim#0 netlist
syn_generic.report_synth:       : Core
syn_generic.report_synth:Info   : ACTP-0001 Activity propagation ended for stim#0
syn_generic.report_synth:Info   : PWRA-0001 [PwrInfo] compute_power effective options 
syn_generic.report_synth:       : -mode : vectorless
syn_generic.report_synth:       : -skip_propagation : 1
syn_generic.report_synth:       : -use_clock_freq : stim
syn_generic.report_synth:       : -fromGenus : 1
syn_generic.report_synth:Info   : ACTP-0001 Timing initialization started
syn_generic.report_synth:Info   : ACTP-0001 Timing initialization ended
syn_generic.report_synth:Info   : PWRA-0008 [PwrInfo] Analysis view used  : delay corner =
syn_generic.report_synth:       : tt_v1.8_25C_Nominal_25, mode = tt_v1.8_25C_Nominal_25_func,
syn_generic.report_synth:       : interconnect = Nominal_25C.
syn_generic.report_synth:Info   : PWRA-0002 [PwrInfo] Skipping activity propagation due to -skip_ap
syn_generic.report_synth:       : option....
syn_generic.report_synth:Info   : PWRA-0002 Started 'vectorless' power computation.
syn_generic.report_synth:Info   : PWRA-0002 Finished power computation.
syn_generic.report_synth:Info   : PWRA-0007 [PwrInfo] Completed successfully.
syn_generic.report_synth:       : Info=7, Warn=0, Error=0, Fatal=0
syn_generic.report_synth:Output file: reports/syn_generic/power.design.rpt
syn_generic.report_synth:#@ End verbose flow_step report_power_genus
syn_generic.report_synth:UM: Running power category ...
syn_generic.report_synth:      flow.cputime  flow.realtime  timing.setup.tns  timing.setup.wns  snapshot
syn_generic.report_synth:UM:              2              2                                      report_power_genus
syn_generic.report_synth:#@ Begin verbose flow_step report_finish
syn_generic.report_synth:#@ End verbose flow_step report_finish
syn_generic.report_synth:      flow.cputime  flow.realtime  timing.setup.tns  timing.setup.wns  snapshot
syn_generic.report_synth:UM:              3              3                                      report_finish
syn_generic.report_synth:
syn_generic.report_synth:Program version = 25.11-s095_1
syn_generic.report_synth:Working directory = /nethome/dkhalil8/InnovateECE/PhysicalDesign/design
syn_generic.report_synth:Databases directory = /nethome/dkhalil8/InnovateECE/PhysicalDesign/design/dbs
syn_generic.report_synth:Starting time = Mar 13, 2026 10:19:16
syn_generic.report_synth:Ending time = Mar 13, 2026 10:19:42
syn_generic.report_synth:
syn_generic.report_synth:Run Flow Summary
syn_generic.report_synth:---------------------
syn_generic.report_synth:
syn_generic.report_synth:Steps run:  report_start init_genus.init_genus_yaml init_genus.init_genus_user report_area_genus report_late_summary_genus report_late_paths report_power_genus report_finish
syn_generic.report_synth:
syn_generic.report_synth:Step status:
syn_generic.report_synth:     report_start                       success
syn_generic.report_synth:     init_genus.init_genus_yaml         success
syn_generic.report_synth:     init_genus.init_genus_user         success
syn_generic.report_synth:     report_area_genus                  success
syn_generic.report_synth:     report_late_summary_genus          success
syn_generic.report_synth:     report_late_paths                  success
syn_generic.report_synth:     report_power_genus                 success
syn_generic.report_synth:     report_finish                      success
syn_generic.report_synth:
syn_generic.report_synth: ---------------------------------------------------------------------------------------------------- 
syn_generic.report_synth:| Snapshot    | flow.cputime (s) | flow.realtime (s) | timing.setup.tns (ns) | timing.setup.wns (ns) |
syn_generic.report_synth:|-------------+------------------+-------------------+-----------------------+-----------------------|
syn_generic.report_synth:| syn_generic | 0:01:49          | 0:02:02           |                       |                       |
syn_generic.report_synth: ---------------------------------------------------------------------------------------------------- 
syn_generic.report_synth:
syn_generic.report_synth:Lic Summary:
syn_generic.report_synth:[10:19:42.112218] Cdslmd servers: ece-winlic
syn_generic.report_synth:[10:19:42.112240] Feature usage summary:
syn_generic.report_synth:[10:19:42.112241] Genus_Synthesis  
syn_generic.report_synth:Normal exit.
  report_synth @ genus: report_start -> report_finish returned successfully but encountered errors
    log file:
      logs/syn_generic.report_synth.log
    error summary:
      Severity  ID                  Count  Step                       Where             Summary
      ERROR     message:TUI/TUI-61  1      report_late_summary_genus  .body_tcl line 2  A required object parameter could not be found.
      ERROR     message:TUI/TUI-61  1      report_late_summary_genus  .body_tcl line 3  A required object parameter could not be found.
      ERROR     message:TUI/TUI-61  1      report_late_summary_genus  .body_tcl line 4  A required object parameter could not be found.

 --------------------------------------------------------------------------------------------------------------------------------------------------------------------------------- 
| Snapshot    | WNS (ns) | TNS (ns) | FEPS | WNS(R) (ns) | TNS(R) (ns) | FEPS(R) | DRV(T) (ns) | DRV(C) (pF) | Power(L) (mW) | Density (%) | Insts | Area (um^2) | DRC | Wall (s) |
|-------------+----------+----------+------+-------------+-------------+---------+-------------+-------------+---------------+-------------+-------+-------------+-----+----------|
| syn_generic |          |          |      |             |             |         |             |             |          0.00 |        0.00 |     0 |           0 |     | 0:02:02  |
 --------------------------------------------------------------------------------------------------------------------------------------------------------------------------------- 

Error summary:
  report_synth @ genus: report_start -> report_finish returned successfully but encountered errors
    log file:
      logs/syn_generic.report_synth.log
    error summary:
      Severity  ID                  Count  Step                       Where             Summary
      ERROR     message:TUI/TUI-61  1      report_late_summary_genus  .body_tcl line 2  A required object parameter could not be found.
      ERROR     message:TUI/TUI-61  1      report_late_summary_genus  .body_tcl line 3  A required object parameter could not be found.
      ERROR     message:TUI/TUI-61  1      report_late_summary_genus  .body_tcl line 4  A required object parameter could not be found.


Summary of flow:
 --------------------------------------------------------------------------------------------------------------------------------------------------------------------------------- 
| Snapshot    | WNS (ns) | TNS (ns) | FEPS | WNS(R) (ns) | TNS(R) (ns) | FEPS(R) | DRV(T) (ns) | DRV(C) (pF) | Power(L) (mW) | Density (%) | Insts | Area (um^2) | DRC | Wall (s) |
|-------------+----------+----------+------+-------------+-------------+---------+-------------+-------------+---------------+-------------+-------+-------------+-----+----------|
| syn_generic |          |          |      |             |             |         |             |             |          0.00 |        0.00 |     0 |           0 |     | 0:02:02  |
 --------------------------------------------------------------------------------------------------------------------------------------------------------------------------------- 



Fatal error summary:
  flow_current @ genus: synthesis.syn_map.block_start -> synthesis.syn_map.schedule_syn_map_report_synth failed at step "synthesis.syn_map.block_start"
    log files:
      logs/syn_map.log
      output.flow_current.synthesis.syn_map.block_start.failed_startup.log
    error database:
      dbs/syn_map.block_start.ERROR.db
    error summary:
      Severity  ID                   Count  Step                           Where             Summary
      ERROR     message:TUI/TUI-340  1      synthesis.syn_map.block_start  .body_tcl line 7  The init design flow needs to be initialized in a proper sequence.  The sequence of initialization is as follow.
    fatal error detail:
Error in flow_step:block_start .body_tcl, message: 
------------------------------------------------------------------------------------------------------------------------------------------------------------------------------------------------------------------------------------------------------------------------------------------
| ID                  | SEV   | Count | Description                                                                                                                                                                                                                                      |
------------------------------------------------------------------------------------------------------------------------------------------------------------------------------------------------------------------------------------------------------------------------------------------
| message:TUI/TUI-340 | Error | 1     | The init design flow needs to be initialized in a proper sequence.  The sequence of initialization is as follow.
  uninitialized - timing_initialized - physical_initialized - design_initialized - power_initialized - initialization_complete. |
------------------------------------------------------------------------------------------------------------------------------------------------------------------------------------------------------------------------------------------------------------------------------------------
    while executing
"read_physical -lef [get_flow_config init_physical_files lef_files]"
    (in namespace eval "::" script line 4)
    (flow_step:block_start .body_tcl line 7)

Flow failed
