###############################################################
#  Generated by:      Cadence Innovus 25.11-s102_1
#  OS:                Linux x86_64(Host ID ece-rschsrv.ece.gatech.edu)
#  Generated on:      Mon Mar 16 13:01:54 2026
#  Design:            Core
#  Command:           check_drc -limit 100000
###############################################################

SHORT: ( Metal Short ) Special Wire of Net VSS & Blockage of Cell InstructionFetch_Module_InstructionMemory_instr_sram  ( met2 )
Bounds : ( 807.900, 1143.360 ) ( 810.900, 1143.760 )


SHORT: ( Metal Short ) Special Wire of Net VSS & Blockage of Cell InstructionFetch_Module_InstructionMemory_instr_sram  ( met2 )
Bounds : ( 807.900, 1151.640 ) ( 810.900, 1152.040 )


SHORT: ( Metal Short ) Special Wire of Net VSS & Blockage of Cell InstructionFetch_Module_InstructionMemory_instr_sram  ( met2 )
Bounds : ( 807.900, 1159.920 ) ( 810.900, 1160.320 )


SHORT: ( Metal Short ) Special Wire of Net VDD & Blockage of Cell InstructionFetch_Module_InstructionMemory_instr_sram  ( met2 )
Bounds : ( 834.900, 1139.220 ) ( 837.900, 1139.620 )


SHORT: ( Metal Short ) Special Wire of Net VDD & Blockage of Cell InstructionFetch_Module_InstructionMemory_instr_sram  ( met2 )
Bounds : ( 834.900, 1147.500 ) ( 837.900, 1147.900 )


SHORT: ( Metal Short ) Special Wire of Net VDD & Blockage of Cell InstructionFetch_Module_InstructionMemory_instr_sram  ( met2 )
Bounds : ( 834.900, 1155.780 ) ( 837.900, 1156.180 )


SHORT: ( Metal Short ) Special Wire of Net VDD & Blockage of Cell InstructionFetch_Module_InstructionMemory_instr_sram  ( met2 )
Bounds : ( 834.900, 1164.060 ) ( 837.900, 1164.460 )


SHORT: ( Metal Short ) Special Wire of Net VSS & Blockage of Cell InstructionFetch_Module_InstructionMemory_instr_sram  ( met3 )
Bounds : ( 807.900, 1143.360 ) ( 810.900, 1143.760 )


SHORT: ( Metal Short ) Special Wire of Net VSS & Blockage of Cell InstructionFetch_Module_InstructionMemory_instr_sram  ( met3 )
Bounds : ( 807.900, 1151.640 ) ( 810.900, 1152.040 )


SHORT: ( Metal Short ) Special Wire of Net VSS & Pin of Cell InstructionFetch_Module_InstructionMemory_instr_sram  ( met3 )
Bounds : ( 807.900, 1160.300 ) ( 810.900, 1160.320 )


SHORT: ( Metal Short ) Special Wire of Net VDD & Blockage of Cell InstructionFetch_Module_InstructionMemory_instr_sram  ( met3 )
Bounds : ( 834.900, 1139.220 ) ( 837.900, 1139.620 )


SHORT: ( Metal Short ) Special Wire of Net VDD & Blockage of Cell InstructionFetch_Module_InstructionMemory_instr_sram  ( met3 )
Bounds : ( 834.900, 1147.500 ) ( 837.900, 1147.900 )


SHORT: ( Metal Short ) Special Wire of Net VDD & Blockage of Cell InstructionFetch_Module_InstructionMemory_instr_sram  ( met3 )
Bounds : ( 834.900, 1155.780 ) ( 837.900, 1156.180 )


SHORT: ( Metal Short ) Special Wire of Net VDD & Pin of Cell InstructionFetch_Module_InstructionMemory_instr_sram  ( met3 )
Bounds : ( 834.900, 1164.060 ) ( 837.900, 1164.460 )


SPACING: ( ParallelRunLength Spacing ) Special Wire of Net VSS & Blockage of Cell InstructionFetch_Module_InstructionMemory_instr_sram  ( met3 )
Bounds : ( 807.900, 1159.700 ) ( 810.900, 1159.920 )


SHORT: ( Metal Short ) Special Wire of Net VSS & Blockage of Cell InstructionFetch_Module_InstructionMemory_instr_sram  ( met2 )
Bounds : ( 757.900, 1143.360 ) ( 760.900, 1143.760 )


SHORT: ( Metal Short ) Special Wire of Net VSS & Blockage of Cell InstructionFetch_Module_InstructionMemory_instr_sram  ( met2 )
Bounds : ( 757.900, 1151.640 ) ( 760.900, 1152.040 )


SHORT: ( Metal Short ) Special Wire of Net VSS & Blockage of Cell InstructionFetch_Module_InstructionMemory_instr_sram  ( met2 )
Bounds : ( 757.900, 1159.920 ) ( 760.900, 1160.320 )


SHORT: ( Metal Short ) Special Wire of Net VDD & Blockage of Cell InstructionFetch_Module_InstructionMemory_instr_sram  ( met2 )
Bounds : ( 784.900, 1139.220 ) ( 787.900, 1139.620 )


SHORT: ( Metal Short ) Special Wire of Net VDD & Blockage of Cell InstructionFetch_Module_InstructionMemory_instr_sram  ( met2 )
Bounds : ( 784.900, 1147.500 ) ( 787.900, 1147.900 )


SHORT: ( Metal Short ) Special Wire of Net VDD & Blockage of Cell InstructionFetch_Module_InstructionMemory_instr_sram  ( met2 )
Bounds : ( 784.900, 1155.780 ) ( 787.900, 1156.180 )


SHORT: ( Metal Short ) Special Wire of Net VDD & Blockage of Cell InstructionFetch_Module_InstructionMemory_instr_sram  ( met2 )
Bounds : ( 784.900, 1164.060 ) ( 787.900, 1164.460 )


SHORT: ( Metal Short ) Special Wire of Net VSS & Blockage of Cell InstructionFetch_Module_InstructionMemory_instr_sram  ( met3 )
Bounds : ( 757.900, 1143.360 ) ( 760.900, 1143.760 )


SHORT: ( Metal Short ) Special Wire of Net VSS & Blockage of Cell InstructionFetch_Module_InstructionMemory_instr_sram  ( met3 )
Bounds : ( 757.900, 1151.640 ) ( 760.900, 1152.040 )


SHORT: ( Metal Short ) Special Wire of Net VSS & Pin of Cell InstructionFetch_Module_InstructionMemory_instr_sram  ( met3 )
Bounds : ( 757.900, 1160.300 ) ( 760.900, 1160.320 )


SHORT: ( Metal Short ) Special Wire of Net VDD & Blockage of Cell InstructionFetch_Module_InstructionMemory_instr_sram  ( met3 )
Bounds : ( 784.900, 1139.220 ) ( 787.900, 1139.620 )


SHORT: ( Metal Short ) Special Wire of Net VDD & Blockage of Cell InstructionFetch_Module_InstructionMemory_instr_sram  ( met3 )
Bounds : ( 784.900, 1147.500 ) ( 787.900, 1147.900 )


SHORT: ( Metal Short ) Special Wire of Net VDD & Blockage of Cell InstructionFetch_Module_InstructionMemory_instr_sram  ( met3 )
Bounds : ( 784.900, 1155.780 ) ( 787.900, 1156.180 )


SHORT: ( Metal Short ) Special Wire of Net VDD & Pin of Cell InstructionFetch_Module_InstructionMemory_instr_sram  ( met3 )
Bounds : ( 784.900, 1164.060 ) ( 787.900, 1164.460 )


SPACING: ( ParallelRunLength Spacing ) Special Wire of Net VSS & Blockage of Cell InstructionFetch_Module_InstructionMemory_instr_sram  ( met3 )
Bounds : ( 757.900, 1159.700 ) ( 760.900, 1159.920 )


SHORT: ( Metal Short ) Special Wire of Net VDD & Blockage of Cell InstructionFetch_Module_InstructionMemory_instr_sram  ( met2 )
Bounds : ( 684.900, 1139.220 ) ( 687.900, 1139.620 )


SHORT: ( Metal Short ) Special Wire of Net VDD & Blockage of Cell InstructionFetch_Module_InstructionMemory_instr_sram  ( met2 )
Bounds : ( 684.900, 1147.500 ) ( 687.900, 1147.900 )


SHORT: ( Metal Short ) Special Wire of Net VDD & Blockage of Cell InstructionFetch_Module_InstructionMemory_instr_sram  ( met2 )
Bounds : ( 684.900, 1155.780 ) ( 687.900, 1156.180 )


SHORT: ( Metal Short ) Special Wire of Net VDD & Blockage of Cell InstructionFetch_Module_InstructionMemory_instr_sram  ( met2 )
Bounds : ( 684.900, 1164.060 ) ( 687.900, 1164.460 )


SHORT: ( Metal Short ) Special Wire of Net VDD & Blockage of Cell InstructionFetch_Module_InstructionMemory_instr_sram  ( met3 )
Bounds : ( 684.900, 1139.220 ) ( 687.900, 1139.620 )


SHORT: ( Metal Short ) Special Wire of Net VDD & Blockage of Cell InstructionFetch_Module_InstructionMemory_instr_sram  ( met3 )
Bounds : ( 684.900, 1147.500 ) ( 687.900, 1147.900 )


SHORT: ( Metal Short ) Special Wire of Net VDD & Blockage of Cell InstructionFetch_Module_InstructionMemory_instr_sram  ( met3 )
Bounds : ( 684.900, 1155.780 ) ( 687.900, 1156.180 )


SHORT: ( Metal Short ) Special Wire of Net VDD & Pin of Cell InstructionFetch_Module_InstructionMemory_instr_sram  ( met3 )
Bounds : ( 684.900, 1164.060 ) ( 687.900, 1164.460 )


SHORT: ( Metal Short ) Regular Wire of Net InstructionFetch_Module_instr_data[30] & Special Wire of Net VDD  ( met4 )
Bounds : ( 687.520, 1165.740 ) ( 687.900, 1166.920 )


SPACING: ( ParallelRunLength Spacing ) Regular Wire of Net InstructionFetch_Module_instr_data[30] & Blockage of Cell InstructionFetch_Module_InstructionMemory_instr_sram  ( met4 )
Bounds : ( 688.700, 1165.740 ) ( 688.900, 1166.180 )


SHORT: ( Metal Short ) Special Wire of Net VSS & Blockage of Cell InstructionFetch_Module_InstructionMemory_instr_sram  ( met2 )
Bounds : ( 707.900, 1143.360 ) ( 710.900, 1143.760 )


SHORT: ( Metal Short ) Special Wire of Net VSS & Blockage of Cell InstructionFetch_Module_InstructionMemory_instr_sram  ( met2 )
Bounds : ( 707.900, 1151.640 ) ( 710.900, 1152.040 )


SHORT: ( Metal Short ) Special Wire of Net VSS & Blockage of Cell InstructionFetch_Module_InstructionMemory_instr_sram  ( met2 )
Bounds : ( 707.900, 1159.920 ) ( 710.900, 1160.320 )


SHORT: ( Metal Short ) Special Wire of Net VDD & Blockage of Cell InstructionFetch_Module_InstructionMemory_instr_sram  ( met2 )
Bounds : ( 734.900, 1139.220 ) ( 737.900, 1139.620 )


SHORT: ( Metal Short ) Special Wire of Net VDD & Blockage of Cell InstructionFetch_Module_InstructionMemory_instr_sram  ( met2 )
Bounds : ( 734.900, 1147.500 ) ( 737.900, 1147.900 )


SHORT: ( Metal Short ) Special Wire of Net VDD & Blockage of Cell InstructionFetch_Module_InstructionMemory_instr_sram  ( met2 )
Bounds : ( 734.900, 1155.780 ) ( 737.900, 1156.180 )


SHORT: ( Metal Short ) Special Wire of Net VDD & Blockage of Cell InstructionFetch_Module_InstructionMemory_instr_sram  ( met2 )
Bounds : ( 734.900, 1164.060 ) ( 737.900, 1164.460 )


SHORT: ( Metal Short ) Special Wire of Net VSS & Blockage of Cell InstructionFetch_Module_InstructionMemory_instr_sram  ( met3 )
Bounds : ( 707.900, 1143.360 ) ( 710.900, 1143.760 )


SHORT: ( Metal Short ) Special Wire of Net VSS & Blockage of Cell InstructionFetch_Module_InstructionMemory_instr_sram  ( met3 )
Bounds : ( 707.900, 1151.640 ) ( 710.900, 1152.040 )


SHORT: ( Metal Short ) Special Wire of Net VSS & Pin of Cell InstructionFetch_Module_InstructionMemory_instr_sram  ( met3 )
Bounds : ( 707.900, 1160.300 ) ( 710.900, 1160.320 )


SHORT: ( Metal Short ) Special Wire of Net VDD & Blockage of Cell InstructionFetch_Module_InstructionMemory_instr_sram  ( met3 )
Bounds : ( 734.900, 1139.220 ) ( 737.900, 1139.620 )


SHORT: ( Metal Short ) Special Wire of Net VDD & Blockage of Cell InstructionFetch_Module_InstructionMemory_instr_sram  ( met3 )
Bounds : ( 734.900, 1147.500 ) ( 737.900, 1147.900 )


SHORT: ( Metal Short ) Special Wire of Net VDD & Blockage of Cell InstructionFetch_Module_InstructionMemory_instr_sram  ( met3 )
Bounds : ( 734.900, 1155.780 ) ( 737.900, 1156.180 )


SHORT: ( Metal Short ) Special Wire of Net VDD & Pin of Cell InstructionFetch_Module_InstructionMemory_instr_sram  ( met3 )
Bounds : ( 734.900, 1164.060 ) ( 737.900, 1164.460 )


SPACING: ( ParallelRunLength Spacing ) Special Wire of Net VSS & Blockage of Cell InstructionFetch_Module_InstructionMemory_instr_sram  ( met3 )
Bounds : ( 707.900, 1159.700 ) ( 710.900, 1159.920 )


SHORT: ( Metal Short ) Special Wire of Net VSS & Blockage of Cell InstructionFetch_Module_InstructionMemory_instr_sram  ( met2 )
Bounds : ( 607.900, 1143.360 ) ( 610.900, 1143.760 )


SHORT: ( Metal Short ) Special Wire of Net VSS & Blockage of Cell InstructionFetch_Module_InstructionMemory_instr_sram  ( met2 )
Bounds : ( 607.900, 1151.640 ) ( 610.900, 1152.040 )


SHORT: ( Metal Short ) Special Wire of Net VSS & Blockage of Cell InstructionFetch_Module_InstructionMemory_instr_sram  ( met2 )
Bounds : ( 607.900, 1159.920 ) ( 610.900, 1160.320 )


SHORT: ( Metal Short ) Special Wire of Net VDD & Blockage of Cell InstructionFetch_Module_InstructionMemory_instr_sram  ( met2 )
Bounds : ( 634.900, 1139.220 ) ( 637.900, 1139.620 )


SHORT: ( Metal Short ) Special Wire of Net VDD & Blockage of Cell InstructionFetch_Module_InstructionMemory_instr_sram  ( met2 )
Bounds : ( 634.900, 1147.500 ) ( 637.900, 1147.900 )


SHORT: ( Metal Short ) Special Wire of Net VDD & Blockage of Cell InstructionFetch_Module_InstructionMemory_instr_sram  ( met2 )
Bounds : ( 634.900, 1155.780 ) ( 637.900, 1156.180 )


SHORT: ( Metal Short ) Special Wire of Net VDD & Blockage of Cell InstructionFetch_Module_InstructionMemory_instr_sram  ( met2 )
Bounds : ( 634.900, 1164.060 ) ( 637.900, 1164.460 )


SHORT: ( Metal Short ) Special Wire of Net VSS & Blockage of Cell InstructionFetch_Module_InstructionMemory_instr_sram  ( met2 )
Bounds : ( 657.900, 1143.360 ) ( 660.900, 1143.760 )


SHORT: ( Metal Short ) Special Wire of Net VSS & Blockage of Cell InstructionFetch_Module_InstructionMemory_instr_sram  ( met2 )
Bounds : ( 657.900, 1151.640 ) ( 660.900, 1152.040 )


SHORT: ( Metal Short ) Special Wire of Net VSS & Blockage of Cell InstructionFetch_Module_InstructionMemory_instr_sram  ( met2 )
Bounds : ( 657.900, 1159.920 ) ( 660.900, 1160.320 )


SHORT: ( Metal Short ) Special Wire of Net VSS & Blockage of Cell InstructionFetch_Module_InstructionMemory_instr_sram  ( met3 )
Bounds : ( 607.900, 1143.360 ) ( 610.900, 1143.760 )


SHORT: ( Metal Short ) Special Wire of Net VSS & Blockage of Cell InstructionFetch_Module_InstructionMemory_instr_sram  ( met3 )
Bounds : ( 607.900, 1151.640 ) ( 610.900, 1152.040 )


SHORT: ( Metal Short ) Special Wire of Net VSS & Pin of Cell InstructionFetch_Module_InstructionMemory_instr_sram  ( met3 )
Bounds : ( 607.900, 1160.300 ) ( 610.900, 1160.320 )


SHORT: ( Metal Short ) Special Wire of Net VDD & Blockage of Cell InstructionFetch_Module_InstructionMemory_instr_sram  ( met3 )
Bounds : ( 634.900, 1139.220 ) ( 637.900, 1139.620 )


SHORT: ( Metal Short ) Special Wire of Net VDD & Blockage of Cell InstructionFetch_Module_InstructionMemory_instr_sram  ( met3 )
Bounds : ( 634.900, 1147.500 ) ( 637.900, 1147.900 )


SHORT: ( Metal Short ) Special Wire of Net VDD & Blockage of Cell InstructionFetch_Module_InstructionMemory_instr_sram  ( met3 )
Bounds : ( 634.900, 1155.780 ) ( 637.900, 1156.180 )


SHORT: ( Metal Short ) Special Wire of Net VDD & Pin of Cell InstructionFetch_Module_InstructionMemory_instr_sram  ( met3 )
Bounds : ( 634.900, 1164.060 ) ( 637.900, 1164.460 )


SHORT: ( Metal Short ) Special Wire of Net VSS & Blockage of Cell InstructionFetch_Module_InstructionMemory_instr_sram  ( met3 )
Bounds : ( 657.900, 1143.360 ) ( 660.900, 1143.760 )


SHORT: ( Metal Short ) Special Wire of Net VSS & Blockage of Cell InstructionFetch_Module_InstructionMemory_instr_sram  ( met3 )
Bounds : ( 657.900, 1151.640 ) ( 660.900, 1152.040 )


SHORT: ( Metal Short ) Special Wire of Net VSS & Pin of Cell InstructionFetch_Module_InstructionMemory_instr_sram  ( met3 )
Bounds : ( 657.900, 1160.300 ) ( 660.900, 1160.320 )


SPACING: ( ParallelRunLength Spacing ) Special Wire of Net VSS & Blockage of Cell InstructionFetch_Module_InstructionMemory_instr_sram  ( met3 )
Bounds : ( 607.900, 1159.700 ) ( 610.900, 1159.920 )


SPACING: ( ParallelRunLength Spacing ) Special Wire of Net VSS & Blockage of Cell InstructionFetch_Module_InstructionMemory_instr_sram  ( met3 )
Bounds : ( 657.900, 1159.700 ) ( 660.900, 1159.920 )


SHORT: ( Metal Short ) Special Wire of Net VDD & Blockage of Cell InstructionFetch_Module_InstructionMemory_instr_sram  ( met2 )
Bounds : ( 534.900, 1139.220 ) ( 537.900, 1139.620 )


SHORT: ( Metal Short ) Special Wire of Net VDD & Blockage of Cell InstructionFetch_Module_InstructionMemory_instr_sram  ( met2 )
Bounds : ( 534.900, 1147.500 ) ( 537.900, 1147.900 )


SHORT: ( Metal Short ) Special Wire of Net VDD & Blockage of Cell InstructionFetch_Module_InstructionMemory_instr_sram  ( met2 )
Bounds : ( 534.900, 1155.780 ) ( 537.900, 1156.180 )


SHORT: ( Metal Short ) Special Wire of Net VDD & Blockage of Cell InstructionFetch_Module_InstructionMemory_instr_sram  ( met2 )
Bounds : ( 534.900, 1164.060 ) ( 537.900, 1164.460 )


SHORT: ( Metal Short ) Special Wire of Net VSS & Blockage of Cell InstructionFetch_Module_InstructionMemory_instr_sram  ( met2 )
Bounds : ( 557.900, 1143.360 ) ( 560.900, 1143.760 )


SHORT: ( Metal Short ) Special Wire of Net VSS & Blockage of Cell InstructionFetch_Module_InstructionMemory_instr_sram  ( met2 )
Bounds : ( 557.900, 1151.640 ) ( 560.900, 1152.040 )


SHORT: ( Metal Short ) Special Wire of Net VSS & Blockage of Cell InstructionFetch_Module_InstructionMemory_instr_sram  ( met2 )
Bounds : ( 557.900, 1159.920 ) ( 560.900, 1160.320 )


SHORT: ( Metal Short ) Special Wire of Net VDD & Blockage of Cell InstructionFetch_Module_InstructionMemory_instr_sram  ( met2 )
Bounds : ( 584.900, 1139.220 ) ( 587.900, 1139.620 )


SHORT: ( Metal Short ) Special Wire of Net VDD & Blockage of Cell InstructionFetch_Module_InstructionMemory_instr_sram  ( met2 )
Bounds : ( 584.900, 1147.500 ) ( 587.900, 1147.900 )


SHORT: ( Metal Short ) Special Wire of Net VDD & Blockage of Cell InstructionFetch_Module_InstructionMemory_instr_sram  ( met2 )
Bounds : ( 584.900, 1155.780 ) ( 587.900, 1156.180 )


SHORT: ( Metal Short ) Special Wire of Net VDD & Blockage of Cell InstructionFetch_Module_InstructionMemory_instr_sram  ( met2 )
Bounds : ( 584.900, 1164.060 ) ( 587.900, 1164.460 )


SHORT: ( Metal Short ) Special Wire of Net VDD & Blockage of Cell InstructionFetch_Module_InstructionMemory_instr_sram  ( met3 )
Bounds : ( 534.900, 1139.220 ) ( 537.900, 1139.620 )


SHORT: ( Metal Short ) Special Wire of Net VDD & Blockage of Cell InstructionFetch_Module_InstructionMemory_instr_sram  ( met3 )
Bounds : ( 534.900, 1147.500 ) ( 537.900, 1147.900 )


SHORT: ( Metal Short ) Special Wire of Net VDD & Blockage of Cell InstructionFetch_Module_InstructionMemory_instr_sram  ( met3 )
Bounds : ( 534.900, 1155.780 ) ( 537.900, 1156.180 )


SHORT: ( Metal Short ) Special Wire of Net VDD & Pin of Cell InstructionFetch_Module_InstructionMemory_instr_sram  ( met3 )
Bounds : ( 534.900, 1164.060 ) ( 537.900, 1164.460 )


SHORT: ( Metal Short ) Special Wire of Net VSS & Blockage of Cell InstructionFetch_Module_InstructionMemory_instr_sram  ( met3 )
Bounds : ( 557.900, 1143.360 ) ( 560.900, 1143.760 )


SHORT: ( Metal Short ) Special Wire of Net VSS & Blockage of Cell InstructionFetch_Module_InstructionMemory_instr_sram  ( met3 )
Bounds : ( 557.900, 1151.640 ) ( 560.900, 1152.040 )


SHORT: ( Metal Short ) Special Wire of Net VSS & Pin of Cell InstructionFetch_Module_InstructionMemory_instr_sram  ( met3 )
Bounds : ( 557.900, 1160.300 ) ( 560.900, 1160.320 )


SHORT: ( Metal Short ) Special Wire of Net VDD & Blockage of Cell InstructionFetch_Module_InstructionMemory_instr_sram  ( met3 )
Bounds : ( 584.900, 1139.220 ) ( 587.900, 1139.620 )


SHORT: ( Metal Short ) Special Wire of Net VDD & Blockage of Cell InstructionFetch_Module_InstructionMemory_instr_sram  ( met3 )
Bounds : ( 584.900, 1147.500 ) ( 587.900, 1147.900 )


SHORT: ( Metal Short ) Special Wire of Net VDD & Blockage of Cell InstructionFetch_Module_InstructionMemory_instr_sram  ( met3 )
Bounds : ( 584.900, 1155.780 ) ( 587.900, 1156.180 )


SHORT: ( Metal Short ) Special Wire of Net VDD & Pin of Cell InstructionFetch_Module_InstructionMemory_instr_sram  ( met3 )
Bounds : ( 584.900, 1164.060 ) ( 587.900, 1164.460 )


SPACING: ( ParallelRunLength Spacing ) Special Wire of Net VSS & Blockage of Cell InstructionFetch_Module_InstructionMemory_instr_sram  ( met3 )
Bounds : ( 557.900, 1159.700 ) ( 560.900, 1159.920 )


SHORT: ( Metal Short ) Special Wire of Net VSS & Blockage of Cell InstructionFetch_Module_InstructionMemory_instr_sram  ( met2 )
Bounds : ( 807.900, 1101.960 ) ( 810.900, 1102.360 )


SHORT: ( Metal Short ) Special Wire of Net VSS & Blockage of Cell InstructionFetch_Module_InstructionMemory_instr_sram  ( met2 )
Bounds : ( 807.900, 1110.240 ) ( 810.900, 1110.640 )


SHORT: ( Metal Short ) Special Wire of Net VSS & Blockage of Cell InstructionFetch_Module_InstructionMemory_instr_sram  ( met2 )
Bounds : ( 807.900, 1118.520 ) ( 810.900, 1118.920 )


SHORT: ( Metal Short ) Special Wire of Net VSS & Blockage of Cell InstructionFetch_Module_InstructionMemory_instr_sram  ( met2 )
Bounds : ( 807.900, 1126.800 ) ( 810.900, 1127.200 )


SHORT: ( Metal Short ) Special Wire of Net VDD & Blockage of Cell InstructionFetch_Module_InstructionMemory_instr_sram  ( met2 )
Bounds : ( 834.900, 1106.100 ) ( 837.900, 1106.500 )


SHORT: ( Metal Short ) Special Wire of Net VDD & Blockage of Cell InstructionFetch_Module_InstructionMemory_instr_sram  ( met2 )
Bounds : ( 834.900, 1114.380 ) ( 837.900, 1114.780 )


SHORT: ( Metal Short ) Special Wire of Net VDD & Blockage of Cell InstructionFetch_Module_InstructionMemory_instr_sram  ( met2 )
Bounds : ( 834.900, 1122.660 ) ( 837.900, 1123.060 )


SHORT: ( Metal Short ) Special Wire of Net VSS & Blockage of Cell InstructionFetch_Module_InstructionMemory_instr_sram  ( met3 )
Bounds : ( 807.900, 1101.960 ) ( 810.900, 1102.360 )


SHORT: ( Metal Short ) Special Wire of Net VSS & Blockage of Cell InstructionFetch_Module_InstructionMemory_instr_sram  ( met3 )
Bounds : ( 807.900, 1110.240 ) ( 810.900, 1110.640 )


SHORT: ( Metal Short ) Special Wire of Net VSS & Blockage of Cell InstructionFetch_Module_InstructionMemory_instr_sram  ( met3 )
Bounds : ( 807.900, 1118.520 ) ( 810.900, 1118.920 )


SHORT: ( Metal Short ) Special Wire of Net VSS & Blockage of Cell InstructionFetch_Module_InstructionMemory_instr_sram  ( met3 )
Bounds : ( 807.900, 1126.800 ) ( 810.900, 1127.200 )


SHORT: ( Metal Short ) Special Wire of Net VDD & Blockage of Cell InstructionFetch_Module_InstructionMemory_instr_sram  ( met3 )
Bounds : ( 834.900, 1106.100 ) ( 837.900, 1106.500 )


SHORT: ( Metal Short ) Special Wire of Net VDD & Blockage of Cell InstructionFetch_Module_InstructionMemory_instr_sram  ( met3 )
Bounds : ( 834.900, 1114.380 ) ( 837.900, 1114.780 )


SHORT: ( Metal Short ) Special Wire of Net VDD & Blockage of Cell InstructionFetch_Module_InstructionMemory_instr_sram  ( met3 )
Bounds : ( 834.900, 1122.660 ) ( 837.900, 1123.060 )


SHORT: ( Metal Short ) Special Wire of Net VSS & Blockage of Cell InstructionFetch_Module_InstructionMemory_instr_sram  ( met2 )
Bounds : ( 807.900, 1135.080 ) ( 810.900, 1135.480 )


SHORT: ( Metal Short ) Special Wire of Net VDD & Blockage of Cell InstructionFetch_Module_InstructionMemory_instr_sram  ( met2 )
Bounds : ( 834.900, 1130.940 ) ( 837.900, 1131.340 )


SHORT: ( Metal Short ) Special Wire of Net VSS & Blockage of Cell InstructionFetch_Module_InstructionMemory_instr_sram  ( met3 )
Bounds : ( 807.900, 1135.080 ) ( 810.900, 1135.480 )


SHORT: ( Metal Short ) Special Wire of Net VDD & Blockage of Cell InstructionFetch_Module_InstructionMemory_instr_sram  ( met3 )
Bounds : ( 834.900, 1130.940 ) ( 837.900, 1131.340 )


SHORT: ( Metal Short ) Special Wire of Net VSS & Blockage of Cell InstructionFetch_Module_InstructionMemory_instr_sram  ( met2 )
Bounds : ( 757.900, 1101.960 ) ( 760.900, 1102.360 )


SHORT: ( Metal Short ) Special Wire of Net VSS & Blockage of Cell InstructionFetch_Module_InstructionMemory_instr_sram  ( met2 )
Bounds : ( 757.900, 1110.240 ) ( 760.900, 1110.640 )


SHORT: ( Metal Short ) Special Wire of Net VSS & Blockage of Cell InstructionFetch_Module_InstructionMemory_instr_sram  ( met2 )
Bounds : ( 757.900, 1118.520 ) ( 760.900, 1118.920 )


SHORT: ( Metal Short ) Special Wire of Net VSS & Blockage of Cell InstructionFetch_Module_InstructionMemory_instr_sram  ( met2 )
Bounds : ( 757.900, 1126.800 ) ( 760.900, 1127.200 )


SHORT: ( Metal Short ) Special Wire of Net VDD & Blockage of Cell InstructionFetch_Module_InstructionMemory_instr_sram  ( met2 )
Bounds : ( 784.900, 1106.100 ) ( 787.900, 1106.500 )


SHORT: ( Metal Short ) Special Wire of Net VDD & Blockage of Cell InstructionFetch_Module_InstructionMemory_instr_sram  ( met2 )
Bounds : ( 784.900, 1114.380 ) ( 787.900, 1114.780 )


SHORT: ( Metal Short ) Special Wire of Net VDD & Blockage of Cell InstructionFetch_Module_InstructionMemory_instr_sram  ( met2 )
Bounds : ( 784.900, 1122.660 ) ( 787.900, 1123.060 )


SHORT: ( Metal Short ) Special Wire of Net VSS & Blockage of Cell InstructionFetch_Module_InstructionMemory_instr_sram  ( met3 )
Bounds : ( 757.900, 1101.960 ) ( 760.900, 1102.360 )


SHORT: ( Metal Short ) Special Wire of Net VSS & Blockage of Cell InstructionFetch_Module_InstructionMemory_instr_sram  ( met3 )
Bounds : ( 757.900, 1110.240 ) ( 760.900, 1110.640 )


SHORT: ( Metal Short ) Special Wire of Net VSS & Blockage of Cell InstructionFetch_Module_InstructionMemory_instr_sram  ( met3 )
Bounds : ( 757.900, 1118.520 ) ( 760.900, 1118.920 )


SHORT: ( Metal Short ) Special Wire of Net VSS & Blockage of Cell InstructionFetch_Module_InstructionMemory_instr_sram  ( met3 )
Bounds : ( 757.900, 1126.800 ) ( 760.900, 1127.200 )


SHORT: ( Metal Short ) Special Wire of Net VDD & Blockage of Cell InstructionFetch_Module_InstructionMemory_instr_sram  ( met3 )
Bounds : ( 784.900, 1106.100 ) ( 787.900, 1106.500 )


SHORT: ( Metal Short ) Special Wire of Net VDD & Blockage of Cell InstructionFetch_Module_InstructionMemory_instr_sram  ( met3 )
Bounds : ( 784.900, 1114.380 ) ( 787.900, 1114.780 )


SHORT: ( Metal Short ) Special Wire of Net VDD & Blockage of Cell InstructionFetch_Module_InstructionMemory_instr_sram  ( met3 )
Bounds : ( 784.900, 1122.660 ) ( 787.900, 1123.060 )


SHORT: ( Metal Short ) Special Wire of Net VSS & Blockage of Cell InstructionFetch_Module_InstructionMemory_instr_sram  ( met2 )
Bounds : ( 757.900, 1135.080 ) ( 760.900, 1135.480 )


SHORT: ( Metal Short ) Special Wire of Net VDD & Blockage of Cell InstructionFetch_Module_InstructionMemory_instr_sram  ( met2 )
Bounds : ( 784.900, 1130.940 ) ( 787.900, 1131.340 )


SHORT: ( Metal Short ) Special Wire of Net VSS & Blockage of Cell InstructionFetch_Module_InstructionMemory_instr_sram  ( met3 )
Bounds : ( 757.900, 1135.080 ) ( 760.900, 1135.480 )


SHORT: ( Metal Short ) Special Wire of Net VDD & Blockage of Cell InstructionFetch_Module_InstructionMemory_instr_sram  ( met3 )
Bounds : ( 784.900, 1130.940 ) ( 787.900, 1131.340 )


SHORT: ( Metal Short ) Special Wire of Net VSS & Blockage of Cell InstructionFetch_Module_InstructionMemory_instr_sram  ( met2 )
Bounds : ( 807.900, 1060.560 ) ( 810.900, 1060.960 )


SHORT: ( Metal Short ) Special Wire of Net VSS & Blockage of Cell InstructionFetch_Module_InstructionMemory_instr_sram  ( met2 )
Bounds : ( 807.900, 1068.840 ) ( 810.900, 1069.240 )


SHORT: ( Metal Short ) Special Wire of Net VSS & Blockage of Cell InstructionFetch_Module_InstructionMemory_instr_sram  ( met2 )
Bounds : ( 807.900, 1077.120 ) ( 810.900, 1077.520 )


SHORT: ( Metal Short ) Special Wire of Net VSS & Blockage of Cell InstructionFetch_Module_InstructionMemory_instr_sram  ( met2 )
Bounds : ( 807.900, 1085.400 ) ( 810.900, 1085.800 )


SHORT: ( Metal Short ) Special Wire of Net VSS & Blockage of Cell InstructionFetch_Module_InstructionMemory_instr_sram  ( met2 )
Bounds : ( 807.900, 1093.680 ) ( 810.900, 1094.080 )


SHORT: ( Metal Short ) Special Wire of Net VDD & Blockage of Cell InstructionFetch_Module_InstructionMemory_instr_sram  ( met2 )
Bounds : ( 834.900, 1064.700 ) ( 837.900, 1065.100 )


SHORT: ( Metal Short ) Special Wire of Net VDD & Blockage of Cell InstructionFetch_Module_InstructionMemory_instr_sram  ( met2 )
Bounds : ( 834.900, 1072.980 ) ( 837.900, 1073.380 )


SHORT: ( Metal Short ) Special Wire of Net VDD & Blockage of Cell InstructionFetch_Module_InstructionMemory_instr_sram  ( met2 )
Bounds : ( 834.900, 1081.260 ) ( 837.900, 1081.660 )


SHORT: ( Metal Short ) Special Wire of Net VDD & Blockage of Cell InstructionFetch_Module_InstructionMemory_instr_sram  ( met2 )
Bounds : ( 834.900, 1089.540 ) ( 837.900, 1089.940 )


SHORT: ( Metal Short ) Special Wire of Net VDD & Blockage of Cell InstructionFetch_Module_InstructionMemory_instr_sram  ( met2 )
Bounds : ( 834.900, 1097.820 ) ( 837.900, 1098.220 )


SHORT: ( Metal Short ) Special Wire of Net VSS & Blockage of Cell InstructionFetch_Module_InstructionMemory_instr_sram  ( met3 )
Bounds : ( 807.900, 1060.560 ) ( 810.900, 1060.960 )


SHORT: ( Metal Short ) Special Wire of Net VSS & Blockage of Cell InstructionFetch_Module_InstructionMemory_instr_sram  ( met3 )
Bounds : ( 807.900, 1068.840 ) ( 810.900, 1069.240 )


SHORT: ( Metal Short ) Special Wire of Net VSS & Blockage of Cell InstructionFetch_Module_InstructionMemory_instr_sram  ( met3 )
Bounds : ( 807.900, 1077.120 ) ( 810.900, 1077.520 )


SHORT: ( Metal Short ) Special Wire of Net VSS & Blockage of Cell InstructionFetch_Module_InstructionMemory_instr_sram  ( met3 )
Bounds : ( 807.900, 1085.400 ) ( 810.900, 1085.800 )


SHORT: ( Metal Short ) Special Wire of Net VSS & Blockage of Cell InstructionFetch_Module_InstructionMemory_instr_sram  ( met3 )
Bounds : ( 807.900, 1093.680 ) ( 810.900, 1094.080 )


SHORT: ( Metal Short ) Special Wire of Net VDD & Blockage of Cell InstructionFetch_Module_InstructionMemory_instr_sram  ( met3 )
Bounds : ( 834.900, 1064.700 ) ( 837.900, 1065.100 )


SHORT: ( Metal Short ) Special Wire of Net VDD & Blockage of Cell InstructionFetch_Module_InstructionMemory_instr_sram  ( met3 )
Bounds : ( 834.900, 1072.980 ) ( 837.900, 1073.380 )


SHORT: ( Metal Short ) Special Wire of Net VDD & Blockage of Cell InstructionFetch_Module_InstructionMemory_instr_sram  ( met3 )
Bounds : ( 834.900, 1081.260 ) ( 837.900, 1081.660 )


SHORT: ( Metal Short ) Special Wire of Net VDD & Blockage of Cell InstructionFetch_Module_InstructionMemory_instr_sram  ( met3 )
Bounds : ( 834.900, 1089.540 ) ( 837.900, 1089.940 )


SHORT: ( Metal Short ) Special Wire of Net VDD & Blockage of Cell InstructionFetch_Module_InstructionMemory_instr_sram  ( met3 )
Bounds : ( 834.900, 1097.820 ) ( 837.900, 1098.220 )


SHORT: ( Metal Short ) Special Wire of Net VSS & Blockage of Cell InstructionFetch_Module_InstructionMemory_instr_sram  ( met2 )
Bounds : ( 757.900, 1060.560 ) ( 760.900, 1060.960 )


SHORT: ( Metal Short ) Special Wire of Net VSS & Blockage of Cell InstructionFetch_Module_InstructionMemory_instr_sram  ( met2 )
Bounds : ( 757.900, 1068.840 ) ( 760.900, 1069.240 )


SHORT: ( Metal Short ) Special Wire of Net VSS & Blockage of Cell InstructionFetch_Module_InstructionMemory_instr_sram  ( met2 )
Bounds : ( 757.900, 1077.120 ) ( 760.900, 1077.520 )


SHORT: ( Metal Short ) Special Wire of Net VSS & Blockage of Cell InstructionFetch_Module_InstructionMemory_instr_sram  ( met2 )
Bounds : ( 757.900, 1085.400 ) ( 760.900, 1085.800 )


SHORT: ( Metal Short ) Special Wire of Net VSS & Blockage of Cell InstructionFetch_Module_InstructionMemory_instr_sram  ( met2 )
Bounds : ( 757.900, 1093.680 ) ( 760.900, 1094.080 )


SHORT: ( Metal Short ) Special Wire of Net VDD & Blockage of Cell InstructionFetch_Module_InstructionMemory_instr_sram  ( met2 )
Bounds : ( 784.900, 1064.700 ) ( 787.900, 1065.100 )


SHORT: ( Metal Short ) Special Wire of Net VDD & Blockage of Cell InstructionFetch_Module_InstructionMemory_instr_sram  ( met2 )
Bounds : ( 784.900, 1072.980 ) ( 787.900, 1073.380 )


SHORT: ( Metal Short ) Special Wire of Net VDD & Blockage of Cell InstructionFetch_Module_InstructionMemory_instr_sram  ( met2 )
Bounds : ( 784.900, 1081.260 ) ( 787.900, 1081.660 )


SHORT: ( Metal Short ) Special Wire of Net VDD & Blockage of Cell InstructionFetch_Module_InstructionMemory_instr_sram  ( met2 )
Bounds : ( 784.900, 1089.540 ) ( 787.900, 1089.940 )


SHORT: ( Metal Short ) Special Wire of Net VDD & Blockage of Cell InstructionFetch_Module_InstructionMemory_instr_sram  ( met2 )
Bounds : ( 784.900, 1097.820 ) ( 787.900, 1098.220 )


SHORT: ( Metal Short ) Special Wire of Net VSS & Blockage of Cell InstructionFetch_Module_InstructionMemory_instr_sram  ( met3 )
Bounds : ( 757.900, 1060.560 ) ( 760.900, 1060.960 )


SHORT: ( Metal Short ) Special Wire of Net VSS & Blockage of Cell InstructionFetch_Module_InstructionMemory_instr_sram  ( met3 )
Bounds : ( 757.900, 1068.840 ) ( 760.900, 1069.240 )


SHORT: ( Metal Short ) Special Wire of Net VSS & Blockage of Cell InstructionFetch_Module_InstructionMemory_instr_sram  ( met3 )
Bounds : ( 757.900, 1077.120 ) ( 760.900, 1077.520 )


SHORT: ( Metal Short ) Special Wire of Net VSS & Blockage of Cell InstructionFetch_Module_InstructionMemory_instr_sram  ( met3 )
Bounds : ( 757.900, 1085.400 ) ( 760.900, 1085.800 )


SHORT: ( Metal Short ) Special Wire of Net VSS & Blockage of Cell InstructionFetch_Module_InstructionMemory_instr_sram  ( met3 )
Bounds : ( 757.900, 1093.680 ) ( 760.900, 1094.080 )


SHORT: ( Metal Short ) Special Wire of Net VDD & Blockage of Cell InstructionFetch_Module_InstructionMemory_instr_sram  ( met3 )
Bounds : ( 784.900, 1064.700 ) ( 787.900, 1065.100 )


SHORT: ( Metal Short ) Special Wire of Net VDD & Blockage of Cell InstructionFetch_Module_InstructionMemory_instr_sram  ( met3 )
Bounds : ( 784.900, 1072.980 ) ( 787.900, 1073.380 )


SHORT: ( Metal Short ) Special Wire of Net VDD & Blockage of Cell InstructionFetch_Module_InstructionMemory_instr_sram  ( met3 )
Bounds : ( 784.900, 1081.260 ) ( 787.900, 1081.660 )


SHORT: ( Metal Short ) Special Wire of Net VDD & Blockage of Cell InstructionFetch_Module_InstructionMemory_instr_sram  ( met3 )
Bounds : ( 784.900, 1089.540 ) ( 787.900, 1089.940 )


SHORT: ( Metal Short ) Special Wire of Net VDD & Blockage of Cell InstructionFetch_Module_InstructionMemory_instr_sram  ( met3 )
Bounds : ( 784.900, 1097.820 ) ( 787.900, 1098.220 )


SHORT: ( Metal Short ) Special Wire of Net VDD & Blockage of Cell InstructionFetch_Module_InstructionMemory_instr_sram  ( met2 )
Bounds : ( 684.900, 1106.100 ) ( 687.900, 1106.500 )


SHORT: ( Metal Short ) Special Wire of Net VDD & Blockage of Cell InstructionFetch_Module_InstructionMemory_instr_sram  ( met2 )
Bounds : ( 684.900, 1114.380 ) ( 687.900, 1114.780 )


SHORT: ( Metal Short ) Special Wire of Net VDD & Blockage of Cell InstructionFetch_Module_InstructionMemory_instr_sram  ( met2 )
Bounds : ( 684.900, 1122.660 ) ( 687.900, 1123.060 )


SHORT: ( Metal Short ) Special Wire of Net VDD & Blockage of Cell InstructionFetch_Module_InstructionMemory_instr_sram  ( met3 )
Bounds : ( 684.900, 1106.100 ) ( 687.900, 1106.500 )


SHORT: ( Metal Short ) Special Wire of Net VDD & Blockage of Cell InstructionFetch_Module_InstructionMemory_instr_sram  ( met3 )
Bounds : ( 684.900, 1114.380 ) ( 687.900, 1114.780 )


SHORT: ( Metal Short ) Special Wire of Net VDD & Blockage of Cell InstructionFetch_Module_InstructionMemory_instr_sram  ( met3 )
Bounds : ( 684.900, 1122.660 ) ( 687.900, 1123.060 )


SHORT: ( Metal Short ) Special Wire of Net VSS & Blockage of Cell InstructionFetch_Module_InstructionMemory_instr_sram  ( met2 )
Bounds : ( 707.900, 1101.960 ) ( 710.900, 1102.360 )


SHORT: ( Metal Short ) Special Wire of Net VSS & Blockage of Cell InstructionFetch_Module_InstructionMemory_instr_sram  ( met2 )
Bounds : ( 707.900, 1110.240 ) ( 710.900, 1110.640 )


SHORT: ( Metal Short ) Special Wire of Net VSS & Blockage of Cell InstructionFetch_Module_InstructionMemory_instr_sram  ( met2 )
Bounds : ( 707.900, 1118.520 ) ( 710.900, 1118.920 )


SHORT: ( Metal Short ) Special Wire of Net VSS & Blockage of Cell InstructionFetch_Module_InstructionMemory_instr_sram  ( met2 )
Bounds : ( 707.900, 1126.800 ) ( 710.900, 1127.200 )


SHORT: ( Metal Short ) Special Wire of Net VDD & Blockage of Cell InstructionFetch_Module_InstructionMemory_instr_sram  ( met2 )
Bounds : ( 734.900, 1106.100 ) ( 737.900, 1106.500 )


SHORT: ( Metal Short ) Special Wire of Net VDD & Blockage of Cell InstructionFetch_Module_InstructionMemory_instr_sram  ( met2 )
Bounds : ( 734.900, 1114.380 ) ( 737.900, 1114.780 )


SHORT: ( Metal Short ) Special Wire of Net VDD & Blockage of Cell InstructionFetch_Module_InstructionMemory_instr_sram  ( met2 )
Bounds : ( 734.900, 1122.660 ) ( 737.900, 1123.060 )


SHORT: ( Metal Short ) Special Wire of Net VSS & Blockage of Cell InstructionFetch_Module_InstructionMemory_instr_sram  ( met3 )
Bounds : ( 707.900, 1101.960 ) ( 710.900, 1102.360 )


SHORT: ( Metal Short ) Special Wire of Net VSS & Blockage of Cell InstructionFetch_Module_InstructionMemory_instr_sram  ( met3 )
Bounds : ( 707.900, 1110.240 ) ( 710.900, 1110.640 )


SHORT: ( Metal Short ) Special Wire of Net VSS & Blockage of Cell InstructionFetch_Module_InstructionMemory_instr_sram  ( met3 )
Bounds : ( 707.900, 1118.520 ) ( 710.900, 1118.920 )


SHORT: ( Metal Short ) Special Wire of Net VSS & Blockage of Cell InstructionFetch_Module_InstructionMemory_instr_sram  ( met3 )
Bounds : ( 707.900, 1126.800 ) ( 710.900, 1127.200 )


SHORT: ( Metal Short ) Special Wire of Net VDD & Blockage of Cell InstructionFetch_Module_InstructionMemory_instr_sram  ( met3 )
Bounds : ( 734.900, 1106.100 ) ( 737.900, 1106.500 )


SHORT: ( Metal Short ) Special Wire of Net VDD & Blockage of Cell InstructionFetch_Module_InstructionMemory_instr_sram  ( met3 )
Bounds : ( 734.900, 1114.380 ) ( 737.900, 1114.780 )


SHORT: ( Metal Short ) Special Wire of Net VDD & Blockage of Cell InstructionFetch_Module_InstructionMemory_instr_sram  ( met3 )
Bounds : ( 734.900, 1122.660 ) ( 737.900, 1123.060 )


SHORT: ( Metal Short ) Special Wire of Net VDD & Blockage of Cell InstructionFetch_Module_InstructionMemory_instr_sram  ( met2 )
Bounds : ( 684.900, 1130.940 ) ( 687.900, 1131.340 )


SHORT: ( Metal Short ) Special Wire of Net VDD & Blockage of Cell InstructionFetch_Module_InstructionMemory_instr_sram  ( met3 )
Bounds : ( 684.900, 1130.940 ) ( 687.900, 1131.340 )


SHORT: ( Metal Short ) Special Wire of Net VSS & Blockage of Cell InstructionFetch_Module_InstructionMemory_instr_sram  ( met2 )
Bounds : ( 707.900, 1135.080 ) ( 710.900, 1135.480 )


SHORT: ( Metal Short ) Special Wire of Net VDD & Blockage of Cell InstructionFetch_Module_InstructionMemory_instr_sram  ( met2 )
Bounds : ( 734.900, 1130.940 ) ( 737.900, 1131.340 )


SHORT: ( Metal Short ) Special Wire of Net VSS & Blockage of Cell InstructionFetch_Module_InstructionMemory_instr_sram  ( met3 )
Bounds : ( 707.900, 1135.080 ) ( 710.900, 1135.480 )


SHORT: ( Metal Short ) Special Wire of Net VDD & Blockage of Cell InstructionFetch_Module_InstructionMemory_instr_sram  ( met3 )
Bounds : ( 734.900, 1130.940 ) ( 737.900, 1131.340 )


SHORT: ( Metal Short ) Special Wire of Net VDD & Blockage of Cell InstructionFetch_Module_InstructionMemory_instr_sram  ( met2 )
Bounds : ( 734.900, 1064.700 ) ( 737.900, 1065.100 )


SHORT: ( Metal Short ) Special Wire of Net VDD & Blockage of Cell InstructionFetch_Module_InstructionMemory_instr_sram  ( met2 )
Bounds : ( 734.900, 1072.980 ) ( 737.900, 1073.380 )


SHORT: ( Metal Short ) Special Wire of Net VDD & Blockage of Cell InstructionFetch_Module_InstructionMemory_instr_sram  ( met2 )
Bounds : ( 734.900, 1081.260 ) ( 737.900, 1081.660 )


SHORT: ( Metal Short ) Special Wire of Net VDD & Blockage of Cell InstructionFetch_Module_InstructionMemory_instr_sram  ( met2 )
Bounds : ( 734.900, 1089.540 ) ( 737.900, 1089.940 )


SHORT: ( Metal Short ) Special Wire of Net VDD & Blockage of Cell InstructionFetch_Module_InstructionMemory_instr_sram  ( met2 )
Bounds : ( 734.900, 1097.820 ) ( 737.900, 1098.220 )


SHORT: ( Metal Short ) Special Wire of Net VDD & Blockage of Cell InstructionFetch_Module_InstructionMemory_instr_sram  ( met3 )
Bounds : ( 734.900, 1064.700 ) ( 737.900, 1065.100 )


SHORT: ( Metal Short ) Special Wire of Net VDD & Blockage of Cell InstructionFetch_Module_InstructionMemory_instr_sram  ( met3 )
Bounds : ( 734.900, 1072.980 ) ( 737.900, 1073.380 )


SHORT: ( Metal Short ) Special Wire of Net VDD & Blockage of Cell InstructionFetch_Module_InstructionMemory_instr_sram  ( met3 )
Bounds : ( 734.900, 1081.260 ) ( 737.900, 1081.660 )


SHORT: ( Metal Short ) Special Wire of Net VDD & Blockage of Cell InstructionFetch_Module_InstructionMemory_instr_sram  ( met3 )
Bounds : ( 734.900, 1089.540 ) ( 737.900, 1089.940 )


SHORT: ( Metal Short ) Special Wire of Net VDD & Blockage of Cell InstructionFetch_Module_InstructionMemory_instr_sram  ( met3 )
Bounds : ( 734.900, 1097.820 ) ( 737.900, 1098.220 )


SHORT: ( Metal Short ) Special Wire of Net VDD & Blockage of Cell InstructionFetch_Module_InstructionMemory_instr_sram  ( met2 )
Bounds : ( 684.900, 1064.700 ) ( 687.900, 1065.100 )


SHORT: ( Metal Short ) Special Wire of Net VDD & Blockage of Cell InstructionFetch_Module_InstructionMemory_instr_sram  ( met2 )
Bounds : ( 684.900, 1072.980 ) ( 687.900, 1073.380 )


SHORT: ( Metal Short ) Special Wire of Net VDD & Blockage of Cell InstructionFetch_Module_InstructionMemory_instr_sram  ( met2 )
Bounds : ( 684.900, 1081.260 ) ( 687.900, 1081.660 )


SHORT: ( Metal Short ) Special Wire of Net VDD & Blockage of Cell InstructionFetch_Module_InstructionMemory_instr_sram  ( met2 )
Bounds : ( 684.900, 1089.540 ) ( 687.900, 1089.940 )


SHORT: ( Metal Short ) Special Wire of Net VDD & Blockage of Cell InstructionFetch_Module_InstructionMemory_instr_sram  ( met2 )
Bounds : ( 684.900, 1097.820 ) ( 687.900, 1098.220 )


SHORT: ( Metal Short ) Special Wire of Net VDD & Blockage of Cell InstructionFetch_Module_InstructionMemory_instr_sram  ( met3 )
Bounds : ( 684.900, 1064.700 ) ( 687.900, 1065.100 )


SHORT: ( Metal Short ) Special Wire of Net VDD & Blockage of Cell InstructionFetch_Module_InstructionMemory_instr_sram  ( met3 )
Bounds : ( 684.900, 1072.980 ) ( 687.900, 1073.380 )


SHORT: ( Metal Short ) Special Wire of Net VDD & Blockage of Cell InstructionFetch_Module_InstructionMemory_instr_sram  ( met3 )
Bounds : ( 684.900, 1081.260 ) ( 687.900, 1081.660 )


SHORT: ( Metal Short ) Special Wire of Net VDD & Blockage of Cell InstructionFetch_Module_InstructionMemory_instr_sram  ( met3 )
Bounds : ( 684.900, 1089.540 ) ( 687.900, 1089.940 )


SHORT: ( Metal Short ) Special Wire of Net VDD & Blockage of Cell InstructionFetch_Module_InstructionMemory_instr_sram  ( met3 )
Bounds : ( 684.900, 1097.820 ) ( 687.900, 1098.220 )


SHORT: ( Metal Short ) Special Wire of Net VSS & Blockage of Cell InstructionFetch_Module_InstructionMemory_instr_sram  ( met2 )
Bounds : ( 707.900, 1060.560 ) ( 710.900, 1060.960 )


SHORT: ( Metal Short ) Special Wire of Net VSS & Blockage of Cell InstructionFetch_Module_InstructionMemory_instr_sram  ( met2 )
Bounds : ( 707.900, 1068.840 ) ( 710.900, 1069.240 )


SHORT: ( Metal Short ) Special Wire of Net VSS & Blockage of Cell InstructionFetch_Module_InstructionMemory_instr_sram  ( met2 )
Bounds : ( 707.900, 1077.120 ) ( 710.900, 1077.520 )


SHORT: ( Metal Short ) Special Wire of Net VSS & Blockage of Cell InstructionFetch_Module_InstructionMemory_instr_sram  ( met2 )
Bounds : ( 707.900, 1085.400 ) ( 710.900, 1085.800 )


SHORT: ( Metal Short ) Special Wire of Net VSS & Blockage of Cell InstructionFetch_Module_InstructionMemory_instr_sram  ( met2 )
Bounds : ( 707.900, 1093.680 ) ( 710.900, 1094.080 )


SHORT: ( Metal Short ) Special Wire of Net VSS & Blockage of Cell InstructionFetch_Module_InstructionMemory_instr_sram  ( met3 )
Bounds : ( 707.900, 1060.560 ) ( 710.900, 1060.960 )


SHORT: ( Metal Short ) Special Wire of Net VSS & Blockage of Cell InstructionFetch_Module_InstructionMemory_instr_sram  ( met3 )
Bounds : ( 707.900, 1068.840 ) ( 710.900, 1069.240 )


SHORT: ( Metal Short ) Special Wire of Net VSS & Blockage of Cell InstructionFetch_Module_InstructionMemory_instr_sram  ( met3 )
Bounds : ( 707.900, 1077.120 ) ( 710.900, 1077.520 )


SHORT: ( Metal Short ) Special Wire of Net VSS & Blockage of Cell InstructionFetch_Module_InstructionMemory_instr_sram  ( met3 )
Bounds : ( 707.900, 1085.400 ) ( 710.900, 1085.800 )


SHORT: ( Metal Short ) Special Wire of Net VSS & Blockage of Cell InstructionFetch_Module_InstructionMemory_instr_sram  ( met3 )
Bounds : ( 707.900, 1093.680 ) ( 710.900, 1094.080 )


SHORT: ( Metal Short ) Special Wire of Net VSS & Blockage of Cell InstructionFetch_Module_InstructionMemory_instr_sram  ( met2 )
Bounds : ( 807.900, 1019.160 ) ( 810.900, 1019.560 )


SHORT: ( Metal Short ) Special Wire of Net VSS & Blockage of Cell InstructionFetch_Module_InstructionMemory_instr_sram  ( met2 )
Bounds : ( 807.900, 1027.440 ) ( 810.900, 1027.840 )


SHORT: ( Metal Short ) Special Wire of Net VSS & Blockage of Cell InstructionFetch_Module_InstructionMemory_instr_sram  ( met2 )
Bounds : ( 807.900, 1035.720 ) ( 810.900, 1036.120 )


SHORT: ( Metal Short ) Special Wire of Net VSS & Blockage of Cell InstructionFetch_Module_InstructionMemory_instr_sram  ( met2 )
Bounds : ( 807.900, 1044.000 ) ( 810.900, 1044.400 )


SHORT: ( Metal Short ) Special Wire of Net VSS & Blockage of Cell InstructionFetch_Module_InstructionMemory_instr_sram  ( met2 )
Bounds : ( 807.900, 1052.280 ) ( 810.900, 1052.680 )


SHORT: ( Metal Short ) Special Wire of Net VDD & Blockage of Cell InstructionFetch_Module_InstructionMemory_instr_sram  ( met2 )
Bounds : ( 834.900, 1023.300 ) ( 837.900, 1023.700 )


SHORT: ( Metal Short ) Special Wire of Net VDD & Blockage of Cell InstructionFetch_Module_InstructionMemory_instr_sram  ( met2 )
Bounds : ( 834.900, 1031.580 ) ( 837.900, 1031.980 )


SHORT: ( Metal Short ) Special Wire of Net VDD & Blockage of Cell InstructionFetch_Module_InstructionMemory_instr_sram  ( met2 )
Bounds : ( 834.900, 1039.860 ) ( 837.900, 1040.260 )


SHORT: ( Metal Short ) Special Wire of Net VDD & Blockage of Cell InstructionFetch_Module_InstructionMemory_instr_sram  ( met2 )
Bounds : ( 834.900, 1048.140 ) ( 837.900, 1048.540 )


SHORT: ( Metal Short ) Special Wire of Net VDD & Blockage of Cell InstructionFetch_Module_InstructionMemory_instr_sram  ( met2 )
Bounds : ( 834.900, 1056.420 ) ( 837.900, 1056.820 )


SHORT: ( Metal Short ) Special Wire of Net VSS & Blockage of Cell InstructionFetch_Module_InstructionMemory_instr_sram  ( met3 )
Bounds : ( 807.900, 1019.160 ) ( 810.900, 1019.560 )


SHORT: ( Metal Short ) Special Wire of Net VSS & Blockage of Cell InstructionFetch_Module_InstructionMemory_instr_sram  ( met3 )
Bounds : ( 807.900, 1027.440 ) ( 810.900, 1027.840 )


SHORT: ( Metal Short ) Special Wire of Net VSS & Blockage of Cell InstructionFetch_Module_InstructionMemory_instr_sram  ( met3 )
Bounds : ( 807.900, 1035.720 ) ( 810.900, 1036.120 )


SHORT: ( Metal Short ) Special Wire of Net VSS & Blockage of Cell InstructionFetch_Module_InstructionMemory_instr_sram  ( met3 )
Bounds : ( 807.900, 1044.000 ) ( 810.900, 1044.400 )


SHORT: ( Metal Short ) Special Wire of Net VSS & Blockage of Cell InstructionFetch_Module_InstructionMemory_instr_sram  ( met3 )
Bounds : ( 807.900, 1052.280 ) ( 810.900, 1052.680 )


SHORT: ( Metal Short ) Special Wire of Net VDD & Blockage of Cell InstructionFetch_Module_InstructionMemory_instr_sram  ( met3 )
Bounds : ( 834.900, 1023.300 ) ( 837.900, 1023.700 )


SHORT: ( Metal Short ) Special Wire of Net VDD & Blockage of Cell InstructionFetch_Module_InstructionMemory_instr_sram  ( met3 )
Bounds : ( 834.900, 1031.580 ) ( 837.900, 1031.980 )


SHORT: ( Metal Short ) Special Wire of Net VDD & Blockage of Cell InstructionFetch_Module_InstructionMemory_instr_sram  ( met3 )
Bounds : ( 834.900, 1039.860 ) ( 837.900, 1040.260 )


SHORT: ( Metal Short ) Special Wire of Net VDD & Blockage of Cell InstructionFetch_Module_InstructionMemory_instr_sram  ( met3 )
Bounds : ( 834.900, 1048.140 ) ( 837.900, 1048.540 )


SHORT: ( Metal Short ) Special Wire of Net VDD & Blockage of Cell InstructionFetch_Module_InstructionMemory_instr_sram  ( met3 )
Bounds : ( 834.900, 1056.420 ) ( 837.900, 1056.820 )


SHORT: ( Metal Short ) Special Wire of Net VSS & Blockage of Cell InstructionFetch_Module_InstructionMemory_instr_sram  ( met2 )
Bounds : ( 757.900, 1019.160 ) ( 760.900, 1019.560 )


SHORT: ( Metal Short ) Special Wire of Net VSS & Blockage of Cell InstructionFetch_Module_InstructionMemory_instr_sram  ( met2 )
Bounds : ( 757.900, 1027.440 ) ( 760.900, 1027.840 )


SHORT: ( Metal Short ) Special Wire of Net VSS & Blockage of Cell InstructionFetch_Module_InstructionMemory_instr_sram  ( met2 )
Bounds : ( 757.900, 1035.720 ) ( 760.900, 1036.120 )


SHORT: ( Metal Short ) Special Wire of Net VSS & Blockage of Cell InstructionFetch_Module_InstructionMemory_instr_sram  ( met2 )
Bounds : ( 757.900, 1044.000 ) ( 760.900, 1044.400 )


SHORT: ( Metal Short ) Special Wire of Net VSS & Blockage of Cell InstructionFetch_Module_InstructionMemory_instr_sram  ( met2 )
Bounds : ( 757.900, 1052.280 ) ( 760.900, 1052.680 )


SHORT: ( Metal Short ) Special Wire of Net VDD & Blockage of Cell InstructionFetch_Module_InstructionMemory_instr_sram  ( met2 )
Bounds : ( 784.900, 1023.300 ) ( 787.900, 1023.700 )


SHORT: ( Metal Short ) Special Wire of Net VDD & Blockage of Cell InstructionFetch_Module_InstructionMemory_instr_sram  ( met2 )
Bounds : ( 784.900, 1031.580 ) ( 787.900, 1031.980 )


SHORT: ( Metal Short ) Special Wire of Net VDD & Blockage of Cell InstructionFetch_Module_InstructionMemory_instr_sram  ( met2 )
Bounds : ( 784.900, 1039.860 ) ( 787.900, 1040.260 )


SHORT: ( Metal Short ) Special Wire of Net VDD & Blockage of Cell InstructionFetch_Module_InstructionMemory_instr_sram  ( met2 )
Bounds : ( 784.900, 1048.140 ) ( 787.900, 1048.540 )


SHORT: ( Metal Short ) Special Wire of Net VDD & Blockage of Cell InstructionFetch_Module_InstructionMemory_instr_sram  ( met2 )
Bounds : ( 784.900, 1056.420 ) ( 787.900, 1056.820 )


SHORT: ( Metal Short ) Special Wire of Net VSS & Blockage of Cell InstructionFetch_Module_InstructionMemory_instr_sram  ( met3 )
Bounds : ( 757.900, 1019.160 ) ( 760.900, 1019.560 )


SHORT: ( Metal Short ) Special Wire of Net VSS & Blockage of Cell InstructionFetch_Module_InstructionMemory_instr_sram  ( met3 )
Bounds : ( 757.900, 1027.440 ) ( 760.900, 1027.840 )


SHORT: ( Metal Short ) Special Wire of Net VSS & Blockage of Cell InstructionFetch_Module_InstructionMemory_instr_sram  ( met3 )
Bounds : ( 757.900, 1035.720 ) ( 760.900, 1036.120 )


SHORT: ( Metal Short ) Special Wire of Net VSS & Blockage of Cell InstructionFetch_Module_InstructionMemory_instr_sram  ( met3 )
Bounds : ( 757.900, 1044.000 ) ( 760.900, 1044.400 )


SHORT: ( Metal Short ) Special Wire of Net VSS & Blockage of Cell InstructionFetch_Module_InstructionMemory_instr_sram  ( met3 )
Bounds : ( 757.900, 1052.280 ) ( 760.900, 1052.680 )


SHORT: ( Metal Short ) Special Wire of Net VDD & Blockage of Cell InstructionFetch_Module_InstructionMemory_instr_sram  ( met3 )
Bounds : ( 784.900, 1023.300 ) ( 787.900, 1023.700 )


SHORT: ( Metal Short ) Special Wire of Net VDD & Blockage of Cell InstructionFetch_Module_InstructionMemory_instr_sram  ( met3 )
Bounds : ( 784.900, 1031.580 ) ( 787.900, 1031.980 )


SHORT: ( Metal Short ) Special Wire of Net VDD & Blockage of Cell InstructionFetch_Module_InstructionMemory_instr_sram  ( met3 )
Bounds : ( 784.900, 1039.860 ) ( 787.900, 1040.260 )


SHORT: ( Metal Short ) Special Wire of Net VDD & Blockage of Cell InstructionFetch_Module_InstructionMemory_instr_sram  ( met3 )
Bounds : ( 784.900, 1048.140 ) ( 787.900, 1048.540 )


SHORT: ( Metal Short ) Special Wire of Net VDD & Blockage of Cell InstructionFetch_Module_InstructionMemory_instr_sram  ( met3 )
Bounds : ( 784.900, 1056.420 ) ( 787.900, 1056.820 )


SHORT: ( Metal Short ) Special Wire of Net VSS & Blockage of Cell InstructionFetch_Module_InstructionMemory_instr_sram  ( met2 )
Bounds : ( 807.900, 977.760 ) ( 810.900, 978.160 )


SHORT: ( Metal Short ) Special Wire of Net VSS & Blockage of Cell InstructionFetch_Module_InstructionMemory_instr_sram  ( met2 )
Bounds : ( 807.900, 986.040 ) ( 810.900, 986.440 )


SHORT: ( Metal Short ) Special Wire of Net VSS & Blockage of Cell InstructionFetch_Module_InstructionMemory_instr_sram  ( met2 )
Bounds : ( 807.900, 994.320 ) ( 810.900, 994.720 )


SHORT: ( Metal Short ) Special Wire of Net VSS & Blockage of Cell InstructionFetch_Module_InstructionMemory_instr_sram  ( met2 )
Bounds : ( 807.900, 1002.600 ) ( 810.900, 1003.000 )


SHORT: ( Metal Short ) Special Wire of Net VSS & Blockage of Cell InstructionFetch_Module_InstructionMemory_instr_sram  ( met2 )
Bounds : ( 807.900, 1010.880 ) ( 810.900, 1011.280 )


SHORT: ( Metal Short ) Special Wire of Net VDD & Blockage of Cell InstructionFetch_Module_InstructionMemory_instr_sram  ( met2 )
Bounds : ( 834.900, 981.900 ) ( 837.900, 982.300 )


SHORT: ( Metal Short ) Special Wire of Net VDD & Blockage of Cell InstructionFetch_Module_InstructionMemory_instr_sram  ( met2 )
Bounds : ( 834.900, 990.180 ) ( 837.900, 990.580 )


SHORT: ( Metal Short ) Special Wire of Net VDD & Blockage of Cell InstructionFetch_Module_InstructionMemory_instr_sram  ( met2 )
Bounds : ( 834.900, 998.460 ) ( 837.900, 998.860 )


SHORT: ( Metal Short ) Special Wire of Net VDD & Blockage of Cell InstructionFetch_Module_InstructionMemory_instr_sram  ( met2 )
Bounds : ( 834.900, 1006.740 ) ( 837.900, 1007.140 )


SHORT: ( Metal Short ) Special Wire of Net VDD & Blockage of Cell InstructionFetch_Module_InstructionMemory_instr_sram  ( met2 )
Bounds : ( 834.900, 1015.020 ) ( 837.900, 1015.420 )


SHORT: ( Metal Short ) Special Wire of Net VSS & Blockage of Cell InstructionFetch_Module_InstructionMemory_instr_sram  ( met3 )
Bounds : ( 807.900, 977.760 ) ( 810.900, 978.160 )


SHORT: ( Metal Short ) Special Wire of Net VSS & Blockage of Cell InstructionFetch_Module_InstructionMemory_instr_sram  ( met3 )
Bounds : ( 807.900, 986.040 ) ( 810.900, 986.440 )


SHORT: ( Metal Short ) Special Wire of Net VSS & Blockage of Cell InstructionFetch_Module_InstructionMemory_instr_sram  ( met3 )
Bounds : ( 807.900, 994.320 ) ( 810.900, 994.720 )


SHORT: ( Metal Short ) Special Wire of Net VSS & Blockage of Cell InstructionFetch_Module_InstructionMemory_instr_sram  ( met3 )
Bounds : ( 807.900, 1002.600 ) ( 810.900, 1003.000 )


SHORT: ( Metal Short ) Special Wire of Net VSS & Blockage of Cell InstructionFetch_Module_InstructionMemory_instr_sram  ( met3 )
Bounds : ( 807.900, 1010.880 ) ( 810.900, 1011.280 )


SHORT: ( Metal Short ) Special Wire of Net VDD & Blockage of Cell InstructionFetch_Module_InstructionMemory_instr_sram  ( met3 )
Bounds : ( 834.900, 981.900 ) ( 837.900, 982.300 )


SHORT: ( Metal Short ) Special Wire of Net VDD & Blockage of Cell InstructionFetch_Module_InstructionMemory_instr_sram  ( met3 )
Bounds : ( 834.900, 990.180 ) ( 837.900, 990.580 )


SHORT: ( Metal Short ) Special Wire of Net VDD & Blockage of Cell InstructionFetch_Module_InstructionMemory_instr_sram  ( met3 )
Bounds : ( 834.900, 998.460 ) ( 837.900, 998.860 )


SHORT: ( Metal Short ) Special Wire of Net VDD & Blockage of Cell InstructionFetch_Module_InstructionMemory_instr_sram  ( met3 )
Bounds : ( 834.900, 1006.740 ) ( 837.900, 1007.140 )


SHORT: ( Metal Short ) Special Wire of Net VDD & Blockage of Cell InstructionFetch_Module_InstructionMemory_instr_sram  ( met3 )
Bounds : ( 834.900, 1015.020 ) ( 837.900, 1015.420 )


SHORT: ( Metal Short ) Special Wire of Net VSS & Blockage of Cell InstructionFetch_Module_InstructionMemory_instr_sram  ( met2 )
Bounds : ( 757.900, 977.760 ) ( 760.900, 978.160 )


SHORT: ( Metal Short ) Special Wire of Net VSS & Blockage of Cell InstructionFetch_Module_InstructionMemory_instr_sram  ( met2 )
Bounds : ( 757.900, 986.040 ) ( 760.900, 986.440 )


SHORT: ( Metal Short ) Special Wire of Net VSS & Blockage of Cell InstructionFetch_Module_InstructionMemory_instr_sram  ( met2 )
Bounds : ( 757.900, 994.320 ) ( 760.900, 994.720 )


SHORT: ( Metal Short ) Special Wire of Net VSS & Blockage of Cell InstructionFetch_Module_InstructionMemory_instr_sram  ( met2 )
Bounds : ( 757.900, 1002.600 ) ( 760.900, 1003.000 )


SHORT: ( Metal Short ) Special Wire of Net VSS & Blockage of Cell InstructionFetch_Module_InstructionMemory_instr_sram  ( met2 )
Bounds : ( 757.900, 1010.880 ) ( 760.900, 1011.280 )


SHORT: ( Metal Short ) Special Wire of Net VDD & Blockage of Cell InstructionFetch_Module_InstructionMemory_instr_sram  ( met2 )
Bounds : ( 784.900, 981.900 ) ( 787.900, 982.300 )


SHORT: ( Metal Short ) Special Wire of Net VDD & Blockage of Cell InstructionFetch_Module_InstructionMemory_instr_sram  ( met2 )
Bounds : ( 784.900, 990.180 ) ( 787.900, 990.580 )


SHORT: ( Metal Short ) Special Wire of Net VDD & Blockage of Cell InstructionFetch_Module_InstructionMemory_instr_sram  ( met2 )
Bounds : ( 784.900, 998.460 ) ( 787.900, 998.860 )


SHORT: ( Metal Short ) Special Wire of Net VDD & Blockage of Cell InstructionFetch_Module_InstructionMemory_instr_sram  ( met2 )
Bounds : ( 784.900, 1006.740 ) ( 787.900, 1007.140 )


SHORT: ( Metal Short ) Special Wire of Net VDD & Blockage of Cell InstructionFetch_Module_InstructionMemory_instr_sram  ( met2 )
Bounds : ( 784.900, 1015.020 ) ( 787.900, 1015.420 )


SHORT: ( Metal Short ) Special Wire of Net VSS & Blockage of Cell InstructionFetch_Module_InstructionMemory_instr_sram  ( met3 )
Bounds : ( 757.900, 977.760 ) ( 760.900, 978.160 )


SHORT: ( Metal Short ) Special Wire of Net VSS & Blockage of Cell InstructionFetch_Module_InstructionMemory_instr_sram  ( met3 )
Bounds : ( 757.900, 986.040 ) ( 760.900, 986.440 )


SHORT: ( Metal Short ) Special Wire of Net VSS & Blockage of Cell InstructionFetch_Module_InstructionMemory_instr_sram  ( met3 )
Bounds : ( 757.900, 994.320 ) ( 760.900, 994.720 )


SHORT: ( Metal Short ) Special Wire of Net VSS & Blockage of Cell InstructionFetch_Module_InstructionMemory_instr_sram  ( met3 )
Bounds : ( 757.900, 1002.600 ) ( 760.900, 1003.000 )


SHORT: ( Metal Short ) Special Wire of Net VSS & Blockage of Cell InstructionFetch_Module_InstructionMemory_instr_sram  ( met3 )
Bounds : ( 757.900, 1010.880 ) ( 760.900, 1011.280 )


SHORT: ( Metal Short ) Special Wire of Net VDD & Blockage of Cell InstructionFetch_Module_InstructionMemory_instr_sram  ( met3 )
Bounds : ( 784.900, 981.900 ) ( 787.900, 982.300 )


SHORT: ( Metal Short ) Special Wire of Net VDD & Blockage of Cell InstructionFetch_Module_InstructionMemory_instr_sram  ( met3 )
Bounds : ( 784.900, 990.180 ) ( 787.900, 990.580 )


SHORT: ( Metal Short ) Special Wire of Net VDD & Blockage of Cell InstructionFetch_Module_InstructionMemory_instr_sram  ( met3 )
Bounds : ( 784.900, 998.460 ) ( 787.900, 998.860 )


SHORT: ( Metal Short ) Special Wire of Net VDD & Blockage of Cell InstructionFetch_Module_InstructionMemory_instr_sram  ( met3 )
Bounds : ( 784.900, 1006.740 ) ( 787.900, 1007.140 )


SHORT: ( Metal Short ) Special Wire of Net VDD & Blockage of Cell InstructionFetch_Module_InstructionMemory_instr_sram  ( met3 )
Bounds : ( 784.900, 1015.020 ) ( 787.900, 1015.420 )


SHORT: ( Metal Short ) Special Wire of Net VDD & Blockage of Cell InstructionFetch_Module_InstructionMemory_instr_sram  ( met2 )
Bounds : ( 734.900, 1023.300 ) ( 737.900, 1023.700 )


SHORT: ( Metal Short ) Special Wire of Net VDD & Blockage of Cell InstructionFetch_Module_InstructionMemory_instr_sram  ( met2 )
Bounds : ( 734.900, 1031.580 ) ( 737.900, 1031.980 )


SHORT: ( Metal Short ) Special Wire of Net VDD & Blockage of Cell InstructionFetch_Module_InstructionMemory_instr_sram  ( met2 )
Bounds : ( 734.900, 1039.860 ) ( 737.900, 1040.260 )


SHORT: ( Metal Short ) Special Wire of Net VDD & Blockage of Cell InstructionFetch_Module_InstructionMemory_instr_sram  ( met2 )
Bounds : ( 734.900, 1048.140 ) ( 737.900, 1048.540 )


SHORT: ( Metal Short ) Special Wire of Net VDD & Blockage of Cell InstructionFetch_Module_InstructionMemory_instr_sram  ( met2 )
Bounds : ( 734.900, 1056.420 ) ( 737.900, 1056.820 )


SHORT: ( Metal Short ) Special Wire of Net VDD & Blockage of Cell InstructionFetch_Module_InstructionMemory_instr_sram  ( met3 )
Bounds : ( 734.900, 1023.300 ) ( 737.900, 1023.700 )


SHORT: ( Metal Short ) Special Wire of Net VDD & Blockage of Cell InstructionFetch_Module_InstructionMemory_instr_sram  ( met3 )
Bounds : ( 734.900, 1031.580 ) ( 737.900, 1031.980 )


SHORT: ( Metal Short ) Special Wire of Net VDD & Blockage of Cell InstructionFetch_Module_InstructionMemory_instr_sram  ( met3 )
Bounds : ( 734.900, 1039.860 ) ( 737.900, 1040.260 )


SHORT: ( Metal Short ) Special Wire of Net VDD & Blockage of Cell InstructionFetch_Module_InstructionMemory_instr_sram  ( met3 )
Bounds : ( 734.900, 1048.140 ) ( 737.900, 1048.540 )


SHORT: ( Metal Short ) Special Wire of Net VDD & Blockage of Cell InstructionFetch_Module_InstructionMemory_instr_sram  ( met3 )
Bounds : ( 734.900, 1056.420 ) ( 737.900, 1056.820 )


SHORT: ( Metal Short ) Special Wire of Net VDD & Blockage of Cell InstructionFetch_Module_InstructionMemory_instr_sram  ( met2 )
Bounds : ( 684.900, 1023.300 ) ( 687.900, 1023.700 )


SHORT: ( Metal Short ) Special Wire of Net VDD & Blockage of Cell InstructionFetch_Module_InstructionMemory_instr_sram  ( met2 )
Bounds : ( 684.900, 1031.580 ) ( 687.900, 1031.980 )


SHORT: ( Metal Short ) Special Wire of Net VDD & Blockage of Cell InstructionFetch_Module_InstructionMemory_instr_sram  ( met2 )
Bounds : ( 684.900, 1039.860 ) ( 687.900, 1040.260 )


SHORT: ( Metal Short ) Special Wire of Net VDD & Blockage of Cell InstructionFetch_Module_InstructionMemory_instr_sram  ( met2 )
Bounds : ( 684.900, 1048.140 ) ( 687.900, 1048.540 )


SHORT: ( Metal Short ) Special Wire of Net VDD & Blockage of Cell InstructionFetch_Module_InstructionMemory_instr_sram  ( met2 )
Bounds : ( 684.900, 1056.420 ) ( 687.900, 1056.820 )


SHORT: ( Metal Short ) Special Wire of Net VDD & Blockage of Cell InstructionFetch_Module_InstructionMemory_instr_sram  ( met3 )
Bounds : ( 684.900, 1023.300 ) ( 687.900, 1023.700 )


SHORT: ( Metal Short ) Special Wire of Net VDD & Blockage of Cell InstructionFetch_Module_InstructionMemory_instr_sram  ( met3 )
Bounds : ( 684.900, 1031.580 ) ( 687.900, 1031.980 )


SHORT: ( Metal Short ) Special Wire of Net VDD & Blockage of Cell InstructionFetch_Module_InstructionMemory_instr_sram  ( met3 )
Bounds : ( 684.900, 1039.860 ) ( 687.900, 1040.260 )


SHORT: ( Metal Short ) Special Wire of Net VDD & Blockage of Cell InstructionFetch_Module_InstructionMemory_instr_sram  ( met3 )
Bounds : ( 684.900, 1048.140 ) ( 687.900, 1048.540 )


SHORT: ( Metal Short ) Special Wire of Net VDD & Blockage of Cell InstructionFetch_Module_InstructionMemory_instr_sram  ( met3 )
Bounds : ( 684.900, 1056.420 ) ( 687.900, 1056.820 )


SHORT: ( Metal Short ) Special Wire of Net VSS & Blockage of Cell InstructionFetch_Module_InstructionMemory_instr_sram  ( met2 )
Bounds : ( 707.900, 1019.160 ) ( 710.900, 1019.560 )


SHORT: ( Metal Short ) Special Wire of Net VSS & Blockage of Cell InstructionFetch_Module_InstructionMemory_instr_sram  ( met2 )
Bounds : ( 707.900, 1027.440 ) ( 710.900, 1027.840 )


SHORT: ( Metal Short ) Special Wire of Net VSS & Blockage of Cell InstructionFetch_Module_InstructionMemory_instr_sram  ( met2 )
Bounds : ( 707.900, 1035.720 ) ( 710.900, 1036.120 )


SHORT: ( Metal Short ) Special Wire of Net VSS & Blockage of Cell InstructionFetch_Module_InstructionMemory_instr_sram  ( met2 )
Bounds : ( 707.900, 1044.000 ) ( 710.900, 1044.400 )


SHORT: ( Metal Short ) Special Wire of Net VSS & Blockage of Cell InstructionFetch_Module_InstructionMemory_instr_sram  ( met2 )
Bounds : ( 707.900, 1052.280 ) ( 710.900, 1052.680 )


SHORT: ( Metal Short ) Special Wire of Net VSS & Blockage of Cell InstructionFetch_Module_InstructionMemory_instr_sram  ( met3 )
Bounds : ( 707.900, 1019.160 ) ( 710.900, 1019.560 )


SHORT: ( Metal Short ) Special Wire of Net VSS & Blockage of Cell InstructionFetch_Module_InstructionMemory_instr_sram  ( met3 )
Bounds : ( 707.900, 1027.440 ) ( 710.900, 1027.840 )


SHORT: ( Metal Short ) Special Wire of Net VSS & Blockage of Cell InstructionFetch_Module_InstructionMemory_instr_sram  ( met3 )
Bounds : ( 707.900, 1035.720 ) ( 710.900, 1036.120 )


SHORT: ( Metal Short ) Special Wire of Net VSS & Blockage of Cell InstructionFetch_Module_InstructionMemory_instr_sram  ( met3 )
Bounds : ( 707.900, 1044.000 ) ( 710.900, 1044.400 )


SHORT: ( Metal Short ) Special Wire of Net VSS & Blockage of Cell InstructionFetch_Module_InstructionMemory_instr_sram  ( met3 )
Bounds : ( 707.900, 1052.280 ) ( 710.900, 1052.680 )


SHORT: ( Metal Short ) Special Wire of Net VDD & Blockage of Cell InstructionFetch_Module_InstructionMemory_instr_sram  ( met2 )
Bounds : ( 734.900, 981.900 ) ( 737.900, 982.300 )


SHORT: ( Metal Short ) Special Wire of Net VDD & Blockage of Cell InstructionFetch_Module_InstructionMemory_instr_sram  ( met2 )
Bounds : ( 734.900, 990.180 ) ( 737.900, 990.580 )


SHORT: ( Metal Short ) Special Wire of Net VDD & Blockage of Cell InstructionFetch_Module_InstructionMemory_instr_sram  ( met2 )
Bounds : ( 734.900, 998.460 ) ( 737.900, 998.860 )


SHORT: ( Metal Short ) Special Wire of Net VDD & Blockage of Cell InstructionFetch_Module_InstructionMemory_instr_sram  ( met2 )
Bounds : ( 734.900, 1006.740 ) ( 737.900, 1007.140 )


SHORT: ( Metal Short ) Special Wire of Net VDD & Blockage of Cell InstructionFetch_Module_InstructionMemory_instr_sram  ( met2 )
Bounds : ( 734.900, 1015.020 ) ( 737.900, 1015.420 )


SHORT: ( Metal Short ) Special Wire of Net VDD & Blockage of Cell InstructionFetch_Module_InstructionMemory_instr_sram  ( met3 )
Bounds : ( 734.900, 981.900 ) ( 737.900, 982.300 )


SHORT: ( Metal Short ) Special Wire of Net VDD & Blockage of Cell InstructionFetch_Module_InstructionMemory_instr_sram  ( met3 )
Bounds : ( 734.900, 990.180 ) ( 737.900, 990.580 )


SHORT: ( Metal Short ) Special Wire of Net VDD & Blockage of Cell InstructionFetch_Module_InstructionMemory_instr_sram  ( met3 )
Bounds : ( 734.900, 998.460 ) ( 737.900, 998.860 )


SHORT: ( Metal Short ) Special Wire of Net VDD & Blockage of Cell InstructionFetch_Module_InstructionMemory_instr_sram  ( met3 )
Bounds : ( 734.900, 1006.740 ) ( 737.900, 1007.140 )


SHORT: ( Metal Short ) Special Wire of Net VDD & Blockage of Cell InstructionFetch_Module_InstructionMemory_instr_sram  ( met3 )
Bounds : ( 734.900, 1015.020 ) ( 737.900, 1015.420 )


SHORT: ( Metal Short ) Special Wire of Net VDD & Blockage of Cell InstructionFetch_Module_InstructionMemory_instr_sram  ( met2 )
Bounds : ( 684.900, 981.900 ) ( 687.900, 982.300 )


SHORT: ( Metal Short ) Special Wire of Net VDD & Blockage of Cell InstructionFetch_Module_InstructionMemory_instr_sram  ( met2 )
Bounds : ( 684.900, 990.180 ) ( 687.900, 990.580 )


SHORT: ( Metal Short ) Special Wire of Net VDD & Blockage of Cell InstructionFetch_Module_InstructionMemory_instr_sram  ( met2 )
Bounds : ( 684.900, 998.460 ) ( 687.900, 998.860 )


SHORT: ( Metal Short ) Special Wire of Net VDD & Blockage of Cell InstructionFetch_Module_InstructionMemory_instr_sram  ( met2 )
Bounds : ( 684.900, 1006.740 ) ( 687.900, 1007.140 )


SHORT: ( Metal Short ) Special Wire of Net VDD & Blockage of Cell InstructionFetch_Module_InstructionMemory_instr_sram  ( met2 )
Bounds : ( 684.900, 1015.020 ) ( 687.900, 1015.420 )


SHORT: ( Metal Short ) Special Wire of Net VDD & Blockage of Cell InstructionFetch_Module_InstructionMemory_instr_sram  ( met3 )
Bounds : ( 684.900, 981.900 ) ( 687.900, 982.300 )


SHORT: ( Metal Short ) Special Wire of Net VDD & Blockage of Cell InstructionFetch_Module_InstructionMemory_instr_sram  ( met3 )
Bounds : ( 684.900, 990.180 ) ( 687.900, 990.580 )


SHORT: ( Metal Short ) Special Wire of Net VDD & Blockage of Cell InstructionFetch_Module_InstructionMemory_instr_sram  ( met3 )
Bounds : ( 684.900, 998.460 ) ( 687.900, 998.860 )


SHORT: ( Metal Short ) Special Wire of Net VDD & Blockage of Cell InstructionFetch_Module_InstructionMemory_instr_sram  ( met3 )
Bounds : ( 684.900, 1006.740 ) ( 687.900, 1007.140 )


SHORT: ( Metal Short ) Special Wire of Net VDD & Blockage of Cell InstructionFetch_Module_InstructionMemory_instr_sram  ( met3 )
Bounds : ( 684.900, 1015.020 ) ( 687.900, 1015.420 )


SHORT: ( Metal Short ) Special Wire of Net VSS & Blockage of Cell InstructionFetch_Module_InstructionMemory_instr_sram  ( met2 )
Bounds : ( 707.900, 977.760 ) ( 710.900, 978.160 )


SHORT: ( Metal Short ) Special Wire of Net VSS & Blockage of Cell InstructionFetch_Module_InstructionMemory_instr_sram  ( met2 )
Bounds : ( 707.900, 986.040 ) ( 710.900, 986.440 )


SHORT: ( Metal Short ) Special Wire of Net VSS & Blockage of Cell InstructionFetch_Module_InstructionMemory_instr_sram  ( met2 )
Bounds : ( 707.900, 994.320 ) ( 710.900, 994.720 )


SHORT: ( Metal Short ) Special Wire of Net VSS & Blockage of Cell InstructionFetch_Module_InstructionMemory_instr_sram  ( met2 )
Bounds : ( 707.900, 1002.600 ) ( 710.900, 1003.000 )


SHORT: ( Metal Short ) Special Wire of Net VSS & Blockage of Cell InstructionFetch_Module_InstructionMemory_instr_sram  ( met2 )
Bounds : ( 707.900, 1010.880 ) ( 710.900, 1011.280 )


SHORT: ( Metal Short ) Special Wire of Net VSS & Blockage of Cell InstructionFetch_Module_InstructionMemory_instr_sram  ( met3 )
Bounds : ( 707.900, 977.760 ) ( 710.900, 978.160 )


SHORT: ( Metal Short ) Special Wire of Net VSS & Blockage of Cell InstructionFetch_Module_InstructionMemory_instr_sram  ( met3 )
Bounds : ( 707.900, 986.040 ) ( 710.900, 986.440 )


SHORT: ( Metal Short ) Special Wire of Net VSS & Blockage of Cell InstructionFetch_Module_InstructionMemory_instr_sram  ( met3 )
Bounds : ( 707.900, 994.320 ) ( 710.900, 994.720 )


SHORT: ( Metal Short ) Special Wire of Net VSS & Blockage of Cell InstructionFetch_Module_InstructionMemory_instr_sram  ( met3 )
Bounds : ( 707.900, 1002.600 ) ( 710.900, 1003.000 )


SHORT: ( Metal Short ) Special Wire of Net VSS & Blockage of Cell InstructionFetch_Module_InstructionMemory_instr_sram  ( met3 )
Bounds : ( 707.900, 1010.880 ) ( 710.900, 1011.280 )


SHORT: ( Metal Short ) Special Wire of Net VSS & Blockage of Cell InstructionFetch_Module_InstructionMemory_instr_sram  ( met2 )
Bounds : ( 607.900, 1101.960 ) ( 610.900, 1102.360 )


SHORT: ( Metal Short ) Special Wire of Net VSS & Blockage of Cell InstructionFetch_Module_InstructionMemory_instr_sram  ( met2 )
Bounds : ( 607.900, 1110.240 ) ( 610.900, 1110.640 )


SHORT: ( Metal Short ) Special Wire of Net VSS & Blockage of Cell InstructionFetch_Module_InstructionMemory_instr_sram  ( met2 )
Bounds : ( 607.900, 1118.520 ) ( 610.900, 1118.920 )


SHORT: ( Metal Short ) Special Wire of Net VSS & Blockage of Cell InstructionFetch_Module_InstructionMemory_instr_sram  ( met2 )
Bounds : ( 607.900, 1126.800 ) ( 610.900, 1127.200 )


SHORT: ( Metal Short ) Special Wire of Net VDD & Blockage of Cell InstructionFetch_Module_InstructionMemory_instr_sram  ( met2 )
Bounds : ( 634.900, 1106.100 ) ( 637.900, 1106.500 )


SHORT: ( Metal Short ) Special Wire of Net VDD & Blockage of Cell InstructionFetch_Module_InstructionMemory_instr_sram  ( met2 )
Bounds : ( 634.900, 1114.380 ) ( 637.900, 1114.780 )


SHORT: ( Metal Short ) Special Wire of Net VDD & Blockage of Cell InstructionFetch_Module_InstructionMemory_instr_sram  ( met2 )
Bounds : ( 634.900, 1122.660 ) ( 637.900, 1123.060 )


SHORT: ( Metal Short ) Special Wire of Net VSS & Blockage of Cell InstructionFetch_Module_InstructionMemory_instr_sram  ( met2 )
Bounds : ( 657.900, 1101.960 ) ( 660.900, 1102.360 )


SHORT: ( Metal Short ) Special Wire of Net VSS & Blockage of Cell InstructionFetch_Module_InstructionMemory_instr_sram  ( met2 )
Bounds : ( 657.900, 1110.240 ) ( 660.900, 1110.640 )


SHORT: ( Metal Short ) Special Wire of Net VSS & Blockage of Cell InstructionFetch_Module_InstructionMemory_instr_sram  ( met2 )
Bounds : ( 657.900, 1118.520 ) ( 660.900, 1118.920 )


SHORT: ( Metal Short ) Special Wire of Net VSS & Blockage of Cell InstructionFetch_Module_InstructionMemory_instr_sram  ( met2 )
Bounds : ( 657.900, 1126.800 ) ( 660.900, 1127.200 )


SHORT: ( Metal Short ) Special Wire of Net VSS & Blockage of Cell InstructionFetch_Module_InstructionMemory_instr_sram  ( met3 )
Bounds : ( 607.900, 1101.960 ) ( 610.900, 1102.360 )


SHORT: ( Metal Short ) Special Wire of Net VSS & Blockage of Cell InstructionFetch_Module_InstructionMemory_instr_sram  ( met3 )
Bounds : ( 607.900, 1110.240 ) ( 610.900, 1110.640 )


SHORT: ( Metal Short ) Special Wire of Net VSS & Blockage of Cell InstructionFetch_Module_InstructionMemory_instr_sram  ( met3 )
Bounds : ( 607.900, 1118.520 ) ( 610.900, 1118.920 )


SHORT: ( Metal Short ) Special Wire of Net VSS & Blockage of Cell InstructionFetch_Module_InstructionMemory_instr_sram  ( met3 )
Bounds : ( 607.900, 1126.800 ) ( 610.900, 1127.200 )


SHORT: ( Metal Short ) Special Wire of Net VDD & Blockage of Cell InstructionFetch_Module_InstructionMemory_instr_sram  ( met3 )
Bounds : ( 634.900, 1106.100 ) ( 637.900, 1106.500 )


SHORT: ( Metal Short ) Special Wire of Net VDD & Blockage of Cell InstructionFetch_Module_InstructionMemory_instr_sram  ( met3 )
Bounds : ( 634.900, 1114.380 ) ( 637.900, 1114.780 )


SHORT: ( Metal Short ) Special Wire of Net VDD & Blockage of Cell InstructionFetch_Module_InstructionMemory_instr_sram  ( met3 )
Bounds : ( 634.900, 1122.660 ) ( 637.900, 1123.060 )


SHORT: ( Metal Short ) Special Wire of Net VSS & Blockage of Cell InstructionFetch_Module_InstructionMemory_instr_sram  ( met3 )
Bounds : ( 657.900, 1101.960 ) ( 660.900, 1102.360 )


SHORT: ( Metal Short ) Special Wire of Net VSS & Blockage of Cell InstructionFetch_Module_InstructionMemory_instr_sram  ( met3 )
Bounds : ( 657.900, 1110.240 ) ( 660.900, 1110.640 )


SHORT: ( Metal Short ) Special Wire of Net VSS & Blockage of Cell InstructionFetch_Module_InstructionMemory_instr_sram  ( met3 )
Bounds : ( 657.900, 1118.520 ) ( 660.900, 1118.920 )


SHORT: ( Metal Short ) Special Wire of Net VSS & Blockage of Cell InstructionFetch_Module_InstructionMemory_instr_sram  ( met3 )
Bounds : ( 657.900, 1126.800 ) ( 660.900, 1127.200 )


SHORT: ( Metal Short ) Special Wire of Net VSS & Blockage of Cell InstructionFetch_Module_InstructionMemory_instr_sram  ( met2 )
Bounds : ( 607.900, 1135.080 ) ( 610.900, 1135.480 )


SHORT: ( Metal Short ) Special Wire of Net VDD & Blockage of Cell InstructionFetch_Module_InstructionMemory_instr_sram  ( met2 )
Bounds : ( 634.900, 1130.940 ) ( 637.900, 1131.340 )


SHORT: ( Metal Short ) Special Wire of Net VSS & Blockage of Cell InstructionFetch_Module_InstructionMemory_instr_sram  ( met2 )
Bounds : ( 657.900, 1135.080 ) ( 660.900, 1135.480 )


SHORT: ( Metal Short ) Special Wire of Net VSS & Blockage of Cell InstructionFetch_Module_InstructionMemory_instr_sram  ( met3 )
Bounds : ( 607.900, 1135.080 ) ( 610.900, 1135.480 )


SHORT: ( Metal Short ) Special Wire of Net VDD & Blockage of Cell InstructionFetch_Module_InstructionMemory_instr_sram  ( met3 )
Bounds : ( 634.900, 1130.940 ) ( 637.900, 1131.340 )


SHORT: ( Metal Short ) Special Wire of Net VSS & Blockage of Cell InstructionFetch_Module_InstructionMemory_instr_sram  ( met3 )
Bounds : ( 657.900, 1135.080 ) ( 660.900, 1135.480 )


SHORT: ( Metal Short ) Special Wire of Net VSS & Blockage of Cell InstructionFetch_Module_InstructionMemory_instr_sram  ( met2 )
Bounds : ( 657.900, 1060.560 ) ( 660.900, 1060.960 )


SHORT: ( Metal Short ) Special Wire of Net VSS & Blockage of Cell InstructionFetch_Module_InstructionMemory_instr_sram  ( met2 )
Bounds : ( 657.900, 1068.840 ) ( 660.900, 1069.240 )


SHORT: ( Metal Short ) Special Wire of Net VSS & Blockage of Cell InstructionFetch_Module_InstructionMemory_instr_sram  ( met2 )
Bounds : ( 657.900, 1077.120 ) ( 660.900, 1077.520 )


SHORT: ( Metal Short ) Special Wire of Net VSS & Blockage of Cell InstructionFetch_Module_InstructionMemory_instr_sram  ( met2 )
Bounds : ( 657.900, 1085.400 ) ( 660.900, 1085.800 )


SHORT: ( Metal Short ) Special Wire of Net VSS & Blockage of Cell InstructionFetch_Module_InstructionMemory_instr_sram  ( met2 )
Bounds : ( 657.900, 1093.680 ) ( 660.900, 1094.080 )


SHORT: ( Metal Short ) Special Wire of Net VSS & Blockage of Cell InstructionFetch_Module_InstructionMemory_instr_sram  ( met3 )
Bounds : ( 657.900, 1060.560 ) ( 660.900, 1060.960 )


SHORT: ( Metal Short ) Special Wire of Net VSS & Blockage of Cell InstructionFetch_Module_InstructionMemory_instr_sram  ( met3 )
Bounds : ( 657.900, 1068.840 ) ( 660.900, 1069.240 )


SHORT: ( Metal Short ) Special Wire of Net VSS & Blockage of Cell InstructionFetch_Module_InstructionMemory_instr_sram  ( met3 )
Bounds : ( 657.900, 1077.120 ) ( 660.900, 1077.520 )


SHORT: ( Metal Short ) Special Wire of Net VSS & Blockage of Cell InstructionFetch_Module_InstructionMemory_instr_sram  ( met3 )
Bounds : ( 657.900, 1085.400 ) ( 660.900, 1085.800 )


SHORT: ( Metal Short ) Special Wire of Net VSS & Blockage of Cell InstructionFetch_Module_InstructionMemory_instr_sram  ( met3 )
Bounds : ( 657.900, 1093.680 ) ( 660.900, 1094.080 )


SHORT: ( Metal Short ) Special Wire of Net VSS & Blockage of Cell InstructionFetch_Module_InstructionMemory_instr_sram  ( met2 )
Bounds : ( 607.900, 1060.560 ) ( 610.900, 1060.960 )


SHORT: ( Metal Short ) Special Wire of Net VSS & Blockage of Cell InstructionFetch_Module_InstructionMemory_instr_sram  ( met2 )
Bounds : ( 607.900, 1068.840 ) ( 610.900, 1069.240 )


SHORT: ( Metal Short ) Special Wire of Net VSS & Blockage of Cell InstructionFetch_Module_InstructionMemory_instr_sram  ( met2 )
Bounds : ( 607.900, 1077.120 ) ( 610.900, 1077.520 )


SHORT: ( Metal Short ) Special Wire of Net VSS & Blockage of Cell InstructionFetch_Module_InstructionMemory_instr_sram  ( met2 )
Bounds : ( 607.900, 1085.400 ) ( 610.900, 1085.800 )


SHORT: ( Metal Short ) Special Wire of Net VSS & Blockage of Cell InstructionFetch_Module_InstructionMemory_instr_sram  ( met2 )
Bounds : ( 607.900, 1093.680 ) ( 610.900, 1094.080 )


SHORT: ( Metal Short ) Special Wire of Net VSS & Blockage of Cell InstructionFetch_Module_InstructionMemory_instr_sram  ( met3 )
Bounds : ( 607.900, 1060.560 ) ( 610.900, 1060.960 )


SHORT: ( Metal Short ) Special Wire of Net VSS & Blockage of Cell InstructionFetch_Module_InstructionMemory_instr_sram  ( met3 )
Bounds : ( 607.900, 1068.840 ) ( 610.900, 1069.240 )


SHORT: ( Metal Short ) Special Wire of Net VSS & Blockage of Cell InstructionFetch_Module_InstructionMemory_instr_sram  ( met3 )
Bounds : ( 607.900, 1077.120 ) ( 610.900, 1077.520 )


SHORT: ( Metal Short ) Special Wire of Net VSS & Blockage of Cell InstructionFetch_Module_InstructionMemory_instr_sram  ( met3 )
Bounds : ( 607.900, 1085.400 ) ( 610.900, 1085.800 )


SHORT: ( Metal Short ) Special Wire of Net VSS & Blockage of Cell InstructionFetch_Module_InstructionMemory_instr_sram  ( met3 )
Bounds : ( 607.900, 1093.680 ) ( 610.900, 1094.080 )


SHORT: ( Metal Short ) Special Wire of Net VDD & Blockage of Cell InstructionFetch_Module_InstructionMemory_instr_sram  ( met2 )
Bounds : ( 634.900, 1064.700 ) ( 637.900, 1065.100 )


SHORT: ( Metal Short ) Special Wire of Net VDD & Blockage of Cell InstructionFetch_Module_InstructionMemory_instr_sram  ( met2 )
Bounds : ( 634.900, 1072.980 ) ( 637.900, 1073.380 )


SHORT: ( Metal Short ) Special Wire of Net VDD & Blockage of Cell InstructionFetch_Module_InstructionMemory_instr_sram  ( met2 )
Bounds : ( 634.900, 1081.260 ) ( 637.900, 1081.660 )


SHORT: ( Metal Short ) Special Wire of Net VDD & Blockage of Cell InstructionFetch_Module_InstructionMemory_instr_sram  ( met2 )
Bounds : ( 634.900, 1089.540 ) ( 637.900, 1089.940 )


SHORT: ( Metal Short ) Special Wire of Net VDD & Blockage of Cell InstructionFetch_Module_InstructionMemory_instr_sram  ( met2 )
Bounds : ( 634.900, 1097.820 ) ( 637.900, 1098.220 )


SHORT: ( Metal Short ) Special Wire of Net VDD & Blockage of Cell InstructionFetch_Module_InstructionMemory_instr_sram  ( met3 )
Bounds : ( 634.900, 1064.700 ) ( 637.900, 1065.100 )


SHORT: ( Metal Short ) Special Wire of Net VDD & Blockage of Cell InstructionFetch_Module_InstructionMemory_instr_sram  ( met3 )
Bounds : ( 634.900, 1072.980 ) ( 637.900, 1073.380 )


SHORT: ( Metal Short ) Special Wire of Net VDD & Blockage of Cell InstructionFetch_Module_InstructionMemory_instr_sram  ( met3 )
Bounds : ( 634.900, 1081.260 ) ( 637.900, 1081.660 )


SHORT: ( Metal Short ) Special Wire of Net VDD & Blockage of Cell InstructionFetch_Module_InstructionMemory_instr_sram  ( met3 )
Bounds : ( 634.900, 1089.540 ) ( 637.900, 1089.940 )


SHORT: ( Metal Short ) Special Wire of Net VDD & Blockage of Cell InstructionFetch_Module_InstructionMemory_instr_sram  ( met3 )
Bounds : ( 634.900, 1097.820 ) ( 637.900, 1098.220 )


SHORT: ( Metal Short ) Special Wire of Net VDD & Blockage of Cell InstructionFetch_Module_InstructionMemory_instr_sram  ( met2 )
Bounds : ( 534.900, 1106.100 ) ( 537.900, 1106.500 )


SHORT: ( Metal Short ) Special Wire of Net VDD & Blockage of Cell InstructionFetch_Module_InstructionMemory_instr_sram  ( met2 )
Bounds : ( 534.900, 1114.380 ) ( 537.900, 1114.780 )


SHORT: ( Metal Short ) Special Wire of Net VDD & Blockage of Cell InstructionFetch_Module_InstructionMemory_instr_sram  ( met2 )
Bounds : ( 534.900, 1122.660 ) ( 537.900, 1123.060 )


SHORT: ( Metal Short ) Special Wire of Net VSS & Blockage of Cell InstructionFetch_Module_InstructionMemory_instr_sram  ( met2 )
Bounds : ( 557.900, 1101.960 ) ( 560.900, 1102.360 )


SHORT: ( Metal Short ) Special Wire of Net VSS & Blockage of Cell InstructionFetch_Module_InstructionMemory_instr_sram  ( met2 )
Bounds : ( 557.900, 1110.240 ) ( 560.900, 1110.640 )


SHORT: ( Metal Short ) Special Wire of Net VSS & Blockage of Cell InstructionFetch_Module_InstructionMemory_instr_sram  ( met2 )
Bounds : ( 557.900, 1118.520 ) ( 560.900, 1118.920 )


SHORT: ( Metal Short ) Special Wire of Net VSS & Blockage of Cell InstructionFetch_Module_InstructionMemory_instr_sram  ( met2 )
Bounds : ( 557.900, 1126.800 ) ( 560.900, 1127.200 )


SHORT: ( Metal Short ) Special Wire of Net VDD & Blockage of Cell InstructionFetch_Module_InstructionMemory_instr_sram  ( met2 )
Bounds : ( 584.900, 1106.100 ) ( 587.900, 1106.500 )


SHORT: ( Metal Short ) Special Wire of Net VDD & Blockage of Cell InstructionFetch_Module_InstructionMemory_instr_sram  ( met2 )
Bounds : ( 584.900, 1114.380 ) ( 587.900, 1114.780 )


SHORT: ( Metal Short ) Special Wire of Net VDD & Blockage of Cell InstructionFetch_Module_InstructionMemory_instr_sram  ( met2 )
Bounds : ( 584.900, 1122.660 ) ( 587.900, 1123.060 )


SHORT: ( Metal Short ) Special Wire of Net VDD & Blockage of Cell InstructionFetch_Module_InstructionMemory_instr_sram  ( met3 )
Bounds : ( 534.900, 1106.100 ) ( 537.900, 1106.500 )


SHORT: ( Metal Short ) Special Wire of Net VDD & Blockage of Cell InstructionFetch_Module_InstructionMemory_instr_sram  ( met3 )
Bounds : ( 534.900, 1114.380 ) ( 537.900, 1114.780 )


SHORT: ( Metal Short ) Special Wire of Net VDD & Blockage of Cell InstructionFetch_Module_InstructionMemory_instr_sram  ( met3 )
Bounds : ( 534.900, 1122.660 ) ( 537.900, 1123.060 )


SHORT: ( Metal Short ) Special Wire of Net VSS & Blockage of Cell InstructionFetch_Module_InstructionMemory_instr_sram  ( met3 )
Bounds : ( 557.900, 1101.960 ) ( 560.900, 1102.360 )


SHORT: ( Metal Short ) Special Wire of Net VSS & Blockage of Cell InstructionFetch_Module_InstructionMemory_instr_sram  ( met3 )
Bounds : ( 557.900, 1110.240 ) ( 560.900, 1110.640 )


SHORT: ( Metal Short ) Special Wire of Net VSS & Blockage of Cell InstructionFetch_Module_InstructionMemory_instr_sram  ( met3 )
Bounds : ( 557.900, 1118.520 ) ( 560.900, 1118.920 )


SHORT: ( Metal Short ) Special Wire of Net VSS & Blockage of Cell InstructionFetch_Module_InstructionMemory_instr_sram  ( met3 )
Bounds : ( 557.900, 1126.800 ) ( 560.900, 1127.200 )


SHORT: ( Metal Short ) Special Wire of Net VDD & Blockage of Cell InstructionFetch_Module_InstructionMemory_instr_sram  ( met3 )
Bounds : ( 584.900, 1106.100 ) ( 587.900, 1106.500 )


SHORT: ( Metal Short ) Special Wire of Net VDD & Blockage of Cell InstructionFetch_Module_InstructionMemory_instr_sram  ( met3 )
Bounds : ( 584.900, 1114.380 ) ( 587.900, 1114.780 )


SHORT: ( Metal Short ) Special Wire of Net VDD & Blockage of Cell InstructionFetch_Module_InstructionMemory_instr_sram  ( met3 )
Bounds : ( 584.900, 1122.660 ) ( 587.900, 1123.060 )


SHORT: ( Metal Short ) Special Wire of Net VDD & Blockage of Cell InstructionFetch_Module_InstructionMemory_instr_sram  ( met2 )
Bounds : ( 534.900, 1130.940 ) ( 537.900, 1131.340 )


SHORT: ( Metal Short ) Special Wire of Net VSS & Blockage of Cell InstructionFetch_Module_InstructionMemory_instr_sram  ( met2 )
Bounds : ( 557.900, 1135.080 ) ( 560.900, 1135.480 )


SHORT: ( Metal Short ) Special Wire of Net VDD & Blockage of Cell InstructionFetch_Module_InstructionMemory_instr_sram  ( met2 )
Bounds : ( 584.900, 1130.940 ) ( 587.900, 1131.340 )


SHORT: ( Metal Short ) Special Wire of Net VDD & Blockage of Cell InstructionFetch_Module_InstructionMemory_instr_sram  ( met3 )
Bounds : ( 534.900, 1130.940 ) ( 537.900, 1131.340 )


SHORT: ( Metal Short ) Special Wire of Net VSS & Blockage of Cell InstructionFetch_Module_InstructionMemory_instr_sram  ( met3 )
Bounds : ( 557.900, 1135.080 ) ( 560.900, 1135.480 )


SHORT: ( Metal Short ) Special Wire of Net VDD & Blockage of Cell InstructionFetch_Module_InstructionMemory_instr_sram  ( met3 )
Bounds : ( 584.900, 1130.940 ) ( 587.900, 1131.340 )


SHORT: ( Metal Short ) Special Wire of Net VSS & Blockage of Cell InstructionFetch_Module_InstructionMemory_instr_sram  ( met2 )
Bounds : ( 557.900, 1060.560 ) ( 560.900, 1060.960 )


SHORT: ( Metal Short ) Special Wire of Net VSS & Blockage of Cell InstructionFetch_Module_InstructionMemory_instr_sram  ( met2 )
Bounds : ( 557.900, 1068.840 ) ( 560.900, 1069.240 )


SHORT: ( Metal Short ) Special Wire of Net VSS & Blockage of Cell InstructionFetch_Module_InstructionMemory_instr_sram  ( met2 )
Bounds : ( 557.900, 1077.120 ) ( 560.900, 1077.520 )


SHORT: ( Metal Short ) Special Wire of Net VSS & Blockage of Cell InstructionFetch_Module_InstructionMemory_instr_sram  ( met2 )
Bounds : ( 557.900, 1085.400 ) ( 560.900, 1085.800 )


SHORT: ( Metal Short ) Special Wire of Net VSS & Blockage of Cell InstructionFetch_Module_InstructionMemory_instr_sram  ( met2 )
Bounds : ( 557.900, 1093.680 ) ( 560.900, 1094.080 )


SHORT: ( Metal Short ) Special Wire of Net VDD & Blockage of Cell InstructionFetch_Module_InstructionMemory_instr_sram  ( met2 )
Bounds : ( 584.900, 1064.700 ) ( 587.900, 1065.100 )


SHORT: ( Metal Short ) Special Wire of Net VDD & Blockage of Cell InstructionFetch_Module_InstructionMemory_instr_sram  ( met2 )
Bounds : ( 584.900, 1072.980 ) ( 587.900, 1073.380 )


SHORT: ( Metal Short ) Special Wire of Net VDD & Blockage of Cell InstructionFetch_Module_InstructionMemory_instr_sram  ( met2 )
Bounds : ( 584.900, 1081.260 ) ( 587.900, 1081.660 )


SHORT: ( Metal Short ) Special Wire of Net VDD & Blockage of Cell InstructionFetch_Module_InstructionMemory_instr_sram  ( met2 )
Bounds : ( 584.900, 1089.540 ) ( 587.900, 1089.940 )


SHORT: ( Metal Short ) Special Wire of Net VDD & Blockage of Cell InstructionFetch_Module_InstructionMemory_instr_sram  ( met2 )
Bounds : ( 584.900, 1097.820 ) ( 587.900, 1098.220 )


SHORT: ( Metal Short ) Special Wire of Net VSS & Blockage of Cell InstructionFetch_Module_InstructionMemory_instr_sram  ( met3 )
Bounds : ( 557.900, 1060.560 ) ( 560.900, 1060.960 )


SHORT: ( Metal Short ) Special Wire of Net VSS & Blockage of Cell InstructionFetch_Module_InstructionMemory_instr_sram  ( met3 )
Bounds : ( 557.900, 1068.840 ) ( 560.900, 1069.240 )


SHORT: ( Metal Short ) Special Wire of Net VSS & Blockage of Cell InstructionFetch_Module_InstructionMemory_instr_sram  ( met3 )
Bounds : ( 557.900, 1077.120 ) ( 560.900, 1077.520 )


SHORT: ( Metal Short ) Special Wire of Net VSS & Blockage of Cell InstructionFetch_Module_InstructionMemory_instr_sram  ( met3 )
Bounds : ( 557.900, 1085.400 ) ( 560.900, 1085.800 )


SHORT: ( Metal Short ) Special Wire of Net VSS & Blockage of Cell InstructionFetch_Module_InstructionMemory_instr_sram  ( met3 )
Bounds : ( 557.900, 1093.680 ) ( 560.900, 1094.080 )


SHORT: ( Metal Short ) Special Wire of Net VDD & Blockage of Cell InstructionFetch_Module_InstructionMemory_instr_sram  ( met3 )
Bounds : ( 584.900, 1064.700 ) ( 587.900, 1065.100 )


SHORT: ( Metal Short ) Special Wire of Net VDD & Blockage of Cell InstructionFetch_Module_InstructionMemory_instr_sram  ( met3 )
Bounds : ( 584.900, 1072.980 ) ( 587.900, 1073.380 )


SHORT: ( Metal Short ) Special Wire of Net VDD & Blockage of Cell InstructionFetch_Module_InstructionMemory_instr_sram  ( met3 )
Bounds : ( 584.900, 1081.260 ) ( 587.900, 1081.660 )


SHORT: ( Metal Short ) Special Wire of Net VDD & Blockage of Cell InstructionFetch_Module_InstructionMemory_instr_sram  ( met3 )
Bounds : ( 584.900, 1089.540 ) ( 587.900, 1089.940 )


SHORT: ( Metal Short ) Special Wire of Net VDD & Blockage of Cell InstructionFetch_Module_InstructionMemory_instr_sram  ( met3 )
Bounds : ( 584.900, 1097.820 ) ( 587.900, 1098.220 )


SHORT: ( Metal Short ) Special Wire of Net VDD & Blockage of Cell InstructionFetch_Module_InstructionMemory_instr_sram  ( met2 )
Bounds : ( 534.900, 1064.700 ) ( 537.900, 1065.100 )


SHORT: ( Metal Short ) Special Wire of Net VDD & Blockage of Cell InstructionFetch_Module_InstructionMemory_instr_sram  ( met2 )
Bounds : ( 534.900, 1072.980 ) ( 537.900, 1073.380 )


SHORT: ( Metal Short ) Special Wire of Net VDD & Blockage of Cell InstructionFetch_Module_InstructionMemory_instr_sram  ( met2 )
Bounds : ( 534.900, 1081.260 ) ( 537.900, 1081.660 )


SHORT: ( Metal Short ) Special Wire of Net VDD & Blockage of Cell InstructionFetch_Module_InstructionMemory_instr_sram  ( met2 )
Bounds : ( 534.900, 1089.540 ) ( 537.900, 1089.940 )


SHORT: ( Metal Short ) Special Wire of Net VDD & Blockage of Cell InstructionFetch_Module_InstructionMemory_instr_sram  ( met2 )
Bounds : ( 534.900, 1097.820 ) ( 537.900, 1098.220 )


SHORT: ( Metal Short ) Special Wire of Net VDD & Blockage of Cell InstructionFetch_Module_InstructionMemory_instr_sram  ( met3 )
Bounds : ( 534.900, 1064.700 ) ( 537.900, 1065.100 )


SHORT: ( Metal Short ) Special Wire of Net VDD & Blockage of Cell InstructionFetch_Module_InstructionMemory_instr_sram  ( met3 )
Bounds : ( 534.900, 1072.980 ) ( 537.900, 1073.380 )


SHORT: ( Metal Short ) Special Wire of Net VDD & Blockage of Cell InstructionFetch_Module_InstructionMemory_instr_sram  ( met3 )
Bounds : ( 534.900, 1081.260 ) ( 537.900, 1081.660 )


SHORT: ( Metal Short ) Special Wire of Net VDD & Blockage of Cell InstructionFetch_Module_InstructionMemory_instr_sram  ( met3 )
Bounds : ( 534.900, 1089.540 ) ( 537.900, 1089.940 )


SHORT: ( Metal Short ) Special Wire of Net VDD & Blockage of Cell InstructionFetch_Module_InstructionMemory_instr_sram  ( met3 )
Bounds : ( 534.900, 1097.820 ) ( 537.900, 1098.220 )


SHORT: ( Metal Short ) Special Wire of Net VSS & Blockage of Cell InstructionFetch_Module_InstructionMemory_instr_sram  ( met2 )
Bounds : ( 657.900, 1019.160 ) ( 660.900, 1019.560 )


SHORT: ( Metal Short ) Special Wire of Net VSS & Blockage of Cell InstructionFetch_Module_InstructionMemory_instr_sram  ( met2 )
Bounds : ( 657.900, 1027.440 ) ( 660.900, 1027.840 )


SHORT: ( Metal Short ) Special Wire of Net VSS & Blockage of Cell InstructionFetch_Module_InstructionMemory_instr_sram  ( met2 )
Bounds : ( 657.900, 1035.720 ) ( 660.900, 1036.120 )


SHORT: ( Metal Short ) Special Wire of Net VSS & Blockage of Cell InstructionFetch_Module_InstructionMemory_instr_sram  ( met2 )
Bounds : ( 657.900, 1044.000 ) ( 660.900, 1044.400 )


SHORT: ( Metal Short ) Special Wire of Net VSS & Blockage of Cell InstructionFetch_Module_InstructionMemory_instr_sram  ( met2 )
Bounds : ( 657.900, 1052.280 ) ( 660.900, 1052.680 )


SHORT: ( Metal Short ) Special Wire of Net VSS & Blockage of Cell InstructionFetch_Module_InstructionMemory_instr_sram  ( met3 )
Bounds : ( 657.900, 1019.160 ) ( 660.900, 1019.560 )


SHORT: ( Metal Short ) Special Wire of Net VSS & Blockage of Cell InstructionFetch_Module_InstructionMemory_instr_sram  ( met3 )
Bounds : ( 657.900, 1027.440 ) ( 660.900, 1027.840 )


SHORT: ( Metal Short ) Special Wire of Net VSS & Blockage of Cell InstructionFetch_Module_InstructionMemory_instr_sram  ( met3 )
Bounds : ( 657.900, 1035.720 ) ( 660.900, 1036.120 )


SHORT: ( Metal Short ) Special Wire of Net VSS & Blockage of Cell InstructionFetch_Module_InstructionMemory_instr_sram  ( met3 )
Bounds : ( 657.900, 1044.000 ) ( 660.900, 1044.400 )


SHORT: ( Metal Short ) Special Wire of Net VSS & Blockage of Cell InstructionFetch_Module_InstructionMemory_instr_sram  ( met3 )
Bounds : ( 657.900, 1052.280 ) ( 660.900, 1052.680 )


SHORT: ( Metal Short ) Special Wire of Net VSS & Blockage of Cell InstructionFetch_Module_InstructionMemory_instr_sram  ( met2 )
Bounds : ( 607.900, 1019.160 ) ( 610.900, 1019.560 )


SHORT: ( Metal Short ) Special Wire of Net VSS & Blockage of Cell InstructionFetch_Module_InstructionMemory_instr_sram  ( met2 )
Bounds : ( 607.900, 1027.440 ) ( 610.900, 1027.840 )


SHORT: ( Metal Short ) Special Wire of Net VSS & Blockage of Cell InstructionFetch_Module_InstructionMemory_instr_sram  ( met2 )
Bounds : ( 607.900, 1035.720 ) ( 610.900, 1036.120 )


SHORT: ( Metal Short ) Special Wire of Net VSS & Blockage of Cell InstructionFetch_Module_InstructionMemory_instr_sram  ( met2 )
Bounds : ( 607.900, 1044.000 ) ( 610.900, 1044.400 )


SHORT: ( Metal Short ) Special Wire of Net VSS & Blockage of Cell InstructionFetch_Module_InstructionMemory_instr_sram  ( met2 )
Bounds : ( 607.900, 1052.280 ) ( 610.900, 1052.680 )


SHORT: ( Metal Short ) Special Wire of Net VSS & Blockage of Cell InstructionFetch_Module_InstructionMemory_instr_sram  ( met3 )
Bounds : ( 607.900, 1019.160 ) ( 610.900, 1019.560 )


SHORT: ( Metal Short ) Special Wire of Net VSS & Blockage of Cell InstructionFetch_Module_InstructionMemory_instr_sram  ( met3 )
Bounds : ( 607.900, 1027.440 ) ( 610.900, 1027.840 )


SHORT: ( Metal Short ) Special Wire of Net VSS & Blockage of Cell InstructionFetch_Module_InstructionMemory_instr_sram  ( met3 )
Bounds : ( 607.900, 1035.720 ) ( 610.900, 1036.120 )


SHORT: ( Metal Short ) Special Wire of Net VSS & Blockage of Cell InstructionFetch_Module_InstructionMemory_instr_sram  ( met3 )
Bounds : ( 607.900, 1044.000 ) ( 610.900, 1044.400 )


SHORT: ( Metal Short ) Special Wire of Net VSS & Blockage of Cell InstructionFetch_Module_InstructionMemory_instr_sram  ( met3 )
Bounds : ( 607.900, 1052.280 ) ( 610.900, 1052.680 )


SHORT: ( Metal Short ) Special Wire of Net VDD & Blockage of Cell InstructionFetch_Module_InstructionMemory_instr_sram  ( met2 )
Bounds : ( 634.900, 1023.300 ) ( 637.900, 1023.700 )


SHORT: ( Metal Short ) Special Wire of Net VDD & Blockage of Cell InstructionFetch_Module_InstructionMemory_instr_sram  ( met2 )
Bounds : ( 634.900, 1031.580 ) ( 637.900, 1031.980 )


SHORT: ( Metal Short ) Special Wire of Net VDD & Blockage of Cell InstructionFetch_Module_InstructionMemory_instr_sram  ( met2 )
Bounds : ( 634.900, 1039.860 ) ( 637.900, 1040.260 )


SHORT: ( Metal Short ) Special Wire of Net VDD & Blockage of Cell InstructionFetch_Module_InstructionMemory_instr_sram  ( met2 )
Bounds : ( 634.900, 1048.140 ) ( 637.900, 1048.540 )


SHORT: ( Metal Short ) Special Wire of Net VDD & Blockage of Cell InstructionFetch_Module_InstructionMemory_instr_sram  ( met2 )
Bounds : ( 634.900, 1056.420 ) ( 637.900, 1056.820 )


SHORT: ( Metal Short ) Special Wire of Net VDD & Blockage of Cell InstructionFetch_Module_InstructionMemory_instr_sram  ( met3 )
Bounds : ( 634.900, 1023.300 ) ( 637.900, 1023.700 )


SHORT: ( Metal Short ) Special Wire of Net VDD & Blockage of Cell InstructionFetch_Module_InstructionMemory_instr_sram  ( met3 )
Bounds : ( 634.900, 1031.580 ) ( 637.900, 1031.980 )


SHORT: ( Metal Short ) Special Wire of Net VDD & Blockage of Cell InstructionFetch_Module_InstructionMemory_instr_sram  ( met3 )
Bounds : ( 634.900, 1039.860 ) ( 637.900, 1040.260 )


SHORT: ( Metal Short ) Special Wire of Net VDD & Blockage of Cell InstructionFetch_Module_InstructionMemory_instr_sram  ( met3 )
Bounds : ( 634.900, 1048.140 ) ( 637.900, 1048.540 )


SHORT: ( Metal Short ) Special Wire of Net VDD & Blockage of Cell InstructionFetch_Module_InstructionMemory_instr_sram  ( met3 )
Bounds : ( 634.900, 1056.420 ) ( 637.900, 1056.820 )


SHORT: ( Metal Short ) Special Wire of Net VSS & Blockage of Cell InstructionFetch_Module_InstructionMemory_instr_sram  ( met2 )
Bounds : ( 657.900, 977.760 ) ( 660.900, 978.160 )


SHORT: ( Metal Short ) Special Wire of Net VSS & Blockage of Cell InstructionFetch_Module_InstructionMemory_instr_sram  ( met2 )
Bounds : ( 657.900, 986.040 ) ( 660.900, 986.440 )


SHORT: ( Metal Short ) Special Wire of Net VSS & Blockage of Cell InstructionFetch_Module_InstructionMemory_instr_sram  ( met2 )
Bounds : ( 657.900, 994.320 ) ( 660.900, 994.720 )


SHORT: ( Metal Short ) Special Wire of Net VSS & Blockage of Cell InstructionFetch_Module_InstructionMemory_instr_sram  ( met2 )
Bounds : ( 657.900, 1002.600 ) ( 660.900, 1003.000 )


SHORT: ( Metal Short ) Special Wire of Net VSS & Blockage of Cell InstructionFetch_Module_InstructionMemory_instr_sram  ( met2 )
Bounds : ( 657.900, 1010.880 ) ( 660.900, 1011.280 )


SHORT: ( Metal Short ) Special Wire of Net VSS & Blockage of Cell InstructionFetch_Module_InstructionMemory_instr_sram  ( met3 )
Bounds : ( 657.900, 977.760 ) ( 660.900, 978.160 )


SHORT: ( Metal Short ) Special Wire of Net VSS & Blockage of Cell InstructionFetch_Module_InstructionMemory_instr_sram  ( met3 )
Bounds : ( 657.900, 986.040 ) ( 660.900, 986.440 )


SHORT: ( Metal Short ) Special Wire of Net VSS & Blockage of Cell InstructionFetch_Module_InstructionMemory_instr_sram  ( met3 )
Bounds : ( 657.900, 994.320 ) ( 660.900, 994.720 )


SHORT: ( Metal Short ) Special Wire of Net VSS & Blockage of Cell InstructionFetch_Module_InstructionMemory_instr_sram  ( met3 )
Bounds : ( 657.900, 1002.600 ) ( 660.900, 1003.000 )


SHORT: ( Metal Short ) Special Wire of Net VSS & Blockage of Cell InstructionFetch_Module_InstructionMemory_instr_sram  ( met3 )
Bounds : ( 657.900, 1010.880 ) ( 660.900, 1011.280 )


SHORT: ( Metal Short ) Special Wire of Net VSS & Blockage of Cell InstructionFetch_Module_InstructionMemory_instr_sram  ( met2 )
Bounds : ( 607.900, 977.760 ) ( 610.900, 978.160 )


SHORT: ( Metal Short ) Special Wire of Net VSS & Blockage of Cell InstructionFetch_Module_InstructionMemory_instr_sram  ( met2 )
Bounds : ( 607.900, 986.040 ) ( 610.900, 986.440 )


SHORT: ( Metal Short ) Special Wire of Net VSS & Blockage of Cell InstructionFetch_Module_InstructionMemory_instr_sram  ( met2 )
Bounds : ( 607.900, 994.320 ) ( 610.900, 994.720 )


SHORT: ( Metal Short ) Special Wire of Net VSS & Blockage of Cell InstructionFetch_Module_InstructionMemory_instr_sram  ( met2 )
Bounds : ( 607.900, 1002.600 ) ( 610.900, 1003.000 )


SHORT: ( Metal Short ) Special Wire of Net VSS & Blockage of Cell InstructionFetch_Module_InstructionMemory_instr_sram  ( met2 )
Bounds : ( 607.900, 1010.880 ) ( 610.900, 1011.280 )


SHORT: ( Metal Short ) Special Wire of Net VSS & Blockage of Cell InstructionFetch_Module_InstructionMemory_instr_sram  ( met3 )
Bounds : ( 607.900, 977.760 ) ( 610.900, 978.160 )


SHORT: ( Metal Short ) Special Wire of Net VSS & Blockage of Cell InstructionFetch_Module_InstructionMemory_instr_sram  ( met3 )
Bounds : ( 607.900, 986.040 ) ( 610.900, 986.440 )


SHORT: ( Metal Short ) Special Wire of Net VSS & Blockage of Cell InstructionFetch_Module_InstructionMemory_instr_sram  ( met3 )
Bounds : ( 607.900, 994.320 ) ( 610.900, 994.720 )


SHORT: ( Metal Short ) Special Wire of Net VSS & Blockage of Cell InstructionFetch_Module_InstructionMemory_instr_sram  ( met3 )
Bounds : ( 607.900, 1002.600 ) ( 610.900, 1003.000 )


SHORT: ( Metal Short ) Special Wire of Net VSS & Blockage of Cell InstructionFetch_Module_InstructionMemory_instr_sram  ( met3 )
Bounds : ( 607.900, 1010.880 ) ( 610.900, 1011.280 )


SHORT: ( Metal Short ) Special Wire of Net VDD & Blockage of Cell InstructionFetch_Module_InstructionMemory_instr_sram  ( met2 )
Bounds : ( 634.900, 981.900 ) ( 637.900, 982.300 )


SHORT: ( Metal Short ) Special Wire of Net VDD & Blockage of Cell InstructionFetch_Module_InstructionMemory_instr_sram  ( met2 )
Bounds : ( 634.900, 990.180 ) ( 637.900, 990.580 )


SHORT: ( Metal Short ) Special Wire of Net VDD & Blockage of Cell InstructionFetch_Module_InstructionMemory_instr_sram  ( met2 )
Bounds : ( 634.900, 998.460 ) ( 637.900, 998.860 )


SHORT: ( Metal Short ) Special Wire of Net VDD & Blockage of Cell InstructionFetch_Module_InstructionMemory_instr_sram  ( met2 )
Bounds : ( 634.900, 1006.740 ) ( 637.900, 1007.140 )


SHORT: ( Metal Short ) Special Wire of Net VDD & Blockage of Cell InstructionFetch_Module_InstructionMemory_instr_sram  ( met2 )
Bounds : ( 634.900, 1015.020 ) ( 637.900, 1015.420 )


SHORT: ( Metal Short ) Special Wire of Net VDD & Blockage of Cell InstructionFetch_Module_InstructionMemory_instr_sram  ( met3 )
Bounds : ( 634.900, 981.900 ) ( 637.900, 982.300 )


SHORT: ( Metal Short ) Special Wire of Net VDD & Blockage of Cell InstructionFetch_Module_InstructionMemory_instr_sram  ( met3 )
Bounds : ( 634.900, 990.180 ) ( 637.900, 990.580 )


SHORT: ( Metal Short ) Special Wire of Net VDD & Blockage of Cell InstructionFetch_Module_InstructionMemory_instr_sram  ( met3 )
Bounds : ( 634.900, 998.460 ) ( 637.900, 998.860 )


SHORT: ( Metal Short ) Special Wire of Net VDD & Blockage of Cell InstructionFetch_Module_InstructionMemory_instr_sram  ( met3 )
Bounds : ( 634.900, 1006.740 ) ( 637.900, 1007.140 )


SHORT: ( Metal Short ) Special Wire of Net VDD & Blockage of Cell InstructionFetch_Module_InstructionMemory_instr_sram  ( met3 )
Bounds : ( 634.900, 1015.020 ) ( 637.900, 1015.420 )


SHORT: ( Metal Short ) Special Wire of Net VSS & Blockage of Cell InstructionFetch_Module_InstructionMemory_instr_sram  ( met2 )
Bounds : ( 557.900, 1019.160 ) ( 560.900, 1019.560 )


SHORT: ( Metal Short ) Special Wire of Net VSS & Blockage of Cell InstructionFetch_Module_InstructionMemory_instr_sram  ( met2 )
Bounds : ( 557.900, 1027.440 ) ( 560.900, 1027.840 )


SHORT: ( Metal Short ) Special Wire of Net VSS & Blockage of Cell InstructionFetch_Module_InstructionMemory_instr_sram  ( met2 )
Bounds : ( 557.900, 1035.720 ) ( 560.900, 1036.120 )


SHORT: ( Metal Short ) Special Wire of Net VSS & Blockage of Cell InstructionFetch_Module_InstructionMemory_instr_sram  ( met2 )
Bounds : ( 557.900, 1044.000 ) ( 560.900, 1044.400 )


SHORT: ( Metal Short ) Special Wire of Net VSS & Blockage of Cell InstructionFetch_Module_InstructionMemory_instr_sram  ( met2 )
Bounds : ( 557.900, 1052.280 ) ( 560.900, 1052.680 )


SHORT: ( Metal Short ) Special Wire of Net VDD & Blockage of Cell InstructionFetch_Module_InstructionMemory_instr_sram  ( met2 )
Bounds : ( 584.900, 1023.300 ) ( 587.900, 1023.700 )


SHORT: ( Metal Short ) Special Wire of Net VDD & Blockage of Cell InstructionFetch_Module_InstructionMemory_instr_sram  ( met2 )
Bounds : ( 584.900, 1031.580 ) ( 587.900, 1031.980 )


SHORT: ( Metal Short ) Special Wire of Net VDD & Blockage of Cell InstructionFetch_Module_InstructionMemory_instr_sram  ( met2 )
Bounds : ( 584.900, 1039.860 ) ( 587.900, 1040.260 )


SHORT: ( Metal Short ) Special Wire of Net VDD & Blockage of Cell InstructionFetch_Module_InstructionMemory_instr_sram  ( met2 )
Bounds : ( 584.900, 1048.140 ) ( 587.900, 1048.540 )


SHORT: ( Metal Short ) Special Wire of Net VDD & Blockage of Cell InstructionFetch_Module_InstructionMemory_instr_sram  ( met2 )
Bounds : ( 584.900, 1056.420 ) ( 587.900, 1056.820 )


SHORT: ( Metal Short ) Special Wire of Net VSS & Blockage of Cell InstructionFetch_Module_InstructionMemory_instr_sram  ( met3 )
Bounds : ( 557.900, 1019.160 ) ( 560.900, 1019.560 )


SHORT: ( Metal Short ) Special Wire of Net VSS & Blockage of Cell InstructionFetch_Module_InstructionMemory_instr_sram  ( met3 )
Bounds : ( 557.900, 1027.440 ) ( 560.900, 1027.840 )


SHORT: ( Metal Short ) Special Wire of Net VSS & Blockage of Cell InstructionFetch_Module_InstructionMemory_instr_sram  ( met3 )
Bounds : ( 557.900, 1035.720 ) ( 560.900, 1036.120 )


SHORT: ( Metal Short ) Special Wire of Net VSS & Blockage of Cell InstructionFetch_Module_InstructionMemory_instr_sram  ( met3 )
Bounds : ( 557.900, 1044.000 ) ( 560.900, 1044.400 )


SHORT: ( Metal Short ) Special Wire of Net VSS & Blockage of Cell InstructionFetch_Module_InstructionMemory_instr_sram  ( met3 )
Bounds : ( 557.900, 1052.280 ) ( 560.900, 1052.680 )


SHORT: ( Metal Short ) Special Wire of Net VDD & Blockage of Cell InstructionFetch_Module_InstructionMemory_instr_sram  ( met3 )
Bounds : ( 584.900, 1023.300 ) ( 587.900, 1023.700 )


SHORT: ( Metal Short ) Special Wire of Net VDD & Blockage of Cell InstructionFetch_Module_InstructionMemory_instr_sram  ( met3 )
Bounds : ( 584.900, 1031.580 ) ( 587.900, 1031.980 )


SHORT: ( Metal Short ) Special Wire of Net VDD & Blockage of Cell InstructionFetch_Module_InstructionMemory_instr_sram  ( met3 )
Bounds : ( 584.900, 1039.860 ) ( 587.900, 1040.260 )


SHORT: ( Metal Short ) Special Wire of Net VDD & Blockage of Cell InstructionFetch_Module_InstructionMemory_instr_sram  ( met3 )
Bounds : ( 584.900, 1048.140 ) ( 587.900, 1048.540 )


SHORT: ( Metal Short ) Special Wire of Net VDD & Blockage of Cell InstructionFetch_Module_InstructionMemory_instr_sram  ( met3 )
Bounds : ( 584.900, 1056.420 ) ( 587.900, 1056.820 )


SHORT: ( Metal Short ) Special Wire of Net VDD & Blockage of Cell InstructionFetch_Module_InstructionMemory_instr_sram  ( met2 )
Bounds : ( 534.900, 1023.300 ) ( 537.900, 1023.700 )


SHORT: ( Metal Short ) Special Wire of Net VDD & Blockage of Cell InstructionFetch_Module_InstructionMemory_instr_sram  ( met2 )
Bounds : ( 534.900, 1031.580 ) ( 537.900, 1031.980 )


SHORT: ( Metal Short ) Special Wire of Net VDD & Blockage of Cell InstructionFetch_Module_InstructionMemory_instr_sram  ( met2 )
Bounds : ( 534.900, 1039.860 ) ( 537.900, 1040.260 )


SHORT: ( Metal Short ) Special Wire of Net VDD & Blockage of Cell InstructionFetch_Module_InstructionMemory_instr_sram  ( met2 )
Bounds : ( 534.900, 1048.140 ) ( 537.900, 1048.540 )


SHORT: ( Metal Short ) Special Wire of Net VDD & Blockage of Cell InstructionFetch_Module_InstructionMemory_instr_sram  ( met2 )
Bounds : ( 534.900, 1056.420 ) ( 537.900, 1056.820 )


SHORT: ( Metal Short ) Special Wire of Net VDD & Blockage of Cell InstructionFetch_Module_InstructionMemory_instr_sram  ( met3 )
Bounds : ( 534.900, 1023.300 ) ( 537.900, 1023.700 )


SHORT: ( Metal Short ) Special Wire of Net VDD & Blockage of Cell InstructionFetch_Module_InstructionMemory_instr_sram  ( met3 )
Bounds : ( 534.900, 1031.580 ) ( 537.900, 1031.980 )


SHORT: ( Metal Short ) Special Wire of Net VDD & Blockage of Cell InstructionFetch_Module_InstructionMemory_instr_sram  ( met3 )
Bounds : ( 534.900, 1039.860 ) ( 537.900, 1040.260 )


SHORT: ( Metal Short ) Special Wire of Net VDD & Blockage of Cell InstructionFetch_Module_InstructionMemory_instr_sram  ( met3 )
Bounds : ( 534.900, 1048.140 ) ( 537.900, 1048.540 )


SHORT: ( Metal Short ) Special Wire of Net VDD & Blockage of Cell InstructionFetch_Module_InstructionMemory_instr_sram  ( met3 )
Bounds : ( 534.900, 1056.420 ) ( 537.900, 1056.820 )


SHORT: ( Metal Short ) Special Wire of Net VSS & Blockage of Cell InstructionFetch_Module_InstructionMemory_instr_sram  ( met2 )
Bounds : ( 557.900, 977.760 ) ( 560.900, 978.160 )


SHORT: ( Metal Short ) Special Wire of Net VSS & Blockage of Cell InstructionFetch_Module_InstructionMemory_instr_sram  ( met2 )
Bounds : ( 557.900, 986.040 ) ( 560.900, 986.440 )


SHORT: ( Metal Short ) Special Wire of Net VSS & Blockage of Cell InstructionFetch_Module_InstructionMemory_instr_sram  ( met2 )
Bounds : ( 557.900, 994.320 ) ( 560.900, 994.720 )


SHORT: ( Metal Short ) Special Wire of Net VSS & Blockage of Cell InstructionFetch_Module_InstructionMemory_instr_sram  ( met2 )
Bounds : ( 557.900, 1002.600 ) ( 560.900, 1003.000 )


SHORT: ( Metal Short ) Special Wire of Net VSS & Blockage of Cell InstructionFetch_Module_InstructionMemory_instr_sram  ( met2 )
Bounds : ( 557.900, 1010.880 ) ( 560.900, 1011.280 )


SHORT: ( Metal Short ) Special Wire of Net VDD & Blockage of Cell InstructionFetch_Module_InstructionMemory_instr_sram  ( met2 )
Bounds : ( 584.900, 981.900 ) ( 587.900, 982.300 )


SHORT: ( Metal Short ) Special Wire of Net VDD & Blockage of Cell InstructionFetch_Module_InstructionMemory_instr_sram  ( met2 )
Bounds : ( 584.900, 990.180 ) ( 587.900, 990.580 )


SHORT: ( Metal Short ) Special Wire of Net VDD & Blockage of Cell InstructionFetch_Module_InstructionMemory_instr_sram  ( met2 )
Bounds : ( 584.900, 998.460 ) ( 587.900, 998.860 )


SHORT: ( Metal Short ) Special Wire of Net VDD & Blockage of Cell InstructionFetch_Module_InstructionMemory_instr_sram  ( met2 )
Bounds : ( 584.900, 1006.740 ) ( 587.900, 1007.140 )


SHORT: ( Metal Short ) Special Wire of Net VDD & Blockage of Cell InstructionFetch_Module_InstructionMemory_instr_sram  ( met2 )
Bounds : ( 584.900, 1015.020 ) ( 587.900, 1015.420 )


SHORT: ( Metal Short ) Special Wire of Net VSS & Blockage of Cell InstructionFetch_Module_InstructionMemory_instr_sram  ( met3 )
Bounds : ( 557.900, 977.760 ) ( 560.900, 978.160 )


SHORT: ( Metal Short ) Special Wire of Net VSS & Blockage of Cell InstructionFetch_Module_InstructionMemory_instr_sram  ( met3 )
Bounds : ( 557.900, 986.040 ) ( 560.900, 986.440 )


SHORT: ( Metal Short ) Special Wire of Net VSS & Blockage of Cell InstructionFetch_Module_InstructionMemory_instr_sram  ( met3 )
Bounds : ( 557.900, 994.320 ) ( 560.900, 994.720 )


SHORT: ( Metal Short ) Special Wire of Net VSS & Blockage of Cell InstructionFetch_Module_InstructionMemory_instr_sram  ( met3 )
Bounds : ( 557.900, 1002.600 ) ( 560.900, 1003.000 )


SHORT: ( Metal Short ) Special Wire of Net VSS & Blockage of Cell InstructionFetch_Module_InstructionMemory_instr_sram  ( met3 )
Bounds : ( 557.900, 1010.880 ) ( 560.900, 1011.280 )


SHORT: ( Metal Short ) Special Wire of Net VDD & Blockage of Cell InstructionFetch_Module_InstructionMemory_instr_sram  ( met3 )
Bounds : ( 584.900, 981.900 ) ( 587.900, 982.300 )


SHORT: ( Metal Short ) Special Wire of Net VDD & Blockage of Cell InstructionFetch_Module_InstructionMemory_instr_sram  ( met3 )
Bounds : ( 584.900, 990.180 ) ( 587.900, 990.580 )


SHORT: ( Metal Short ) Special Wire of Net VDD & Blockage of Cell InstructionFetch_Module_InstructionMemory_instr_sram  ( met3 )
Bounds : ( 584.900, 998.460 ) ( 587.900, 998.860 )


SHORT: ( Metal Short ) Special Wire of Net VDD & Blockage of Cell InstructionFetch_Module_InstructionMemory_instr_sram  ( met3 )
Bounds : ( 584.900, 1006.740 ) ( 587.900, 1007.140 )


SHORT: ( Metal Short ) Special Wire of Net VDD & Blockage of Cell InstructionFetch_Module_InstructionMemory_instr_sram  ( met3 )
Bounds : ( 584.900, 1015.020 ) ( 587.900, 1015.420 )


SHORT: ( Metal Short ) Special Wire of Net VDD & Blockage of Cell InstructionFetch_Module_InstructionMemory_instr_sram  ( met2 )
Bounds : ( 534.900, 981.900 ) ( 537.900, 982.300 )


SHORT: ( Metal Short ) Special Wire of Net VDD & Blockage of Cell InstructionFetch_Module_InstructionMemory_instr_sram  ( met2 )
Bounds : ( 534.900, 990.180 ) ( 537.900, 990.580 )


SHORT: ( Metal Short ) Special Wire of Net VDD & Blockage of Cell InstructionFetch_Module_InstructionMemory_instr_sram  ( met2 )
Bounds : ( 534.900, 998.460 ) ( 537.900, 998.860 )


SHORT: ( Metal Short ) Special Wire of Net VDD & Blockage of Cell InstructionFetch_Module_InstructionMemory_instr_sram  ( met2 )
Bounds : ( 534.900, 1006.740 ) ( 537.900, 1007.140 )


SHORT: ( Metal Short ) Special Wire of Net VDD & Blockage of Cell InstructionFetch_Module_InstructionMemory_instr_sram  ( met2 )
Bounds : ( 534.900, 1015.020 ) ( 537.900, 1015.420 )


SHORT: ( Metal Short ) Special Wire of Net VDD & Blockage of Cell InstructionFetch_Module_InstructionMemory_instr_sram  ( met3 )
Bounds : ( 534.900, 981.900 ) ( 537.900, 982.300 )


SHORT: ( Metal Short ) Special Wire of Net VDD & Blockage of Cell InstructionFetch_Module_InstructionMemory_instr_sram  ( met3 )
Bounds : ( 534.900, 990.180 ) ( 537.900, 990.580 )


SHORT: ( Metal Short ) Special Wire of Net VDD & Blockage of Cell InstructionFetch_Module_InstructionMemory_instr_sram  ( met3 )
Bounds : ( 534.900, 998.460 ) ( 537.900, 998.860 )


SHORT: ( Metal Short ) Special Wire of Net VDD & Blockage of Cell InstructionFetch_Module_InstructionMemory_instr_sram  ( met3 )
Bounds : ( 534.900, 1006.740 ) ( 537.900, 1007.140 )


SHORT: ( Metal Short ) Special Wire of Net VDD & Blockage of Cell InstructionFetch_Module_InstructionMemory_instr_sram  ( met3 )
Bounds : ( 534.900, 1015.020 ) ( 537.900, 1015.420 )


SHORT: ( Metal Short ) Special Wire of Net VSS & Blockage of Cell InstructionFetch_Module_InstructionMemory_instr_sram  ( met2 )
Bounds : ( 807.900, 936.360 ) ( 810.900, 936.760 )


SHORT: ( Metal Short ) Special Wire of Net VDD & Blockage of Cell InstructionFetch_Module_InstructionMemory_instr_sram  ( met2 )
Bounds : ( 834.900, 940.500 ) ( 837.900, 940.900 )


SHORT: ( Metal Short ) Special Wire of Net VSS & Blockage of Cell InstructionFetch_Module_InstructionMemory_instr_sram  ( met3 )
Bounds : ( 807.900, 936.360 ) ( 810.900, 936.760 )


SHORT: ( Metal Short ) Special Wire of Net VDD & Blockage of Cell InstructionFetch_Module_InstructionMemory_instr_sram  ( met3 )
Bounds : ( 834.900, 940.500 ) ( 837.900, 940.900 )


SHORT: ( Metal Short ) Special Wire of Net VSS & Blockage of Cell InstructionFetch_Module_InstructionMemory_instr_sram  ( met2 )
Bounds : ( 807.900, 944.640 ) ( 810.900, 945.040 )


SHORT: ( Metal Short ) Special Wire of Net VSS & Blockage of Cell InstructionFetch_Module_InstructionMemory_instr_sram  ( met2 )
Bounds : ( 807.900, 952.920 ) ( 810.900, 953.320 )


SHORT: ( Metal Short ) Special Wire of Net VSS & Blockage of Cell InstructionFetch_Module_InstructionMemory_instr_sram  ( met2 )
Bounds : ( 807.900, 961.200 ) ( 810.900, 961.600 )


SHORT: ( Metal Short ) Special Wire of Net VSS & Blockage of Cell InstructionFetch_Module_InstructionMemory_instr_sram  ( met2 )
Bounds : ( 807.900, 969.480 ) ( 810.900, 969.880 )


SHORT: ( Metal Short ) Special Wire of Net VDD & Blockage of Cell InstructionFetch_Module_InstructionMemory_instr_sram  ( met2 )
Bounds : ( 834.900, 948.780 ) ( 837.900, 949.180 )


SHORT: ( Metal Short ) Special Wire of Net VDD & Blockage of Cell InstructionFetch_Module_InstructionMemory_instr_sram  ( met2 )
Bounds : ( 834.900, 957.060 ) ( 837.900, 957.460 )


SHORT: ( Metal Short ) Special Wire of Net VDD & Blockage of Cell InstructionFetch_Module_InstructionMemory_instr_sram  ( met2 )
Bounds : ( 834.900, 965.340 ) ( 837.900, 965.740 )


SHORT: ( Metal Short ) Special Wire of Net VDD & Blockage of Cell InstructionFetch_Module_InstructionMemory_instr_sram  ( met2 )
Bounds : ( 834.900, 973.620 ) ( 837.900, 974.020 )


SHORT: ( Metal Short ) Special Wire of Net VSS & Blockage of Cell InstructionFetch_Module_InstructionMemory_instr_sram  ( met3 )
Bounds : ( 807.900, 944.640 ) ( 810.900, 945.040 )


SHORT: ( Metal Short ) Special Wire of Net VSS & Blockage of Cell InstructionFetch_Module_InstructionMemory_instr_sram  ( met3 )
Bounds : ( 807.900, 952.920 ) ( 810.900, 953.320 )


SHORT: ( Metal Short ) Special Wire of Net VSS & Blockage of Cell InstructionFetch_Module_InstructionMemory_instr_sram  ( met3 )
Bounds : ( 807.900, 961.200 ) ( 810.900, 961.600 )


SHORT: ( Metal Short ) Special Wire of Net VSS & Blockage of Cell InstructionFetch_Module_InstructionMemory_instr_sram  ( met3 )
Bounds : ( 807.900, 969.480 ) ( 810.900, 969.880 )


SHORT: ( Metal Short ) Special Wire of Net VDD & Blockage of Cell InstructionFetch_Module_InstructionMemory_instr_sram  ( met3 )
Bounds : ( 834.900, 948.780 ) ( 837.900, 949.180 )


SHORT: ( Metal Short ) Special Wire of Net VDD & Blockage of Cell InstructionFetch_Module_InstructionMemory_instr_sram  ( met3 )
Bounds : ( 834.900, 957.060 ) ( 837.900, 957.460 )


SHORT: ( Metal Short ) Special Wire of Net VDD & Blockage of Cell InstructionFetch_Module_InstructionMemory_instr_sram  ( met3 )
Bounds : ( 834.900, 965.340 ) ( 837.900, 965.740 )


SHORT: ( Metal Short ) Special Wire of Net VDD & Blockage of Cell InstructionFetch_Module_InstructionMemory_instr_sram  ( met3 )
Bounds : ( 834.900, 973.620 ) ( 837.900, 974.020 )


SHORT: ( Metal Short ) Special Wire of Net VSS & Blockage of Cell InstructionFetch_Module_InstructionMemory_instr_sram  ( met2 )
Bounds : ( 757.900, 936.360 ) ( 760.900, 936.760 )


SHORT: ( Metal Short ) Special Wire of Net VDD & Blockage of Cell InstructionFetch_Module_InstructionMemory_instr_sram  ( met2 )
Bounds : ( 784.900, 940.500 ) ( 787.900, 940.900 )


SHORT: ( Metal Short ) Special Wire of Net VSS & Blockage of Cell InstructionFetch_Module_InstructionMemory_instr_sram  ( met3 )
Bounds : ( 757.900, 936.360 ) ( 760.900, 936.760 )


SHORT: ( Metal Short ) Special Wire of Net VDD & Blockage of Cell InstructionFetch_Module_InstructionMemory_instr_sram  ( met3 )
Bounds : ( 784.900, 940.500 ) ( 787.900, 940.900 )


SHORT: ( Metal Short ) Special Wire of Net VSS & Blockage of Cell InstructionFetch_Module_InstructionMemory_instr_sram  ( met2 )
Bounds : ( 757.900, 944.640 ) ( 760.900, 945.040 )


SHORT: ( Metal Short ) Special Wire of Net VSS & Blockage of Cell InstructionFetch_Module_InstructionMemory_instr_sram  ( met2 )
Bounds : ( 757.900, 952.920 ) ( 760.900, 953.320 )


SHORT: ( Metal Short ) Special Wire of Net VSS & Blockage of Cell InstructionFetch_Module_InstructionMemory_instr_sram  ( met2 )
Bounds : ( 757.900, 961.200 ) ( 760.900, 961.600 )


SHORT: ( Metal Short ) Special Wire of Net VSS & Blockage of Cell InstructionFetch_Module_InstructionMemory_instr_sram  ( met2 )
Bounds : ( 757.900, 969.480 ) ( 760.900, 969.880 )


SHORT: ( Metal Short ) Special Wire of Net VDD & Blockage of Cell InstructionFetch_Module_InstructionMemory_instr_sram  ( met2 )
Bounds : ( 784.900, 948.780 ) ( 787.900, 949.180 )


SHORT: ( Metal Short ) Special Wire of Net VDD & Blockage of Cell InstructionFetch_Module_InstructionMemory_instr_sram  ( met2 )
Bounds : ( 784.900, 957.060 ) ( 787.900, 957.460 )


SHORT: ( Metal Short ) Special Wire of Net VDD & Blockage of Cell InstructionFetch_Module_InstructionMemory_instr_sram  ( met2 )
Bounds : ( 784.900, 965.340 ) ( 787.900, 965.740 )


SHORT: ( Metal Short ) Special Wire of Net VDD & Blockage of Cell InstructionFetch_Module_InstructionMemory_instr_sram  ( met2 )
Bounds : ( 784.900, 973.620 ) ( 787.900, 974.020 )


SHORT: ( Metal Short ) Special Wire of Net VSS & Blockage of Cell InstructionFetch_Module_InstructionMemory_instr_sram  ( met3 )
Bounds : ( 757.900, 944.640 ) ( 760.900, 945.040 )


SHORT: ( Metal Short ) Special Wire of Net VSS & Blockage of Cell InstructionFetch_Module_InstructionMemory_instr_sram  ( met3 )
Bounds : ( 757.900, 952.920 ) ( 760.900, 953.320 )


SHORT: ( Metal Short ) Special Wire of Net VSS & Blockage of Cell InstructionFetch_Module_InstructionMemory_instr_sram  ( met3 )
Bounds : ( 757.900, 961.200 ) ( 760.900, 961.600 )


SHORT: ( Metal Short ) Special Wire of Net VSS & Blockage of Cell InstructionFetch_Module_InstructionMemory_instr_sram  ( met3 )
Bounds : ( 757.900, 969.480 ) ( 760.900, 969.880 )


SHORT: ( Metal Short ) Special Wire of Net VDD & Blockage of Cell InstructionFetch_Module_InstructionMemory_instr_sram  ( met3 )
Bounds : ( 784.900, 948.780 ) ( 787.900, 949.180 )


SHORT: ( Metal Short ) Special Wire of Net VDD & Blockage of Cell InstructionFetch_Module_InstructionMemory_instr_sram  ( met3 )
Bounds : ( 784.900, 957.060 ) ( 787.900, 957.460 )


SHORT: ( Metal Short ) Special Wire of Net VDD & Blockage of Cell InstructionFetch_Module_InstructionMemory_instr_sram  ( met3 )
Bounds : ( 784.900, 965.340 ) ( 787.900, 965.740 )


SHORT: ( Metal Short ) Special Wire of Net VDD & Blockage of Cell InstructionFetch_Module_InstructionMemory_instr_sram  ( met3 )
Bounds : ( 784.900, 973.620 ) ( 787.900, 974.020 )


SHORT: ( Metal Short ) Special Wire of Net VSS & Blockage of Cell InstructionFetch_Module_InstructionMemory_instr_sram  ( met2 )
Bounds : ( 807.900, 903.240 ) ( 810.900, 903.640 )


SHORT: ( Metal Short ) Special Wire of Net VSS & Blockage of Cell InstructionFetch_Module_InstructionMemory_instr_sram  ( met2 )
Bounds : ( 807.900, 911.520 ) ( 810.900, 911.920 )


SHORT: ( Metal Short ) Special Wire of Net VSS & Blockage of Cell InstructionFetch_Module_InstructionMemory_instr_sram  ( met2 )
Bounds : ( 807.900, 919.800 ) ( 810.900, 920.200 )


SHORT: ( Metal Short ) Special Wire of Net VSS & Blockage of Cell InstructionFetch_Module_InstructionMemory_instr_sram  ( met2 )
Bounds : ( 807.900, 928.080 ) ( 810.900, 928.480 )


SHORT: ( Metal Short ) Special Wire of Net VDD & Blockage of Cell InstructionFetch_Module_InstructionMemory_instr_sram  ( met2 )
Bounds : ( 834.900, 899.100 ) ( 837.900, 899.500 )


SHORT: ( Metal Short ) Special Wire of Net VDD & Blockage of Cell InstructionFetch_Module_InstructionMemory_instr_sram  ( met2 )
Bounds : ( 834.900, 907.380 ) ( 837.900, 907.780 )


SHORT: ( Metal Short ) Special Wire of Net VDD & Blockage of Cell InstructionFetch_Module_InstructionMemory_instr_sram  ( met2 )
Bounds : ( 834.900, 915.660 ) ( 837.900, 916.060 )


SHORT: ( Metal Short ) Special Wire of Net VDD & Blockage of Cell InstructionFetch_Module_InstructionMemory_instr_sram  ( met2 )
Bounds : ( 834.900, 923.940 ) ( 837.900, 924.340 )


SHORT: ( Metal Short ) Special Wire of Net VDD & Blockage of Cell InstructionFetch_Module_InstructionMemory_instr_sram  ( met2 )
Bounds : ( 834.900, 932.220 ) ( 837.900, 932.620 )


SHORT: ( Metal Short ) Special Wire of Net VSS & Blockage of Cell InstructionFetch_Module_InstructionMemory_instr_sram  ( met3 )
Bounds : ( 807.900, 903.240 ) ( 810.900, 903.640 )


SHORT: ( Metal Short ) Special Wire of Net VSS & Blockage of Cell InstructionFetch_Module_InstructionMemory_instr_sram  ( met3 )
Bounds : ( 807.900, 911.520 ) ( 810.900, 911.920 )


SHORT: ( Metal Short ) Special Wire of Net VSS & Blockage of Cell InstructionFetch_Module_InstructionMemory_instr_sram  ( met3 )
Bounds : ( 807.900, 919.800 ) ( 810.900, 920.200 )


SHORT: ( Metal Short ) Special Wire of Net VSS & Blockage of Cell InstructionFetch_Module_InstructionMemory_instr_sram  ( met3 )
Bounds : ( 807.900, 928.080 ) ( 810.900, 928.480 )


SHORT: ( Metal Short ) Special Wire of Net VDD & Blockage of Cell InstructionFetch_Module_InstructionMemory_instr_sram  ( met3 )
Bounds : ( 834.900, 899.100 ) ( 837.900, 899.500 )


SHORT: ( Metal Short ) Special Wire of Net VDD & Blockage of Cell InstructionFetch_Module_InstructionMemory_instr_sram  ( met3 )
Bounds : ( 834.900, 907.380 ) ( 837.900, 907.780 )


SHORT: ( Metal Short ) Special Wire of Net VDD & Blockage of Cell InstructionFetch_Module_InstructionMemory_instr_sram  ( met3 )
Bounds : ( 834.900, 915.660 ) ( 837.900, 916.060 )


SHORT: ( Metal Short ) Special Wire of Net VDD & Blockage of Cell InstructionFetch_Module_InstructionMemory_instr_sram  ( met3 )
Bounds : ( 834.900, 923.940 ) ( 837.900, 924.340 )


SHORT: ( Metal Short ) Special Wire of Net VDD & Blockage of Cell InstructionFetch_Module_InstructionMemory_instr_sram  ( met3 )
Bounds : ( 834.900, 932.220 ) ( 837.900, 932.620 )


SHORT: ( Metal Short ) Special Wire of Net VSS & Blockage of Cell InstructionFetch_Module_InstructionMemory_instr_sram  ( met2 )
Bounds : ( 757.900, 903.240 ) ( 760.900, 903.640 )


SHORT: ( Metal Short ) Special Wire of Net VSS & Blockage of Cell InstructionFetch_Module_InstructionMemory_instr_sram  ( met2 )
Bounds : ( 757.900, 911.520 ) ( 760.900, 911.920 )


SHORT: ( Metal Short ) Special Wire of Net VSS & Blockage of Cell InstructionFetch_Module_InstructionMemory_instr_sram  ( met2 )
Bounds : ( 757.900, 919.800 ) ( 760.900, 920.200 )


SHORT: ( Metal Short ) Special Wire of Net VSS & Blockage of Cell InstructionFetch_Module_InstructionMemory_instr_sram  ( met2 )
Bounds : ( 757.900, 928.080 ) ( 760.900, 928.480 )


SHORT: ( Metal Short ) Special Wire of Net VDD & Blockage of Cell InstructionFetch_Module_InstructionMemory_instr_sram  ( met2 )
Bounds : ( 784.900, 899.100 ) ( 787.900, 899.500 )


SHORT: ( Metal Short ) Special Wire of Net VDD & Blockage of Cell InstructionFetch_Module_InstructionMemory_instr_sram  ( met2 )
Bounds : ( 784.900, 907.380 ) ( 787.900, 907.780 )


SHORT: ( Metal Short ) Special Wire of Net VDD & Blockage of Cell InstructionFetch_Module_InstructionMemory_instr_sram  ( met2 )
Bounds : ( 784.900, 915.660 ) ( 787.900, 916.060 )


SHORT: ( Metal Short ) Special Wire of Net VDD & Blockage of Cell InstructionFetch_Module_InstructionMemory_instr_sram  ( met2 )
Bounds : ( 784.900, 923.940 ) ( 787.900, 924.340 )


SHORT: ( Metal Short ) Special Wire of Net VDD & Blockage of Cell InstructionFetch_Module_InstructionMemory_instr_sram  ( met2 )
Bounds : ( 784.900, 932.220 ) ( 787.900, 932.620 )


SHORT: ( Metal Short ) Special Wire of Net VSS & Blockage of Cell InstructionFetch_Module_InstructionMemory_instr_sram  ( met3 )
Bounds : ( 757.900, 903.240 ) ( 760.900, 903.640 )


SHORT: ( Metal Short ) Special Wire of Net VSS & Blockage of Cell InstructionFetch_Module_InstructionMemory_instr_sram  ( met3 )
Bounds : ( 757.900, 911.520 ) ( 760.900, 911.920 )


SHORT: ( Metal Short ) Special Wire of Net VSS & Blockage of Cell InstructionFetch_Module_InstructionMemory_instr_sram  ( met3 )
Bounds : ( 757.900, 919.800 ) ( 760.900, 920.200 )


SHORT: ( Metal Short ) Special Wire of Net VSS & Blockage of Cell InstructionFetch_Module_InstructionMemory_instr_sram  ( met3 )
Bounds : ( 757.900, 928.080 ) ( 760.900, 928.480 )


SHORT: ( Metal Short ) Special Wire of Net VDD & Blockage of Cell InstructionFetch_Module_InstructionMemory_instr_sram  ( met3 )
Bounds : ( 784.900, 899.100 ) ( 787.900, 899.500 )


SHORT: ( Metal Short ) Special Wire of Net VDD & Blockage of Cell InstructionFetch_Module_InstructionMemory_instr_sram  ( met3 )
Bounds : ( 784.900, 907.380 ) ( 787.900, 907.780 )


SHORT: ( Metal Short ) Special Wire of Net VDD & Blockage of Cell InstructionFetch_Module_InstructionMemory_instr_sram  ( met3 )
Bounds : ( 784.900, 915.660 ) ( 787.900, 916.060 )


SHORT: ( Metal Short ) Special Wire of Net VDD & Blockage of Cell InstructionFetch_Module_InstructionMemory_instr_sram  ( met3 )
Bounds : ( 784.900, 923.940 ) ( 787.900, 924.340 )


SHORT: ( Metal Short ) Special Wire of Net VDD & Blockage of Cell InstructionFetch_Module_InstructionMemory_instr_sram  ( met3 )
Bounds : ( 784.900, 932.220 ) ( 787.900, 932.620 )


SHORT: ( Metal Short ) Special Wire of Net VDD & Blockage of Cell InstructionFetch_Module_InstructionMemory_instr_sram  ( met2 )
Bounds : ( 734.900, 940.500 ) ( 737.900, 940.900 )


SHORT: ( Metal Short ) Special Wire of Net VDD & Blockage of Cell InstructionFetch_Module_InstructionMemory_instr_sram  ( met3 )
Bounds : ( 734.900, 940.500 ) ( 737.900, 940.900 )


SHORT: ( Metal Short ) Special Wire of Net VDD & Blockage of Cell InstructionFetch_Module_InstructionMemory_instr_sram  ( met2 )
Bounds : ( 734.900, 948.780 ) ( 737.900, 949.180 )


SHORT: ( Metal Short ) Special Wire of Net VDD & Blockage of Cell InstructionFetch_Module_InstructionMemory_instr_sram  ( met2 )
Bounds : ( 734.900, 957.060 ) ( 737.900, 957.460 )


SHORT: ( Metal Short ) Special Wire of Net VDD & Blockage of Cell InstructionFetch_Module_InstructionMemory_instr_sram  ( met2 )
Bounds : ( 734.900, 965.340 ) ( 737.900, 965.740 )


SHORT: ( Metal Short ) Special Wire of Net VDD & Blockage of Cell InstructionFetch_Module_InstructionMemory_instr_sram  ( met2 )
Bounds : ( 734.900, 973.620 ) ( 737.900, 974.020 )


SHORT: ( Metal Short ) Special Wire of Net VDD & Blockage of Cell InstructionFetch_Module_InstructionMemory_instr_sram  ( met3 )
Bounds : ( 734.900, 948.780 ) ( 737.900, 949.180 )


SHORT: ( Metal Short ) Special Wire of Net VDD & Blockage of Cell InstructionFetch_Module_InstructionMemory_instr_sram  ( met3 )
Bounds : ( 734.900, 957.060 ) ( 737.900, 957.460 )


SHORT: ( Metal Short ) Special Wire of Net VDD & Blockage of Cell InstructionFetch_Module_InstructionMemory_instr_sram  ( met3 )
Bounds : ( 734.900, 965.340 ) ( 737.900, 965.740 )


SHORT: ( Metal Short ) Special Wire of Net VDD & Blockage of Cell InstructionFetch_Module_InstructionMemory_instr_sram  ( met3 )
Bounds : ( 734.900, 973.620 ) ( 737.900, 974.020 )


SHORT: ( Metal Short ) Special Wire of Net VDD & Blockage of Cell InstructionFetch_Module_InstructionMemory_instr_sram  ( met2 )
Bounds : ( 684.900, 940.500 ) ( 687.900, 940.900 )


SHORT: ( Metal Short ) Special Wire of Net VDD & Blockage of Cell InstructionFetch_Module_InstructionMemory_instr_sram  ( met3 )
Bounds : ( 684.900, 940.500 ) ( 687.900, 940.900 )


SHORT: ( Metal Short ) Special Wire of Net VSS & Blockage of Cell InstructionFetch_Module_InstructionMemory_instr_sram  ( met2 )
Bounds : ( 707.900, 936.360 ) ( 710.900, 936.760 )


SHORT: ( Metal Short ) Special Wire of Net VSS & Blockage of Cell InstructionFetch_Module_InstructionMemory_instr_sram  ( met3 )
Bounds : ( 707.900, 936.360 ) ( 710.900, 936.760 )


SHORT: ( Metal Short ) Special Wire of Net VDD & Blockage of Cell InstructionFetch_Module_InstructionMemory_instr_sram  ( met2 )
Bounds : ( 684.900, 948.780 ) ( 687.900, 949.180 )


SHORT: ( Metal Short ) Special Wire of Net VDD & Blockage of Cell InstructionFetch_Module_InstructionMemory_instr_sram  ( met2 )
Bounds : ( 684.900, 957.060 ) ( 687.900, 957.460 )


SHORT: ( Metal Short ) Special Wire of Net VDD & Blockage of Cell InstructionFetch_Module_InstructionMemory_instr_sram  ( met2 )
Bounds : ( 684.900, 965.340 ) ( 687.900, 965.740 )


SHORT: ( Metal Short ) Special Wire of Net VDD & Blockage of Cell InstructionFetch_Module_InstructionMemory_instr_sram  ( met2 )
Bounds : ( 684.900, 973.620 ) ( 687.900, 974.020 )


SHORT: ( Metal Short ) Special Wire of Net VDD & Blockage of Cell InstructionFetch_Module_InstructionMemory_instr_sram  ( met3 )
Bounds : ( 684.900, 948.780 ) ( 687.900, 949.180 )


SHORT: ( Metal Short ) Special Wire of Net VDD & Blockage of Cell InstructionFetch_Module_InstructionMemory_instr_sram  ( met3 )
Bounds : ( 684.900, 957.060 ) ( 687.900, 957.460 )


SHORT: ( Metal Short ) Special Wire of Net VDD & Blockage of Cell InstructionFetch_Module_InstructionMemory_instr_sram  ( met3 )
Bounds : ( 684.900, 965.340 ) ( 687.900, 965.740 )


SHORT: ( Metal Short ) Special Wire of Net VDD & Blockage of Cell InstructionFetch_Module_InstructionMemory_instr_sram  ( met3 )
Bounds : ( 684.900, 973.620 ) ( 687.900, 974.020 )


SHORT: ( Metal Short ) Special Wire of Net VSS & Blockage of Cell InstructionFetch_Module_InstructionMemory_instr_sram  ( met2 )
Bounds : ( 707.900, 944.640 ) ( 710.900, 945.040 )


SHORT: ( Metal Short ) Special Wire of Net VSS & Blockage of Cell InstructionFetch_Module_InstructionMemory_instr_sram  ( met2 )
Bounds : ( 707.900, 952.920 ) ( 710.900, 953.320 )


SHORT: ( Metal Short ) Special Wire of Net VSS & Blockage of Cell InstructionFetch_Module_InstructionMemory_instr_sram  ( met2 )
Bounds : ( 707.900, 961.200 ) ( 710.900, 961.600 )


SHORT: ( Metal Short ) Special Wire of Net VSS & Blockage of Cell InstructionFetch_Module_InstructionMemory_instr_sram  ( met2 )
Bounds : ( 707.900, 969.480 ) ( 710.900, 969.880 )


SHORT: ( Metal Short ) Special Wire of Net VSS & Blockage of Cell InstructionFetch_Module_InstructionMemory_instr_sram  ( met3 )
Bounds : ( 707.900, 944.640 ) ( 710.900, 945.040 )


SHORT: ( Metal Short ) Special Wire of Net VSS & Blockage of Cell InstructionFetch_Module_InstructionMemory_instr_sram  ( met3 )
Bounds : ( 707.900, 952.920 ) ( 710.900, 953.320 )


SHORT: ( Metal Short ) Special Wire of Net VSS & Blockage of Cell InstructionFetch_Module_InstructionMemory_instr_sram  ( met3 )
Bounds : ( 707.900, 961.200 ) ( 710.900, 961.600 )


SHORT: ( Metal Short ) Special Wire of Net VSS & Blockage of Cell InstructionFetch_Module_InstructionMemory_instr_sram  ( met3 )
Bounds : ( 707.900, 969.480 ) ( 710.900, 969.880 )


SHORT: ( Metal Short ) Special Wire of Net VDD & Blockage of Cell InstructionFetch_Module_InstructionMemory_instr_sram  ( met2 )
Bounds : ( 684.900, 899.100 ) ( 687.900, 899.500 )


SHORT: ( Metal Short ) Special Wire of Net VDD & Blockage of Cell InstructionFetch_Module_InstructionMemory_instr_sram  ( met2 )
Bounds : ( 684.900, 907.380 ) ( 687.900, 907.780 )


SHORT: ( Metal Short ) Special Wire of Net VDD & Blockage of Cell InstructionFetch_Module_InstructionMemory_instr_sram  ( met2 )
Bounds : ( 684.900, 915.660 ) ( 687.900, 916.060 )


SHORT: ( Metal Short ) Special Wire of Net VDD & Blockage of Cell InstructionFetch_Module_InstructionMemory_instr_sram  ( met2 )
Bounds : ( 684.900, 923.940 ) ( 687.900, 924.340 )


SHORT: ( Metal Short ) Special Wire of Net VDD & Blockage of Cell InstructionFetch_Module_InstructionMemory_instr_sram  ( met2 )
Bounds : ( 684.900, 932.220 ) ( 687.900, 932.620 )


SHORT: ( Metal Short ) Special Wire of Net VDD & Blockage of Cell InstructionFetch_Module_InstructionMemory_instr_sram  ( met3 )
Bounds : ( 684.900, 899.100 ) ( 687.900, 899.500 )


SHORT: ( Metal Short ) Special Wire of Net VDD & Blockage of Cell InstructionFetch_Module_InstructionMemory_instr_sram  ( met3 )
Bounds : ( 684.900, 907.380 ) ( 687.900, 907.780 )


SHORT: ( Metal Short ) Special Wire of Net VDD & Blockage of Cell InstructionFetch_Module_InstructionMemory_instr_sram  ( met3 )
Bounds : ( 684.900, 915.660 ) ( 687.900, 916.060 )


SHORT: ( Metal Short ) Special Wire of Net VDD & Blockage of Cell InstructionFetch_Module_InstructionMemory_instr_sram  ( met3 )
Bounds : ( 684.900, 923.940 ) ( 687.900, 924.340 )


SHORT: ( Metal Short ) Special Wire of Net VDD & Blockage of Cell InstructionFetch_Module_InstructionMemory_instr_sram  ( met3 )
Bounds : ( 684.900, 932.220 ) ( 687.900, 932.620 )


SHORT: ( Metal Short ) Special Wire of Net VSS & Blockage of Cell InstructionFetch_Module_InstructionMemory_instr_sram  ( met2 )
Bounds : ( 707.900, 903.240 ) ( 710.900, 903.640 )


SHORT: ( Metal Short ) Special Wire of Net VSS & Blockage of Cell InstructionFetch_Module_InstructionMemory_instr_sram  ( met2 )
Bounds : ( 707.900, 911.520 ) ( 710.900, 911.920 )


SHORT: ( Metal Short ) Special Wire of Net VSS & Blockage of Cell InstructionFetch_Module_InstructionMemory_instr_sram  ( met2 )
Bounds : ( 707.900, 919.800 ) ( 710.900, 920.200 )


SHORT: ( Metal Short ) Special Wire of Net VSS & Blockage of Cell InstructionFetch_Module_InstructionMemory_instr_sram  ( met2 )
Bounds : ( 707.900, 928.080 ) ( 710.900, 928.480 )


SHORT: ( Metal Short ) Special Wire of Net VDD & Blockage of Cell InstructionFetch_Module_InstructionMemory_instr_sram  ( met2 )
Bounds : ( 734.900, 899.100 ) ( 737.900, 899.500 )


SHORT: ( Metal Short ) Special Wire of Net VDD & Blockage of Cell InstructionFetch_Module_InstructionMemory_instr_sram  ( met2 )
Bounds : ( 734.900, 907.380 ) ( 737.900, 907.780 )


SHORT: ( Metal Short ) Special Wire of Net VDD & Blockage of Cell InstructionFetch_Module_InstructionMemory_instr_sram  ( met2 )
Bounds : ( 734.900, 915.660 ) ( 737.900, 916.060 )


SHORT: ( Metal Short ) Special Wire of Net VDD & Blockage of Cell InstructionFetch_Module_InstructionMemory_instr_sram  ( met2 )
Bounds : ( 734.900, 923.940 ) ( 737.900, 924.340 )


SHORT: ( Metal Short ) Special Wire of Net VDD & Blockage of Cell InstructionFetch_Module_InstructionMemory_instr_sram  ( met2 )
Bounds : ( 734.900, 932.220 ) ( 737.900, 932.620 )


SHORT: ( Metal Short ) Special Wire of Net VSS & Blockage of Cell InstructionFetch_Module_InstructionMemory_instr_sram  ( met3 )
Bounds : ( 707.900, 903.240 ) ( 710.900, 903.640 )


SHORT: ( Metal Short ) Special Wire of Net VSS & Blockage of Cell InstructionFetch_Module_InstructionMemory_instr_sram  ( met3 )
Bounds : ( 707.900, 911.520 ) ( 710.900, 911.920 )


SHORT: ( Metal Short ) Special Wire of Net VSS & Blockage of Cell InstructionFetch_Module_InstructionMemory_instr_sram  ( met3 )
Bounds : ( 707.900, 919.800 ) ( 710.900, 920.200 )


SHORT: ( Metal Short ) Special Wire of Net VSS & Blockage of Cell InstructionFetch_Module_InstructionMemory_instr_sram  ( met3 )
Bounds : ( 707.900, 928.080 ) ( 710.900, 928.480 )


SHORT: ( Metal Short ) Special Wire of Net VDD & Blockage of Cell InstructionFetch_Module_InstructionMemory_instr_sram  ( met3 )
Bounds : ( 734.900, 899.100 ) ( 737.900, 899.500 )


SHORT: ( Metal Short ) Special Wire of Net VDD & Blockage of Cell InstructionFetch_Module_InstructionMemory_instr_sram  ( met3 )
Bounds : ( 734.900, 907.380 ) ( 737.900, 907.780 )


SHORT: ( Metal Short ) Special Wire of Net VDD & Blockage of Cell InstructionFetch_Module_InstructionMemory_instr_sram  ( met3 )
Bounds : ( 734.900, 915.660 ) ( 737.900, 916.060 )


SHORT: ( Metal Short ) Special Wire of Net VDD & Blockage of Cell InstructionFetch_Module_InstructionMemory_instr_sram  ( met3 )
Bounds : ( 734.900, 923.940 ) ( 737.900, 924.340 )


SHORT: ( Metal Short ) Special Wire of Net VDD & Blockage of Cell InstructionFetch_Module_InstructionMemory_instr_sram  ( met3 )
Bounds : ( 734.900, 932.220 ) ( 737.900, 932.620 )


SHORT: ( Metal Short ) Special Wire of Net VSS & Blockage of Cell InstructionFetch_Module_InstructionMemory_instr_sram  ( met2 )
Bounds : ( 807.900, 861.840 ) ( 810.900, 862.240 )


SHORT: ( Metal Short ) Special Wire of Net VSS & Blockage of Cell InstructionFetch_Module_InstructionMemory_instr_sram  ( met2 )
Bounds : ( 807.900, 870.120 ) ( 810.900, 870.520 )


SHORT: ( Metal Short ) Special Wire of Net VSS & Blockage of Cell InstructionFetch_Module_InstructionMemory_instr_sram  ( met2 )
Bounds : ( 807.900, 878.400 ) ( 810.900, 878.800 )


SHORT: ( Metal Short ) Special Wire of Net VSS & Blockage of Cell InstructionFetch_Module_InstructionMemory_instr_sram  ( met2 )
Bounds : ( 807.900, 886.680 ) ( 810.900, 887.080 )


SHORT: ( Metal Short ) Special Wire of Net VDD & Blockage of Cell InstructionFetch_Module_InstructionMemory_instr_sram  ( met2 )
Bounds : ( 834.900, 857.700 ) ( 837.900, 858.100 )


SHORT: ( Metal Short ) Special Wire of Net VDD & Blockage of Cell InstructionFetch_Module_InstructionMemory_instr_sram  ( met2 )
Bounds : ( 834.900, 865.980 ) ( 837.900, 866.380 )


SHORT: ( Metal Short ) Special Wire of Net VDD & Blockage of Cell InstructionFetch_Module_InstructionMemory_instr_sram  ( met2 )
Bounds : ( 834.900, 874.260 ) ( 837.900, 874.660 )


SHORT: ( Metal Short ) Special Wire of Net VDD & Blockage of Cell InstructionFetch_Module_InstructionMemory_instr_sram  ( met2 )
Bounds : ( 834.900, 882.540 ) ( 837.900, 882.940 )


SHORT: ( Metal Short ) Special Wire of Net VDD & Blockage of Cell InstructionFetch_Module_InstructionMemory_instr_sram  ( met2 )
Bounds : ( 834.900, 890.820 ) ( 837.900, 891.220 )


SHORT: ( Metal Short ) Special Wire of Net VSS & Blockage of Cell InstructionFetch_Module_InstructionMemory_instr_sram  ( met3 )
Bounds : ( 807.900, 861.840 ) ( 810.900, 862.240 )


SHORT: ( Metal Short ) Special Wire of Net VSS & Blockage of Cell InstructionFetch_Module_InstructionMemory_instr_sram  ( met3 )
Bounds : ( 807.900, 870.120 ) ( 810.900, 870.520 )


SHORT: ( Metal Short ) Special Wire of Net VSS & Blockage of Cell InstructionFetch_Module_InstructionMemory_instr_sram  ( met3 )
Bounds : ( 807.900, 878.400 ) ( 810.900, 878.800 )


SHORT: ( Metal Short ) Special Wire of Net VSS & Blockage of Cell InstructionFetch_Module_InstructionMemory_instr_sram  ( met3 )
Bounds : ( 807.900, 886.680 ) ( 810.900, 887.080 )


SHORT: ( Metal Short ) Special Wire of Net VDD & Blockage of Cell InstructionFetch_Module_InstructionMemory_instr_sram  ( met3 )
Bounds : ( 834.900, 857.700 ) ( 837.900, 858.100 )


SHORT: ( Metal Short ) Special Wire of Net VDD & Blockage of Cell InstructionFetch_Module_InstructionMemory_instr_sram  ( met3 )
Bounds : ( 834.900, 865.980 ) ( 837.900, 866.380 )


SHORT: ( Metal Short ) Special Wire of Net VDD & Blockage of Cell InstructionFetch_Module_InstructionMemory_instr_sram  ( met3 )
Bounds : ( 834.900, 874.260 ) ( 837.900, 874.660 )


SHORT: ( Metal Short ) Special Wire of Net VDD & Blockage of Cell InstructionFetch_Module_InstructionMemory_instr_sram  ( met3 )
Bounds : ( 834.900, 882.540 ) ( 837.900, 882.940 )


SHORT: ( Metal Short ) Special Wire of Net VDD & Blockage of Cell InstructionFetch_Module_InstructionMemory_instr_sram  ( met3 )
Bounds : ( 834.900, 890.820 ) ( 837.900, 891.220 )


SHORT: ( Metal Short ) Special Wire of Net VSS & Blockage of Cell InstructionFetch_Module_InstructionMemory_instr_sram  ( met2 )
Bounds : ( 757.900, 861.840 ) ( 760.900, 862.240 )


SHORT: ( Metal Short ) Special Wire of Net VSS & Blockage of Cell InstructionFetch_Module_InstructionMemory_instr_sram  ( met2 )
Bounds : ( 757.900, 870.120 ) ( 760.900, 870.520 )


SHORT: ( Metal Short ) Special Wire of Net VSS & Blockage of Cell InstructionFetch_Module_InstructionMemory_instr_sram  ( met2 )
Bounds : ( 757.900, 878.400 ) ( 760.900, 878.800 )


SHORT: ( Metal Short ) Special Wire of Net VSS & Blockage of Cell InstructionFetch_Module_InstructionMemory_instr_sram  ( met2 )
Bounds : ( 757.900, 886.680 ) ( 760.900, 887.080 )


SHORT: ( Metal Short ) Special Wire of Net VDD & Blockage of Cell InstructionFetch_Module_InstructionMemory_instr_sram  ( met2 )
Bounds : ( 784.900, 857.700 ) ( 787.900, 858.100 )


SHORT: ( Metal Short ) Special Wire of Net VDD & Blockage of Cell InstructionFetch_Module_InstructionMemory_instr_sram  ( met2 )
Bounds : ( 784.900, 865.980 ) ( 787.900, 866.380 )


SHORT: ( Metal Short ) Special Wire of Net VDD & Blockage of Cell InstructionFetch_Module_InstructionMemory_instr_sram  ( met2 )
Bounds : ( 784.900, 874.260 ) ( 787.900, 874.660 )


SHORT: ( Metal Short ) Special Wire of Net VDD & Blockage of Cell InstructionFetch_Module_InstructionMemory_instr_sram  ( met2 )
Bounds : ( 784.900, 882.540 ) ( 787.900, 882.940 )


SHORT: ( Metal Short ) Special Wire of Net VDD & Blockage of Cell InstructionFetch_Module_InstructionMemory_instr_sram  ( met2 )
Bounds : ( 784.900, 890.820 ) ( 787.900, 891.220 )


SHORT: ( Metal Short ) Special Wire of Net VSS & Blockage of Cell InstructionFetch_Module_InstructionMemory_instr_sram  ( met3 )
Bounds : ( 757.900, 861.840 ) ( 760.900, 862.240 )


SHORT: ( Metal Short ) Special Wire of Net VSS & Blockage of Cell InstructionFetch_Module_InstructionMemory_instr_sram  ( met3 )
Bounds : ( 757.900, 870.120 ) ( 760.900, 870.520 )


SHORT: ( Metal Short ) Special Wire of Net VSS & Blockage of Cell InstructionFetch_Module_InstructionMemory_instr_sram  ( met3 )
Bounds : ( 757.900, 878.400 ) ( 760.900, 878.800 )


SHORT: ( Metal Short ) Special Wire of Net VSS & Blockage of Cell InstructionFetch_Module_InstructionMemory_instr_sram  ( met3 )
Bounds : ( 757.900, 886.680 ) ( 760.900, 887.080 )


SHORT: ( Metal Short ) Special Wire of Net VDD & Blockage of Cell InstructionFetch_Module_InstructionMemory_instr_sram  ( met3 )
Bounds : ( 784.900, 857.700 ) ( 787.900, 858.100 )


SHORT: ( Metal Short ) Special Wire of Net VDD & Blockage of Cell InstructionFetch_Module_InstructionMemory_instr_sram  ( met3 )
Bounds : ( 784.900, 865.980 ) ( 787.900, 866.380 )


SHORT: ( Metal Short ) Special Wire of Net VDD & Blockage of Cell InstructionFetch_Module_InstructionMemory_instr_sram  ( met3 )
Bounds : ( 784.900, 874.260 ) ( 787.900, 874.660 )


SHORT: ( Metal Short ) Special Wire of Net VDD & Blockage of Cell InstructionFetch_Module_InstructionMemory_instr_sram  ( met3 )
Bounds : ( 784.900, 882.540 ) ( 787.900, 882.940 )


SHORT: ( Metal Short ) Special Wire of Net VDD & Blockage of Cell InstructionFetch_Module_InstructionMemory_instr_sram  ( met3 )
Bounds : ( 784.900, 890.820 ) ( 787.900, 891.220 )


SHORT: ( Metal Short ) Special Wire of Net VSS & Blockage of Cell InstructionFetch_Module_InstructionMemory_instr_sram  ( met2 )
Bounds : ( 807.900, 820.440 ) ( 810.900, 820.840 )


SHORT: ( Metal Short ) Special Wire of Net VSS & Blockage of Cell InstructionFetch_Module_InstructionMemory_instr_sram  ( met2 )
Bounds : ( 807.900, 828.720 ) ( 810.900, 829.120 )


SHORT: ( Metal Short ) Special Wire of Net VSS & Blockage of Cell InstructionFetch_Module_InstructionMemory_instr_sram  ( met2 )
Bounds : ( 807.900, 837.000 ) ( 810.900, 837.400 )


SHORT: ( Metal Short ) Special Wire of Net VSS & Blockage of Cell InstructionFetch_Module_InstructionMemory_instr_sram  ( met2 )
Bounds : ( 807.900, 845.280 ) ( 810.900, 845.680 )


SHORT: ( Metal Short ) Special Wire of Net VSS & Blockage of Cell InstructionFetch_Module_InstructionMemory_instr_sram  ( met2 )
Bounds : ( 807.900, 853.560 ) ( 810.900, 853.960 )


SHORT: ( Metal Short ) Special Wire of Net VDD & Blockage of Cell InstructionFetch_Module_InstructionMemory_instr_sram  ( met2 )
Bounds : ( 834.900, 816.300 ) ( 837.900, 816.700 )


SHORT: ( Metal Short ) Special Wire of Net VDD & Blockage of Cell InstructionFetch_Module_InstructionMemory_instr_sram  ( met2 )
Bounds : ( 834.900, 824.580 ) ( 837.900, 824.980 )


SHORT: ( Metal Short ) Special Wire of Net VDD & Blockage of Cell InstructionFetch_Module_InstructionMemory_instr_sram  ( met2 )
Bounds : ( 834.900, 832.860 ) ( 837.900, 833.260 )


SHORT: ( Metal Short ) Special Wire of Net VDD & Blockage of Cell InstructionFetch_Module_InstructionMemory_instr_sram  ( met2 )
Bounds : ( 834.900, 841.140 ) ( 837.900, 841.540 )


SHORT: ( Metal Short ) Special Wire of Net VDD & Blockage of Cell InstructionFetch_Module_InstructionMemory_instr_sram  ( met2 )
Bounds : ( 834.900, 849.420 ) ( 837.900, 849.820 )


SHORT: ( Metal Short ) Special Wire of Net VSS & Blockage of Cell InstructionFetch_Module_InstructionMemory_instr_sram  ( met3 )
Bounds : ( 807.900, 820.440 ) ( 810.900, 820.840 )


SHORT: ( Metal Short ) Special Wire of Net VSS & Blockage of Cell InstructionFetch_Module_InstructionMemory_instr_sram  ( met3 )
Bounds : ( 807.900, 828.720 ) ( 810.900, 829.120 )


SHORT: ( Metal Short ) Special Wire of Net VSS & Blockage of Cell InstructionFetch_Module_InstructionMemory_instr_sram  ( met3 )
Bounds : ( 807.900, 837.000 ) ( 810.900, 837.400 )


SHORT: ( Metal Short ) Special Wire of Net VSS & Blockage of Cell InstructionFetch_Module_InstructionMemory_instr_sram  ( met3 )
Bounds : ( 807.900, 845.280 ) ( 810.900, 845.680 )


SHORT: ( Metal Short ) Special Wire of Net VSS & Blockage of Cell InstructionFetch_Module_InstructionMemory_instr_sram  ( met3 )
Bounds : ( 807.900, 853.560 ) ( 810.900, 853.960 )


SHORT: ( Metal Short ) Special Wire of Net VDD & Blockage of Cell InstructionFetch_Module_InstructionMemory_instr_sram  ( met3 )
Bounds : ( 834.900, 816.300 ) ( 837.900, 816.700 )


SHORT: ( Metal Short ) Special Wire of Net VDD & Blockage of Cell InstructionFetch_Module_InstructionMemory_instr_sram  ( met3 )
Bounds : ( 834.900, 824.580 ) ( 837.900, 824.980 )


SHORT: ( Metal Short ) Special Wire of Net VDD & Blockage of Cell InstructionFetch_Module_InstructionMemory_instr_sram  ( met3 )
Bounds : ( 834.900, 832.860 ) ( 837.900, 833.260 )


SHORT: ( Metal Short ) Special Wire of Net VDD & Blockage of Cell InstructionFetch_Module_InstructionMemory_instr_sram  ( met3 )
Bounds : ( 834.900, 841.140 ) ( 837.900, 841.540 )


SHORT: ( Metal Short ) Special Wire of Net VDD & Blockage of Cell InstructionFetch_Module_InstructionMemory_instr_sram  ( met3 )
Bounds : ( 834.900, 849.420 ) ( 837.900, 849.820 )


SHORT: ( Metal Short ) Special Wire of Net VSS & Blockage of Cell InstructionFetch_Module_InstructionMemory_instr_sram  ( met2 )
Bounds : ( 757.900, 820.440 ) ( 760.900, 820.840 )


SHORT: ( Metal Short ) Special Wire of Net VSS & Blockage of Cell InstructionFetch_Module_InstructionMemory_instr_sram  ( met2 )
Bounds : ( 757.900, 828.720 ) ( 760.900, 829.120 )


SHORT: ( Metal Short ) Special Wire of Net VSS & Blockage of Cell InstructionFetch_Module_InstructionMemory_instr_sram  ( met2 )
Bounds : ( 757.900, 837.000 ) ( 760.900, 837.400 )


SHORT: ( Metal Short ) Special Wire of Net VSS & Blockage of Cell InstructionFetch_Module_InstructionMemory_instr_sram  ( met2 )
Bounds : ( 757.900, 845.280 ) ( 760.900, 845.680 )


SHORT: ( Metal Short ) Special Wire of Net VSS & Blockage of Cell InstructionFetch_Module_InstructionMemory_instr_sram  ( met2 )
Bounds : ( 757.900, 853.560 ) ( 760.900, 853.960 )


SHORT: ( Metal Short ) Special Wire of Net VDD & Blockage of Cell InstructionFetch_Module_InstructionMemory_instr_sram  ( met2 )
Bounds : ( 784.900, 816.300 ) ( 787.900, 816.700 )


SHORT: ( Metal Short ) Special Wire of Net VDD & Blockage of Cell InstructionFetch_Module_InstructionMemory_instr_sram  ( met2 )
Bounds : ( 784.900, 824.580 ) ( 787.900, 824.980 )


SHORT: ( Metal Short ) Special Wire of Net VDD & Blockage of Cell InstructionFetch_Module_InstructionMemory_instr_sram  ( met2 )
Bounds : ( 784.900, 832.860 ) ( 787.900, 833.260 )


SHORT: ( Metal Short ) Special Wire of Net VDD & Blockage of Cell InstructionFetch_Module_InstructionMemory_instr_sram  ( met2 )
Bounds : ( 784.900, 841.140 ) ( 787.900, 841.540 )


SHORT: ( Metal Short ) Special Wire of Net VDD & Blockage of Cell InstructionFetch_Module_InstructionMemory_instr_sram  ( met2 )
Bounds : ( 784.900, 849.420 ) ( 787.900, 849.820 )


SHORT: ( Metal Short ) Special Wire of Net VSS & Blockage of Cell InstructionFetch_Module_InstructionMemory_instr_sram  ( met3 )
Bounds : ( 757.900, 820.440 ) ( 760.900, 820.840 )


SHORT: ( Metal Short ) Special Wire of Net VSS & Blockage of Cell InstructionFetch_Module_InstructionMemory_instr_sram  ( met3 )
Bounds : ( 757.900, 828.720 ) ( 760.900, 829.120 )


SHORT: ( Metal Short ) Special Wire of Net VSS & Blockage of Cell InstructionFetch_Module_InstructionMemory_instr_sram  ( met3 )
Bounds : ( 757.900, 837.000 ) ( 760.900, 837.400 )


SHORT: ( Metal Short ) Special Wire of Net VSS & Blockage of Cell InstructionFetch_Module_InstructionMemory_instr_sram  ( met3 )
Bounds : ( 757.900, 845.280 ) ( 760.900, 845.680 )


SHORT: ( Metal Short ) Special Wire of Net VSS & Blockage of Cell InstructionFetch_Module_InstructionMemory_instr_sram  ( met3 )
Bounds : ( 757.900, 853.560 ) ( 760.900, 853.960 )


SHORT: ( Metal Short ) Special Wire of Net VDD & Blockage of Cell InstructionFetch_Module_InstructionMemory_instr_sram  ( met3 )
Bounds : ( 784.900, 816.300 ) ( 787.900, 816.700 )


SHORT: ( Metal Short ) Special Wire of Net VDD & Blockage of Cell InstructionFetch_Module_InstructionMemory_instr_sram  ( met3 )
Bounds : ( 784.900, 824.580 ) ( 787.900, 824.980 )


SHORT: ( Metal Short ) Special Wire of Net VDD & Blockage of Cell InstructionFetch_Module_InstructionMemory_instr_sram  ( met3 )
Bounds : ( 784.900, 832.860 ) ( 787.900, 833.260 )


SHORT: ( Metal Short ) Special Wire of Net VDD & Blockage of Cell InstructionFetch_Module_InstructionMemory_instr_sram  ( met3 )
Bounds : ( 784.900, 841.140 ) ( 787.900, 841.540 )


SHORT: ( Metal Short ) Special Wire of Net VDD & Blockage of Cell InstructionFetch_Module_InstructionMemory_instr_sram  ( met3 )
Bounds : ( 784.900, 849.420 ) ( 787.900, 849.820 )


SHORT: ( Metal Short ) Special Wire of Net VDD & Blockage of Cell InstructionFetch_Module_InstructionMemory_instr_sram  ( met2 )
Bounds : ( 684.900, 857.700 ) ( 687.900, 858.100 )


SHORT: ( Metal Short ) Special Wire of Net VDD & Blockage of Cell InstructionFetch_Module_InstructionMemory_instr_sram  ( met2 )
Bounds : ( 684.900, 865.980 ) ( 687.900, 866.380 )


SHORT: ( Metal Short ) Special Wire of Net VDD & Blockage of Cell InstructionFetch_Module_InstructionMemory_instr_sram  ( met2 )
Bounds : ( 684.900, 874.260 ) ( 687.900, 874.660 )


SHORT: ( Metal Short ) Special Wire of Net VDD & Blockage of Cell InstructionFetch_Module_InstructionMemory_instr_sram  ( met2 )
Bounds : ( 684.900, 882.540 ) ( 687.900, 882.940 )


SHORT: ( Metal Short ) Special Wire of Net VDD & Blockage of Cell InstructionFetch_Module_InstructionMemory_instr_sram  ( met2 )
Bounds : ( 684.900, 890.820 ) ( 687.900, 891.220 )


SHORT: ( Metal Short ) Special Wire of Net VDD & Blockage of Cell InstructionFetch_Module_InstructionMemory_instr_sram  ( met3 )
Bounds : ( 684.900, 857.700 ) ( 687.900, 858.100 )


SHORT: ( Metal Short ) Special Wire of Net VDD & Blockage of Cell InstructionFetch_Module_InstructionMemory_instr_sram  ( met3 )
Bounds : ( 684.900, 865.980 ) ( 687.900, 866.380 )


SHORT: ( Metal Short ) Special Wire of Net VDD & Blockage of Cell InstructionFetch_Module_InstructionMemory_instr_sram  ( met3 )
Bounds : ( 684.900, 874.260 ) ( 687.900, 874.660 )


SHORT: ( Metal Short ) Special Wire of Net VDD & Blockage of Cell InstructionFetch_Module_InstructionMemory_instr_sram  ( met3 )
Bounds : ( 684.900, 882.540 ) ( 687.900, 882.940 )


SHORT: ( Metal Short ) Special Wire of Net VDD & Blockage of Cell InstructionFetch_Module_InstructionMemory_instr_sram  ( met3 )
Bounds : ( 684.900, 890.820 ) ( 687.900, 891.220 )


SHORT: ( Metal Short ) Special Wire of Net VSS & Blockage of Cell InstructionFetch_Module_InstructionMemory_instr_sram  ( met2 )
Bounds : ( 707.900, 861.840 ) ( 710.900, 862.240 )


SHORT: ( Metal Short ) Special Wire of Net VSS & Blockage of Cell InstructionFetch_Module_InstructionMemory_instr_sram  ( met2 )
Bounds : ( 707.900, 870.120 ) ( 710.900, 870.520 )


SHORT: ( Metal Short ) Special Wire of Net VSS & Blockage of Cell InstructionFetch_Module_InstructionMemory_instr_sram  ( met2 )
Bounds : ( 707.900, 878.400 ) ( 710.900, 878.800 )


SHORT: ( Metal Short ) Special Wire of Net VSS & Blockage of Cell InstructionFetch_Module_InstructionMemory_instr_sram  ( met2 )
Bounds : ( 707.900, 886.680 ) ( 710.900, 887.080 )


SHORT: ( Metal Short ) Special Wire of Net VDD & Blockage of Cell InstructionFetch_Module_InstructionMemory_instr_sram  ( met2 )
Bounds : ( 734.900, 857.700 ) ( 737.900, 858.100 )


SHORT: ( Metal Short ) Special Wire of Net VDD & Blockage of Cell InstructionFetch_Module_InstructionMemory_instr_sram  ( met2 )
Bounds : ( 734.900, 865.980 ) ( 737.900, 866.380 )


SHORT: ( Metal Short ) Special Wire of Net VDD & Blockage of Cell InstructionFetch_Module_InstructionMemory_instr_sram  ( met2 )
Bounds : ( 734.900, 874.260 ) ( 737.900, 874.660 )


SHORT: ( Metal Short ) Special Wire of Net VDD & Blockage of Cell InstructionFetch_Module_InstructionMemory_instr_sram  ( met2 )
Bounds : ( 734.900, 882.540 ) ( 737.900, 882.940 )


SHORT: ( Metal Short ) Special Wire of Net VDD & Blockage of Cell InstructionFetch_Module_InstructionMemory_instr_sram  ( met2 )
Bounds : ( 734.900, 890.820 ) ( 737.900, 891.220 )


SHORT: ( Metal Short ) Special Wire of Net VSS & Blockage of Cell InstructionFetch_Module_InstructionMemory_instr_sram  ( met3 )
Bounds : ( 707.900, 861.840 ) ( 710.900, 862.240 )


SHORT: ( Metal Short ) Special Wire of Net VSS & Blockage of Cell InstructionFetch_Module_InstructionMemory_instr_sram  ( met3 )
Bounds : ( 707.900, 870.120 ) ( 710.900, 870.520 )


SHORT: ( Metal Short ) Special Wire of Net VSS & Blockage of Cell InstructionFetch_Module_InstructionMemory_instr_sram  ( met3 )
Bounds : ( 707.900, 878.400 ) ( 710.900, 878.800 )


SHORT: ( Metal Short ) Special Wire of Net VSS & Blockage of Cell InstructionFetch_Module_InstructionMemory_instr_sram  ( met3 )
Bounds : ( 707.900, 886.680 ) ( 710.900, 887.080 )


SHORT: ( Metal Short ) Special Wire of Net VDD & Blockage of Cell InstructionFetch_Module_InstructionMemory_instr_sram  ( met3 )
Bounds : ( 734.900, 857.700 ) ( 737.900, 858.100 )


SHORT: ( Metal Short ) Special Wire of Net VDD & Blockage of Cell InstructionFetch_Module_InstructionMemory_instr_sram  ( met3 )
Bounds : ( 734.900, 865.980 ) ( 737.900, 866.380 )


SHORT: ( Metal Short ) Special Wire of Net VDD & Blockage of Cell InstructionFetch_Module_InstructionMemory_instr_sram  ( met3 )
Bounds : ( 734.900, 874.260 ) ( 737.900, 874.660 )


SHORT: ( Metal Short ) Special Wire of Net VDD & Blockage of Cell InstructionFetch_Module_InstructionMemory_instr_sram  ( met3 )
Bounds : ( 734.900, 882.540 ) ( 737.900, 882.940 )


SHORT: ( Metal Short ) Special Wire of Net VDD & Blockage of Cell InstructionFetch_Module_InstructionMemory_instr_sram  ( met3 )
Bounds : ( 734.900, 890.820 ) ( 737.900, 891.220 )


SHORT: ( Metal Short ) Special Wire of Net VDD & Blockage of Cell InstructionFetch_Module_InstructionMemory_instr_sram  ( met2 )
Bounds : ( 734.900, 816.300 ) ( 737.900, 816.700 )


SHORT: ( Metal Short ) Special Wire of Net VDD & Blockage of Cell InstructionFetch_Module_InstructionMemory_instr_sram  ( met2 )
Bounds : ( 734.900, 824.580 ) ( 737.900, 824.980 )


SHORT: ( Metal Short ) Special Wire of Net VDD & Blockage of Cell InstructionFetch_Module_InstructionMemory_instr_sram  ( met2 )
Bounds : ( 734.900, 832.860 ) ( 737.900, 833.260 )


SHORT: ( Metal Short ) Special Wire of Net VDD & Blockage of Cell InstructionFetch_Module_InstructionMemory_instr_sram  ( met2 )
Bounds : ( 734.900, 841.140 ) ( 737.900, 841.540 )


SHORT: ( Metal Short ) Special Wire of Net VDD & Blockage of Cell InstructionFetch_Module_InstructionMemory_instr_sram  ( met2 )
Bounds : ( 734.900, 849.420 ) ( 737.900, 849.820 )


SHORT: ( Metal Short ) Special Wire of Net VDD & Blockage of Cell InstructionFetch_Module_InstructionMemory_instr_sram  ( met3 )
Bounds : ( 734.900, 816.300 ) ( 737.900, 816.700 )


SHORT: ( Metal Short ) Special Wire of Net VDD & Blockage of Cell InstructionFetch_Module_InstructionMemory_instr_sram  ( met3 )
Bounds : ( 734.900, 824.580 ) ( 737.900, 824.980 )


SHORT: ( Metal Short ) Special Wire of Net VDD & Blockage of Cell InstructionFetch_Module_InstructionMemory_instr_sram  ( met3 )
Bounds : ( 734.900, 832.860 ) ( 737.900, 833.260 )


SHORT: ( Metal Short ) Special Wire of Net VDD & Blockage of Cell InstructionFetch_Module_InstructionMemory_instr_sram  ( met3 )
Bounds : ( 734.900, 841.140 ) ( 737.900, 841.540 )


SHORT: ( Metal Short ) Special Wire of Net VDD & Blockage of Cell InstructionFetch_Module_InstructionMemory_instr_sram  ( met3 )
Bounds : ( 734.900, 849.420 ) ( 737.900, 849.820 )


SHORT: ( Metal Short ) Special Wire of Net VDD & Blockage of Cell InstructionFetch_Module_InstructionMemory_instr_sram  ( met2 )
Bounds : ( 684.900, 816.300 ) ( 687.900, 816.700 )


SHORT: ( Metal Short ) Special Wire of Net VDD & Blockage of Cell InstructionFetch_Module_InstructionMemory_instr_sram  ( met2 )
Bounds : ( 684.900, 824.580 ) ( 687.900, 824.980 )


SHORT: ( Metal Short ) Special Wire of Net VDD & Blockage of Cell InstructionFetch_Module_InstructionMemory_instr_sram  ( met2 )
Bounds : ( 684.900, 832.860 ) ( 687.900, 833.260 )


SHORT: ( Metal Short ) Special Wire of Net VDD & Blockage of Cell InstructionFetch_Module_InstructionMemory_instr_sram  ( met2 )
Bounds : ( 684.900, 841.140 ) ( 687.900, 841.540 )


SHORT: ( Metal Short ) Special Wire of Net VDD & Blockage of Cell InstructionFetch_Module_InstructionMemory_instr_sram  ( met2 )
Bounds : ( 684.900, 849.420 ) ( 687.900, 849.820 )


SHORT: ( Metal Short ) Special Wire of Net VDD & Blockage of Cell InstructionFetch_Module_InstructionMemory_instr_sram  ( met3 )
Bounds : ( 684.900, 816.300 ) ( 687.900, 816.700 )


SHORT: ( Metal Short ) Special Wire of Net VDD & Blockage of Cell InstructionFetch_Module_InstructionMemory_instr_sram  ( met3 )
Bounds : ( 684.900, 824.580 ) ( 687.900, 824.980 )


SHORT: ( Metal Short ) Special Wire of Net VDD & Blockage of Cell InstructionFetch_Module_InstructionMemory_instr_sram  ( met3 )
Bounds : ( 684.900, 832.860 ) ( 687.900, 833.260 )


SHORT: ( Metal Short ) Special Wire of Net VDD & Blockage of Cell InstructionFetch_Module_InstructionMemory_instr_sram  ( met3 )
Bounds : ( 684.900, 841.140 ) ( 687.900, 841.540 )


SHORT: ( Metal Short ) Special Wire of Net VDD & Blockage of Cell InstructionFetch_Module_InstructionMemory_instr_sram  ( met3 )
Bounds : ( 684.900, 849.420 ) ( 687.900, 849.820 )


SHORT: ( Metal Short ) Special Wire of Net VSS & Blockage of Cell InstructionFetch_Module_InstructionMemory_instr_sram  ( met2 )
Bounds : ( 707.900, 820.440 ) ( 710.900, 820.840 )


SHORT: ( Metal Short ) Special Wire of Net VSS & Blockage of Cell InstructionFetch_Module_InstructionMemory_instr_sram  ( met2 )
Bounds : ( 707.900, 828.720 ) ( 710.900, 829.120 )


SHORT: ( Metal Short ) Special Wire of Net VSS & Blockage of Cell InstructionFetch_Module_InstructionMemory_instr_sram  ( met2 )
Bounds : ( 707.900, 837.000 ) ( 710.900, 837.400 )


SHORT: ( Metal Short ) Special Wire of Net VSS & Blockage of Cell InstructionFetch_Module_InstructionMemory_instr_sram  ( met2 )
Bounds : ( 707.900, 845.280 ) ( 710.900, 845.680 )


SHORT: ( Metal Short ) Special Wire of Net VSS & Blockage of Cell InstructionFetch_Module_InstructionMemory_instr_sram  ( met2 )
Bounds : ( 707.900, 853.560 ) ( 710.900, 853.960 )


SHORT: ( Metal Short ) Special Wire of Net VSS & Blockage of Cell InstructionFetch_Module_InstructionMemory_instr_sram  ( met3 )
Bounds : ( 707.900, 820.440 ) ( 710.900, 820.840 )


SHORT: ( Metal Short ) Special Wire of Net VSS & Blockage of Cell InstructionFetch_Module_InstructionMemory_instr_sram  ( met3 )
Bounds : ( 707.900, 828.720 ) ( 710.900, 829.120 )


SHORT: ( Metal Short ) Special Wire of Net VSS & Blockage of Cell InstructionFetch_Module_InstructionMemory_instr_sram  ( met3 )
Bounds : ( 707.900, 837.000 ) ( 710.900, 837.400 )


SHORT: ( Metal Short ) Special Wire of Net VSS & Blockage of Cell InstructionFetch_Module_InstructionMemory_instr_sram  ( met3 )
Bounds : ( 707.900, 845.280 ) ( 710.900, 845.680 )


SHORT: ( Metal Short ) Special Wire of Net VSS & Blockage of Cell InstructionFetch_Module_InstructionMemory_instr_sram  ( met3 )
Bounds : ( 707.900, 853.560 ) ( 710.900, 853.960 )


SHORT: ( Metal Short ) Special Wire of Net VSS & Blockage of Cell InstructionFetch_Module_InstructionMemory_instr_sram  ( met2 )
Bounds : ( 707.900, 894.960 ) ( 710.900, 895.360 )


SHORT: ( Metal Short ) Special Wire of Net VSS & Blockage of Cell InstructionFetch_Module_InstructionMemory_instr_sram  ( met2 )
Bounds : ( 757.900, 894.960 ) ( 760.900, 895.360 )


SHORT: ( Metal Short ) Special Wire of Net VSS & Blockage of Cell InstructionFetch_Module_InstructionMemory_instr_sram  ( met2 )
Bounds : ( 807.900, 894.960 ) ( 810.900, 895.360 )


SHORT: ( Metal Short ) Special Wire of Net VSS & Blockage of Cell InstructionFetch_Module_InstructionMemory_instr_sram  ( met3 )
Bounds : ( 707.900, 894.960 ) ( 710.900, 895.360 )


SHORT: ( Metal Short ) Special Wire of Net VSS & Blockage of Cell InstructionFetch_Module_InstructionMemory_instr_sram  ( met3 )
Bounds : ( 757.900, 894.960 ) ( 760.900, 895.360 )


SHORT: ( Metal Short ) Special Wire of Net VSS & Blockage of Cell InstructionFetch_Module_InstructionMemory_instr_sram  ( met3 )
Bounds : ( 807.900, 894.960 ) ( 810.900, 895.360 )


SHORT: ( Metal Short ) Special Wire of Net VSS & Blockage of Cell InstructionFetch_Module_InstructionMemory_instr_sram  ( met2 )
Bounds : ( 657.900, 936.360 ) ( 660.900, 936.760 )


SHORT: ( Metal Short ) Special Wire of Net VSS & Blockage of Cell InstructionFetch_Module_InstructionMemory_instr_sram  ( met3 )
Bounds : ( 657.900, 936.360 ) ( 660.900, 936.760 )


SHORT: ( Metal Short ) Special Wire of Net VSS & Blockage of Cell InstructionFetch_Module_InstructionMemory_instr_sram  ( met2 )
Bounds : ( 657.900, 944.640 ) ( 660.900, 945.040 )


SHORT: ( Metal Short ) Special Wire of Net VSS & Blockage of Cell InstructionFetch_Module_InstructionMemory_instr_sram  ( met2 )
Bounds : ( 657.900, 952.920 ) ( 660.900, 953.320 )


SHORT: ( Metal Short ) Special Wire of Net VSS & Blockage of Cell InstructionFetch_Module_InstructionMemory_instr_sram  ( met2 )
Bounds : ( 657.900, 961.200 ) ( 660.900, 961.600 )


SHORT: ( Metal Short ) Special Wire of Net VSS & Blockage of Cell InstructionFetch_Module_InstructionMemory_instr_sram  ( met2 )
Bounds : ( 657.900, 969.480 ) ( 660.900, 969.880 )


SHORT: ( Metal Short ) Special Wire of Net VSS & Blockage of Cell InstructionFetch_Module_InstructionMemory_instr_sram  ( met3 )
Bounds : ( 657.900, 944.640 ) ( 660.900, 945.040 )


SHORT: ( Metal Short ) Special Wire of Net VSS & Blockage of Cell InstructionFetch_Module_InstructionMemory_instr_sram  ( met3 )
Bounds : ( 657.900, 952.920 ) ( 660.900, 953.320 )


SHORT: ( Metal Short ) Special Wire of Net VSS & Blockage of Cell InstructionFetch_Module_InstructionMemory_instr_sram  ( met3 )
Bounds : ( 657.900, 961.200 ) ( 660.900, 961.600 )


SHORT: ( Metal Short ) Special Wire of Net VSS & Blockage of Cell InstructionFetch_Module_InstructionMemory_instr_sram  ( met3 )
Bounds : ( 657.900, 969.480 ) ( 660.900, 969.880 )


SHORT: ( Metal Short ) Special Wire of Net VSS & Blockage of Cell InstructionFetch_Module_InstructionMemory_instr_sram  ( met2 )
Bounds : ( 607.900, 936.360 ) ( 610.900, 936.760 )


SHORT: ( Metal Short ) Special Wire of Net VSS & Blockage of Cell InstructionFetch_Module_InstructionMemory_instr_sram  ( met3 )
Bounds : ( 607.900, 936.360 ) ( 610.900, 936.760 )


SHORT: ( Metal Short ) Special Wire of Net VSS & Blockage of Cell InstructionFetch_Module_InstructionMemory_instr_sram  ( met2 )
Bounds : ( 607.900, 944.640 ) ( 610.900, 945.040 )


SHORT: ( Metal Short ) Special Wire of Net VSS & Blockage of Cell InstructionFetch_Module_InstructionMemory_instr_sram  ( met2 )
Bounds : ( 607.900, 952.920 ) ( 610.900, 953.320 )


SHORT: ( Metal Short ) Special Wire of Net VSS & Blockage of Cell InstructionFetch_Module_InstructionMemory_instr_sram  ( met2 )
Bounds : ( 607.900, 961.200 ) ( 610.900, 961.600 )


SHORT: ( Metal Short ) Special Wire of Net VSS & Blockage of Cell InstructionFetch_Module_InstructionMemory_instr_sram  ( met2 )
Bounds : ( 607.900, 969.480 ) ( 610.900, 969.880 )


SHORT: ( Metal Short ) Special Wire of Net VSS & Blockage of Cell InstructionFetch_Module_InstructionMemory_instr_sram  ( met3 )
Bounds : ( 607.900, 944.640 ) ( 610.900, 945.040 )


SHORT: ( Metal Short ) Special Wire of Net VSS & Blockage of Cell InstructionFetch_Module_InstructionMemory_instr_sram  ( met3 )
Bounds : ( 607.900, 952.920 ) ( 610.900, 953.320 )


SHORT: ( Metal Short ) Special Wire of Net VSS & Blockage of Cell InstructionFetch_Module_InstructionMemory_instr_sram  ( met3 )
Bounds : ( 607.900, 961.200 ) ( 610.900, 961.600 )


SHORT: ( Metal Short ) Special Wire of Net VSS & Blockage of Cell InstructionFetch_Module_InstructionMemory_instr_sram  ( met3 )
Bounds : ( 607.900, 969.480 ) ( 610.900, 969.880 )


SHORT: ( Metal Short ) Special Wire of Net VDD & Blockage of Cell InstructionFetch_Module_InstructionMemory_instr_sram  ( met2 )
Bounds : ( 634.900, 940.500 ) ( 637.900, 940.900 )


SHORT: ( Metal Short ) Special Wire of Net VDD & Blockage of Cell InstructionFetch_Module_InstructionMemory_instr_sram  ( met3 )
Bounds : ( 634.900, 940.500 ) ( 637.900, 940.900 )


SHORT: ( Metal Short ) Special Wire of Net VDD & Blockage of Cell InstructionFetch_Module_InstructionMemory_instr_sram  ( met2 )
Bounds : ( 634.900, 948.780 ) ( 637.900, 949.180 )


SHORT: ( Metal Short ) Special Wire of Net VDD & Blockage of Cell InstructionFetch_Module_InstructionMemory_instr_sram  ( met2 )
Bounds : ( 634.900, 957.060 ) ( 637.900, 957.460 )


SHORT: ( Metal Short ) Special Wire of Net VDD & Blockage of Cell InstructionFetch_Module_InstructionMemory_instr_sram  ( met2 )
Bounds : ( 634.900, 965.340 ) ( 637.900, 965.740 )


SHORT: ( Metal Short ) Special Wire of Net VDD & Blockage of Cell InstructionFetch_Module_InstructionMemory_instr_sram  ( met2 )
Bounds : ( 634.900, 973.620 ) ( 637.900, 974.020 )


SHORT: ( Metal Short ) Special Wire of Net VDD & Blockage of Cell InstructionFetch_Module_InstructionMemory_instr_sram  ( met3 )
Bounds : ( 634.900, 948.780 ) ( 637.900, 949.180 )


SHORT: ( Metal Short ) Special Wire of Net VDD & Blockage of Cell InstructionFetch_Module_InstructionMemory_instr_sram  ( met3 )
Bounds : ( 634.900, 957.060 ) ( 637.900, 957.460 )


SHORT: ( Metal Short ) Special Wire of Net VDD & Blockage of Cell InstructionFetch_Module_InstructionMemory_instr_sram  ( met3 )
Bounds : ( 634.900, 965.340 ) ( 637.900, 965.740 )


SHORT: ( Metal Short ) Special Wire of Net VDD & Blockage of Cell InstructionFetch_Module_InstructionMemory_instr_sram  ( met3 )
Bounds : ( 634.900, 973.620 ) ( 637.900, 974.020 )


SHORT: ( Metal Short ) Special Wire of Net VSS & Blockage of Cell InstructionFetch_Module_InstructionMemory_instr_sram  ( met2 )
Bounds : ( 607.900, 903.240 ) ( 610.900, 903.640 )


SHORT: ( Metal Short ) Special Wire of Net VSS & Blockage of Cell InstructionFetch_Module_InstructionMemory_instr_sram  ( met2 )
Bounds : ( 607.900, 911.520 ) ( 610.900, 911.920 )


SHORT: ( Metal Short ) Special Wire of Net VSS & Blockage of Cell InstructionFetch_Module_InstructionMemory_instr_sram  ( met2 )
Bounds : ( 607.900, 919.800 ) ( 610.900, 920.200 )


SHORT: ( Metal Short ) Special Wire of Net VSS & Blockage of Cell InstructionFetch_Module_InstructionMemory_instr_sram  ( met2 )
Bounds : ( 607.900, 928.080 ) ( 610.900, 928.480 )


SHORT: ( Metal Short ) Special Wire of Net VDD & Blockage of Cell InstructionFetch_Module_InstructionMemory_instr_sram  ( met2 )
Bounds : ( 634.900, 899.100 ) ( 637.900, 899.500 )


SHORT: ( Metal Short ) Special Wire of Net VDD & Blockage of Cell InstructionFetch_Module_InstructionMemory_instr_sram  ( met2 )
Bounds : ( 634.900, 907.380 ) ( 637.900, 907.780 )


SHORT: ( Metal Short ) Special Wire of Net VDD & Blockage of Cell InstructionFetch_Module_InstructionMemory_instr_sram  ( met2 )
Bounds : ( 634.900, 915.660 ) ( 637.900, 916.060 )


SHORT: ( Metal Short ) Special Wire of Net VDD & Blockage of Cell InstructionFetch_Module_InstructionMemory_instr_sram  ( met2 )
Bounds : ( 634.900, 923.940 ) ( 637.900, 924.340 )


SHORT: ( Metal Short ) Special Wire of Net VDD & Blockage of Cell InstructionFetch_Module_InstructionMemory_instr_sram  ( met2 )
Bounds : ( 634.900, 932.220 ) ( 637.900, 932.620 )


SHORT: ( Metal Short ) Special Wire of Net VSS & Blockage of Cell InstructionFetch_Module_InstructionMemory_instr_sram  ( met2 )
Bounds : ( 657.900, 903.240 ) ( 660.900, 903.640 )


SHORT: ( Metal Short ) Special Wire of Net VSS & Blockage of Cell InstructionFetch_Module_InstructionMemory_instr_sram  ( met2 )
Bounds : ( 657.900, 911.520 ) ( 660.900, 911.920 )


SHORT: ( Metal Short ) Special Wire of Net VSS & Blockage of Cell InstructionFetch_Module_InstructionMemory_instr_sram  ( met2 )
Bounds : ( 657.900, 919.800 ) ( 660.900, 920.200 )


SHORT: ( Metal Short ) Special Wire of Net VSS & Blockage of Cell InstructionFetch_Module_InstructionMemory_instr_sram  ( met2 )
Bounds : ( 657.900, 928.080 ) ( 660.900, 928.480 )


SHORT: ( Metal Short ) Special Wire of Net VSS & Blockage of Cell InstructionFetch_Module_InstructionMemory_instr_sram  ( met3 )
Bounds : ( 607.900, 903.240 ) ( 610.900, 903.640 )


SHORT: ( Metal Short ) Special Wire of Net VSS & Blockage of Cell InstructionFetch_Module_InstructionMemory_instr_sram  ( met3 )
Bounds : ( 607.900, 911.520 ) ( 610.900, 911.920 )


SHORT: ( Metal Short ) Special Wire of Net VSS & Blockage of Cell InstructionFetch_Module_InstructionMemory_instr_sram  ( met3 )
Bounds : ( 607.900, 919.800 ) ( 610.900, 920.200 )


SHORT: ( Metal Short ) Special Wire of Net VSS & Blockage of Cell InstructionFetch_Module_InstructionMemory_instr_sram  ( met3 )
Bounds : ( 607.900, 928.080 ) ( 610.900, 928.480 )


SHORT: ( Metal Short ) Special Wire of Net VDD & Blockage of Cell InstructionFetch_Module_InstructionMemory_instr_sram  ( met3 )
Bounds : ( 634.900, 899.100 ) ( 637.900, 899.500 )


SHORT: ( Metal Short ) Special Wire of Net VDD & Blockage of Cell InstructionFetch_Module_InstructionMemory_instr_sram  ( met3 )
Bounds : ( 634.900, 907.380 ) ( 637.900, 907.780 )


SHORT: ( Metal Short ) Special Wire of Net VDD & Blockage of Cell InstructionFetch_Module_InstructionMemory_instr_sram  ( met3 )
Bounds : ( 634.900, 915.660 ) ( 637.900, 916.060 )


SHORT: ( Metal Short ) Special Wire of Net VDD & Blockage of Cell InstructionFetch_Module_InstructionMemory_instr_sram  ( met3 )
Bounds : ( 634.900, 923.940 ) ( 637.900, 924.340 )


SHORT: ( Metal Short ) Special Wire of Net VDD & Blockage of Cell InstructionFetch_Module_InstructionMemory_instr_sram  ( met3 )
Bounds : ( 634.900, 932.220 ) ( 637.900, 932.620 )


SHORT: ( Metal Short ) Special Wire of Net VSS & Blockage of Cell InstructionFetch_Module_InstructionMemory_instr_sram  ( met3 )
Bounds : ( 657.900, 903.240 ) ( 660.900, 903.640 )


SHORT: ( Metal Short ) Special Wire of Net VSS & Blockage of Cell InstructionFetch_Module_InstructionMemory_instr_sram  ( met3 )
Bounds : ( 657.900, 911.520 ) ( 660.900, 911.920 )


SHORT: ( Metal Short ) Special Wire of Net VSS & Blockage of Cell InstructionFetch_Module_InstructionMemory_instr_sram  ( met3 )
Bounds : ( 657.900, 919.800 ) ( 660.900, 920.200 )


SHORT: ( Metal Short ) Special Wire of Net VSS & Blockage of Cell InstructionFetch_Module_InstructionMemory_instr_sram  ( met3 )
Bounds : ( 657.900, 928.080 ) ( 660.900, 928.480 )


SHORT: ( Metal Short ) Special Wire of Net VSS & Blockage of Cell InstructionFetch_Module_InstructionMemory_instr_sram  ( met2 )
Bounds : ( 557.900, 936.360 ) ( 560.900, 936.760 )


SHORT: ( Metal Short ) Special Wire of Net VDD & Blockage of Cell InstructionFetch_Module_InstructionMemory_instr_sram  ( met2 )
Bounds : ( 584.900, 940.500 ) ( 587.900, 940.900 )


SHORT: ( Metal Short ) Special Wire of Net VSS & Blockage of Cell InstructionFetch_Module_InstructionMemory_instr_sram  ( met3 )
Bounds : ( 557.900, 936.360 ) ( 560.900, 936.760 )


SHORT: ( Metal Short ) Special Wire of Net VDD & Blockage of Cell InstructionFetch_Module_InstructionMemory_instr_sram  ( met3 )
Bounds : ( 584.900, 940.500 ) ( 587.900, 940.900 )


SHORT: ( Metal Short ) Special Wire of Net VSS & Blockage of Cell InstructionFetch_Module_InstructionMemory_instr_sram  ( met2 )
Bounds : ( 557.900, 944.640 ) ( 560.900, 945.040 )


SHORT: ( Metal Short ) Special Wire of Net VSS & Blockage of Cell InstructionFetch_Module_InstructionMemory_instr_sram  ( met2 )
Bounds : ( 557.900, 952.920 ) ( 560.900, 953.320 )


SHORT: ( Metal Short ) Special Wire of Net VSS & Blockage of Cell InstructionFetch_Module_InstructionMemory_instr_sram  ( met2 )
Bounds : ( 557.900, 961.200 ) ( 560.900, 961.600 )


SHORT: ( Metal Short ) Special Wire of Net VSS & Blockage of Cell InstructionFetch_Module_InstructionMemory_instr_sram  ( met2 )
Bounds : ( 557.900, 969.480 ) ( 560.900, 969.880 )


SHORT: ( Metal Short ) Special Wire of Net VDD & Blockage of Cell InstructionFetch_Module_InstructionMemory_instr_sram  ( met2 )
Bounds : ( 584.900, 948.780 ) ( 587.900, 949.180 )


SHORT: ( Metal Short ) Special Wire of Net VDD & Blockage of Cell InstructionFetch_Module_InstructionMemory_instr_sram  ( met2 )
Bounds : ( 584.900, 957.060 ) ( 587.900, 957.460 )


SHORT: ( Metal Short ) Special Wire of Net VDD & Blockage of Cell InstructionFetch_Module_InstructionMemory_instr_sram  ( met2 )
Bounds : ( 584.900, 965.340 ) ( 587.900, 965.740 )


SHORT: ( Metal Short ) Special Wire of Net VDD & Blockage of Cell InstructionFetch_Module_InstructionMemory_instr_sram  ( met2 )
Bounds : ( 584.900, 973.620 ) ( 587.900, 974.020 )


SHORT: ( Metal Short ) Special Wire of Net VSS & Blockage of Cell InstructionFetch_Module_InstructionMemory_instr_sram  ( met3 )
Bounds : ( 557.900, 944.640 ) ( 560.900, 945.040 )


SHORT: ( Metal Short ) Special Wire of Net VSS & Blockage of Cell InstructionFetch_Module_InstructionMemory_instr_sram  ( met3 )
Bounds : ( 557.900, 952.920 ) ( 560.900, 953.320 )


SHORT: ( Metal Short ) Special Wire of Net VSS & Blockage of Cell InstructionFetch_Module_InstructionMemory_instr_sram  ( met3 )
Bounds : ( 557.900, 961.200 ) ( 560.900, 961.600 )


SHORT: ( Metal Short ) Special Wire of Net VSS & Blockage of Cell InstructionFetch_Module_InstructionMemory_instr_sram  ( met3 )
Bounds : ( 557.900, 969.480 ) ( 560.900, 969.880 )


SHORT: ( Metal Short ) Special Wire of Net VDD & Blockage of Cell InstructionFetch_Module_InstructionMemory_instr_sram  ( met3 )
Bounds : ( 584.900, 948.780 ) ( 587.900, 949.180 )


SHORT: ( Metal Short ) Special Wire of Net VDD & Blockage of Cell InstructionFetch_Module_InstructionMemory_instr_sram  ( met3 )
Bounds : ( 584.900, 957.060 ) ( 587.900, 957.460 )


SHORT: ( Metal Short ) Special Wire of Net VDD & Blockage of Cell InstructionFetch_Module_InstructionMemory_instr_sram  ( met3 )
Bounds : ( 584.900, 965.340 ) ( 587.900, 965.740 )


SHORT: ( Metal Short ) Special Wire of Net VDD & Blockage of Cell InstructionFetch_Module_InstructionMemory_instr_sram  ( met3 )
Bounds : ( 584.900, 973.620 ) ( 587.900, 974.020 )


SHORT: ( Metal Short ) Special Wire of Net VDD & Blockage of Cell InstructionFetch_Module_InstructionMemory_instr_sram  ( met2 )
Bounds : ( 534.900, 940.500 ) ( 537.900, 940.900 )


SHORT: ( Metal Short ) Special Wire of Net VDD & Blockage of Cell InstructionFetch_Module_InstructionMemory_instr_sram  ( met3 )
Bounds : ( 534.900, 940.500 ) ( 537.900, 940.900 )


SHORT: ( Metal Short ) Special Wire of Net VDD & Blockage of Cell InstructionFetch_Module_InstructionMemory_instr_sram  ( met2 )
Bounds : ( 534.900, 948.780 ) ( 537.900, 949.180 )


SHORT: ( Metal Short ) Special Wire of Net VDD & Blockage of Cell InstructionFetch_Module_InstructionMemory_instr_sram  ( met2 )
Bounds : ( 534.900, 957.060 ) ( 537.900, 957.460 )


SHORT: ( Metal Short ) Special Wire of Net VDD & Blockage of Cell InstructionFetch_Module_InstructionMemory_instr_sram  ( met2 )
Bounds : ( 534.900, 965.340 ) ( 537.900, 965.740 )


SHORT: ( Metal Short ) Special Wire of Net VDD & Blockage of Cell InstructionFetch_Module_InstructionMemory_instr_sram  ( met2 )
Bounds : ( 534.900, 973.620 ) ( 537.900, 974.020 )


SHORT: ( Metal Short ) Special Wire of Net VDD & Blockage of Cell InstructionFetch_Module_InstructionMemory_instr_sram  ( met3 )
Bounds : ( 534.900, 948.780 ) ( 537.900, 949.180 )


SHORT: ( Metal Short ) Special Wire of Net VDD & Blockage of Cell InstructionFetch_Module_InstructionMemory_instr_sram  ( met3 )
Bounds : ( 534.900, 957.060 ) ( 537.900, 957.460 )


SHORT: ( Metal Short ) Special Wire of Net VDD & Blockage of Cell InstructionFetch_Module_InstructionMemory_instr_sram  ( met3 )
Bounds : ( 534.900, 965.340 ) ( 537.900, 965.740 )


SHORT: ( Metal Short ) Special Wire of Net VDD & Blockage of Cell InstructionFetch_Module_InstructionMemory_instr_sram  ( met3 )
Bounds : ( 534.900, 973.620 ) ( 537.900, 974.020 )


SHORT: ( Metal Short ) Special Wire of Net VDD & Blockage of Cell InstructionFetch_Module_InstructionMemory_instr_sram  ( met2 )
Bounds : ( 534.900, 899.100 ) ( 537.900, 899.500 )


SHORT: ( Metal Short ) Special Wire of Net VDD & Blockage of Cell InstructionFetch_Module_InstructionMemory_instr_sram  ( met2 )
Bounds : ( 534.900, 907.380 ) ( 537.900, 907.780 )


SHORT: ( Metal Short ) Special Wire of Net VDD & Blockage of Cell InstructionFetch_Module_InstructionMemory_instr_sram  ( met2 )
Bounds : ( 534.900, 915.660 ) ( 537.900, 916.060 )


SHORT: ( Metal Short ) Special Wire of Net VDD & Blockage of Cell InstructionFetch_Module_InstructionMemory_instr_sram  ( met2 )
Bounds : ( 534.900, 923.940 ) ( 537.900, 924.340 )


SHORT: ( Metal Short ) Special Wire of Net VDD & Blockage of Cell InstructionFetch_Module_InstructionMemory_instr_sram  ( met2 )
Bounds : ( 534.900, 932.220 ) ( 537.900, 932.620 )


SHORT: ( Metal Short ) Special Wire of Net VSS & Blockage of Cell InstructionFetch_Module_InstructionMemory_instr_sram  ( met2 )
Bounds : ( 557.900, 903.240 ) ( 560.900, 903.640 )


SHORT: ( Metal Short ) Special Wire of Net VSS & Blockage of Cell InstructionFetch_Module_InstructionMemory_instr_sram  ( met2 )
Bounds : ( 557.900, 911.520 ) ( 560.900, 911.920 )


SHORT: ( Metal Short ) Special Wire of Net VSS & Blockage of Cell InstructionFetch_Module_InstructionMemory_instr_sram  ( met2 )
Bounds : ( 557.900, 919.800 ) ( 560.900, 920.200 )


SHORT: ( Metal Short ) Special Wire of Net VSS & Blockage of Cell InstructionFetch_Module_InstructionMemory_instr_sram  ( met2 )
Bounds : ( 557.900, 928.080 ) ( 560.900, 928.480 )


SHORT: ( Metal Short ) Special Wire of Net VDD & Blockage of Cell InstructionFetch_Module_InstructionMemory_instr_sram  ( met2 )
Bounds : ( 584.900, 899.100 ) ( 587.900, 899.500 )


SHORT: ( Metal Short ) Special Wire of Net VDD & Blockage of Cell InstructionFetch_Module_InstructionMemory_instr_sram  ( met2 )
Bounds : ( 584.900, 907.380 ) ( 587.900, 907.780 )


SHORT: ( Metal Short ) Special Wire of Net VDD & Blockage of Cell InstructionFetch_Module_InstructionMemory_instr_sram  ( met2 )
Bounds : ( 584.900, 915.660 ) ( 587.900, 916.060 )


SHORT: ( Metal Short ) Special Wire of Net VDD & Blockage of Cell InstructionFetch_Module_InstructionMemory_instr_sram  ( met2 )
Bounds : ( 584.900, 923.940 ) ( 587.900, 924.340 )


SHORT: ( Metal Short ) Special Wire of Net VDD & Blockage of Cell InstructionFetch_Module_InstructionMemory_instr_sram  ( met2 )
Bounds : ( 584.900, 932.220 ) ( 587.900, 932.620 )


SHORT: ( Metal Short ) Special Wire of Net VDD & Blockage of Cell InstructionFetch_Module_InstructionMemory_instr_sram  ( met3 )
Bounds : ( 534.900, 899.100 ) ( 537.900, 899.500 )


SHORT: ( Metal Short ) Special Wire of Net VDD & Blockage of Cell InstructionFetch_Module_InstructionMemory_instr_sram  ( met3 )
Bounds : ( 534.900, 907.380 ) ( 537.900, 907.780 )


SHORT: ( Metal Short ) Special Wire of Net VDD & Blockage of Cell InstructionFetch_Module_InstructionMemory_instr_sram  ( met3 )
Bounds : ( 534.900, 915.660 ) ( 537.900, 916.060 )


SHORT: ( Metal Short ) Special Wire of Net VDD & Blockage of Cell InstructionFetch_Module_InstructionMemory_instr_sram  ( met3 )
Bounds : ( 534.900, 923.940 ) ( 537.900, 924.340 )


SHORT: ( Metal Short ) Special Wire of Net VDD & Blockage of Cell InstructionFetch_Module_InstructionMemory_instr_sram  ( met3 )
Bounds : ( 534.900, 932.220 ) ( 537.900, 932.620 )


SHORT: ( Metal Short ) Special Wire of Net VSS & Blockage of Cell InstructionFetch_Module_InstructionMemory_instr_sram  ( met3 )
Bounds : ( 557.900, 903.240 ) ( 560.900, 903.640 )


SHORT: ( Metal Short ) Special Wire of Net VSS & Blockage of Cell InstructionFetch_Module_InstructionMemory_instr_sram  ( met3 )
Bounds : ( 557.900, 911.520 ) ( 560.900, 911.920 )


SHORT: ( Metal Short ) Special Wire of Net VSS & Blockage of Cell InstructionFetch_Module_InstructionMemory_instr_sram  ( met3 )
Bounds : ( 557.900, 919.800 ) ( 560.900, 920.200 )


SHORT: ( Metal Short ) Special Wire of Net VSS & Blockage of Cell InstructionFetch_Module_InstructionMemory_instr_sram  ( met3 )
Bounds : ( 557.900, 928.080 ) ( 560.900, 928.480 )


SHORT: ( Metal Short ) Special Wire of Net VDD & Blockage of Cell InstructionFetch_Module_InstructionMemory_instr_sram  ( met3 )
Bounds : ( 584.900, 899.100 ) ( 587.900, 899.500 )


SHORT: ( Metal Short ) Special Wire of Net VDD & Blockage of Cell InstructionFetch_Module_InstructionMemory_instr_sram  ( met3 )
Bounds : ( 584.900, 907.380 ) ( 587.900, 907.780 )


SHORT: ( Metal Short ) Special Wire of Net VDD & Blockage of Cell InstructionFetch_Module_InstructionMemory_instr_sram  ( met3 )
Bounds : ( 584.900, 915.660 ) ( 587.900, 916.060 )


SHORT: ( Metal Short ) Special Wire of Net VDD & Blockage of Cell InstructionFetch_Module_InstructionMemory_instr_sram  ( met3 )
Bounds : ( 584.900, 923.940 ) ( 587.900, 924.340 )


SHORT: ( Metal Short ) Special Wire of Net VDD & Blockage of Cell InstructionFetch_Module_InstructionMemory_instr_sram  ( met3 )
Bounds : ( 584.900, 932.220 ) ( 587.900, 932.620 )


SHORT: ( Metal Short ) Special Wire of Net VSS & Blockage of Cell InstructionFetch_Module_InstructionMemory_instr_sram  ( met2 )
Bounds : ( 607.900, 861.840 ) ( 610.900, 862.240 )


SHORT: ( Metal Short ) Special Wire of Net VSS & Blockage of Cell InstructionFetch_Module_InstructionMemory_instr_sram  ( met2 )
Bounds : ( 607.900, 870.120 ) ( 610.900, 870.520 )


SHORT: ( Metal Short ) Special Wire of Net VSS & Blockage of Cell InstructionFetch_Module_InstructionMemory_instr_sram  ( met2 )
Bounds : ( 607.900, 878.400 ) ( 610.900, 878.800 )


SHORT: ( Metal Short ) Special Wire of Net VSS & Blockage of Cell InstructionFetch_Module_InstructionMemory_instr_sram  ( met2 )
Bounds : ( 607.900, 886.680 ) ( 610.900, 887.080 )


SHORT: ( Metal Short ) Special Wire of Net VDD & Blockage of Cell InstructionFetch_Module_InstructionMemory_instr_sram  ( met2 )
Bounds : ( 634.900, 857.700 ) ( 637.900, 858.100 )


SHORT: ( Metal Short ) Special Wire of Net VDD & Blockage of Cell InstructionFetch_Module_InstructionMemory_instr_sram  ( met2 )
Bounds : ( 634.900, 865.980 ) ( 637.900, 866.380 )


SHORT: ( Metal Short ) Special Wire of Net VDD & Blockage of Cell InstructionFetch_Module_InstructionMemory_instr_sram  ( met2 )
Bounds : ( 634.900, 874.260 ) ( 637.900, 874.660 )


SHORT: ( Metal Short ) Special Wire of Net VDD & Blockage of Cell InstructionFetch_Module_InstructionMemory_instr_sram  ( met2 )
Bounds : ( 634.900, 882.540 ) ( 637.900, 882.940 )


SHORT: ( Metal Short ) Special Wire of Net VDD & Blockage of Cell InstructionFetch_Module_InstructionMemory_instr_sram  ( met2 )
Bounds : ( 634.900, 890.820 ) ( 637.900, 891.220 )


SHORT: ( Metal Short ) Special Wire of Net VSS & Blockage of Cell InstructionFetch_Module_InstructionMemory_instr_sram  ( met2 )
Bounds : ( 657.900, 861.840 ) ( 660.900, 862.240 )


SHORT: ( Metal Short ) Special Wire of Net VSS & Blockage of Cell InstructionFetch_Module_InstructionMemory_instr_sram  ( met2 )
Bounds : ( 657.900, 870.120 ) ( 660.900, 870.520 )


SHORT: ( Metal Short ) Special Wire of Net VSS & Blockage of Cell InstructionFetch_Module_InstructionMemory_instr_sram  ( met2 )
Bounds : ( 657.900, 878.400 ) ( 660.900, 878.800 )


SHORT: ( Metal Short ) Special Wire of Net VSS & Blockage of Cell InstructionFetch_Module_InstructionMemory_instr_sram  ( met2 )
Bounds : ( 657.900, 886.680 ) ( 660.900, 887.080 )


SHORT: ( Metal Short ) Special Wire of Net VSS & Blockage of Cell InstructionFetch_Module_InstructionMemory_instr_sram  ( met3 )
Bounds : ( 607.900, 861.840 ) ( 610.900, 862.240 )


SHORT: ( Metal Short ) Special Wire of Net VSS & Blockage of Cell InstructionFetch_Module_InstructionMemory_instr_sram  ( met3 )
Bounds : ( 607.900, 870.120 ) ( 610.900, 870.520 )


SHORT: ( Metal Short ) Special Wire of Net VSS & Blockage of Cell InstructionFetch_Module_InstructionMemory_instr_sram  ( met3 )
Bounds : ( 607.900, 878.400 ) ( 610.900, 878.800 )


SHORT: ( Metal Short ) Special Wire of Net VSS & Blockage of Cell InstructionFetch_Module_InstructionMemory_instr_sram  ( met3 )
Bounds : ( 607.900, 886.680 ) ( 610.900, 887.080 )


SHORT: ( Metal Short ) Special Wire of Net VDD & Blockage of Cell InstructionFetch_Module_InstructionMemory_instr_sram  ( met3 )
Bounds : ( 634.900, 857.700 ) ( 637.900, 858.100 )


SHORT: ( Metal Short ) Special Wire of Net VDD & Blockage of Cell InstructionFetch_Module_InstructionMemory_instr_sram  ( met3 )
Bounds : ( 634.900, 865.980 ) ( 637.900, 866.380 )


SHORT: ( Metal Short ) Special Wire of Net VDD & Blockage of Cell InstructionFetch_Module_InstructionMemory_instr_sram  ( met3 )
Bounds : ( 634.900, 874.260 ) ( 637.900, 874.660 )


SHORT: ( Metal Short ) Special Wire of Net VDD & Blockage of Cell InstructionFetch_Module_InstructionMemory_instr_sram  ( met3 )
Bounds : ( 634.900, 882.540 ) ( 637.900, 882.940 )


SHORT: ( Metal Short ) Special Wire of Net VDD & Blockage of Cell InstructionFetch_Module_InstructionMemory_instr_sram  ( met3 )
Bounds : ( 634.900, 890.820 ) ( 637.900, 891.220 )


SHORT: ( Metal Short ) Special Wire of Net VSS & Blockage of Cell InstructionFetch_Module_InstructionMemory_instr_sram  ( met3 )
Bounds : ( 657.900, 861.840 ) ( 660.900, 862.240 )


SHORT: ( Metal Short ) Special Wire of Net VSS & Blockage of Cell InstructionFetch_Module_InstructionMemory_instr_sram  ( met3 )
Bounds : ( 657.900, 870.120 ) ( 660.900, 870.520 )


SHORT: ( Metal Short ) Special Wire of Net VSS & Blockage of Cell InstructionFetch_Module_InstructionMemory_instr_sram  ( met3 )
Bounds : ( 657.900, 878.400 ) ( 660.900, 878.800 )


SHORT: ( Metal Short ) Special Wire of Net VSS & Blockage of Cell InstructionFetch_Module_InstructionMemory_instr_sram  ( met3 )
Bounds : ( 657.900, 886.680 ) ( 660.900, 887.080 )


SHORT: ( Metal Short ) Special Wire of Net VSS & Blockage of Cell InstructionFetch_Module_InstructionMemory_instr_sram  ( met2 )
Bounds : ( 657.900, 820.440 ) ( 660.900, 820.840 )


SHORT: ( Metal Short ) Special Wire of Net VSS & Blockage of Cell InstructionFetch_Module_InstructionMemory_instr_sram  ( met2 )
Bounds : ( 657.900, 828.720 ) ( 660.900, 829.120 )


SHORT: ( Metal Short ) Special Wire of Net VSS & Blockage of Cell InstructionFetch_Module_InstructionMemory_instr_sram  ( met2 )
Bounds : ( 657.900, 837.000 ) ( 660.900, 837.400 )


SHORT: ( Metal Short ) Special Wire of Net VSS & Blockage of Cell InstructionFetch_Module_InstructionMemory_instr_sram  ( met2 )
Bounds : ( 657.900, 845.280 ) ( 660.900, 845.680 )


SHORT: ( Metal Short ) Special Wire of Net VSS & Blockage of Cell InstructionFetch_Module_InstructionMemory_instr_sram  ( met2 )
Bounds : ( 657.900, 853.560 ) ( 660.900, 853.960 )


SHORT: ( Metal Short ) Special Wire of Net VSS & Blockage of Cell InstructionFetch_Module_InstructionMemory_instr_sram  ( met3 )
Bounds : ( 657.900, 820.440 ) ( 660.900, 820.840 )


SHORT: ( Metal Short ) Special Wire of Net VSS & Blockage of Cell InstructionFetch_Module_InstructionMemory_instr_sram  ( met3 )
Bounds : ( 657.900, 828.720 ) ( 660.900, 829.120 )


SHORT: ( Metal Short ) Special Wire of Net VSS & Blockage of Cell InstructionFetch_Module_InstructionMemory_instr_sram  ( met3 )
Bounds : ( 657.900, 837.000 ) ( 660.900, 837.400 )


SHORT: ( Metal Short ) Special Wire of Net VSS & Blockage of Cell InstructionFetch_Module_InstructionMemory_instr_sram  ( met3 )
Bounds : ( 657.900, 845.280 ) ( 660.900, 845.680 )


SHORT: ( Metal Short ) Special Wire of Net VSS & Blockage of Cell InstructionFetch_Module_InstructionMemory_instr_sram  ( met3 )
Bounds : ( 657.900, 853.560 ) ( 660.900, 853.960 )


SHORT: ( Metal Short ) Special Wire of Net VSS & Blockage of Cell InstructionFetch_Module_InstructionMemory_instr_sram  ( met2 )
Bounds : ( 607.900, 820.440 ) ( 610.900, 820.840 )


SHORT: ( Metal Short ) Special Wire of Net VSS & Blockage of Cell InstructionFetch_Module_InstructionMemory_instr_sram  ( met2 )
Bounds : ( 607.900, 828.720 ) ( 610.900, 829.120 )


SHORT: ( Metal Short ) Special Wire of Net VSS & Blockage of Cell InstructionFetch_Module_InstructionMemory_instr_sram  ( met2 )
Bounds : ( 607.900, 837.000 ) ( 610.900, 837.400 )


SHORT: ( Metal Short ) Special Wire of Net VSS & Blockage of Cell InstructionFetch_Module_InstructionMemory_instr_sram  ( met2 )
Bounds : ( 607.900, 845.280 ) ( 610.900, 845.680 )


SHORT: ( Metal Short ) Special Wire of Net VSS & Blockage of Cell InstructionFetch_Module_InstructionMemory_instr_sram  ( met2 )
Bounds : ( 607.900, 853.560 ) ( 610.900, 853.960 )


SHORT: ( Metal Short ) Special Wire of Net VSS & Blockage of Cell InstructionFetch_Module_InstructionMemory_instr_sram  ( met3 )
Bounds : ( 607.900, 820.440 ) ( 610.900, 820.840 )


SHORT: ( Metal Short ) Special Wire of Net VSS & Blockage of Cell InstructionFetch_Module_InstructionMemory_instr_sram  ( met3 )
Bounds : ( 607.900, 828.720 ) ( 610.900, 829.120 )


SHORT: ( Metal Short ) Special Wire of Net VSS & Blockage of Cell InstructionFetch_Module_InstructionMemory_instr_sram  ( met3 )
Bounds : ( 607.900, 837.000 ) ( 610.900, 837.400 )


SHORT: ( Metal Short ) Special Wire of Net VSS & Blockage of Cell InstructionFetch_Module_InstructionMemory_instr_sram  ( met3 )
Bounds : ( 607.900, 845.280 ) ( 610.900, 845.680 )


SHORT: ( Metal Short ) Special Wire of Net VSS & Blockage of Cell InstructionFetch_Module_InstructionMemory_instr_sram  ( met3 )
Bounds : ( 607.900, 853.560 ) ( 610.900, 853.960 )


SHORT: ( Metal Short ) Special Wire of Net VDD & Blockage of Cell InstructionFetch_Module_InstructionMemory_instr_sram  ( met2 )
Bounds : ( 634.900, 816.300 ) ( 637.900, 816.700 )


SHORT: ( Metal Short ) Special Wire of Net VDD & Blockage of Cell InstructionFetch_Module_InstructionMemory_instr_sram  ( met2 )
Bounds : ( 634.900, 824.580 ) ( 637.900, 824.980 )


SHORT: ( Metal Short ) Special Wire of Net VDD & Blockage of Cell InstructionFetch_Module_InstructionMemory_instr_sram  ( met2 )
Bounds : ( 634.900, 832.860 ) ( 637.900, 833.260 )


SHORT: ( Metal Short ) Special Wire of Net VDD & Blockage of Cell InstructionFetch_Module_InstructionMemory_instr_sram  ( met2 )
Bounds : ( 634.900, 841.140 ) ( 637.900, 841.540 )


SHORT: ( Metal Short ) Special Wire of Net VDD & Blockage of Cell InstructionFetch_Module_InstructionMemory_instr_sram  ( met2 )
Bounds : ( 634.900, 849.420 ) ( 637.900, 849.820 )


SHORT: ( Metal Short ) Special Wire of Net VDD & Blockage of Cell InstructionFetch_Module_InstructionMemory_instr_sram  ( met3 )
Bounds : ( 634.900, 816.300 ) ( 637.900, 816.700 )


SHORT: ( Metal Short ) Special Wire of Net VDD & Blockage of Cell InstructionFetch_Module_InstructionMemory_instr_sram  ( met3 )
Bounds : ( 634.900, 824.580 ) ( 637.900, 824.980 )


SHORT: ( Metal Short ) Special Wire of Net VDD & Blockage of Cell InstructionFetch_Module_InstructionMemory_instr_sram  ( met3 )
Bounds : ( 634.900, 832.860 ) ( 637.900, 833.260 )


SHORT: ( Metal Short ) Special Wire of Net VDD & Blockage of Cell InstructionFetch_Module_InstructionMemory_instr_sram  ( met3 )
Bounds : ( 634.900, 841.140 ) ( 637.900, 841.540 )


SHORT: ( Metal Short ) Special Wire of Net VDD & Blockage of Cell InstructionFetch_Module_InstructionMemory_instr_sram  ( met3 )
Bounds : ( 634.900, 849.420 ) ( 637.900, 849.820 )


SHORT: ( Metal Short ) Special Wire of Net VDD & Blockage of Cell InstructionFetch_Module_InstructionMemory_instr_sram  ( met2 )
Bounds : ( 534.900, 857.700 ) ( 537.900, 858.100 )


SHORT: ( Metal Short ) Special Wire of Net VDD & Blockage of Cell InstructionFetch_Module_InstructionMemory_instr_sram  ( met2 )
Bounds : ( 534.900, 865.980 ) ( 537.900, 866.380 )


SHORT: ( Metal Short ) Special Wire of Net VDD & Blockage of Cell InstructionFetch_Module_InstructionMemory_instr_sram  ( met2 )
Bounds : ( 534.900, 874.260 ) ( 537.900, 874.660 )


SHORT: ( Metal Short ) Special Wire of Net VDD & Blockage of Cell InstructionFetch_Module_InstructionMemory_instr_sram  ( met2 )
Bounds : ( 534.900, 882.540 ) ( 537.900, 882.940 )


SHORT: ( Metal Short ) Special Wire of Net VDD & Blockage of Cell InstructionFetch_Module_InstructionMemory_instr_sram  ( met2 )
Bounds : ( 534.900, 890.820 ) ( 537.900, 891.220 )


SHORT: ( Metal Short ) Special Wire of Net VSS & Blockage of Cell InstructionFetch_Module_InstructionMemory_instr_sram  ( met2 )
Bounds : ( 557.900, 861.840 ) ( 560.900, 862.240 )


SHORT: ( Metal Short ) Special Wire of Net VSS & Blockage of Cell InstructionFetch_Module_InstructionMemory_instr_sram  ( met2 )
Bounds : ( 557.900, 870.120 ) ( 560.900, 870.520 )


SHORT: ( Metal Short ) Special Wire of Net VSS & Blockage of Cell InstructionFetch_Module_InstructionMemory_instr_sram  ( met2 )
Bounds : ( 557.900, 878.400 ) ( 560.900, 878.800 )


SHORT: ( Metal Short ) Special Wire of Net VSS & Blockage of Cell InstructionFetch_Module_InstructionMemory_instr_sram  ( met2 )
Bounds : ( 557.900, 886.680 ) ( 560.900, 887.080 )


SHORT: ( Metal Short ) Special Wire of Net VDD & Blockage of Cell InstructionFetch_Module_InstructionMemory_instr_sram  ( met2 )
Bounds : ( 584.900, 857.700 ) ( 587.900, 858.100 )


SHORT: ( Metal Short ) Special Wire of Net VDD & Blockage of Cell InstructionFetch_Module_InstructionMemory_instr_sram  ( met2 )
Bounds : ( 584.900, 865.980 ) ( 587.900, 866.380 )


SHORT: ( Metal Short ) Special Wire of Net VDD & Blockage of Cell InstructionFetch_Module_InstructionMemory_instr_sram  ( met2 )
Bounds : ( 584.900, 874.260 ) ( 587.900, 874.660 )


SHORT: ( Metal Short ) Special Wire of Net VDD & Blockage of Cell InstructionFetch_Module_InstructionMemory_instr_sram  ( met2 )
Bounds : ( 584.900, 882.540 ) ( 587.900, 882.940 )


SHORT: ( Metal Short ) Special Wire of Net VDD & Blockage of Cell InstructionFetch_Module_InstructionMemory_instr_sram  ( met2 )
Bounds : ( 584.900, 890.820 ) ( 587.900, 891.220 )


SHORT: ( Metal Short ) Special Wire of Net VDD & Blockage of Cell InstructionFetch_Module_InstructionMemory_instr_sram  ( met3 )
Bounds : ( 534.900, 857.700 ) ( 537.900, 858.100 )


SHORT: ( Metal Short ) Special Wire of Net VDD & Blockage of Cell InstructionFetch_Module_InstructionMemory_instr_sram  ( met3 )
Bounds : ( 534.900, 865.980 ) ( 537.900, 866.380 )


SHORT: ( Metal Short ) Special Wire of Net VDD & Blockage of Cell InstructionFetch_Module_InstructionMemory_instr_sram  ( met3 )
Bounds : ( 534.900, 874.260 ) ( 537.900, 874.660 )


SHORT: ( Metal Short ) Special Wire of Net VDD & Blockage of Cell InstructionFetch_Module_InstructionMemory_instr_sram  ( met3 )
Bounds : ( 534.900, 882.540 ) ( 537.900, 882.940 )


SHORT: ( Metal Short ) Special Wire of Net VDD & Blockage of Cell InstructionFetch_Module_InstructionMemory_instr_sram  ( met3 )
Bounds : ( 534.900, 890.820 ) ( 537.900, 891.220 )


SHORT: ( Metal Short ) Special Wire of Net VSS & Blockage of Cell InstructionFetch_Module_InstructionMemory_instr_sram  ( met3 )
Bounds : ( 557.900, 861.840 ) ( 560.900, 862.240 )


SHORT: ( Metal Short ) Special Wire of Net VSS & Blockage of Cell InstructionFetch_Module_InstructionMemory_instr_sram  ( met3 )
Bounds : ( 557.900, 870.120 ) ( 560.900, 870.520 )


SHORT: ( Metal Short ) Special Wire of Net VSS & Blockage of Cell InstructionFetch_Module_InstructionMemory_instr_sram  ( met3 )
Bounds : ( 557.900, 878.400 ) ( 560.900, 878.800 )


SHORT: ( Metal Short ) Special Wire of Net VSS & Blockage of Cell InstructionFetch_Module_InstructionMemory_instr_sram  ( met3 )
Bounds : ( 557.900, 886.680 ) ( 560.900, 887.080 )


SHORT: ( Metal Short ) Special Wire of Net VDD & Blockage of Cell InstructionFetch_Module_InstructionMemory_instr_sram  ( met3 )
Bounds : ( 584.900, 857.700 ) ( 587.900, 858.100 )


SHORT: ( Metal Short ) Special Wire of Net VDD & Blockage of Cell InstructionFetch_Module_InstructionMemory_instr_sram  ( met3 )
Bounds : ( 584.900, 865.980 ) ( 587.900, 866.380 )


SHORT: ( Metal Short ) Special Wire of Net VDD & Blockage of Cell InstructionFetch_Module_InstructionMemory_instr_sram  ( met3 )
Bounds : ( 584.900, 874.260 ) ( 587.900, 874.660 )


SHORT: ( Metal Short ) Special Wire of Net VDD & Blockage of Cell InstructionFetch_Module_InstructionMemory_instr_sram  ( met3 )
Bounds : ( 584.900, 882.540 ) ( 587.900, 882.940 )


SHORT: ( Metal Short ) Special Wire of Net VDD & Blockage of Cell InstructionFetch_Module_InstructionMemory_instr_sram  ( met3 )
Bounds : ( 584.900, 890.820 ) ( 587.900, 891.220 )


SHORT: ( Metal Short ) Special Wire of Net VSS & Blockage of Cell InstructionFetch_Module_InstructionMemory_instr_sram  ( met2 )
Bounds : ( 557.900, 820.440 ) ( 560.900, 820.840 )


SHORT: ( Metal Short ) Special Wire of Net VSS & Blockage of Cell InstructionFetch_Module_InstructionMemory_instr_sram  ( met2 )
Bounds : ( 557.900, 828.720 ) ( 560.900, 829.120 )


SHORT: ( Metal Short ) Special Wire of Net VSS & Blockage of Cell InstructionFetch_Module_InstructionMemory_instr_sram  ( met2 )
Bounds : ( 557.900, 837.000 ) ( 560.900, 837.400 )


SHORT: ( Metal Short ) Special Wire of Net VSS & Blockage of Cell InstructionFetch_Module_InstructionMemory_instr_sram  ( met2 )
Bounds : ( 557.900, 845.280 ) ( 560.900, 845.680 )


SHORT: ( Metal Short ) Special Wire of Net VSS & Blockage of Cell InstructionFetch_Module_InstructionMemory_instr_sram  ( met2 )
Bounds : ( 557.900, 853.560 ) ( 560.900, 853.960 )


SHORT: ( Metal Short ) Special Wire of Net VDD & Blockage of Cell InstructionFetch_Module_InstructionMemory_instr_sram  ( met2 )
Bounds : ( 584.900, 816.300 ) ( 587.900, 816.700 )


SHORT: ( Metal Short ) Special Wire of Net VDD & Blockage of Cell InstructionFetch_Module_InstructionMemory_instr_sram  ( met2 )
Bounds : ( 584.900, 824.580 ) ( 587.900, 824.980 )


SHORT: ( Metal Short ) Special Wire of Net VDD & Blockage of Cell InstructionFetch_Module_InstructionMemory_instr_sram  ( met2 )
Bounds : ( 584.900, 832.860 ) ( 587.900, 833.260 )


SHORT: ( Metal Short ) Special Wire of Net VDD & Blockage of Cell InstructionFetch_Module_InstructionMemory_instr_sram  ( met2 )
Bounds : ( 584.900, 841.140 ) ( 587.900, 841.540 )


SHORT: ( Metal Short ) Special Wire of Net VDD & Blockage of Cell InstructionFetch_Module_InstructionMemory_instr_sram  ( met2 )
Bounds : ( 584.900, 849.420 ) ( 587.900, 849.820 )


SHORT: ( Metal Short ) Special Wire of Net VSS & Blockage of Cell InstructionFetch_Module_InstructionMemory_instr_sram  ( met3 )
Bounds : ( 557.900, 820.440 ) ( 560.900, 820.840 )


SHORT: ( Metal Short ) Special Wire of Net VSS & Blockage of Cell InstructionFetch_Module_InstructionMemory_instr_sram  ( met3 )
Bounds : ( 557.900, 828.720 ) ( 560.900, 829.120 )


SHORT: ( Metal Short ) Special Wire of Net VSS & Blockage of Cell InstructionFetch_Module_InstructionMemory_instr_sram  ( met3 )
Bounds : ( 557.900, 837.000 ) ( 560.900, 837.400 )


SHORT: ( Metal Short ) Special Wire of Net VSS & Blockage of Cell InstructionFetch_Module_InstructionMemory_instr_sram  ( met3 )
Bounds : ( 557.900, 845.280 ) ( 560.900, 845.680 )


SHORT: ( Metal Short ) Special Wire of Net VSS & Blockage of Cell InstructionFetch_Module_InstructionMemory_instr_sram  ( met3 )
Bounds : ( 557.900, 853.560 ) ( 560.900, 853.960 )


SHORT: ( Metal Short ) Special Wire of Net VDD & Blockage of Cell InstructionFetch_Module_InstructionMemory_instr_sram  ( met3 )
Bounds : ( 584.900, 816.300 ) ( 587.900, 816.700 )


SHORT: ( Metal Short ) Special Wire of Net VDD & Blockage of Cell InstructionFetch_Module_InstructionMemory_instr_sram  ( met3 )
Bounds : ( 584.900, 824.580 ) ( 587.900, 824.980 )


SHORT: ( Metal Short ) Special Wire of Net VDD & Blockage of Cell InstructionFetch_Module_InstructionMemory_instr_sram  ( met3 )
Bounds : ( 584.900, 832.860 ) ( 587.900, 833.260 )


SHORT: ( Metal Short ) Special Wire of Net VDD & Blockage of Cell InstructionFetch_Module_InstructionMemory_instr_sram  ( met3 )
Bounds : ( 584.900, 841.140 ) ( 587.900, 841.540 )


SHORT: ( Metal Short ) Special Wire of Net VDD & Blockage of Cell InstructionFetch_Module_InstructionMemory_instr_sram  ( met3 )
Bounds : ( 584.900, 849.420 ) ( 587.900, 849.820 )


SHORT: ( Metal Short ) Special Wire of Net VDD & Blockage of Cell InstructionFetch_Module_InstructionMemory_instr_sram  ( met2 )
Bounds : ( 534.900, 816.300 ) ( 537.900, 816.700 )


SHORT: ( Metal Short ) Special Wire of Net VDD & Blockage of Cell InstructionFetch_Module_InstructionMemory_instr_sram  ( met2 )
Bounds : ( 534.900, 824.580 ) ( 537.900, 824.980 )


SHORT: ( Metal Short ) Special Wire of Net VDD & Blockage of Cell InstructionFetch_Module_InstructionMemory_instr_sram  ( met2 )
Bounds : ( 534.900, 832.860 ) ( 537.900, 833.260 )


SHORT: ( Metal Short ) Special Wire of Net VDD & Blockage of Cell InstructionFetch_Module_InstructionMemory_instr_sram  ( met2 )
Bounds : ( 534.900, 841.140 ) ( 537.900, 841.540 )


SHORT: ( Metal Short ) Special Wire of Net VDD & Blockage of Cell InstructionFetch_Module_InstructionMemory_instr_sram  ( met2 )
Bounds : ( 534.900, 849.420 ) ( 537.900, 849.820 )


SHORT: ( Metal Short ) Special Wire of Net VDD & Blockage of Cell InstructionFetch_Module_InstructionMemory_instr_sram  ( met3 )
Bounds : ( 534.900, 816.300 ) ( 537.900, 816.700 )


SHORT: ( Metal Short ) Special Wire of Net VDD & Blockage of Cell InstructionFetch_Module_InstructionMemory_instr_sram  ( met3 )
Bounds : ( 534.900, 824.580 ) ( 537.900, 824.980 )


SHORT: ( Metal Short ) Special Wire of Net VDD & Blockage of Cell InstructionFetch_Module_InstructionMemory_instr_sram  ( met3 )
Bounds : ( 534.900, 832.860 ) ( 537.900, 833.260 )


SHORT: ( Metal Short ) Special Wire of Net VDD & Blockage of Cell InstructionFetch_Module_InstructionMemory_instr_sram  ( met3 )
Bounds : ( 534.900, 841.140 ) ( 537.900, 841.540 )


SHORT: ( Metal Short ) Special Wire of Net VDD & Blockage of Cell InstructionFetch_Module_InstructionMemory_instr_sram  ( met3 )
Bounds : ( 534.900, 849.420 ) ( 537.900, 849.820 )


SHORT: ( Metal Short ) Special Wire of Net VSS & Blockage of Cell InstructionFetch_Module_InstructionMemory_instr_sram  ( met2 )
Bounds : ( 557.900, 894.960 ) ( 560.900, 895.360 )


SHORT: ( Metal Short ) Special Wire of Net VSS & Blockage of Cell InstructionFetch_Module_InstructionMemory_instr_sram  ( met2 )
Bounds : ( 607.900, 894.960 ) ( 610.900, 895.360 )


SHORT: ( Metal Short ) Special Wire of Net VSS & Blockage of Cell InstructionFetch_Module_InstructionMemory_instr_sram  ( met2 )
Bounds : ( 657.900, 894.960 ) ( 660.900, 895.360 )


SHORT: ( Metal Short ) Special Wire of Net VSS & Blockage of Cell InstructionFetch_Module_InstructionMemory_instr_sram  ( met3 )
Bounds : ( 557.900, 894.960 ) ( 560.900, 895.360 )


SHORT: ( Metal Short ) Special Wire of Net VSS & Blockage of Cell InstructionFetch_Module_InstructionMemory_instr_sram  ( met3 )
Bounds : ( 607.900, 894.960 ) ( 610.900, 895.360 )


SHORT: ( Metal Short ) Special Wire of Net VSS & Blockage of Cell InstructionFetch_Module_InstructionMemory_instr_sram  ( met3 )
Bounds : ( 657.900, 894.960 ) ( 660.900, 895.360 )


SHORT: ( Metal Short ) Special Wire of Net VSS & Blockage of Cell InstructionFetch_Module_InstructionMemory_instr_sram  ( met2 )
Bounds : ( 807.900, 779.040 ) ( 810.900, 779.440 )


SHORT: ( Metal Short ) Special Wire of Net VSS & Blockage of Cell InstructionFetch_Module_InstructionMemory_instr_sram  ( met2 )
Bounds : ( 807.900, 787.320 ) ( 810.900, 787.720 )


SHORT: ( Metal Short ) Special Wire of Net VSS & Blockage of Cell InstructionFetch_Module_InstructionMemory_instr_sram  ( met2 )
Bounds : ( 807.900, 795.600 ) ( 810.900, 796.000 )


SHORT: ( Metal Short ) Special Wire of Net VSS & Blockage of Cell InstructionFetch_Module_InstructionMemory_instr_sram  ( met2 )
Bounds : ( 807.900, 803.880 ) ( 810.900, 804.280 )


SHORT: ( Metal Short ) Special Wire of Net VSS & Blockage of Cell InstructionFetch_Module_InstructionMemory_instr_sram  ( met2 )
Bounds : ( 807.900, 812.160 ) ( 810.900, 812.560 )


SHORT: ( Metal Short ) Special Wire of Net VDD & Blockage of Cell InstructionFetch_Module_InstructionMemory_instr_sram  ( met2 )
Bounds : ( 834.900, 774.900 ) ( 837.900, 775.300 )


SHORT: ( Metal Short ) Special Wire of Net VDD & Blockage of Cell InstructionFetch_Module_InstructionMemory_instr_sram  ( met2 )
Bounds : ( 834.900, 783.180 ) ( 837.900, 783.580 )


SHORT: ( Metal Short ) Special Wire of Net VDD & Blockage of Cell InstructionFetch_Module_InstructionMemory_instr_sram  ( met2 )
Bounds : ( 834.900, 791.460 ) ( 837.900, 791.860 )


SHORT: ( Metal Short ) Special Wire of Net VDD & Blockage of Cell InstructionFetch_Module_InstructionMemory_instr_sram  ( met2 )
Bounds : ( 834.900, 799.740 ) ( 837.900, 800.140 )


SHORT: ( Metal Short ) Special Wire of Net VDD & Blockage of Cell InstructionFetch_Module_InstructionMemory_instr_sram  ( met2 )
Bounds : ( 834.900, 808.020 ) ( 837.900, 808.420 )


SHORT: ( Metal Short ) Special Wire of Net VSS & Blockage of Cell InstructionFetch_Module_InstructionMemory_instr_sram  ( met3 )
Bounds : ( 807.900, 779.040 ) ( 810.900, 779.440 )


SHORT: ( Metal Short ) Special Wire of Net VSS & Blockage of Cell InstructionFetch_Module_InstructionMemory_instr_sram  ( met3 )
Bounds : ( 807.900, 787.320 ) ( 810.900, 787.720 )


SHORT: ( Metal Short ) Special Wire of Net VSS & Blockage of Cell InstructionFetch_Module_InstructionMemory_instr_sram  ( met3 )
Bounds : ( 807.900, 795.600 ) ( 810.900, 796.000 )


SHORT: ( Metal Short ) Special Wire of Net VSS & Blockage of Cell InstructionFetch_Module_InstructionMemory_instr_sram  ( met3 )
Bounds : ( 807.900, 803.880 ) ( 810.900, 804.280 )


SHORT: ( Metal Short ) Special Wire of Net VSS & Blockage of Cell InstructionFetch_Module_InstructionMemory_instr_sram  ( met3 )
Bounds : ( 807.900, 812.160 ) ( 810.900, 812.560 )


SHORT: ( Metal Short ) Special Wire of Net VDD & Blockage of Cell InstructionFetch_Module_InstructionMemory_instr_sram  ( met3 )
Bounds : ( 834.900, 774.900 ) ( 837.900, 775.300 )


SHORT: ( Metal Short ) Special Wire of Net VDD & Blockage of Cell InstructionFetch_Module_InstructionMemory_instr_sram  ( met3 )
Bounds : ( 834.900, 783.180 ) ( 837.900, 783.580 )


SHORT: ( Metal Short ) Special Wire of Net VDD & Blockage of Cell InstructionFetch_Module_InstructionMemory_instr_sram  ( met3 )
Bounds : ( 834.900, 791.460 ) ( 837.900, 791.860 )


SHORT: ( Metal Short ) Special Wire of Net VDD & Blockage of Cell InstructionFetch_Module_InstructionMemory_instr_sram  ( met3 )
Bounds : ( 834.900, 799.740 ) ( 837.900, 800.140 )


SHORT: ( Metal Short ) Special Wire of Net VDD & Blockage of Cell InstructionFetch_Module_InstructionMemory_instr_sram  ( met3 )
Bounds : ( 834.900, 808.020 ) ( 837.900, 808.420 )


SHORT: ( Metal Short ) Special Wire of Net VSS & Blockage of Cell InstructionFetch_Module_InstructionMemory_instr_sram  ( met2 )
Bounds : ( 757.900, 779.040 ) ( 760.900, 779.440 )


SHORT: ( Metal Short ) Special Wire of Net VSS & Blockage of Cell InstructionFetch_Module_InstructionMemory_instr_sram  ( met2 )
Bounds : ( 757.900, 787.320 ) ( 760.900, 787.720 )


SHORT: ( Metal Short ) Special Wire of Net VSS & Blockage of Cell InstructionFetch_Module_InstructionMemory_instr_sram  ( met2 )
Bounds : ( 757.900, 795.600 ) ( 760.900, 796.000 )


SHORT: ( Metal Short ) Special Wire of Net VSS & Blockage of Cell InstructionFetch_Module_InstructionMemory_instr_sram  ( met2 )
Bounds : ( 757.900, 803.880 ) ( 760.900, 804.280 )


SHORT: ( Metal Short ) Special Wire of Net VSS & Blockage of Cell InstructionFetch_Module_InstructionMemory_instr_sram  ( met2 )
Bounds : ( 757.900, 812.160 ) ( 760.900, 812.560 )


SHORT: ( Metal Short ) Special Wire of Net VDD & Blockage of Cell InstructionFetch_Module_InstructionMemory_instr_sram  ( met2 )
Bounds : ( 784.900, 774.900 ) ( 787.900, 775.300 )


SHORT: ( Metal Short ) Special Wire of Net VDD & Blockage of Cell InstructionFetch_Module_InstructionMemory_instr_sram  ( met2 )
Bounds : ( 784.900, 783.180 ) ( 787.900, 783.580 )


SHORT: ( Metal Short ) Special Wire of Net VDD & Blockage of Cell InstructionFetch_Module_InstructionMemory_instr_sram  ( met2 )
Bounds : ( 784.900, 791.460 ) ( 787.900, 791.860 )


SHORT: ( Metal Short ) Special Wire of Net VDD & Blockage of Cell InstructionFetch_Module_InstructionMemory_instr_sram  ( met2 )
Bounds : ( 784.900, 799.740 ) ( 787.900, 800.140 )


SHORT: ( Metal Short ) Special Wire of Net VDD & Blockage of Cell InstructionFetch_Module_InstructionMemory_instr_sram  ( met2 )
Bounds : ( 784.900, 808.020 ) ( 787.900, 808.420 )


SHORT: ( Metal Short ) Special Wire of Net VSS & Blockage of Cell InstructionFetch_Module_InstructionMemory_instr_sram  ( met3 )
Bounds : ( 757.900, 779.040 ) ( 760.900, 779.440 )


SHORT: ( Metal Short ) Special Wire of Net VSS & Blockage of Cell InstructionFetch_Module_InstructionMemory_instr_sram  ( met3 )
Bounds : ( 757.900, 787.320 ) ( 760.900, 787.720 )


SHORT: ( Metal Short ) Special Wire of Net VSS & Blockage of Cell InstructionFetch_Module_InstructionMemory_instr_sram  ( met3 )
Bounds : ( 757.900, 795.600 ) ( 760.900, 796.000 )


SHORT: ( Metal Short ) Special Wire of Net VSS & Blockage of Cell InstructionFetch_Module_InstructionMemory_instr_sram  ( met3 )
Bounds : ( 757.900, 803.880 ) ( 760.900, 804.280 )


SHORT: ( Metal Short ) Special Wire of Net VSS & Blockage of Cell InstructionFetch_Module_InstructionMemory_instr_sram  ( met3 )
Bounds : ( 757.900, 812.160 ) ( 760.900, 812.560 )


SHORT: ( Metal Short ) Special Wire of Net VDD & Blockage of Cell InstructionFetch_Module_InstructionMemory_instr_sram  ( met3 )
Bounds : ( 784.900, 774.900 ) ( 787.900, 775.300 )


SHORT: ( Metal Short ) Special Wire of Net VDD & Blockage of Cell InstructionFetch_Module_InstructionMemory_instr_sram  ( met3 )
Bounds : ( 784.900, 783.180 ) ( 787.900, 783.580 )


SHORT: ( Metal Short ) Special Wire of Net VDD & Blockage of Cell InstructionFetch_Module_InstructionMemory_instr_sram  ( met3 )
Bounds : ( 784.900, 791.460 ) ( 787.900, 791.860 )


SHORT: ( Metal Short ) Special Wire of Net VDD & Blockage of Cell InstructionFetch_Module_InstructionMemory_instr_sram  ( met3 )
Bounds : ( 784.900, 799.740 ) ( 787.900, 800.140 )


SHORT: ( Metal Short ) Special Wire of Net VDD & Blockage of Cell InstructionFetch_Module_InstructionMemory_instr_sram  ( met3 )
Bounds : ( 784.900, 808.020 ) ( 787.900, 808.420 )


SHORT: ( Metal Short ) Special Wire of Net VDD & Blockage of Cell InstructionFetch_Module_InstructionMemory_instr_sram  ( met2 )
Bounds : ( 834.900, 766.620 ) ( 837.900, 767.020 )


SHORT: ( Metal Short ) Special Wire of Net VDD & Blockage of Cell InstructionFetch_Module_InstructionMemory_instr_sram  ( met2 )
Bounds : ( 834.900, 758.340 ) ( 837.900, 758.740 )


SHORT: ( Metal Short ) Special Wire of Net VSS & Blockage of Cell InstructionFetch_Module_InstructionMemory_instr_sram  ( met2 )
Bounds : ( 807.900, 770.760 ) ( 810.900, 771.160 )


SHORT: ( Metal Short ) Special Wire of Net VSS & Blockage of Cell InstructionFetch_Module_InstructionMemory_instr_sram  ( met2 )
Bounds : ( 807.900, 762.480 ) ( 810.900, 762.880 )


SHORT: ( Metal Short ) Special Wire of Net VSS & Blockage of Cell InstructionFetch_Module_InstructionMemory_instr_sram  ( met2 )
Bounds : ( 807.900, 754.200 ) ( 810.900, 754.600 )


SHORT: ( Metal Short ) Special Wire of Net VSS & Blockage of Cell InstructionFetch_Module_InstructionMemory_instr_sram  ( met3 )
Bounds : ( 807.900, 754.200 ) ( 810.900, 754.420 )


SHORT: ( Metal Short ) Special Wire of Net VSS & Blockage of Cell InstructionFetch_Module_InstructionMemory_instr_sram  ( met3 )
Bounds : ( 807.900, 762.480 ) ( 810.900, 762.880 )


SHORT: ( Metal Short ) Special Wire of Net VSS & Blockage of Cell InstructionFetch_Module_InstructionMemory_instr_sram  ( met3 )
Bounds : ( 807.900, 770.760 ) ( 810.900, 771.160 )


SHORT: ( Metal Short ) Special Wire of Net VDD & Blockage of Cell InstructionFetch_Module_InstructionMemory_instr_sram  ( met3 )
Bounds : ( 834.900, 758.340 ) ( 837.900, 758.740 )


SHORT: ( Metal Short ) Special Wire of Net VDD & Blockage of Cell InstructionFetch_Module_InstructionMemory_instr_sram  ( met3 )
Bounds : ( 834.900, 766.620 ) ( 837.900, 767.020 )


SHORT: ( Metal Short ) Special Wire of Net VSS & Blockage of Cell InstructionFetch_Module_InstructionMemory_instr_sram  ( met3 )
Bounds : ( 757.900, 770.760 ) ( 760.900, 771.160 )


SHORT: ( Metal Short ) Special Wire of Net VSS & Blockage of Cell InstructionFetch_Module_InstructionMemory_instr_sram  ( met3 )
Bounds : ( 757.900, 762.480 ) ( 760.900, 762.880 )


SHORT: ( Metal Short ) Special Wire of Net VSS & Blockage of Cell InstructionFetch_Module_InstructionMemory_instr_sram  ( met3 )
Bounds : ( 757.900, 754.200 ) ( 760.900, 754.420 )


SHORT: ( Metal Short ) Special Wire of Net VDD & Blockage of Cell InstructionFetch_Module_InstructionMemory_instr_sram  ( met2 )
Bounds : ( 784.900, 766.620 ) ( 787.900, 767.020 )


SHORT: ( Metal Short ) Special Wire of Net VDD & Blockage of Cell InstructionFetch_Module_InstructionMemory_instr_sram  ( met2 )
Bounds : ( 784.900, 758.340 ) ( 787.900, 758.740 )


SHORT: ( Metal Short ) Special Wire of Net VSS & Blockage of Cell InstructionFetch_Module_InstructionMemory_instr_sram  ( met2 )
Bounds : ( 757.900, 770.760 ) ( 760.900, 771.160 )


SHORT: ( Metal Short ) Special Wire of Net VSS & Blockage of Cell InstructionFetch_Module_InstructionMemory_instr_sram  ( met2 )
Bounds : ( 757.900, 762.480 ) ( 760.900, 762.880 )


SHORT: ( Metal Short ) Special Wire of Net VSS & Blockage of Cell InstructionFetch_Module_InstructionMemory_instr_sram  ( met2 )
Bounds : ( 757.900, 754.200 ) ( 760.900, 754.600 )


SPACING: ( ParallelRunLength Spacing ) Regular Wire of Net FE_OFN4865_n & Blockage of Cell InstructionFetch_Module_InstructionMemory_instr_sram  ( met4 )
Bounds : ( 788.660, 750.880 ) ( 788.860, 751.510 )


SHORT: ( Metal Short ) Regular Wire of Net FE_OFN4865_n & Regular Wire of Net FE_OFN4893_n  ( met5 )
Bounds : ( 787.270, 750.120 ) ( 788.380, 751.590 )


SHORT: ( Metal Short ) Regular Wire of Net FE_OFN4865_n & Special Wire of Net VDD  ( met4 )
Bounds : ( 787.880, 750.260 ) ( 787.900, 751.510 )


SHORT: ( Metal Short ) Regular Wire of Net FE_OFN4893_n & Regular Wire of Net FE_OFN4865_n  ( met4 )
Bounds : ( 787.880, 750.260 ) ( 787.980, 751.380 )


SHORT: ( Metal Short ) Regular Wire of Net FE_OFN4865_n & Special Wire of Net VDD  ( met4 )
Bounds : ( 787.480, 750.330 ) ( 787.900, 751.510 )


SHORT: ( Metal Short ) Regular Wire of Net FE_OFN4865_n & Regular Wire of Net FE_OFN4893_n  ( met4 )
Bounds : ( 787.480, 750.330 ) ( 787.980, 751.380 )


SHORT: ( Metal Short ) Regular Wire of Net FE_OFN4893_n & Special Wire of Net VDD  ( met4 )
Bounds : ( 786.800, 750.200 ) ( 787.900, 751.380 )


SHORT: ( Cut Short ) Regular Wire of Net FE_OFN4865_n & Regular Wire of Net FE_OFN4893_n  ( via4 )
Bounds : ( 787.670, 750.520 ) ( 787.790, 751.190 )


SHORT: ( Metal Short ) Special Wire of Net VDD & Blockage of Cell InstructionFetch_Module_InstructionMemory_instr_sram  ( met3 )
Bounds : ( 784.900, 758.340 ) ( 787.900, 758.740 )


SHORT: ( Metal Short ) Special Wire of Net VDD & Blockage of Cell InstructionFetch_Module_InstructionMemory_instr_sram  ( met3 )
Bounds : ( 784.900, 766.620 ) ( 787.900, 767.020 )


SHORT: ( Metal Short ) Special Wire of Net VDD & Blockage of Cell InstructionFetch_Module_InstructionMemory_instr_sram  ( met2 )
Bounds : ( 734.900, 774.900 ) ( 737.900, 775.300 )


SHORT: ( Metal Short ) Special Wire of Net VDD & Blockage of Cell InstructionFetch_Module_InstructionMemory_instr_sram  ( met2 )
Bounds : ( 734.900, 783.180 ) ( 737.900, 783.580 )


SHORT: ( Metal Short ) Special Wire of Net VDD & Blockage of Cell InstructionFetch_Module_InstructionMemory_instr_sram  ( met2 )
Bounds : ( 734.900, 791.460 ) ( 737.900, 791.860 )


SHORT: ( Metal Short ) Special Wire of Net VDD & Blockage of Cell InstructionFetch_Module_InstructionMemory_instr_sram  ( met2 )
Bounds : ( 734.900, 799.740 ) ( 737.900, 800.140 )


SHORT: ( Metal Short ) Special Wire of Net VDD & Blockage of Cell InstructionFetch_Module_InstructionMemory_instr_sram  ( met2 )
Bounds : ( 734.900, 808.020 ) ( 737.900, 808.420 )


SHORT: ( Metal Short ) Special Wire of Net VDD & Blockage of Cell InstructionFetch_Module_InstructionMemory_instr_sram  ( met3 )
Bounds : ( 734.900, 774.900 ) ( 737.900, 775.300 )


SHORT: ( Metal Short ) Special Wire of Net VDD & Blockage of Cell InstructionFetch_Module_InstructionMemory_instr_sram  ( met3 )
Bounds : ( 734.900, 783.180 ) ( 737.900, 783.580 )


SHORT: ( Metal Short ) Special Wire of Net VDD & Blockage of Cell InstructionFetch_Module_InstructionMemory_instr_sram  ( met3 )
Bounds : ( 734.900, 791.460 ) ( 737.900, 791.860 )


SHORT: ( Metal Short ) Special Wire of Net VDD & Blockage of Cell InstructionFetch_Module_InstructionMemory_instr_sram  ( met3 )
Bounds : ( 734.900, 799.740 ) ( 737.900, 800.140 )


SHORT: ( Metal Short ) Special Wire of Net VDD & Blockage of Cell InstructionFetch_Module_InstructionMemory_instr_sram  ( met3 )
Bounds : ( 734.900, 808.020 ) ( 737.900, 808.420 )


SHORT: ( Metal Short ) Special Wire of Net VDD & Blockage of Cell InstructionFetch_Module_InstructionMemory_instr_sram  ( met2 )
Bounds : ( 684.900, 774.900 ) ( 687.900, 775.300 )


SHORT: ( Metal Short ) Special Wire of Net VDD & Blockage of Cell InstructionFetch_Module_InstructionMemory_instr_sram  ( met2 )
Bounds : ( 684.900, 783.180 ) ( 687.900, 783.580 )


SHORT: ( Metal Short ) Special Wire of Net VDD & Blockage of Cell InstructionFetch_Module_InstructionMemory_instr_sram  ( met2 )
Bounds : ( 684.900, 791.460 ) ( 687.900, 791.860 )


SHORT: ( Metal Short ) Special Wire of Net VDD & Blockage of Cell InstructionFetch_Module_InstructionMemory_instr_sram  ( met2 )
Bounds : ( 684.900, 799.740 ) ( 687.900, 800.140 )


SHORT: ( Metal Short ) Special Wire of Net VDD & Blockage of Cell InstructionFetch_Module_InstructionMemory_instr_sram  ( met2 )
Bounds : ( 684.900, 808.020 ) ( 687.900, 808.420 )


SHORT: ( Metal Short ) Special Wire of Net VDD & Blockage of Cell InstructionFetch_Module_InstructionMemory_instr_sram  ( met3 )
Bounds : ( 684.900, 774.900 ) ( 687.900, 775.300 )


SHORT: ( Metal Short ) Special Wire of Net VDD & Blockage of Cell InstructionFetch_Module_InstructionMemory_instr_sram  ( met3 )
Bounds : ( 684.900, 783.180 ) ( 687.900, 783.580 )


SHORT: ( Metal Short ) Special Wire of Net VDD & Blockage of Cell InstructionFetch_Module_InstructionMemory_instr_sram  ( met3 )
Bounds : ( 684.900, 791.460 ) ( 687.900, 791.860 )


SHORT: ( Metal Short ) Special Wire of Net VDD & Blockage of Cell InstructionFetch_Module_InstructionMemory_instr_sram  ( met3 )
Bounds : ( 684.900, 799.740 ) ( 687.900, 800.140 )


SHORT: ( Metal Short ) Special Wire of Net VDD & Blockage of Cell InstructionFetch_Module_InstructionMemory_instr_sram  ( met3 )
Bounds : ( 684.900, 808.020 ) ( 687.900, 808.420 )


SHORT: ( Metal Short ) Special Wire of Net VSS & Blockage of Cell InstructionFetch_Module_InstructionMemory_instr_sram  ( met2 )
Bounds : ( 707.900, 779.040 ) ( 710.900, 779.440 )


SHORT: ( Metal Short ) Special Wire of Net VSS & Blockage of Cell InstructionFetch_Module_InstructionMemory_instr_sram  ( met2 )
Bounds : ( 707.900, 787.320 ) ( 710.900, 787.720 )


SHORT: ( Metal Short ) Special Wire of Net VSS & Blockage of Cell InstructionFetch_Module_InstructionMemory_instr_sram  ( met2 )
Bounds : ( 707.900, 795.600 ) ( 710.900, 796.000 )


SHORT: ( Metal Short ) Special Wire of Net VSS & Blockage of Cell InstructionFetch_Module_InstructionMemory_instr_sram  ( met2 )
Bounds : ( 707.900, 803.880 ) ( 710.900, 804.280 )


SHORT: ( Metal Short ) Special Wire of Net VSS & Blockage of Cell InstructionFetch_Module_InstructionMemory_instr_sram  ( met2 )
Bounds : ( 707.900, 812.160 ) ( 710.900, 812.560 )


SHORT: ( Metal Short ) Special Wire of Net VSS & Blockage of Cell InstructionFetch_Module_InstructionMemory_instr_sram  ( met3 )
Bounds : ( 707.900, 779.040 ) ( 710.900, 779.440 )


SHORT: ( Metal Short ) Special Wire of Net VSS & Blockage of Cell InstructionFetch_Module_InstructionMemory_instr_sram  ( met3 )
Bounds : ( 707.900, 787.320 ) ( 710.900, 787.720 )


SHORT: ( Metal Short ) Special Wire of Net VSS & Blockage of Cell InstructionFetch_Module_InstructionMemory_instr_sram  ( met3 )
Bounds : ( 707.900, 795.600 ) ( 710.900, 796.000 )


SHORT: ( Metal Short ) Special Wire of Net VSS & Blockage of Cell InstructionFetch_Module_InstructionMemory_instr_sram  ( met3 )
Bounds : ( 707.900, 803.880 ) ( 710.900, 804.280 )


SHORT: ( Metal Short ) Special Wire of Net VSS & Blockage of Cell InstructionFetch_Module_InstructionMemory_instr_sram  ( met3 )
Bounds : ( 707.900, 812.160 ) ( 710.900, 812.560 )


SPACING: ( ParallelRunLength Spacing ) Special Wire of Net VDD & Pin of Cell InstructionFetch_Module_InstructionMemory_instr_sram  ( met4 )
Bounds : ( 687.900, 750.260 ) ( 687.920, 751.320 )


SHORT: ( Metal Short ) Special Wire of Net VDD & Blockage of Cell InstructionFetch_Module_InstructionMemory_instr_sram  ( met2 )
Bounds : ( 684.900, 758.340 ) ( 687.900, 758.740 )


SHORT: ( Metal Short ) Special Wire of Net VDD & Blockage of Cell InstructionFetch_Module_InstructionMemory_instr_sram  ( met2 )
Bounds : ( 684.900, 766.620 ) ( 687.900, 767.020 )


SHORT: ( Metal Short ) Special Wire of Net VDD & Blockage of Cell InstructionFetch_Module_InstructionMemory_instr_sram  ( met3 )
Bounds : ( 684.900, 758.340 ) ( 687.900, 758.740 )


SHORT: ( Metal Short ) Special Wire of Net VDD & Blockage of Cell InstructionFetch_Module_InstructionMemory_instr_sram  ( met3 )
Bounds : ( 684.900, 766.620 ) ( 687.900, 767.020 )


SHORT: ( Metal Short ) Special Wire of Net VSS & Blockage of Cell InstructionFetch_Module_InstructionMemory_instr_sram  ( met2 )
Bounds : ( 707.900, 754.200 ) ( 710.900, 754.600 )


SHORT: ( Metal Short ) Special Wire of Net VSS & Blockage of Cell InstructionFetch_Module_InstructionMemory_instr_sram  ( met2 )
Bounds : ( 707.900, 762.480 ) ( 710.900, 762.880 )


SHORT: ( Metal Short ) Special Wire of Net VSS & Blockage of Cell InstructionFetch_Module_InstructionMemory_instr_sram  ( met2 )
Bounds : ( 707.900, 770.760 ) ( 710.900, 771.160 )


SHORT: ( Metal Short ) Special Wire of Net VDD & Blockage of Cell InstructionFetch_Module_InstructionMemory_instr_sram  ( met2 )
Bounds : ( 734.900, 758.340 ) ( 737.900, 758.740 )


SHORT: ( Metal Short ) Special Wire of Net VDD & Blockage of Cell InstructionFetch_Module_InstructionMemory_instr_sram  ( met2 )
Bounds : ( 734.900, 766.620 ) ( 737.900, 767.020 )


SHORT: ( Metal Short ) Special Wire of Net VSS & Blockage of Cell InstructionFetch_Module_InstructionMemory_instr_sram  ( met3 )
Bounds : ( 707.900, 754.200 ) ( 710.900, 754.420 )


SHORT: ( Metal Short ) Special Wire of Net VSS & Blockage of Cell InstructionFetch_Module_InstructionMemory_instr_sram  ( met3 )
Bounds : ( 707.900, 762.480 ) ( 710.900, 762.880 )


SHORT: ( Metal Short ) Special Wire of Net VSS & Blockage of Cell InstructionFetch_Module_InstructionMemory_instr_sram  ( met3 )
Bounds : ( 707.900, 770.760 ) ( 710.900, 771.160 )


SHORT: ( Metal Short ) Special Wire of Net VDD & Blockage of Cell InstructionFetch_Module_InstructionMemory_instr_sram  ( met3 )
Bounds : ( 734.900, 758.340 ) ( 737.900, 758.740 )


SHORT: ( Metal Short ) Special Wire of Net VDD & Blockage of Cell InstructionFetch_Module_InstructionMemory_instr_sram  ( met3 )
Bounds : ( 734.900, 766.620 ) ( 737.900, 767.020 )


SHORT: ( Metal Short ) Special Wire of Net VSS & Blockage of Cell InstructionFetch_Module_InstructionMemory_instr_sram  ( met2 )
Bounds : ( 657.900, 779.040 ) ( 660.900, 779.440 )


SHORT: ( Metal Short ) Special Wire of Net VSS & Blockage of Cell InstructionFetch_Module_InstructionMemory_instr_sram  ( met2 )
Bounds : ( 657.900, 787.320 ) ( 660.900, 787.720 )


SHORT: ( Metal Short ) Special Wire of Net VSS & Blockage of Cell InstructionFetch_Module_InstructionMemory_instr_sram  ( met2 )
Bounds : ( 657.900, 795.600 ) ( 660.900, 796.000 )


SHORT: ( Metal Short ) Special Wire of Net VSS & Blockage of Cell InstructionFetch_Module_InstructionMemory_instr_sram  ( met2 )
Bounds : ( 657.900, 803.880 ) ( 660.900, 804.280 )


SHORT: ( Metal Short ) Special Wire of Net VSS & Blockage of Cell InstructionFetch_Module_InstructionMemory_instr_sram  ( met2 )
Bounds : ( 657.900, 812.160 ) ( 660.900, 812.560 )


SHORT: ( Metal Short ) Special Wire of Net VSS & Blockage of Cell InstructionFetch_Module_InstructionMemory_instr_sram  ( met3 )
Bounds : ( 657.900, 779.040 ) ( 660.900, 779.440 )


SHORT: ( Metal Short ) Special Wire of Net VSS & Blockage of Cell InstructionFetch_Module_InstructionMemory_instr_sram  ( met3 )
Bounds : ( 657.900, 787.320 ) ( 660.900, 787.720 )


SHORT: ( Metal Short ) Special Wire of Net VSS & Blockage of Cell InstructionFetch_Module_InstructionMemory_instr_sram  ( met3 )
Bounds : ( 657.900, 795.600 ) ( 660.900, 796.000 )


SHORT: ( Metal Short ) Special Wire of Net VSS & Blockage of Cell InstructionFetch_Module_InstructionMemory_instr_sram  ( met3 )
Bounds : ( 657.900, 803.880 ) ( 660.900, 804.280 )


SHORT: ( Metal Short ) Special Wire of Net VSS & Blockage of Cell InstructionFetch_Module_InstructionMemory_instr_sram  ( met3 )
Bounds : ( 657.900, 812.160 ) ( 660.900, 812.560 )


SHORT: ( Metal Short ) Special Wire of Net VSS & Blockage of Cell InstructionFetch_Module_InstructionMemory_instr_sram  ( met2 )
Bounds : ( 607.900, 779.040 ) ( 610.900, 779.440 )


SHORT: ( Metal Short ) Special Wire of Net VSS & Blockage of Cell InstructionFetch_Module_InstructionMemory_instr_sram  ( met2 )
Bounds : ( 607.900, 787.320 ) ( 610.900, 787.720 )


SHORT: ( Metal Short ) Special Wire of Net VSS & Blockage of Cell InstructionFetch_Module_InstructionMemory_instr_sram  ( met2 )
Bounds : ( 607.900, 795.600 ) ( 610.900, 796.000 )


SHORT: ( Metal Short ) Special Wire of Net VSS & Blockage of Cell InstructionFetch_Module_InstructionMemory_instr_sram  ( met2 )
Bounds : ( 607.900, 803.880 ) ( 610.900, 804.280 )


SHORT: ( Metal Short ) Special Wire of Net VSS & Blockage of Cell InstructionFetch_Module_InstructionMemory_instr_sram  ( met2 )
Bounds : ( 607.900, 812.160 ) ( 610.900, 812.560 )


SHORT: ( Metal Short ) Special Wire of Net VSS & Blockage of Cell InstructionFetch_Module_InstructionMemory_instr_sram  ( met3 )
Bounds : ( 607.900, 779.040 ) ( 610.900, 779.440 )


SHORT: ( Metal Short ) Special Wire of Net VSS & Blockage of Cell InstructionFetch_Module_InstructionMemory_instr_sram  ( met3 )
Bounds : ( 607.900, 787.320 ) ( 610.900, 787.720 )


SHORT: ( Metal Short ) Special Wire of Net VSS & Blockage of Cell InstructionFetch_Module_InstructionMemory_instr_sram  ( met3 )
Bounds : ( 607.900, 795.600 ) ( 610.900, 796.000 )


SHORT: ( Metal Short ) Special Wire of Net VSS & Blockage of Cell InstructionFetch_Module_InstructionMemory_instr_sram  ( met3 )
Bounds : ( 607.900, 803.880 ) ( 610.900, 804.280 )


SHORT: ( Metal Short ) Special Wire of Net VSS & Blockage of Cell InstructionFetch_Module_InstructionMemory_instr_sram  ( met3 )
Bounds : ( 607.900, 812.160 ) ( 610.900, 812.560 )


SHORT: ( Metal Short ) Special Wire of Net VDD & Blockage of Cell InstructionFetch_Module_InstructionMemory_instr_sram  ( met2 )
Bounds : ( 634.900, 774.900 ) ( 637.900, 775.300 )


SHORT: ( Metal Short ) Special Wire of Net VDD & Blockage of Cell InstructionFetch_Module_InstructionMemory_instr_sram  ( met2 )
Bounds : ( 634.900, 783.180 ) ( 637.900, 783.580 )


SHORT: ( Metal Short ) Special Wire of Net VDD & Blockage of Cell InstructionFetch_Module_InstructionMemory_instr_sram  ( met2 )
Bounds : ( 634.900, 791.460 ) ( 637.900, 791.860 )


SHORT: ( Metal Short ) Special Wire of Net VDD & Blockage of Cell InstructionFetch_Module_InstructionMemory_instr_sram  ( met2 )
Bounds : ( 634.900, 799.740 ) ( 637.900, 800.140 )


SHORT: ( Metal Short ) Special Wire of Net VDD & Blockage of Cell InstructionFetch_Module_InstructionMemory_instr_sram  ( met2 )
Bounds : ( 634.900, 808.020 ) ( 637.900, 808.420 )


SHORT: ( Metal Short ) Special Wire of Net VDD & Blockage of Cell InstructionFetch_Module_InstructionMemory_instr_sram  ( met3 )
Bounds : ( 634.900, 774.900 ) ( 637.900, 775.300 )


SHORT: ( Metal Short ) Special Wire of Net VDD & Blockage of Cell InstructionFetch_Module_InstructionMemory_instr_sram  ( met3 )
Bounds : ( 634.900, 783.180 ) ( 637.900, 783.580 )


SHORT: ( Metal Short ) Special Wire of Net VDD & Blockage of Cell InstructionFetch_Module_InstructionMemory_instr_sram  ( met3 )
Bounds : ( 634.900, 791.460 ) ( 637.900, 791.860 )


SHORT: ( Metal Short ) Special Wire of Net VDD & Blockage of Cell InstructionFetch_Module_InstructionMemory_instr_sram  ( met3 )
Bounds : ( 634.900, 799.740 ) ( 637.900, 800.140 )


SHORT: ( Metal Short ) Special Wire of Net VDD & Blockage of Cell InstructionFetch_Module_InstructionMemory_instr_sram  ( met3 )
Bounds : ( 634.900, 808.020 ) ( 637.900, 808.420 )


SHORT: ( Metal Short ) Special Wire of Net VSS & Blockage of Cell InstructionFetch_Module_InstructionMemory_instr_sram  ( met2 )
Bounds : ( 607.900, 754.200 ) ( 610.900, 754.600 )


SHORT: ( Metal Short ) Special Wire of Net VSS & Blockage of Cell InstructionFetch_Module_InstructionMemory_instr_sram  ( met2 )
Bounds : ( 607.900, 762.480 ) ( 610.900, 762.880 )


SHORT: ( Metal Short ) Special Wire of Net VSS & Blockage of Cell InstructionFetch_Module_InstructionMemory_instr_sram  ( met2 )
Bounds : ( 607.900, 770.760 ) ( 610.900, 771.160 )


SHORT: ( Metal Short ) Special Wire of Net VDD & Blockage of Cell InstructionFetch_Module_InstructionMemory_instr_sram  ( met2 )
Bounds : ( 634.900, 758.340 ) ( 637.900, 758.740 )


SHORT: ( Metal Short ) Special Wire of Net VDD & Blockage of Cell InstructionFetch_Module_InstructionMemory_instr_sram  ( met2 )
Bounds : ( 634.900, 766.620 ) ( 637.900, 767.020 )


SHORT: ( Metal Short ) Special Wire of Net VSS & Blockage of Cell InstructionFetch_Module_InstructionMemory_instr_sram  ( met2 )
Bounds : ( 657.900, 754.200 ) ( 660.900, 754.600 )


SHORT: ( Metal Short ) Special Wire of Net VSS & Blockage of Cell InstructionFetch_Module_InstructionMemory_instr_sram  ( met2 )
Bounds : ( 657.900, 762.480 ) ( 660.900, 762.880 )


SHORT: ( Metal Short ) Special Wire of Net VSS & Blockage of Cell InstructionFetch_Module_InstructionMemory_instr_sram  ( met2 )
Bounds : ( 657.900, 770.760 ) ( 660.900, 771.160 )


SHORT: ( Metal Short ) Special Wire of Net VSS & Blockage of Cell InstructionFetch_Module_InstructionMemory_instr_sram  ( met3 )
Bounds : ( 607.900, 754.200 ) ( 610.900, 754.420 )


SHORT: ( Metal Short ) Special Wire of Net VSS & Blockage of Cell InstructionFetch_Module_InstructionMemory_instr_sram  ( met3 )
Bounds : ( 607.900, 762.480 ) ( 610.900, 762.880 )


SHORT: ( Metal Short ) Special Wire of Net VSS & Blockage of Cell InstructionFetch_Module_InstructionMemory_instr_sram  ( met3 )
Bounds : ( 607.900, 770.760 ) ( 610.900, 771.160 )


SHORT: ( Metal Short ) Special Wire of Net VDD & Blockage of Cell InstructionFetch_Module_InstructionMemory_instr_sram  ( met3 )
Bounds : ( 634.900, 758.340 ) ( 637.900, 758.740 )


SHORT: ( Metal Short ) Special Wire of Net VDD & Blockage of Cell InstructionFetch_Module_InstructionMemory_instr_sram  ( met3 )
Bounds : ( 634.900, 766.620 ) ( 637.900, 767.020 )


SHORT: ( Metal Short ) Special Wire of Net VSS & Blockage of Cell InstructionFetch_Module_InstructionMemory_instr_sram  ( met3 )
Bounds : ( 657.900, 754.200 ) ( 660.900, 754.420 )


SHORT: ( Metal Short ) Special Wire of Net VSS & Blockage of Cell InstructionFetch_Module_InstructionMemory_instr_sram  ( met3 )
Bounds : ( 657.900, 762.480 ) ( 660.900, 762.880 )


SHORT: ( Metal Short ) Special Wire of Net VSS & Blockage of Cell InstructionFetch_Module_InstructionMemory_instr_sram  ( met3 )
Bounds : ( 657.900, 770.760 ) ( 660.900, 771.160 )


SHORT: ( Metal Short ) Special Wire of Net VSS & Blockage of Cell InstructionFetch_Module_InstructionMemory_instr_sram  ( met2 )
Bounds : ( 557.900, 779.040 ) ( 560.900, 779.440 )


SHORT: ( Metal Short ) Special Wire of Net VSS & Blockage of Cell InstructionFetch_Module_InstructionMemory_instr_sram  ( met2 )
Bounds : ( 557.900, 787.320 ) ( 560.900, 787.720 )


SHORT: ( Metal Short ) Special Wire of Net VSS & Blockage of Cell InstructionFetch_Module_InstructionMemory_instr_sram  ( met2 )
Bounds : ( 557.900, 795.600 ) ( 560.900, 796.000 )


SHORT: ( Metal Short ) Special Wire of Net VSS & Blockage of Cell InstructionFetch_Module_InstructionMemory_instr_sram  ( met2 )
Bounds : ( 557.900, 803.880 ) ( 560.900, 804.280 )


SHORT: ( Metal Short ) Special Wire of Net VSS & Blockage of Cell InstructionFetch_Module_InstructionMemory_instr_sram  ( met2 )
Bounds : ( 557.900, 812.160 ) ( 560.900, 812.560 )


SHORT: ( Metal Short ) Special Wire of Net VDD & Blockage of Cell InstructionFetch_Module_InstructionMemory_instr_sram  ( met2 )
Bounds : ( 584.900, 774.900 ) ( 587.900, 775.300 )


SHORT: ( Metal Short ) Special Wire of Net VDD & Blockage of Cell InstructionFetch_Module_InstructionMemory_instr_sram  ( met2 )
Bounds : ( 584.900, 783.180 ) ( 587.900, 783.580 )


SHORT: ( Metal Short ) Special Wire of Net VDD & Blockage of Cell InstructionFetch_Module_InstructionMemory_instr_sram  ( met2 )
Bounds : ( 584.900, 791.460 ) ( 587.900, 791.860 )


SHORT: ( Metal Short ) Special Wire of Net VDD & Blockage of Cell InstructionFetch_Module_InstructionMemory_instr_sram  ( met2 )
Bounds : ( 584.900, 799.740 ) ( 587.900, 800.140 )


SHORT: ( Metal Short ) Special Wire of Net VDD & Blockage of Cell InstructionFetch_Module_InstructionMemory_instr_sram  ( met2 )
Bounds : ( 584.900, 808.020 ) ( 587.900, 808.420 )


SHORT: ( Metal Short ) Special Wire of Net VSS & Blockage of Cell InstructionFetch_Module_InstructionMemory_instr_sram  ( met3 )
Bounds : ( 557.900, 779.040 ) ( 560.900, 779.440 )


SHORT: ( Metal Short ) Special Wire of Net VSS & Blockage of Cell InstructionFetch_Module_InstructionMemory_instr_sram  ( met3 )
Bounds : ( 557.900, 787.320 ) ( 560.900, 787.720 )


SHORT: ( Metal Short ) Special Wire of Net VSS & Blockage of Cell InstructionFetch_Module_InstructionMemory_instr_sram  ( met3 )
Bounds : ( 557.900, 795.600 ) ( 560.900, 796.000 )


SHORT: ( Metal Short ) Special Wire of Net VSS & Blockage of Cell InstructionFetch_Module_InstructionMemory_instr_sram  ( met3 )
Bounds : ( 557.900, 803.880 ) ( 560.900, 804.280 )


SHORT: ( Metal Short ) Special Wire of Net VSS & Blockage of Cell InstructionFetch_Module_InstructionMemory_instr_sram  ( met3 )
Bounds : ( 557.900, 812.160 ) ( 560.900, 812.560 )


SHORT: ( Metal Short ) Special Wire of Net VDD & Blockage of Cell InstructionFetch_Module_InstructionMemory_instr_sram  ( met3 )
Bounds : ( 584.900, 774.900 ) ( 587.900, 775.300 )


SHORT: ( Metal Short ) Special Wire of Net VDD & Blockage of Cell InstructionFetch_Module_InstructionMemory_instr_sram  ( met3 )
Bounds : ( 584.900, 783.180 ) ( 587.900, 783.580 )


SHORT: ( Metal Short ) Special Wire of Net VDD & Blockage of Cell InstructionFetch_Module_InstructionMemory_instr_sram  ( met3 )
Bounds : ( 584.900, 791.460 ) ( 587.900, 791.860 )


SHORT: ( Metal Short ) Special Wire of Net VDD & Blockage of Cell InstructionFetch_Module_InstructionMemory_instr_sram  ( met3 )
Bounds : ( 584.900, 799.740 ) ( 587.900, 800.140 )


SHORT: ( Metal Short ) Special Wire of Net VDD & Blockage of Cell InstructionFetch_Module_InstructionMemory_instr_sram  ( met3 )
Bounds : ( 584.900, 808.020 ) ( 587.900, 808.420 )


SHORT: ( Metal Short ) Special Wire of Net VDD & Blockage of Cell InstructionFetch_Module_InstructionMemory_instr_sram  ( met2 )
Bounds : ( 534.900, 774.900 ) ( 537.900, 775.300 )


SHORT: ( Metal Short ) Special Wire of Net VDD & Blockage of Cell InstructionFetch_Module_InstructionMemory_instr_sram  ( met2 )
Bounds : ( 534.900, 783.180 ) ( 537.900, 783.580 )


SHORT: ( Metal Short ) Special Wire of Net VDD & Blockage of Cell InstructionFetch_Module_InstructionMemory_instr_sram  ( met2 )
Bounds : ( 534.900, 791.460 ) ( 537.900, 791.860 )


SHORT: ( Metal Short ) Special Wire of Net VDD & Blockage of Cell InstructionFetch_Module_InstructionMemory_instr_sram  ( met2 )
Bounds : ( 534.900, 799.740 ) ( 537.900, 800.140 )


SHORT: ( Metal Short ) Special Wire of Net VDD & Blockage of Cell InstructionFetch_Module_InstructionMemory_instr_sram  ( met2 )
Bounds : ( 534.900, 808.020 ) ( 537.900, 808.420 )


SHORT: ( Metal Short ) Special Wire of Net VDD & Blockage of Cell InstructionFetch_Module_InstructionMemory_instr_sram  ( met3 )
Bounds : ( 534.900, 774.900 ) ( 537.900, 775.300 )


SHORT: ( Metal Short ) Special Wire of Net VDD & Blockage of Cell InstructionFetch_Module_InstructionMemory_instr_sram  ( met3 )
Bounds : ( 534.900, 783.180 ) ( 537.900, 783.580 )


SHORT: ( Metal Short ) Special Wire of Net VDD & Blockage of Cell InstructionFetch_Module_InstructionMemory_instr_sram  ( met3 )
Bounds : ( 534.900, 791.460 ) ( 537.900, 791.860 )


SHORT: ( Metal Short ) Special Wire of Net VDD & Blockage of Cell InstructionFetch_Module_InstructionMemory_instr_sram  ( met3 )
Bounds : ( 534.900, 799.740 ) ( 537.900, 800.140 )


SHORT: ( Metal Short ) Special Wire of Net VDD & Blockage of Cell InstructionFetch_Module_InstructionMemory_instr_sram  ( met3 )
Bounds : ( 534.900, 808.020 ) ( 537.900, 808.420 )


SHORT: ( Metal Short ) Special Wire of Net VDD & Blockage of Cell InstructionFetch_Module_InstructionMemory_instr_sram  ( met2 )
Bounds : ( 534.900, 758.340 ) ( 537.900, 758.740 )


SHORT: ( Metal Short ) Special Wire of Net VDD & Blockage of Cell InstructionFetch_Module_InstructionMemory_instr_sram  ( met2 )
Bounds : ( 534.900, 766.620 ) ( 537.900, 767.020 )


SHORT: ( Metal Short ) Special Wire of Net VSS & Blockage of Cell InstructionFetch_Module_InstructionMemory_instr_sram  ( met2 )
Bounds : ( 557.900, 754.200 ) ( 560.900, 754.600 )


SHORT: ( Metal Short ) Special Wire of Net VSS & Blockage of Cell InstructionFetch_Module_InstructionMemory_instr_sram  ( met2 )
Bounds : ( 557.900, 762.480 ) ( 560.900, 762.880 )


SHORT: ( Metal Short ) Special Wire of Net VSS & Blockage of Cell InstructionFetch_Module_InstructionMemory_instr_sram  ( met2 )
Bounds : ( 557.900, 770.760 ) ( 560.900, 771.160 )


SHORT: ( Metal Short ) Special Wire of Net VDD & Blockage of Cell InstructionFetch_Module_InstructionMemory_instr_sram  ( met2 )
Bounds : ( 584.900, 758.340 ) ( 587.900, 758.740 )


SHORT: ( Metal Short ) Special Wire of Net VDD & Blockage of Cell InstructionFetch_Module_InstructionMemory_instr_sram  ( met2 )
Bounds : ( 584.900, 766.620 ) ( 587.900, 767.020 )


SHORT: ( Metal Short ) Special Wire of Net VDD & Blockage of Cell InstructionFetch_Module_InstructionMemory_instr_sram  ( met3 )
Bounds : ( 534.900, 758.340 ) ( 537.900, 758.740 )


SHORT: ( Metal Short ) Special Wire of Net VDD & Blockage of Cell InstructionFetch_Module_InstructionMemory_instr_sram  ( met3 )
Bounds : ( 534.900, 766.620 ) ( 537.900, 767.020 )


SHORT: ( Metal Short ) Special Wire of Net VSS & Blockage of Cell InstructionFetch_Module_InstructionMemory_instr_sram  ( met3 )
Bounds : ( 557.900, 754.200 ) ( 560.900, 754.420 )


SHORT: ( Metal Short ) Special Wire of Net VSS & Blockage of Cell InstructionFetch_Module_InstructionMemory_instr_sram  ( met3 )
Bounds : ( 557.900, 762.480 ) ( 560.900, 762.880 )


SHORT: ( Metal Short ) Special Wire of Net VSS & Blockage of Cell InstructionFetch_Module_InstructionMemory_instr_sram  ( met3 )
Bounds : ( 557.900, 770.760 ) ( 560.900, 771.160 )


SHORT: ( Metal Short ) Special Wire of Net VDD & Blockage of Cell InstructionFetch_Module_InstructionMemory_instr_sram  ( met3 )
Bounds : ( 584.900, 758.340 ) ( 587.900, 758.740 )


SHORT: ( Metal Short ) Special Wire of Net VDD & Blockage of Cell InstructionFetch_Module_InstructionMemory_instr_sram  ( met3 )
Bounds : ( 584.900, 766.620 ) ( 587.900, 767.020 )


SHORT: ( Metal Short ) Special Wire of Net VDD & Blockage of Cell InstructionFetch_Module_InstructionMemory_instr_sram  ( met4 )
Bounds : ( 534.900, 750.880 ) ( 537.720, 1166.180 )


SHORT: ( Metal Short ) Special Wire of Net VDD & Blockage of Cell InstructionFetch_Module_InstructionMemory_instr_sram  ( met4 )
Bounds : ( 534.900, 751.920 ) ( 537.900, 1166.180 )


SHORT: ( Metal Short ) Special Wire of Net VSS & Blockage of Cell InstructionFetch_Module_InstructionMemory_instr_sram  ( met4 )
Bounds : ( 557.900, 750.880 ) ( 560.900, 1166.180 )


SHORT: ( Metal Short ) Special Wire of Net VDD & Blockage of Cell InstructionFetch_Module_InstructionMemory_instr_sram  ( met4 )
Bounds : ( 584.900, 750.880 ) ( 587.900, 1166.180 )


SHORT: ( Metal Short ) Special Wire of Net VSS & Blockage of Cell InstructionFetch_Module_InstructionMemory_instr_sram  ( met4 )
Bounds : ( 607.900, 750.880 ) ( 610.900, 1166.180 )


SHORT: ( Metal Short ) Special Wire of Net VDD & Blockage of Cell InstructionFetch_Module_InstructionMemory_instr_sram  ( met4 )
Bounds : ( 634.900, 750.880 ) ( 637.680, 1166.180 )


SHORT: ( Metal Short ) Special Wire of Net VDD & Blockage of Cell InstructionFetch_Module_InstructionMemory_instr_sram  ( met4 )
Bounds : ( 634.900, 751.920 ) ( 637.900, 1166.180 )


SHORT: ( Metal Short ) Special Wire of Net VSS & Blockage of Cell InstructionFetch_Module_InstructionMemory_instr_sram  ( met4 )
Bounds : ( 657.900, 750.880 ) ( 660.900, 1166.180 )


SHORT: ( Metal Short ) Special Wire of Net VDD & Blockage of Cell InstructionFetch_Module_InstructionMemory_instr_sram  ( met4 )
Bounds : ( 684.900, 750.880 ) ( 687.320, 1166.180 )


SHORT: ( Metal Short ) Special Wire of Net VDD & Blockage of Cell InstructionFetch_Module_InstructionMemory_instr_sram  ( met4 )
Bounds : ( 684.900, 751.920 ) ( 687.900, 1165.140 )


SHORT: ( Metal Short ) Special Wire of Net VSS & Blockage of Cell InstructionFetch_Module_InstructionMemory_instr_sram  ( met4 )
Bounds : ( 707.900, 750.880 ) ( 710.900, 1166.180 )


SHORT: ( Metal Short ) Special Wire of Net VDD & Blockage of Cell InstructionFetch_Module_InstructionMemory_instr_sram  ( met4 )
Bounds : ( 734.900, 750.880 ) ( 737.900, 1166.180 )


SHORT: ( Metal Short ) Special Wire of Net VSS & Blockage of Cell InstructionFetch_Module_InstructionMemory_instr_sram  ( met4 )
Bounds : ( 757.900, 750.880 ) ( 760.900, 1166.180 )


SHORT: ( Metal Short ) Special Wire of Net VDD & Blockage of Cell InstructionFetch_Module_InstructionMemory_instr_sram  ( met4 )
Bounds : ( 784.900, 750.880 ) ( 786.600, 1166.180 )


SHORT: ( Metal Short ) Special Wire of Net VDD & Blockage of Cell InstructionFetch_Module_InstructionMemory_instr_sram  ( met4 )
Bounds : ( 784.900, 751.920 ) ( 787.900, 1166.180 )


SHORT: ( Metal Short ) Special Wire of Net VSS & Blockage of Cell InstructionFetch_Module_InstructionMemory_instr_sram  ( met4 )
Bounds : ( 807.900, 750.880 ) ( 810.900, 1166.180 )


SHORT: ( Metal Short ) Special Wire of Net VDD & Blockage of Cell InstructionFetch_Module_InstructionMemory_instr_sram  ( met4 )
Bounds : ( 834.900, 750.880 ) ( 837.900, 1166.180 )


SHORT: ( Metal Short ) Special Wire of Net VDD & Blockage of Cell InstructionFetch_Module_InstructionMemory_instr_sram  ( met2 )
Bounds : ( 484.900, 1139.220 ) ( 487.900, 1139.620 )


SHORT: ( Metal Short ) Special Wire of Net VDD & Blockage of Cell InstructionFetch_Module_InstructionMemory_instr_sram  ( met2 )
Bounds : ( 484.900, 1147.500 ) ( 487.900, 1147.900 )


SHORT: ( Metal Short ) Special Wire of Net VDD & Blockage of Cell InstructionFetch_Module_InstructionMemory_instr_sram  ( met2 )
Bounds : ( 484.900, 1155.780 ) ( 487.900, 1156.180 )


SHORT: ( Metal Short ) Special Wire of Net VDD & Blockage of Cell InstructionFetch_Module_InstructionMemory_instr_sram  ( met2 )
Bounds : ( 484.900, 1164.060 ) ( 487.900, 1164.460 )


SHORT: ( Metal Short ) Special Wire of Net VSS & Blockage of Cell InstructionFetch_Module_InstructionMemory_instr_sram  ( met2 )
Bounds : ( 507.900, 1143.360 ) ( 510.900, 1143.760 )


SHORT: ( Metal Short ) Special Wire of Net VSS & Blockage of Cell InstructionFetch_Module_InstructionMemory_instr_sram  ( met2 )
Bounds : ( 507.900, 1151.640 ) ( 510.900, 1152.040 )


SHORT: ( Metal Short ) Special Wire of Net VSS & Blockage of Cell InstructionFetch_Module_InstructionMemory_instr_sram  ( met2 )
Bounds : ( 507.900, 1159.920 ) ( 510.900, 1160.320 )


SHORT: ( Metal Short ) Special Wire of Net VDD & Blockage of Cell InstructionFetch_Module_InstructionMemory_instr_sram  ( met3 )
Bounds : ( 484.900, 1139.220 ) ( 487.900, 1139.620 )


SHORT: ( Metal Short ) Special Wire of Net VDD & Blockage of Cell InstructionFetch_Module_InstructionMemory_instr_sram  ( met3 )
Bounds : ( 484.900, 1147.500 ) ( 487.900, 1147.900 )


SHORT: ( Metal Short ) Special Wire of Net VDD & Blockage of Cell InstructionFetch_Module_InstructionMemory_instr_sram  ( met3 )
Bounds : ( 484.900, 1155.780 ) ( 487.900, 1156.180 )


SHORT: ( Metal Short ) Special Wire of Net VDD & Pin of Cell InstructionFetch_Module_InstructionMemory_instr_sram  ( met3 )
Bounds : ( 484.900, 1164.060 ) ( 487.900, 1164.460 )


SHORT: ( Metal Short ) Special Wire of Net VSS & Blockage of Cell InstructionFetch_Module_InstructionMemory_instr_sram  ( met3 )
Bounds : ( 507.900, 1143.360 ) ( 510.900, 1143.760 )


SHORT: ( Metal Short ) Special Wire of Net VSS & Blockage of Cell InstructionFetch_Module_InstructionMemory_instr_sram  ( met3 )
Bounds : ( 507.900, 1151.640 ) ( 510.900, 1152.040 )


SHORT: ( Metal Short ) Special Wire of Net VSS & Pin of Cell InstructionFetch_Module_InstructionMemory_instr_sram  ( met3 )
Bounds : ( 507.900, 1160.300 ) ( 510.900, 1160.320 )


SPACING: ( ParallelRunLength Spacing ) Special Wire of Net VSS & Blockage of Cell InstructionFetch_Module_InstructionMemory_instr_sram  ( met3 )
Bounds : ( 507.900, 1159.700 ) ( 510.900, 1159.920 )


SHORT: ( Metal Short ) Special Wire of Net VDD & Blockage of Cell InstructionFetch_Module_InstructionMemory_instr_sram  ( met2 )
Bounds : ( 434.900, 1139.220 ) ( 437.900, 1139.620 )


SHORT: ( Metal Short ) Special Wire of Net VDD & Blockage of Cell InstructionFetch_Module_InstructionMemory_instr_sram  ( met2 )
Bounds : ( 434.900, 1147.500 ) ( 437.900, 1147.900 )


SHORT: ( Metal Short ) Special Wire of Net VDD & Blockage of Cell InstructionFetch_Module_InstructionMemory_instr_sram  ( met2 )
Bounds : ( 434.900, 1155.780 ) ( 437.900, 1156.180 )


SHORT: ( Metal Short ) Special Wire of Net VDD & Blockage of Cell InstructionFetch_Module_InstructionMemory_instr_sram  ( met2 )
Bounds : ( 434.900, 1164.060 ) ( 437.900, 1164.460 )


SHORT: ( Metal Short ) Special Wire of Net VSS & Blockage of Cell InstructionFetch_Module_InstructionMemory_instr_sram  ( met2 )
Bounds : ( 457.900, 1143.360 ) ( 460.900, 1143.760 )


SHORT: ( Metal Short ) Special Wire of Net VSS & Blockage of Cell InstructionFetch_Module_InstructionMemory_instr_sram  ( met2 )
Bounds : ( 457.900, 1151.640 ) ( 460.900, 1152.040 )


SHORT: ( Metal Short ) Special Wire of Net VSS & Blockage of Cell InstructionFetch_Module_InstructionMemory_instr_sram  ( met2 )
Bounds : ( 457.900, 1159.920 ) ( 460.900, 1160.320 )


SHORT: ( Metal Short ) Special Wire of Net VDD & Blockage of Cell InstructionFetch_Module_InstructionMemory_instr_sram  ( met3 )
Bounds : ( 434.900, 1139.220 ) ( 437.900, 1139.620 )


SHORT: ( Metal Short ) Special Wire of Net VDD & Blockage of Cell InstructionFetch_Module_InstructionMemory_instr_sram  ( met3 )
Bounds : ( 434.900, 1147.500 ) ( 437.900, 1147.900 )


SHORT: ( Metal Short ) Special Wire of Net VDD & Blockage of Cell InstructionFetch_Module_InstructionMemory_instr_sram  ( met3 )
Bounds : ( 434.900, 1155.780 ) ( 437.900, 1156.180 )


SHORT: ( Metal Short ) Special Wire of Net VDD & Pin of Cell InstructionFetch_Module_InstructionMemory_instr_sram  ( met3 )
Bounds : ( 434.900, 1164.060 ) ( 437.900, 1164.460 )


SHORT: ( Metal Short ) Special Wire of Net VSS & Blockage of Cell InstructionFetch_Module_InstructionMemory_instr_sram  ( met3 )
Bounds : ( 457.900, 1143.360 ) ( 460.900, 1143.760 )


SHORT: ( Metal Short ) Special Wire of Net VSS & Blockage of Cell InstructionFetch_Module_InstructionMemory_instr_sram  ( met3 )
Bounds : ( 457.900, 1151.640 ) ( 460.900, 1152.040 )


SHORT: ( Metal Short ) Special Wire of Net VSS & Pin of Cell InstructionFetch_Module_InstructionMemory_instr_sram  ( met3 )
Bounds : ( 457.900, 1160.300 ) ( 460.900, 1160.320 )


SPACING: ( ParallelRunLength Spacing ) Special Wire of Net VSS & Blockage of Cell InstructionFetch_Module_InstructionMemory_instr_sram  ( met3 )
Bounds : ( 457.900, 1159.700 ) ( 460.900, 1159.920 )


SHORT: ( Metal Short ) Special Wire of Net VSS & Blockage of Cell InstructionFetch_Module_InstructionMemory_instr_sram  ( met2 )
Bounds : ( 357.900, 1143.360 ) ( 360.900, 1143.760 )


SHORT: ( Metal Short ) Special Wire of Net VSS & Blockage of Cell InstructionFetch_Module_InstructionMemory_instr_sram  ( met2 )
Bounds : ( 357.900, 1151.640 ) ( 360.900, 1152.040 )


SHORT: ( Metal Short ) Special Wire of Net VSS & Blockage of Cell InstructionFetch_Module_InstructionMemory_instr_sram  ( met2 )
Bounds : ( 357.900, 1159.920 ) ( 360.900, 1160.320 )


SHORT: ( Metal Short ) Special Wire of Net VDD & Blockage of Cell InstructionFetch_Module_InstructionMemory_instr_sram  ( met2 )
Bounds : ( 384.900, 1139.220 ) ( 387.900, 1139.620 )


SHORT: ( Metal Short ) Special Wire of Net VDD & Blockage of Cell InstructionFetch_Module_InstructionMemory_instr_sram  ( met2 )
Bounds : ( 384.900, 1147.500 ) ( 387.900, 1147.900 )


SHORT: ( Metal Short ) Special Wire of Net VDD & Blockage of Cell InstructionFetch_Module_InstructionMemory_instr_sram  ( met2 )
Bounds : ( 384.900, 1155.780 ) ( 387.900, 1156.180 )


SHORT: ( Metal Short ) Special Wire of Net VDD & Blockage of Cell InstructionFetch_Module_InstructionMemory_instr_sram  ( met2 )
Bounds : ( 384.900, 1164.060 ) ( 387.900, 1164.460 )


SHORT: ( Metal Short ) Special Wire of Net VSS & Blockage of Cell InstructionFetch_Module_InstructionMemory_instr_sram  ( met2 )
Bounds : ( 407.900, 1143.360 ) ( 410.900, 1143.760 )


SHORT: ( Metal Short ) Special Wire of Net VSS & Blockage of Cell InstructionFetch_Module_InstructionMemory_instr_sram  ( met2 )
Bounds : ( 407.900, 1151.640 ) ( 410.900, 1152.040 )


SHORT: ( Metal Short ) Special Wire of Net VSS & Blockage of Cell InstructionFetch_Module_InstructionMemory_instr_sram  ( met2 )
Bounds : ( 407.900, 1159.920 ) ( 410.900, 1160.320 )


SHORT: ( Metal Short ) Special Wire of Net VSS & Blockage of Cell InstructionFetch_Module_InstructionMemory_instr_sram  ( met3 )
Bounds : ( 357.900, 1143.360 ) ( 360.900, 1143.760 )


SHORT: ( Metal Short ) Special Wire of Net VSS & Blockage of Cell InstructionFetch_Module_InstructionMemory_instr_sram  ( met3 )
Bounds : ( 357.900, 1151.640 ) ( 360.900, 1152.040 )


SHORT: ( Metal Short ) Special Wire of Net VSS & Pin of Cell InstructionFetch_Module_InstructionMemory_instr_sram  ( met3 )
Bounds : ( 357.900, 1160.300 ) ( 360.900, 1160.320 )


SHORT: ( Metal Short ) Special Wire of Net VDD & Blockage of Cell InstructionFetch_Module_InstructionMemory_instr_sram  ( met3 )
Bounds : ( 384.900, 1139.220 ) ( 387.900, 1139.620 )


SHORT: ( Metal Short ) Special Wire of Net VDD & Blockage of Cell InstructionFetch_Module_InstructionMemory_instr_sram  ( met3 )
Bounds : ( 384.900, 1147.500 ) ( 387.900, 1147.900 )


SHORT: ( Metal Short ) Special Wire of Net VDD & Blockage of Cell InstructionFetch_Module_InstructionMemory_instr_sram  ( met3 )
Bounds : ( 384.900, 1155.780 ) ( 387.900, 1156.180 )


SHORT: ( Metal Short ) Special Wire of Net VDD & Pin of Cell InstructionFetch_Module_InstructionMemory_instr_sram  ( met3 )
Bounds : ( 384.900, 1164.060 ) ( 387.900, 1164.460 )


SHORT: ( Metal Short ) Special Wire of Net VSS & Blockage of Cell InstructionFetch_Module_InstructionMemory_instr_sram  ( met3 )
Bounds : ( 407.900, 1143.360 ) ( 410.900, 1143.760 )


SHORT: ( Metal Short ) Special Wire of Net VSS & Blockage of Cell InstructionFetch_Module_InstructionMemory_instr_sram  ( met3 )
Bounds : ( 407.900, 1151.640 ) ( 410.900, 1152.040 )


SHORT: ( Metal Short ) Special Wire of Net VSS & Pin of Cell InstructionFetch_Module_InstructionMemory_instr_sram  ( met3 )
Bounds : ( 407.900, 1160.300 ) ( 410.900, 1160.320 )


SPACING: ( ParallelRunLength Spacing ) Special Wire of Net VSS & Blockage of Cell InstructionFetch_Module_InstructionMemory_instr_sram  ( met3 )
Bounds : ( 357.900, 1159.700 ) ( 360.900, 1159.920 )


SPACING: ( ParallelRunLength Spacing ) Special Wire of Net VSS & Blockage of Cell InstructionFetch_Module_InstructionMemory_instr_sram  ( met3 )
Bounds : ( 407.900, 1159.700 ) ( 410.900, 1159.920 )


SHORT: ( Metal Short ) Special Wire of Net VDD & Blockage of Cell InstructionFetch_Module_InstructionMemory_instr_sram  ( met2 )
Bounds : ( 284.900, 1139.220 ) ( 287.900, 1139.620 )


SHORT: ( Metal Short ) Special Wire of Net VDD & Blockage of Cell InstructionFetch_Module_InstructionMemory_instr_sram  ( met2 )
Bounds : ( 284.900, 1147.500 ) ( 287.900, 1147.900 )


SHORT: ( Metal Short ) Special Wire of Net VDD & Blockage of Cell InstructionFetch_Module_InstructionMemory_instr_sram  ( met2 )
Bounds : ( 284.900, 1155.780 ) ( 287.900, 1156.180 )


SHORT: ( Metal Short ) Special Wire of Net VDD & Blockage of Cell InstructionFetch_Module_InstructionMemory_instr_sram  ( met2 )
Bounds : ( 284.900, 1164.060 ) ( 287.900, 1164.460 )


SHORT: ( Metal Short ) Special Wire of Net VSS & Blockage of Cell InstructionFetch_Module_InstructionMemory_instr_sram  ( met2 )
Bounds : ( 307.900, 1143.360 ) ( 310.900, 1143.760 )


SHORT: ( Metal Short ) Special Wire of Net VSS & Blockage of Cell InstructionFetch_Module_InstructionMemory_instr_sram  ( met2 )
Bounds : ( 307.900, 1151.640 ) ( 310.900, 1152.040 )


SHORT: ( Metal Short ) Special Wire of Net VSS & Blockage of Cell InstructionFetch_Module_InstructionMemory_instr_sram  ( met2 )
Bounds : ( 307.900, 1159.920 ) ( 310.900, 1160.320 )


SHORT: ( Metal Short ) Special Wire of Net VDD & Blockage of Cell InstructionFetch_Module_InstructionMemory_instr_sram  ( met2 )
Bounds : ( 334.900, 1139.220 ) ( 337.900, 1139.620 )


SHORT: ( Metal Short ) Special Wire of Net VDD & Blockage of Cell InstructionFetch_Module_InstructionMemory_instr_sram  ( met2 )
Bounds : ( 334.900, 1147.500 ) ( 337.900, 1147.900 )


SHORT: ( Metal Short ) Special Wire of Net VDD & Blockage of Cell InstructionFetch_Module_InstructionMemory_instr_sram  ( met2 )
Bounds : ( 334.900, 1155.780 ) ( 337.900, 1156.180 )


SHORT: ( Metal Short ) Special Wire of Net VDD & Blockage of Cell InstructionFetch_Module_InstructionMemory_instr_sram  ( met2 )
Bounds : ( 334.900, 1164.060 ) ( 337.900, 1164.460 )


SHORT: ( Metal Short ) Special Wire of Net VDD & Blockage of Cell InstructionFetch_Module_InstructionMemory_instr_sram  ( met3 )
Bounds : ( 284.900, 1139.220 ) ( 287.900, 1139.620 )


SHORT: ( Metal Short ) Special Wire of Net VDD & Blockage of Cell InstructionFetch_Module_InstructionMemory_instr_sram  ( met3 )
Bounds : ( 284.900, 1147.500 ) ( 287.900, 1147.900 )


SHORT: ( Metal Short ) Special Wire of Net VDD & Blockage of Cell InstructionFetch_Module_InstructionMemory_instr_sram  ( met3 )
Bounds : ( 284.900, 1155.780 ) ( 287.900, 1156.180 )


SHORT: ( Metal Short ) Special Wire of Net VDD & Pin of Cell InstructionFetch_Module_InstructionMemory_instr_sram  ( met3 )
Bounds : ( 284.900, 1164.060 ) ( 287.900, 1164.460 )


SHORT: ( Metal Short ) Special Wire of Net VSS & Blockage of Cell InstructionFetch_Module_InstructionMemory_instr_sram  ( met3 )
Bounds : ( 307.900, 1143.360 ) ( 310.900, 1143.760 )


SHORT: ( Metal Short ) Special Wire of Net VSS & Blockage of Cell InstructionFetch_Module_InstructionMemory_instr_sram  ( met3 )
Bounds : ( 307.900, 1151.640 ) ( 310.900, 1152.040 )


SHORT: ( Metal Short ) Special Wire of Net VSS & Pin of Cell InstructionFetch_Module_InstructionMemory_instr_sram  ( met3 )
Bounds : ( 307.900, 1160.300 ) ( 310.900, 1160.320 )


SHORT: ( Metal Short ) Special Wire of Net VDD & Blockage of Cell InstructionFetch_Module_InstructionMemory_instr_sram  ( met3 )
Bounds : ( 334.900, 1139.220 ) ( 337.900, 1139.620 )


SHORT: ( Metal Short ) Special Wire of Net VDD & Blockage of Cell InstructionFetch_Module_InstructionMemory_instr_sram  ( met3 )
Bounds : ( 334.900, 1147.500 ) ( 337.900, 1147.900 )


SHORT: ( Metal Short ) Special Wire of Net VDD & Blockage of Cell InstructionFetch_Module_InstructionMemory_instr_sram  ( met3 )
Bounds : ( 334.900, 1155.780 ) ( 337.900, 1156.180 )


SHORT: ( Metal Short ) Special Wire of Net VDD & Pin of Cell InstructionFetch_Module_InstructionMemory_instr_sram  ( met3 )
Bounds : ( 334.900, 1164.060 ) ( 337.900, 1164.460 )


SPACING: ( ParallelRunLength Spacing ) Special Wire of Net VSS & Blockage of Cell InstructionFetch_Module_InstructionMemory_instr_sram  ( met3 )
Bounds : ( 307.900, 1159.700 ) ( 310.900, 1159.920 )


SHORT: ( Metal Short ) Special Wire of Net VSS & Blockage of Cell InstructionFetch_Module_InstructionMemory_instr_sram  ( met2 )
Bounds : ( 207.900, 1143.360 ) ( 210.900, 1143.760 )


SHORT: ( Metal Short ) Special Wire of Net VSS & Blockage of Cell InstructionFetch_Module_InstructionMemory_instr_sram  ( met2 )
Bounds : ( 207.900, 1151.640 ) ( 210.900, 1152.040 )


SHORT: ( Metal Short ) Special Wire of Net VSS & Blockage of Cell InstructionFetch_Module_InstructionMemory_instr_sram  ( met2 )
Bounds : ( 207.900, 1159.920 ) ( 210.900, 1160.320 )


SHORT: ( Metal Short ) Special Wire of Net VDD & Blockage of Cell InstructionFetch_Module_InstructionMemory_instr_sram  ( met2 )
Bounds : ( 234.900, 1139.220 ) ( 237.900, 1139.620 )


SHORT: ( Metal Short ) Special Wire of Net VDD & Blockage of Cell InstructionFetch_Module_InstructionMemory_instr_sram  ( met2 )
Bounds : ( 234.900, 1147.500 ) ( 237.900, 1147.900 )


SHORT: ( Metal Short ) Special Wire of Net VDD & Blockage of Cell InstructionFetch_Module_InstructionMemory_instr_sram  ( met2 )
Bounds : ( 234.900, 1155.780 ) ( 237.900, 1156.180 )


SHORT: ( Metal Short ) Special Wire of Net VDD & Blockage of Cell InstructionFetch_Module_InstructionMemory_instr_sram  ( met2 )
Bounds : ( 234.900, 1164.060 ) ( 237.900, 1164.460 )


SHORT: ( Metal Short ) Special Wire of Net VSS & Blockage of Cell InstructionFetch_Module_InstructionMemory_instr_sram  ( met2 )
Bounds : ( 257.900, 1143.360 ) ( 260.900, 1143.760 )


SHORT: ( Metal Short ) Special Wire of Net VSS & Blockage of Cell InstructionFetch_Module_InstructionMemory_instr_sram  ( met2 )
Bounds : ( 257.900, 1151.640 ) ( 260.900, 1152.040 )


SHORT: ( Metal Short ) Special Wire of Net VSS & Blockage of Cell InstructionFetch_Module_InstructionMemory_instr_sram  ( met2 )
Bounds : ( 257.900, 1159.920 ) ( 260.900, 1160.320 )


SHORT: ( Metal Short ) Special Wire of Net VSS & Blockage of Cell InstructionFetch_Module_InstructionMemory_instr_sram  ( met3 )
Bounds : ( 207.900, 1143.360 ) ( 210.900, 1143.760 )


SHORT: ( Metal Short ) Special Wire of Net VSS & Blockage of Cell InstructionFetch_Module_InstructionMemory_instr_sram  ( met3 )
Bounds : ( 207.900, 1151.640 ) ( 210.900, 1152.040 )


SHORT: ( Metal Short ) Special Wire of Net VSS & Pin of Cell InstructionFetch_Module_InstructionMemory_instr_sram  ( met3 )
Bounds : ( 207.900, 1160.300 ) ( 210.900, 1160.320 )


SHORT: ( Metal Short ) Special Wire of Net VDD & Blockage of Cell InstructionFetch_Module_InstructionMemory_instr_sram  ( met3 )
Bounds : ( 234.900, 1139.220 ) ( 237.900, 1139.620 )


SHORT: ( Metal Short ) Special Wire of Net VDD & Blockage of Cell InstructionFetch_Module_InstructionMemory_instr_sram  ( met3 )
Bounds : ( 234.900, 1147.500 ) ( 237.900, 1147.900 )


SHORT: ( Metal Short ) Special Wire of Net VDD & Blockage of Cell InstructionFetch_Module_InstructionMemory_instr_sram  ( met3 )
Bounds : ( 234.900, 1155.780 ) ( 237.900, 1156.180 )


SHORT: ( Metal Short ) Special Wire of Net VDD & Pin of Cell InstructionFetch_Module_InstructionMemory_instr_sram  ( met3 )
Bounds : ( 234.900, 1164.060 ) ( 237.900, 1164.460 )


SHORT: ( Metal Short ) Special Wire of Net VSS & Blockage of Cell InstructionFetch_Module_InstructionMemory_instr_sram  ( met3 )
Bounds : ( 257.900, 1143.360 ) ( 260.900, 1143.760 )


SHORT: ( Metal Short ) Special Wire of Net VSS & Blockage of Cell InstructionFetch_Module_InstructionMemory_instr_sram  ( met3 )
Bounds : ( 257.900, 1151.640 ) ( 260.900, 1152.040 )


SHORT: ( Metal Short ) Special Wire of Net VSS & Pin of Cell InstructionFetch_Module_InstructionMemory_instr_sram  ( met3 )
Bounds : ( 257.900, 1160.300 ) ( 260.900, 1160.320 )


SPACING: ( ParallelRunLength Spacing ) Special Wire of Net VSS & Blockage of Cell InstructionFetch_Module_InstructionMemory_instr_sram  ( met3 )
Bounds : ( 207.900, 1159.700 ) ( 210.900, 1159.920 )


SPACING: ( ParallelRunLength Spacing ) Special Wire of Net VSS & Blockage of Cell InstructionFetch_Module_InstructionMemory_instr_sram  ( met3 )
Bounds : ( 257.900, 1159.700 ) ( 260.900, 1159.920 )


SHORT: ( Metal Short ) Special Wire of Net VDD & Blockage of Cell InstructionFetch_Module_InstructionMemory_instr_sram  ( met2 )
Bounds : ( 484.900, 1106.100 ) ( 487.900, 1106.500 )


SHORT: ( Metal Short ) Special Wire of Net VDD & Blockage of Cell InstructionFetch_Module_InstructionMemory_instr_sram  ( met2 )
Bounds : ( 484.900, 1114.380 ) ( 487.900, 1114.780 )


SHORT: ( Metal Short ) Special Wire of Net VDD & Blockage of Cell InstructionFetch_Module_InstructionMemory_instr_sram  ( met2 )
Bounds : ( 484.900, 1122.660 ) ( 487.900, 1123.060 )


SHORT: ( Metal Short ) Special Wire of Net VSS & Blockage of Cell InstructionFetch_Module_InstructionMemory_instr_sram  ( met2 )
Bounds : ( 507.900, 1101.960 ) ( 510.900, 1102.360 )


SHORT: ( Metal Short ) Special Wire of Net VSS & Blockage of Cell InstructionFetch_Module_InstructionMemory_instr_sram  ( met2 )
Bounds : ( 507.900, 1110.240 ) ( 510.900, 1110.640 )


SHORT: ( Metal Short ) Special Wire of Net VSS & Blockage of Cell InstructionFetch_Module_InstructionMemory_instr_sram  ( met2 )
Bounds : ( 507.900, 1118.520 ) ( 510.900, 1118.920 )


SHORT: ( Metal Short ) Special Wire of Net VSS & Blockage of Cell InstructionFetch_Module_InstructionMemory_instr_sram  ( met2 )
Bounds : ( 507.900, 1126.800 ) ( 510.900, 1127.200 )


SHORT: ( Metal Short ) Special Wire of Net VDD & Blockage of Cell InstructionFetch_Module_InstructionMemory_instr_sram  ( met3 )
Bounds : ( 484.900, 1106.100 ) ( 487.900, 1106.500 )


SHORT: ( Metal Short ) Special Wire of Net VDD & Blockage of Cell InstructionFetch_Module_InstructionMemory_instr_sram  ( met3 )
Bounds : ( 484.900, 1114.380 ) ( 487.900, 1114.780 )


SHORT: ( Metal Short ) Special Wire of Net VDD & Blockage of Cell InstructionFetch_Module_InstructionMemory_instr_sram  ( met3 )
Bounds : ( 484.900, 1122.660 ) ( 487.900, 1123.060 )


SHORT: ( Metal Short ) Special Wire of Net VSS & Blockage of Cell InstructionFetch_Module_InstructionMemory_instr_sram  ( met3 )
Bounds : ( 507.900, 1101.960 ) ( 510.900, 1102.360 )


SHORT: ( Metal Short ) Special Wire of Net VSS & Blockage of Cell InstructionFetch_Module_InstructionMemory_instr_sram  ( met3 )
Bounds : ( 507.900, 1110.240 ) ( 510.900, 1110.640 )


SHORT: ( Metal Short ) Special Wire of Net VSS & Blockage of Cell InstructionFetch_Module_InstructionMemory_instr_sram  ( met3 )
Bounds : ( 507.900, 1118.520 ) ( 510.900, 1118.920 )


SHORT: ( Metal Short ) Special Wire of Net VSS & Blockage of Cell InstructionFetch_Module_InstructionMemory_instr_sram  ( met3 )
Bounds : ( 507.900, 1126.800 ) ( 510.900, 1127.200 )


SHORT: ( Metal Short ) Special Wire of Net VDD & Blockage of Cell InstructionFetch_Module_InstructionMemory_instr_sram  ( met2 )
Bounds : ( 484.900, 1130.940 ) ( 487.900, 1131.340 )


SHORT: ( Metal Short ) Special Wire of Net VSS & Blockage of Cell InstructionFetch_Module_InstructionMemory_instr_sram  ( met2 )
Bounds : ( 507.900, 1135.080 ) ( 510.900, 1135.480 )


SHORT: ( Metal Short ) Special Wire of Net VDD & Blockage of Cell InstructionFetch_Module_InstructionMemory_instr_sram  ( met3 )
Bounds : ( 484.900, 1130.940 ) ( 487.900, 1131.340 )


SHORT: ( Metal Short ) Special Wire of Net VSS & Blockage of Cell InstructionFetch_Module_InstructionMemory_instr_sram  ( met3 )
Bounds : ( 507.900, 1135.080 ) ( 510.900, 1135.480 )


SHORT: ( Metal Short ) Special Wire of Net VDD & Blockage of Cell InstructionFetch_Module_InstructionMemory_instr_sram  ( met2 )
Bounds : ( 434.900, 1106.100 ) ( 437.900, 1106.500 )


SHORT: ( Metal Short ) Special Wire of Net VDD & Blockage of Cell InstructionFetch_Module_InstructionMemory_instr_sram  ( met2 )
Bounds : ( 434.900, 1114.380 ) ( 437.900, 1114.780 )


SHORT: ( Metal Short ) Special Wire of Net VDD & Blockage of Cell InstructionFetch_Module_InstructionMemory_instr_sram  ( met2 )
Bounds : ( 434.900, 1122.660 ) ( 437.900, 1123.060 )


SHORT: ( Metal Short ) Special Wire of Net VSS & Blockage of Cell InstructionFetch_Module_InstructionMemory_instr_sram  ( met2 )
Bounds : ( 457.900, 1101.960 ) ( 460.900, 1102.360 )


SHORT: ( Metal Short ) Special Wire of Net VSS & Blockage of Cell InstructionFetch_Module_InstructionMemory_instr_sram  ( met2 )
Bounds : ( 457.900, 1110.240 ) ( 460.900, 1110.640 )


SHORT: ( Metal Short ) Special Wire of Net VSS & Blockage of Cell InstructionFetch_Module_InstructionMemory_instr_sram  ( met2 )
Bounds : ( 457.900, 1118.520 ) ( 460.900, 1118.920 )


SHORT: ( Metal Short ) Special Wire of Net VSS & Blockage of Cell InstructionFetch_Module_InstructionMemory_instr_sram  ( met2 )
Bounds : ( 457.900, 1126.800 ) ( 460.900, 1127.200 )


SHORT: ( Metal Short ) Special Wire of Net VDD & Blockage of Cell InstructionFetch_Module_InstructionMemory_instr_sram  ( met3 )
Bounds : ( 434.900, 1106.100 ) ( 437.900, 1106.500 )


SHORT: ( Metal Short ) Special Wire of Net VDD & Blockage of Cell InstructionFetch_Module_InstructionMemory_instr_sram  ( met3 )
Bounds : ( 434.900, 1114.380 ) ( 437.900, 1114.780 )


SHORT: ( Metal Short ) Special Wire of Net VDD & Blockage of Cell InstructionFetch_Module_InstructionMemory_instr_sram  ( met3 )
Bounds : ( 434.900, 1122.660 ) ( 437.900, 1123.060 )


SHORT: ( Metal Short ) Special Wire of Net VSS & Blockage of Cell InstructionFetch_Module_InstructionMemory_instr_sram  ( met3 )
Bounds : ( 457.900, 1101.960 ) ( 460.900, 1102.360 )


SHORT: ( Metal Short ) Special Wire of Net VSS & Blockage of Cell InstructionFetch_Module_InstructionMemory_instr_sram  ( met3 )
Bounds : ( 457.900, 1110.240 ) ( 460.900, 1110.640 )


SHORT: ( Metal Short ) Special Wire of Net VSS & Blockage of Cell InstructionFetch_Module_InstructionMemory_instr_sram  ( met3 )
Bounds : ( 457.900, 1118.520 ) ( 460.900, 1118.920 )


SHORT: ( Metal Short ) Special Wire of Net VSS & Blockage of Cell InstructionFetch_Module_InstructionMemory_instr_sram  ( met3 )
Bounds : ( 457.900, 1126.800 ) ( 460.900, 1127.200 )


SHORT: ( Metal Short ) Special Wire of Net VDD & Blockage of Cell InstructionFetch_Module_InstructionMemory_instr_sram  ( met2 )
Bounds : ( 434.900, 1130.940 ) ( 437.900, 1131.340 )


SHORT: ( Metal Short ) Special Wire of Net VSS & Blockage of Cell InstructionFetch_Module_InstructionMemory_instr_sram  ( met2 )
Bounds : ( 457.900, 1135.080 ) ( 460.900, 1135.480 )


SHORT: ( Metal Short ) Special Wire of Net VDD & Blockage of Cell InstructionFetch_Module_InstructionMemory_instr_sram  ( met3 )
Bounds : ( 434.900, 1130.940 ) ( 437.900, 1131.340 )


SHORT: ( Metal Short ) Special Wire of Net VSS & Blockage of Cell InstructionFetch_Module_InstructionMemory_instr_sram  ( met3 )
Bounds : ( 457.900, 1135.080 ) ( 460.900, 1135.480 )


SHORT: ( Metal Short ) Special Wire of Net VDD & Blockage of Cell InstructionFetch_Module_InstructionMemory_instr_sram  ( met2 )
Bounds : ( 484.900, 1064.700 ) ( 487.900, 1065.100 )


SHORT: ( Metal Short ) Special Wire of Net VDD & Blockage of Cell InstructionFetch_Module_InstructionMemory_instr_sram  ( met2 )
Bounds : ( 484.900, 1072.980 ) ( 487.900, 1073.380 )


SHORT: ( Metal Short ) Special Wire of Net VDD & Blockage of Cell InstructionFetch_Module_InstructionMemory_instr_sram  ( met2 )
Bounds : ( 484.900, 1081.260 ) ( 487.900, 1081.660 )


SHORT: ( Metal Short ) Special Wire of Net VDD & Blockage of Cell InstructionFetch_Module_InstructionMemory_instr_sram  ( met2 )
Bounds : ( 484.900, 1089.540 ) ( 487.900, 1089.940 )


SHORT: ( Metal Short ) Special Wire of Net VDD & Blockage of Cell InstructionFetch_Module_InstructionMemory_instr_sram  ( met2 )
Bounds : ( 484.900, 1097.820 ) ( 487.900, 1098.220 )


SHORT: ( Metal Short ) Special Wire of Net VSS & Blockage of Cell InstructionFetch_Module_InstructionMemory_instr_sram  ( met2 )
Bounds : ( 507.900, 1060.560 ) ( 510.900, 1060.960 )


SHORT: ( Metal Short ) Special Wire of Net VSS & Blockage of Cell InstructionFetch_Module_InstructionMemory_instr_sram  ( met2 )
Bounds : ( 507.900, 1068.840 ) ( 510.900, 1069.240 )


SHORT: ( Metal Short ) Special Wire of Net VSS & Blockage of Cell InstructionFetch_Module_InstructionMemory_instr_sram  ( met2 )
Bounds : ( 507.900, 1077.120 ) ( 510.900, 1077.520 )


SHORT: ( Metal Short ) Special Wire of Net VSS & Blockage of Cell InstructionFetch_Module_InstructionMemory_instr_sram  ( met2 )
Bounds : ( 507.900, 1085.400 ) ( 510.900, 1085.800 )


SHORT: ( Metal Short ) Special Wire of Net VSS & Blockage of Cell InstructionFetch_Module_InstructionMemory_instr_sram  ( met2 )
Bounds : ( 507.900, 1093.680 ) ( 510.900, 1094.080 )


SHORT: ( Metal Short ) Special Wire of Net VDD & Blockage of Cell InstructionFetch_Module_InstructionMemory_instr_sram  ( met3 )
Bounds : ( 484.900, 1064.700 ) ( 487.900, 1065.100 )


SHORT: ( Metal Short ) Special Wire of Net VDD & Blockage of Cell InstructionFetch_Module_InstructionMemory_instr_sram  ( met3 )
Bounds : ( 484.900, 1072.980 ) ( 487.900, 1073.380 )


SHORT: ( Metal Short ) Special Wire of Net VDD & Blockage of Cell InstructionFetch_Module_InstructionMemory_instr_sram  ( met3 )
Bounds : ( 484.900, 1081.260 ) ( 487.900, 1081.660 )


SHORT: ( Metal Short ) Special Wire of Net VDD & Blockage of Cell InstructionFetch_Module_InstructionMemory_instr_sram  ( met3 )
Bounds : ( 484.900, 1089.540 ) ( 487.900, 1089.940 )


SHORT: ( Metal Short ) Special Wire of Net VDD & Blockage of Cell InstructionFetch_Module_InstructionMemory_instr_sram  ( met3 )
Bounds : ( 484.900, 1097.820 ) ( 487.900, 1098.220 )


SHORT: ( Metal Short ) Special Wire of Net VSS & Blockage of Cell InstructionFetch_Module_InstructionMemory_instr_sram  ( met3 )
Bounds : ( 507.900, 1060.560 ) ( 510.900, 1060.960 )


SHORT: ( Metal Short ) Special Wire of Net VSS & Blockage of Cell InstructionFetch_Module_InstructionMemory_instr_sram  ( met3 )
Bounds : ( 507.900, 1068.840 ) ( 510.900, 1069.240 )


SHORT: ( Metal Short ) Special Wire of Net VSS & Blockage of Cell InstructionFetch_Module_InstructionMemory_instr_sram  ( met3 )
Bounds : ( 507.900, 1077.120 ) ( 510.900, 1077.520 )


SHORT: ( Metal Short ) Special Wire of Net VSS & Blockage of Cell InstructionFetch_Module_InstructionMemory_instr_sram  ( met3 )
Bounds : ( 507.900, 1085.400 ) ( 510.900, 1085.800 )


SHORT: ( Metal Short ) Special Wire of Net VSS & Blockage of Cell InstructionFetch_Module_InstructionMemory_instr_sram  ( met3 )
Bounds : ( 507.900, 1093.680 ) ( 510.900, 1094.080 )


SHORT: ( Metal Short ) Special Wire of Net VDD & Blockage of Cell InstructionFetch_Module_InstructionMemory_instr_sram  ( met2 )
Bounds : ( 434.900, 1064.700 ) ( 437.900, 1065.100 )


SHORT: ( Metal Short ) Special Wire of Net VDD & Blockage of Cell InstructionFetch_Module_InstructionMemory_instr_sram  ( met2 )
Bounds : ( 434.900, 1072.980 ) ( 437.900, 1073.380 )


SHORT: ( Metal Short ) Special Wire of Net VDD & Blockage of Cell InstructionFetch_Module_InstructionMemory_instr_sram  ( met2 )
Bounds : ( 434.900, 1081.260 ) ( 437.900, 1081.660 )


SHORT: ( Metal Short ) Special Wire of Net VDD & Blockage of Cell InstructionFetch_Module_InstructionMemory_instr_sram  ( met2 )
Bounds : ( 434.900, 1089.540 ) ( 437.900, 1089.940 )


SHORT: ( Metal Short ) Special Wire of Net VDD & Blockage of Cell InstructionFetch_Module_InstructionMemory_instr_sram  ( met2 )
Bounds : ( 434.900, 1097.820 ) ( 437.900, 1098.220 )


SHORT: ( Metal Short ) Special Wire of Net VSS & Blockage of Cell InstructionFetch_Module_InstructionMemory_instr_sram  ( met2 )
Bounds : ( 457.900, 1060.560 ) ( 460.900, 1060.960 )


SHORT: ( Metal Short ) Special Wire of Net VSS & Blockage of Cell InstructionFetch_Module_InstructionMemory_instr_sram  ( met2 )
Bounds : ( 457.900, 1068.840 ) ( 460.900, 1069.240 )


SHORT: ( Metal Short ) Special Wire of Net VSS & Blockage of Cell InstructionFetch_Module_InstructionMemory_instr_sram  ( met2 )
Bounds : ( 457.900, 1077.120 ) ( 460.900, 1077.520 )


SHORT: ( Metal Short ) Special Wire of Net VSS & Blockage of Cell InstructionFetch_Module_InstructionMemory_instr_sram  ( met2 )
Bounds : ( 457.900, 1085.400 ) ( 460.900, 1085.800 )


SHORT: ( Metal Short ) Special Wire of Net VSS & Blockage of Cell InstructionFetch_Module_InstructionMemory_instr_sram  ( met2 )
Bounds : ( 457.900, 1093.680 ) ( 460.900, 1094.080 )


SHORT: ( Metal Short ) Special Wire of Net VDD & Blockage of Cell InstructionFetch_Module_InstructionMemory_instr_sram  ( met3 )
Bounds : ( 434.900, 1064.700 ) ( 437.900, 1065.100 )


SHORT: ( Metal Short ) Special Wire of Net VDD & Blockage of Cell InstructionFetch_Module_InstructionMemory_instr_sram  ( met3 )
Bounds : ( 434.900, 1072.980 ) ( 437.900, 1073.380 )


SHORT: ( Metal Short ) Special Wire of Net VDD & Blockage of Cell InstructionFetch_Module_InstructionMemory_instr_sram  ( met3 )
Bounds : ( 434.900, 1081.260 ) ( 437.900, 1081.660 )


SHORT: ( Metal Short ) Special Wire of Net VDD & Blockage of Cell InstructionFetch_Module_InstructionMemory_instr_sram  ( met3 )
Bounds : ( 434.900, 1089.540 ) ( 437.900, 1089.940 )


SHORT: ( Metal Short ) Special Wire of Net VDD & Blockage of Cell InstructionFetch_Module_InstructionMemory_instr_sram  ( met3 )
Bounds : ( 434.900, 1097.820 ) ( 437.900, 1098.220 )


SHORT: ( Metal Short ) Special Wire of Net VSS & Blockage of Cell InstructionFetch_Module_InstructionMemory_instr_sram  ( met3 )
Bounds : ( 457.900, 1060.560 ) ( 460.900, 1060.960 )


SHORT: ( Metal Short ) Special Wire of Net VSS & Blockage of Cell InstructionFetch_Module_InstructionMemory_instr_sram  ( met3 )
Bounds : ( 457.900, 1068.840 ) ( 460.900, 1069.240 )


SHORT: ( Metal Short ) Special Wire of Net VSS & Blockage of Cell InstructionFetch_Module_InstructionMemory_instr_sram  ( met3 )
Bounds : ( 457.900, 1077.120 ) ( 460.900, 1077.520 )


SHORT: ( Metal Short ) Special Wire of Net VSS & Blockage of Cell InstructionFetch_Module_InstructionMemory_instr_sram  ( met3 )
Bounds : ( 457.900, 1085.400 ) ( 460.900, 1085.800 )


SHORT: ( Metal Short ) Special Wire of Net VSS & Blockage of Cell InstructionFetch_Module_InstructionMemory_instr_sram  ( met3 )
Bounds : ( 457.900, 1093.680 ) ( 460.900, 1094.080 )


SHORT: ( Metal Short ) Special Wire of Net VSS & Blockage of Cell InstructionFetch_Module_InstructionMemory_instr_sram  ( met2 )
Bounds : ( 357.900, 1101.960 ) ( 360.900, 1102.360 )


SHORT: ( Metal Short ) Special Wire of Net VSS & Blockage of Cell InstructionFetch_Module_InstructionMemory_instr_sram  ( met2 )
Bounds : ( 357.900, 1110.240 ) ( 360.900, 1110.640 )


SHORT: ( Metal Short ) Special Wire of Net VSS & Blockage of Cell InstructionFetch_Module_InstructionMemory_instr_sram  ( met2 )
Bounds : ( 357.900, 1118.520 ) ( 360.900, 1118.920 )


SHORT: ( Metal Short ) Special Wire of Net VSS & Blockage of Cell InstructionFetch_Module_InstructionMemory_instr_sram  ( met2 )
Bounds : ( 357.900, 1126.800 ) ( 360.900, 1127.200 )


SHORT: ( Metal Short ) Special Wire of Net VDD & Blockage of Cell InstructionFetch_Module_InstructionMemory_instr_sram  ( met2 )
Bounds : ( 384.900, 1106.100 ) ( 387.900, 1106.500 )


SHORT: ( Metal Short ) Special Wire of Net VDD & Blockage of Cell InstructionFetch_Module_InstructionMemory_instr_sram  ( met2 )
Bounds : ( 384.900, 1114.380 ) ( 387.900, 1114.780 )


SHORT: ( Metal Short ) Special Wire of Net VDD & Blockage of Cell InstructionFetch_Module_InstructionMemory_instr_sram  ( met2 )
Bounds : ( 384.900, 1122.660 ) ( 387.900, 1123.060 )


SHORT: ( Metal Short ) Special Wire of Net VSS & Blockage of Cell InstructionFetch_Module_InstructionMemory_instr_sram  ( met2 )
Bounds : ( 407.900, 1101.960 ) ( 410.900, 1102.360 )


SHORT: ( Metal Short ) Special Wire of Net VSS & Blockage of Cell InstructionFetch_Module_InstructionMemory_instr_sram  ( met2 )
Bounds : ( 407.900, 1110.240 ) ( 410.900, 1110.640 )


SHORT: ( Metal Short ) Special Wire of Net VSS & Blockage of Cell InstructionFetch_Module_InstructionMemory_instr_sram  ( met2 )
Bounds : ( 407.900, 1118.520 ) ( 410.900, 1118.920 )


SHORT: ( Metal Short ) Special Wire of Net VSS & Blockage of Cell InstructionFetch_Module_InstructionMemory_instr_sram  ( met2 )
Bounds : ( 407.900, 1126.800 ) ( 410.900, 1127.200 )


SHORT: ( Metal Short ) Special Wire of Net VSS & Blockage of Cell InstructionFetch_Module_InstructionMemory_instr_sram  ( met3 )
Bounds : ( 357.900, 1101.960 ) ( 360.900, 1102.360 )


SHORT: ( Metal Short ) Special Wire of Net VSS & Blockage of Cell InstructionFetch_Module_InstructionMemory_instr_sram  ( met3 )
Bounds : ( 357.900, 1110.240 ) ( 360.900, 1110.640 )


SHORT: ( Metal Short ) Special Wire of Net VSS & Blockage of Cell InstructionFetch_Module_InstructionMemory_instr_sram  ( met3 )
Bounds : ( 357.900, 1118.520 ) ( 360.900, 1118.920 )


SHORT: ( Metal Short ) Special Wire of Net VSS & Blockage of Cell InstructionFetch_Module_InstructionMemory_instr_sram  ( met3 )
Bounds : ( 357.900, 1126.800 ) ( 360.900, 1127.200 )


SHORT: ( Metal Short ) Special Wire of Net VDD & Blockage of Cell InstructionFetch_Module_InstructionMemory_instr_sram  ( met3 )
Bounds : ( 384.900, 1106.100 ) ( 387.900, 1106.500 )


SHORT: ( Metal Short ) Special Wire of Net VDD & Blockage of Cell InstructionFetch_Module_InstructionMemory_instr_sram  ( met3 )
Bounds : ( 384.900, 1114.380 ) ( 387.900, 1114.780 )


SHORT: ( Metal Short ) Special Wire of Net VDD & Blockage of Cell InstructionFetch_Module_InstructionMemory_instr_sram  ( met3 )
Bounds : ( 384.900, 1122.660 ) ( 387.900, 1123.060 )


SHORT: ( Metal Short ) Special Wire of Net VSS & Blockage of Cell InstructionFetch_Module_InstructionMemory_instr_sram  ( met3 )
Bounds : ( 407.900, 1101.960 ) ( 410.900, 1102.360 )


SHORT: ( Metal Short ) Special Wire of Net VSS & Blockage of Cell InstructionFetch_Module_InstructionMemory_instr_sram  ( met3 )
Bounds : ( 407.900, 1110.240 ) ( 410.900, 1110.640 )


SHORT: ( Metal Short ) Special Wire of Net VSS & Blockage of Cell InstructionFetch_Module_InstructionMemory_instr_sram  ( met3 )
Bounds : ( 407.900, 1118.520 ) ( 410.900, 1118.920 )


SHORT: ( Metal Short ) Special Wire of Net VSS & Blockage of Cell InstructionFetch_Module_InstructionMemory_instr_sram  ( met3 )
Bounds : ( 407.900, 1126.800 ) ( 410.900, 1127.200 )


SHORT: ( Metal Short ) Special Wire of Net VSS & Blockage of Cell InstructionFetch_Module_InstructionMemory_instr_sram  ( met2 )
Bounds : ( 357.900, 1135.080 ) ( 360.900, 1135.480 )


SHORT: ( Metal Short ) Special Wire of Net VDD & Blockage of Cell InstructionFetch_Module_InstructionMemory_instr_sram  ( met2 )
Bounds : ( 384.900, 1130.940 ) ( 387.900, 1131.340 )


SHORT: ( Metal Short ) Special Wire of Net VSS & Blockage of Cell InstructionFetch_Module_InstructionMemory_instr_sram  ( met2 )
Bounds : ( 407.900, 1135.080 ) ( 410.900, 1135.480 )


SHORT: ( Metal Short ) Special Wire of Net VSS & Blockage of Cell InstructionFetch_Module_InstructionMemory_instr_sram  ( met3 )
Bounds : ( 357.900, 1135.080 ) ( 360.900, 1135.480 )


SHORT: ( Metal Short ) Special Wire of Net VDD & Blockage of Cell InstructionFetch_Module_InstructionMemory_instr_sram  ( met3 )
Bounds : ( 384.900, 1130.940 ) ( 387.900, 1131.340 )


SHORT: ( Metal Short ) Special Wire of Net VSS & Blockage of Cell InstructionFetch_Module_InstructionMemory_instr_sram  ( met3 )
Bounds : ( 407.900, 1135.080 ) ( 410.900, 1135.480 )


SHORT: ( Metal Short ) Special Wire of Net VSS & Blockage of Cell InstructionFetch_Module_InstructionMemory_instr_sram  ( met2 )
Bounds : ( 407.900, 1060.560 ) ( 410.900, 1060.960 )


SHORT: ( Metal Short ) Special Wire of Net VSS & Blockage of Cell InstructionFetch_Module_InstructionMemory_instr_sram  ( met2 )
Bounds : ( 407.900, 1068.840 ) ( 410.900, 1069.240 )


SHORT: ( Metal Short ) Special Wire of Net VSS & Blockage of Cell InstructionFetch_Module_InstructionMemory_instr_sram  ( met2 )
Bounds : ( 407.900, 1077.120 ) ( 410.900, 1077.520 )


SHORT: ( Metal Short ) Special Wire of Net VSS & Blockage of Cell InstructionFetch_Module_InstructionMemory_instr_sram  ( met2 )
Bounds : ( 407.900, 1085.400 ) ( 410.900, 1085.800 )


SHORT: ( Metal Short ) Special Wire of Net VSS & Blockage of Cell InstructionFetch_Module_InstructionMemory_instr_sram  ( met2 )
Bounds : ( 407.900, 1093.680 ) ( 410.900, 1094.080 )


SHORT: ( Metal Short ) Special Wire of Net VSS & Blockage of Cell InstructionFetch_Module_InstructionMemory_instr_sram  ( met3 )
Bounds : ( 407.900, 1060.560 ) ( 410.900, 1060.960 )


SHORT: ( Metal Short ) Special Wire of Net VSS & Blockage of Cell InstructionFetch_Module_InstructionMemory_instr_sram  ( met3 )
Bounds : ( 407.900, 1068.840 ) ( 410.900, 1069.240 )


SHORT: ( Metal Short ) Special Wire of Net VSS & Blockage of Cell InstructionFetch_Module_InstructionMemory_instr_sram  ( met3 )
Bounds : ( 407.900, 1077.120 ) ( 410.900, 1077.520 )


SHORT: ( Metal Short ) Special Wire of Net VSS & Blockage of Cell InstructionFetch_Module_InstructionMemory_instr_sram  ( met3 )
Bounds : ( 407.900, 1085.400 ) ( 410.900, 1085.800 )


SHORT: ( Metal Short ) Special Wire of Net VSS & Blockage of Cell InstructionFetch_Module_InstructionMemory_instr_sram  ( met3 )
Bounds : ( 407.900, 1093.680 ) ( 410.900, 1094.080 )


SHORT: ( Metal Short ) Special Wire of Net VSS & Blockage of Cell InstructionFetch_Module_InstructionMemory_instr_sram  ( met2 )
Bounds : ( 357.900, 1060.560 ) ( 360.900, 1060.960 )


SHORT: ( Metal Short ) Special Wire of Net VSS & Blockage of Cell InstructionFetch_Module_InstructionMemory_instr_sram  ( met2 )
Bounds : ( 357.900, 1068.840 ) ( 360.900, 1069.240 )


SHORT: ( Metal Short ) Special Wire of Net VSS & Blockage of Cell InstructionFetch_Module_InstructionMemory_instr_sram  ( met2 )
Bounds : ( 357.900, 1077.120 ) ( 360.900, 1077.520 )


SHORT: ( Metal Short ) Special Wire of Net VSS & Blockage of Cell InstructionFetch_Module_InstructionMemory_instr_sram  ( met2 )
Bounds : ( 357.900, 1085.400 ) ( 360.900, 1085.800 )


SHORT: ( Metal Short ) Special Wire of Net VSS & Blockage of Cell InstructionFetch_Module_InstructionMemory_instr_sram  ( met2 )
Bounds : ( 357.900, 1093.680 ) ( 360.900, 1094.080 )


SHORT: ( Metal Short ) Special Wire of Net VDD & Blockage of Cell InstructionFetch_Module_InstructionMemory_instr_sram  ( met2 )
Bounds : ( 384.900, 1064.700 ) ( 387.900, 1065.100 )


SHORT: ( Metal Short ) Special Wire of Net VDD & Blockage of Cell InstructionFetch_Module_InstructionMemory_instr_sram  ( met2 )
Bounds : ( 384.900, 1072.980 ) ( 387.900, 1073.380 )


SHORT: ( Metal Short ) Special Wire of Net VDD & Blockage of Cell InstructionFetch_Module_InstructionMemory_instr_sram  ( met2 )
Bounds : ( 384.900, 1081.260 ) ( 387.900, 1081.660 )


SHORT: ( Metal Short ) Special Wire of Net VDD & Blockage of Cell InstructionFetch_Module_InstructionMemory_instr_sram  ( met2 )
Bounds : ( 384.900, 1089.540 ) ( 387.900, 1089.940 )


SHORT: ( Metal Short ) Special Wire of Net VDD & Blockage of Cell InstructionFetch_Module_InstructionMemory_instr_sram  ( met2 )
Bounds : ( 384.900, 1097.820 ) ( 387.900, 1098.220 )


SHORT: ( Metal Short ) Special Wire of Net VSS & Blockage of Cell InstructionFetch_Module_InstructionMemory_instr_sram  ( met3 )
Bounds : ( 357.900, 1060.560 ) ( 360.900, 1060.960 )


SHORT: ( Metal Short ) Special Wire of Net VSS & Blockage of Cell InstructionFetch_Module_InstructionMemory_instr_sram  ( met3 )
Bounds : ( 357.900, 1068.840 ) ( 360.900, 1069.240 )


SHORT: ( Metal Short ) Special Wire of Net VSS & Blockage of Cell InstructionFetch_Module_InstructionMemory_instr_sram  ( met3 )
Bounds : ( 357.900, 1077.120 ) ( 360.900, 1077.520 )


SHORT: ( Metal Short ) Special Wire of Net VSS & Blockage of Cell InstructionFetch_Module_InstructionMemory_instr_sram  ( met3 )
Bounds : ( 357.900, 1085.400 ) ( 360.900, 1085.800 )


SHORT: ( Metal Short ) Special Wire of Net VSS & Blockage of Cell InstructionFetch_Module_InstructionMemory_instr_sram  ( met3 )
Bounds : ( 357.900, 1093.680 ) ( 360.900, 1094.080 )


SHORT: ( Metal Short ) Special Wire of Net VDD & Blockage of Cell InstructionFetch_Module_InstructionMemory_instr_sram  ( met3 )
Bounds : ( 384.900, 1064.700 ) ( 387.900, 1065.100 )


SHORT: ( Metal Short ) Special Wire of Net VDD & Blockage of Cell InstructionFetch_Module_InstructionMemory_instr_sram  ( met3 )
Bounds : ( 384.900, 1072.980 ) ( 387.900, 1073.380 )


SHORT: ( Metal Short ) Special Wire of Net VDD & Blockage of Cell InstructionFetch_Module_InstructionMemory_instr_sram  ( met3 )
Bounds : ( 384.900, 1081.260 ) ( 387.900, 1081.660 )


SHORT: ( Metal Short ) Special Wire of Net VDD & Blockage of Cell InstructionFetch_Module_InstructionMemory_instr_sram  ( met3 )
Bounds : ( 384.900, 1089.540 ) ( 387.900, 1089.940 )


SHORT: ( Metal Short ) Special Wire of Net VDD & Blockage of Cell InstructionFetch_Module_InstructionMemory_instr_sram  ( met3 )
Bounds : ( 384.900, 1097.820 ) ( 387.900, 1098.220 )


SHORT: ( Metal Short ) Special Wire of Net VDD & Blockage of Cell InstructionFetch_Module_InstructionMemory_instr_sram  ( met2 )
Bounds : ( 484.900, 1023.300 ) ( 487.900, 1023.700 )


SHORT: ( Metal Short ) Special Wire of Net VDD & Blockage of Cell InstructionFetch_Module_InstructionMemory_instr_sram  ( met2 )
Bounds : ( 484.900, 1031.580 ) ( 487.900, 1031.980 )


SHORT: ( Metal Short ) Special Wire of Net VDD & Blockage of Cell InstructionFetch_Module_InstructionMemory_instr_sram  ( met2 )
Bounds : ( 484.900, 1039.860 ) ( 487.900, 1040.260 )


SHORT: ( Metal Short ) Special Wire of Net VDD & Blockage of Cell InstructionFetch_Module_InstructionMemory_instr_sram  ( met2 )
Bounds : ( 484.900, 1048.140 ) ( 487.900, 1048.540 )


SHORT: ( Metal Short ) Special Wire of Net VDD & Blockage of Cell InstructionFetch_Module_InstructionMemory_instr_sram  ( met2 )
Bounds : ( 484.900, 1056.420 ) ( 487.900, 1056.820 )


SHORT: ( Metal Short ) Special Wire of Net VSS & Blockage of Cell InstructionFetch_Module_InstructionMemory_instr_sram  ( met2 )
Bounds : ( 507.900, 1019.160 ) ( 510.900, 1019.560 )


SHORT: ( Metal Short ) Special Wire of Net VSS & Blockage of Cell InstructionFetch_Module_InstructionMemory_instr_sram  ( met2 )
Bounds : ( 507.900, 1027.440 ) ( 510.900, 1027.840 )


SHORT: ( Metal Short ) Special Wire of Net VSS & Blockage of Cell InstructionFetch_Module_InstructionMemory_instr_sram  ( met2 )
Bounds : ( 507.900, 1035.720 ) ( 510.900, 1036.120 )


SHORT: ( Metal Short ) Special Wire of Net VSS & Blockage of Cell InstructionFetch_Module_InstructionMemory_instr_sram  ( met2 )
Bounds : ( 507.900, 1044.000 ) ( 510.900, 1044.400 )


SHORT: ( Metal Short ) Special Wire of Net VSS & Blockage of Cell InstructionFetch_Module_InstructionMemory_instr_sram  ( met2 )
Bounds : ( 507.900, 1052.280 ) ( 510.900, 1052.680 )


SHORT: ( Metal Short ) Special Wire of Net VDD & Blockage of Cell InstructionFetch_Module_InstructionMemory_instr_sram  ( met3 )
Bounds : ( 484.900, 1023.300 ) ( 487.900, 1023.700 )


SHORT: ( Metal Short ) Special Wire of Net VDD & Blockage of Cell InstructionFetch_Module_InstructionMemory_instr_sram  ( met3 )
Bounds : ( 484.900, 1031.580 ) ( 487.900, 1031.980 )


SHORT: ( Metal Short ) Special Wire of Net VDD & Blockage of Cell InstructionFetch_Module_InstructionMemory_instr_sram  ( met3 )
Bounds : ( 484.900, 1039.860 ) ( 487.900, 1040.260 )


SHORT: ( Metal Short ) Special Wire of Net VDD & Blockage of Cell InstructionFetch_Module_InstructionMemory_instr_sram  ( met3 )
Bounds : ( 484.900, 1048.140 ) ( 487.900, 1048.540 )


SHORT: ( Metal Short ) Special Wire of Net VDD & Blockage of Cell InstructionFetch_Module_InstructionMemory_instr_sram  ( met3 )
Bounds : ( 484.900, 1056.420 ) ( 487.900, 1056.820 )


SHORT: ( Metal Short ) Special Wire of Net VSS & Blockage of Cell InstructionFetch_Module_InstructionMemory_instr_sram  ( met3 )
Bounds : ( 507.900, 1019.160 ) ( 510.900, 1019.560 )


SHORT: ( Metal Short ) Special Wire of Net VSS & Blockage of Cell InstructionFetch_Module_InstructionMemory_instr_sram  ( met3 )
Bounds : ( 507.900, 1027.440 ) ( 510.900, 1027.840 )


SHORT: ( Metal Short ) Special Wire of Net VSS & Blockage of Cell InstructionFetch_Module_InstructionMemory_instr_sram  ( met3 )
Bounds : ( 507.900, 1035.720 ) ( 510.900, 1036.120 )


SHORT: ( Metal Short ) Special Wire of Net VSS & Blockage of Cell InstructionFetch_Module_InstructionMemory_instr_sram  ( met3 )
Bounds : ( 507.900, 1044.000 ) ( 510.900, 1044.400 )


SHORT: ( Metal Short ) Special Wire of Net VSS & Blockage of Cell InstructionFetch_Module_InstructionMemory_instr_sram  ( met3 )
Bounds : ( 507.900, 1052.280 ) ( 510.900, 1052.680 )


SHORT: ( Metal Short ) Special Wire of Net VDD & Blockage of Cell InstructionFetch_Module_InstructionMemory_instr_sram  ( met2 )
Bounds : ( 434.900, 1023.300 ) ( 437.900, 1023.700 )


SHORT: ( Metal Short ) Special Wire of Net VDD & Blockage of Cell InstructionFetch_Module_InstructionMemory_instr_sram  ( met2 )
Bounds : ( 434.900, 1031.580 ) ( 437.900, 1031.980 )


SHORT: ( Metal Short ) Special Wire of Net VDD & Blockage of Cell InstructionFetch_Module_InstructionMemory_instr_sram  ( met2 )
Bounds : ( 434.900, 1039.860 ) ( 437.900, 1040.260 )


SHORT: ( Metal Short ) Special Wire of Net VDD & Blockage of Cell InstructionFetch_Module_InstructionMemory_instr_sram  ( met2 )
Bounds : ( 434.900, 1048.140 ) ( 437.900, 1048.540 )


SHORT: ( Metal Short ) Special Wire of Net VDD & Blockage of Cell InstructionFetch_Module_InstructionMemory_instr_sram  ( met2 )
Bounds : ( 434.900, 1056.420 ) ( 437.900, 1056.820 )


SHORT: ( Metal Short ) Special Wire of Net VSS & Blockage of Cell InstructionFetch_Module_InstructionMemory_instr_sram  ( met2 )
Bounds : ( 457.900, 1019.160 ) ( 460.900, 1019.560 )


SHORT: ( Metal Short ) Special Wire of Net VSS & Blockage of Cell InstructionFetch_Module_InstructionMemory_instr_sram  ( met2 )
Bounds : ( 457.900, 1027.440 ) ( 460.900, 1027.840 )


SHORT: ( Metal Short ) Special Wire of Net VSS & Blockage of Cell InstructionFetch_Module_InstructionMemory_instr_sram  ( met2 )
Bounds : ( 457.900, 1035.720 ) ( 460.900, 1036.120 )


SHORT: ( Metal Short ) Special Wire of Net VSS & Blockage of Cell InstructionFetch_Module_InstructionMemory_instr_sram  ( met2 )
Bounds : ( 457.900, 1044.000 ) ( 460.900, 1044.400 )


SHORT: ( Metal Short ) Special Wire of Net VSS & Blockage of Cell InstructionFetch_Module_InstructionMemory_instr_sram  ( met2 )
Bounds : ( 457.900, 1052.280 ) ( 460.900, 1052.680 )


SHORT: ( Metal Short ) Special Wire of Net VDD & Blockage of Cell InstructionFetch_Module_InstructionMemory_instr_sram  ( met3 )
Bounds : ( 434.900, 1023.300 ) ( 437.900, 1023.700 )


SHORT: ( Metal Short ) Special Wire of Net VDD & Blockage of Cell InstructionFetch_Module_InstructionMemory_instr_sram  ( met3 )
Bounds : ( 434.900, 1031.580 ) ( 437.900, 1031.980 )


SHORT: ( Metal Short ) Special Wire of Net VDD & Blockage of Cell InstructionFetch_Module_InstructionMemory_instr_sram  ( met3 )
Bounds : ( 434.900, 1039.860 ) ( 437.900, 1040.260 )


SHORT: ( Metal Short ) Special Wire of Net VDD & Blockage of Cell InstructionFetch_Module_InstructionMemory_instr_sram  ( met3 )
Bounds : ( 434.900, 1048.140 ) ( 437.900, 1048.540 )


SHORT: ( Metal Short ) Special Wire of Net VDD & Blockage of Cell InstructionFetch_Module_InstructionMemory_instr_sram  ( met3 )
Bounds : ( 434.900, 1056.420 ) ( 437.900, 1056.820 )


SHORT: ( Metal Short ) Special Wire of Net VSS & Blockage of Cell InstructionFetch_Module_InstructionMemory_instr_sram  ( met3 )
Bounds : ( 457.900, 1019.160 ) ( 460.900, 1019.560 )


SHORT: ( Metal Short ) Special Wire of Net VSS & Blockage of Cell InstructionFetch_Module_InstructionMemory_instr_sram  ( met3 )
Bounds : ( 457.900, 1027.440 ) ( 460.900, 1027.840 )


SHORT: ( Metal Short ) Special Wire of Net VSS & Blockage of Cell InstructionFetch_Module_InstructionMemory_instr_sram  ( met3 )
Bounds : ( 457.900, 1035.720 ) ( 460.900, 1036.120 )


SHORT: ( Metal Short ) Special Wire of Net VSS & Blockage of Cell InstructionFetch_Module_InstructionMemory_instr_sram  ( met3 )
Bounds : ( 457.900, 1044.000 ) ( 460.900, 1044.400 )


SHORT: ( Metal Short ) Special Wire of Net VSS & Blockage of Cell InstructionFetch_Module_InstructionMemory_instr_sram  ( met3 )
Bounds : ( 457.900, 1052.280 ) ( 460.900, 1052.680 )


SHORT: ( Metal Short ) Special Wire of Net VDD & Blockage of Cell InstructionFetch_Module_InstructionMemory_instr_sram  ( met2 )
Bounds : ( 484.900, 981.900 ) ( 487.900, 982.300 )


SHORT: ( Metal Short ) Special Wire of Net VDD & Blockage of Cell InstructionFetch_Module_InstructionMemory_instr_sram  ( met2 )
Bounds : ( 484.900, 990.180 ) ( 487.900, 990.580 )


SHORT: ( Metal Short ) Special Wire of Net VDD & Blockage of Cell InstructionFetch_Module_InstructionMemory_instr_sram  ( met2 )
Bounds : ( 484.900, 998.460 ) ( 487.900, 998.860 )


SHORT: ( Metal Short ) Special Wire of Net VDD & Blockage of Cell InstructionFetch_Module_InstructionMemory_instr_sram  ( met2 )
Bounds : ( 484.900, 1006.740 ) ( 487.900, 1007.140 )


SHORT: ( Metal Short ) Special Wire of Net VDD & Blockage of Cell InstructionFetch_Module_InstructionMemory_instr_sram  ( met2 )
Bounds : ( 484.900, 1015.020 ) ( 487.900, 1015.420 )


SHORT: ( Metal Short ) Special Wire of Net VSS & Blockage of Cell InstructionFetch_Module_InstructionMemory_instr_sram  ( met2 )
Bounds : ( 507.900, 977.760 ) ( 510.900, 978.160 )


SHORT: ( Metal Short ) Special Wire of Net VSS & Blockage of Cell InstructionFetch_Module_InstructionMemory_instr_sram  ( met2 )
Bounds : ( 507.900, 986.040 ) ( 510.900, 986.440 )


SHORT: ( Metal Short ) Special Wire of Net VSS & Blockage of Cell InstructionFetch_Module_InstructionMemory_instr_sram  ( met2 )
Bounds : ( 507.900, 994.320 ) ( 510.900, 994.720 )


SHORT: ( Metal Short ) Special Wire of Net VSS & Blockage of Cell InstructionFetch_Module_InstructionMemory_instr_sram  ( met2 )
Bounds : ( 507.900, 1002.600 ) ( 510.900, 1003.000 )


SHORT: ( Metal Short ) Special Wire of Net VSS & Blockage of Cell InstructionFetch_Module_InstructionMemory_instr_sram  ( met2 )
Bounds : ( 507.900, 1010.880 ) ( 510.900, 1011.280 )


SHORT: ( Metal Short ) Special Wire of Net VDD & Blockage of Cell InstructionFetch_Module_InstructionMemory_instr_sram  ( met3 )
Bounds : ( 484.900, 981.900 ) ( 487.900, 982.300 )


SHORT: ( Metal Short ) Special Wire of Net VDD & Blockage of Cell InstructionFetch_Module_InstructionMemory_instr_sram  ( met3 )
Bounds : ( 484.900, 990.180 ) ( 487.900, 990.580 )


SHORT: ( Metal Short ) Special Wire of Net VDD & Blockage of Cell InstructionFetch_Module_InstructionMemory_instr_sram  ( met3 )
Bounds : ( 484.900, 998.460 ) ( 487.900, 998.860 )


SHORT: ( Metal Short ) Special Wire of Net VDD & Blockage of Cell InstructionFetch_Module_InstructionMemory_instr_sram  ( met3 )
Bounds : ( 484.900, 1006.740 ) ( 487.900, 1007.140 )


SHORT: ( Metal Short ) Special Wire of Net VDD & Blockage of Cell InstructionFetch_Module_InstructionMemory_instr_sram  ( met3 )
Bounds : ( 484.900, 1015.020 ) ( 487.900, 1015.420 )


SHORT: ( Metal Short ) Special Wire of Net VSS & Blockage of Cell InstructionFetch_Module_InstructionMemory_instr_sram  ( met3 )
Bounds : ( 507.900, 977.760 ) ( 510.900, 978.160 )


SHORT: ( Metal Short ) Special Wire of Net VSS & Blockage of Cell InstructionFetch_Module_InstructionMemory_instr_sram  ( met3 )
Bounds : ( 507.900, 986.040 ) ( 510.900, 986.440 )


SHORT: ( Metal Short ) Special Wire of Net VSS & Blockage of Cell InstructionFetch_Module_InstructionMemory_instr_sram  ( met3 )
Bounds : ( 507.900, 994.320 ) ( 510.900, 994.720 )


SHORT: ( Metal Short ) Special Wire of Net VSS & Blockage of Cell InstructionFetch_Module_InstructionMemory_instr_sram  ( met3 )
Bounds : ( 507.900, 1002.600 ) ( 510.900, 1003.000 )


SHORT: ( Metal Short ) Special Wire of Net VSS & Blockage of Cell InstructionFetch_Module_InstructionMemory_instr_sram  ( met3 )
Bounds : ( 507.900, 1010.880 ) ( 510.900, 1011.280 )


SHORT: ( Metal Short ) Special Wire of Net VDD & Blockage of Cell InstructionFetch_Module_InstructionMemory_instr_sram  ( met2 )
Bounds : ( 434.900, 981.900 ) ( 437.900, 982.300 )


SHORT: ( Metal Short ) Special Wire of Net VDD & Blockage of Cell InstructionFetch_Module_InstructionMemory_instr_sram  ( met2 )
Bounds : ( 434.900, 990.180 ) ( 437.900, 990.580 )


SHORT: ( Metal Short ) Special Wire of Net VDD & Blockage of Cell InstructionFetch_Module_InstructionMemory_instr_sram  ( met2 )
Bounds : ( 434.900, 998.460 ) ( 437.900, 998.860 )


SHORT: ( Metal Short ) Special Wire of Net VDD & Blockage of Cell InstructionFetch_Module_InstructionMemory_instr_sram  ( met2 )
Bounds : ( 434.900, 1006.740 ) ( 437.900, 1007.140 )


SHORT: ( Metal Short ) Special Wire of Net VDD & Blockage of Cell InstructionFetch_Module_InstructionMemory_instr_sram  ( met2 )
Bounds : ( 434.900, 1015.020 ) ( 437.900, 1015.420 )


SHORT: ( Metal Short ) Special Wire of Net VSS & Blockage of Cell InstructionFetch_Module_InstructionMemory_instr_sram  ( met2 )
Bounds : ( 457.900, 977.760 ) ( 460.900, 978.160 )


SHORT: ( Metal Short ) Special Wire of Net VSS & Blockage of Cell InstructionFetch_Module_InstructionMemory_instr_sram  ( met2 )
Bounds : ( 457.900, 986.040 ) ( 460.900, 986.440 )


SHORT: ( Metal Short ) Special Wire of Net VSS & Blockage of Cell InstructionFetch_Module_InstructionMemory_instr_sram  ( met2 )
Bounds : ( 457.900, 994.320 ) ( 460.900, 994.720 )


SHORT: ( Metal Short ) Special Wire of Net VSS & Blockage of Cell InstructionFetch_Module_InstructionMemory_instr_sram  ( met2 )
Bounds : ( 457.900, 1002.600 ) ( 460.900, 1003.000 )


SHORT: ( Metal Short ) Special Wire of Net VSS & Blockage of Cell InstructionFetch_Module_InstructionMemory_instr_sram  ( met2 )
Bounds : ( 457.900, 1010.880 ) ( 460.900, 1011.280 )


SHORT: ( Metal Short ) Special Wire of Net VDD & Blockage of Cell InstructionFetch_Module_InstructionMemory_instr_sram  ( met3 )
Bounds : ( 434.900, 981.900 ) ( 437.900, 982.300 )


SHORT: ( Metal Short ) Special Wire of Net VDD & Blockage of Cell InstructionFetch_Module_InstructionMemory_instr_sram  ( met3 )
Bounds : ( 434.900, 990.180 ) ( 437.900, 990.580 )


SHORT: ( Metal Short ) Special Wire of Net VDD & Blockage of Cell InstructionFetch_Module_InstructionMemory_instr_sram  ( met3 )
Bounds : ( 434.900, 998.460 ) ( 437.900, 998.860 )


SHORT: ( Metal Short ) Special Wire of Net VDD & Blockage of Cell InstructionFetch_Module_InstructionMemory_instr_sram  ( met3 )
Bounds : ( 434.900, 1006.740 ) ( 437.900, 1007.140 )


SHORT: ( Metal Short ) Special Wire of Net VDD & Blockage of Cell InstructionFetch_Module_InstructionMemory_instr_sram  ( met3 )
Bounds : ( 434.900, 1015.020 ) ( 437.900, 1015.420 )


SHORT: ( Metal Short ) Special Wire of Net VSS & Blockage of Cell InstructionFetch_Module_InstructionMemory_instr_sram  ( met3 )
Bounds : ( 457.900, 977.760 ) ( 460.900, 978.160 )


SHORT: ( Metal Short ) Special Wire of Net VSS & Blockage of Cell InstructionFetch_Module_InstructionMemory_instr_sram  ( met3 )
Bounds : ( 457.900, 986.040 ) ( 460.900, 986.440 )


SHORT: ( Metal Short ) Special Wire of Net VSS & Blockage of Cell InstructionFetch_Module_InstructionMemory_instr_sram  ( met3 )
Bounds : ( 457.900, 994.320 ) ( 460.900, 994.720 )


SHORT: ( Metal Short ) Special Wire of Net VSS & Blockage of Cell InstructionFetch_Module_InstructionMemory_instr_sram  ( met3 )
Bounds : ( 457.900, 1002.600 ) ( 460.900, 1003.000 )


SHORT: ( Metal Short ) Special Wire of Net VSS & Blockage of Cell InstructionFetch_Module_InstructionMemory_instr_sram  ( met3 )
Bounds : ( 457.900, 1010.880 ) ( 460.900, 1011.280 )


SHORT: ( Metal Short ) Special Wire of Net VSS & Blockage of Cell InstructionFetch_Module_InstructionMemory_instr_sram  ( met2 )
Bounds : ( 407.900, 1019.160 ) ( 410.900, 1019.560 )


SHORT: ( Metal Short ) Special Wire of Net VSS & Blockage of Cell InstructionFetch_Module_InstructionMemory_instr_sram  ( met2 )
Bounds : ( 407.900, 1027.440 ) ( 410.900, 1027.840 )


SHORT: ( Metal Short ) Special Wire of Net VSS & Blockage of Cell InstructionFetch_Module_InstructionMemory_instr_sram  ( met2 )
Bounds : ( 407.900, 1035.720 ) ( 410.900, 1036.120 )


SHORT: ( Metal Short ) Special Wire of Net VSS & Blockage of Cell InstructionFetch_Module_InstructionMemory_instr_sram  ( met2 )
Bounds : ( 407.900, 1044.000 ) ( 410.900, 1044.400 )


SHORT: ( Metal Short ) Special Wire of Net VSS & Blockage of Cell InstructionFetch_Module_InstructionMemory_instr_sram  ( met2 )
Bounds : ( 407.900, 1052.280 ) ( 410.900, 1052.680 )


SHORT: ( Metal Short ) Special Wire of Net VSS & Blockage of Cell InstructionFetch_Module_InstructionMemory_instr_sram  ( met3 )
Bounds : ( 407.900, 1019.160 ) ( 410.900, 1019.560 )


SHORT: ( Metal Short ) Special Wire of Net VSS & Blockage of Cell InstructionFetch_Module_InstructionMemory_instr_sram  ( met3 )
Bounds : ( 407.900, 1027.440 ) ( 410.900, 1027.840 )


SHORT: ( Metal Short ) Special Wire of Net VSS & Blockage of Cell InstructionFetch_Module_InstructionMemory_instr_sram  ( met3 )
Bounds : ( 407.900, 1035.720 ) ( 410.900, 1036.120 )


SHORT: ( Metal Short ) Special Wire of Net VSS & Blockage of Cell InstructionFetch_Module_InstructionMemory_instr_sram  ( met3 )
Bounds : ( 407.900, 1044.000 ) ( 410.900, 1044.400 )


SHORT: ( Metal Short ) Special Wire of Net VSS & Blockage of Cell InstructionFetch_Module_InstructionMemory_instr_sram  ( met3 )
Bounds : ( 407.900, 1052.280 ) ( 410.900, 1052.680 )


SHORT: ( Metal Short ) Special Wire of Net VSS & Blockage of Cell InstructionFetch_Module_InstructionMemory_instr_sram  ( met2 )
Bounds : ( 357.900, 1019.160 ) ( 360.900, 1019.560 )


SHORT: ( Metal Short ) Special Wire of Net VSS & Blockage of Cell InstructionFetch_Module_InstructionMemory_instr_sram  ( met2 )
Bounds : ( 357.900, 1027.440 ) ( 360.900, 1027.840 )


SHORT: ( Metal Short ) Special Wire of Net VSS & Blockage of Cell InstructionFetch_Module_InstructionMemory_instr_sram  ( met2 )
Bounds : ( 357.900, 1035.720 ) ( 360.900, 1036.120 )


SHORT: ( Metal Short ) Special Wire of Net VSS & Blockage of Cell InstructionFetch_Module_InstructionMemory_instr_sram  ( met2 )
Bounds : ( 357.900, 1044.000 ) ( 360.900, 1044.400 )


SHORT: ( Metal Short ) Special Wire of Net VSS & Blockage of Cell InstructionFetch_Module_InstructionMemory_instr_sram  ( met2 )
Bounds : ( 357.900, 1052.280 ) ( 360.900, 1052.680 )


SHORT: ( Metal Short ) Special Wire of Net VDD & Blockage of Cell InstructionFetch_Module_InstructionMemory_instr_sram  ( met2 )
Bounds : ( 384.900, 1023.300 ) ( 387.900, 1023.700 )


SHORT: ( Metal Short ) Special Wire of Net VDD & Blockage of Cell InstructionFetch_Module_InstructionMemory_instr_sram  ( met2 )
Bounds : ( 384.900, 1031.580 ) ( 387.900, 1031.980 )


SHORT: ( Metal Short ) Special Wire of Net VDD & Blockage of Cell InstructionFetch_Module_InstructionMemory_instr_sram  ( met2 )
Bounds : ( 384.900, 1039.860 ) ( 387.900, 1040.260 )


SHORT: ( Metal Short ) Special Wire of Net VDD & Blockage of Cell InstructionFetch_Module_InstructionMemory_instr_sram  ( met2 )
Bounds : ( 384.900, 1048.140 ) ( 387.900, 1048.540 )


SHORT: ( Metal Short ) Special Wire of Net VDD & Blockage of Cell InstructionFetch_Module_InstructionMemory_instr_sram  ( met2 )
Bounds : ( 384.900, 1056.420 ) ( 387.900, 1056.820 )


SHORT: ( Metal Short ) Special Wire of Net VSS & Blockage of Cell InstructionFetch_Module_InstructionMemory_instr_sram  ( met3 )
Bounds : ( 357.900, 1019.160 ) ( 360.900, 1019.560 )


SHORT: ( Metal Short ) Special Wire of Net VSS & Blockage of Cell InstructionFetch_Module_InstructionMemory_instr_sram  ( met3 )
Bounds : ( 357.900, 1027.440 ) ( 360.900, 1027.840 )


SHORT: ( Metal Short ) Special Wire of Net VSS & Blockage of Cell InstructionFetch_Module_InstructionMemory_instr_sram  ( met3 )
Bounds : ( 357.900, 1035.720 ) ( 360.900, 1036.120 )


SHORT: ( Metal Short ) Special Wire of Net VSS & Blockage of Cell InstructionFetch_Module_InstructionMemory_instr_sram  ( met3 )
Bounds : ( 357.900, 1044.000 ) ( 360.900, 1044.400 )


SHORT: ( Metal Short ) Special Wire of Net VSS & Blockage of Cell InstructionFetch_Module_InstructionMemory_instr_sram  ( met3 )
Bounds : ( 357.900, 1052.280 ) ( 360.900, 1052.680 )


SHORT: ( Metal Short ) Special Wire of Net VDD & Blockage of Cell InstructionFetch_Module_InstructionMemory_instr_sram  ( met3 )
Bounds : ( 384.900, 1023.300 ) ( 387.900, 1023.700 )


SHORT: ( Metal Short ) Special Wire of Net VDD & Blockage of Cell InstructionFetch_Module_InstructionMemory_instr_sram  ( met3 )
Bounds : ( 384.900, 1031.580 ) ( 387.900, 1031.980 )


SHORT: ( Metal Short ) Special Wire of Net VDD & Blockage of Cell InstructionFetch_Module_InstructionMemory_instr_sram  ( met3 )
Bounds : ( 384.900, 1039.860 ) ( 387.900, 1040.260 )


SHORT: ( Metal Short ) Special Wire of Net VDD & Blockage of Cell InstructionFetch_Module_InstructionMemory_instr_sram  ( met3 )
Bounds : ( 384.900, 1048.140 ) ( 387.900, 1048.540 )


SHORT: ( Metal Short ) Special Wire of Net VDD & Blockage of Cell InstructionFetch_Module_InstructionMemory_instr_sram  ( met3 )
Bounds : ( 384.900, 1056.420 ) ( 387.900, 1056.820 )


SHORT: ( Metal Short ) Special Wire of Net VSS & Blockage of Cell InstructionFetch_Module_InstructionMemory_instr_sram  ( met2 )
Bounds : ( 407.900, 977.760 ) ( 410.900, 978.160 )


SHORT: ( Metal Short ) Special Wire of Net VSS & Blockage of Cell InstructionFetch_Module_InstructionMemory_instr_sram  ( met2 )
Bounds : ( 407.900, 986.040 ) ( 410.900, 986.440 )


SHORT: ( Metal Short ) Special Wire of Net VSS & Blockage of Cell InstructionFetch_Module_InstructionMemory_instr_sram  ( met2 )
Bounds : ( 407.900, 994.320 ) ( 410.900, 994.720 )


SHORT: ( Metal Short ) Special Wire of Net VSS & Blockage of Cell InstructionFetch_Module_InstructionMemory_instr_sram  ( met2 )
Bounds : ( 407.900, 1002.600 ) ( 410.900, 1003.000 )


SHORT: ( Metal Short ) Special Wire of Net VSS & Blockage of Cell InstructionFetch_Module_InstructionMemory_instr_sram  ( met2 )
Bounds : ( 407.900, 1010.880 ) ( 410.900, 1011.280 )


SHORT: ( Metal Short ) Special Wire of Net VSS & Blockage of Cell InstructionFetch_Module_InstructionMemory_instr_sram  ( met3 )
Bounds : ( 407.900, 977.760 ) ( 410.900, 978.160 )


SHORT: ( Metal Short ) Special Wire of Net VSS & Blockage of Cell InstructionFetch_Module_InstructionMemory_instr_sram  ( met3 )
Bounds : ( 407.900, 986.040 ) ( 410.900, 986.440 )


SHORT: ( Metal Short ) Special Wire of Net VSS & Blockage of Cell InstructionFetch_Module_InstructionMemory_instr_sram  ( met3 )
Bounds : ( 407.900, 994.320 ) ( 410.900, 994.720 )


SHORT: ( Metal Short ) Special Wire of Net VSS & Blockage of Cell InstructionFetch_Module_InstructionMemory_instr_sram  ( met3 )
Bounds : ( 407.900, 1002.600 ) ( 410.900, 1003.000 )


SHORT: ( Metal Short ) Special Wire of Net VSS & Blockage of Cell InstructionFetch_Module_InstructionMemory_instr_sram  ( met3 )
Bounds : ( 407.900, 1010.880 ) ( 410.900, 1011.280 )


SHORT: ( Metal Short ) Special Wire of Net VSS & Blockage of Cell InstructionFetch_Module_InstructionMemory_instr_sram  ( met2 )
Bounds : ( 357.900, 977.760 ) ( 360.900, 978.160 )


SHORT: ( Metal Short ) Special Wire of Net VSS & Blockage of Cell InstructionFetch_Module_InstructionMemory_instr_sram  ( met2 )
Bounds : ( 357.900, 986.040 ) ( 360.900, 986.440 )


SHORT: ( Metal Short ) Special Wire of Net VSS & Blockage of Cell InstructionFetch_Module_InstructionMemory_instr_sram  ( met2 )
Bounds : ( 357.900, 994.320 ) ( 360.900, 994.720 )


SHORT: ( Metal Short ) Special Wire of Net VSS & Blockage of Cell InstructionFetch_Module_InstructionMemory_instr_sram  ( met2 )
Bounds : ( 357.900, 1002.600 ) ( 360.900, 1003.000 )


SHORT: ( Metal Short ) Special Wire of Net VSS & Blockage of Cell InstructionFetch_Module_InstructionMemory_instr_sram  ( met2 )
Bounds : ( 357.900, 1010.880 ) ( 360.900, 1011.280 )


SHORT: ( Metal Short ) Special Wire of Net VDD & Blockage of Cell InstructionFetch_Module_InstructionMemory_instr_sram  ( met2 )
Bounds : ( 384.900, 981.900 ) ( 387.900, 982.300 )


SHORT: ( Metal Short ) Special Wire of Net VDD & Blockage of Cell InstructionFetch_Module_InstructionMemory_instr_sram  ( met2 )
Bounds : ( 384.900, 990.180 ) ( 387.900, 990.580 )


SHORT: ( Metal Short ) Special Wire of Net VDD & Blockage of Cell InstructionFetch_Module_InstructionMemory_instr_sram  ( met2 )
Bounds : ( 384.900, 998.460 ) ( 387.900, 998.860 )


SHORT: ( Metal Short ) Special Wire of Net VDD & Blockage of Cell InstructionFetch_Module_InstructionMemory_instr_sram  ( met2 )
Bounds : ( 384.900, 1006.740 ) ( 387.900, 1007.140 )


SHORT: ( Metal Short ) Special Wire of Net VDD & Blockage of Cell InstructionFetch_Module_InstructionMemory_instr_sram  ( met2 )
Bounds : ( 384.900, 1015.020 ) ( 387.900, 1015.420 )


SHORT: ( Metal Short ) Special Wire of Net VSS & Blockage of Cell InstructionFetch_Module_InstructionMemory_instr_sram  ( met3 )
Bounds : ( 357.900, 977.760 ) ( 360.900, 978.160 )


SHORT: ( Metal Short ) Special Wire of Net VSS & Blockage of Cell InstructionFetch_Module_InstructionMemory_instr_sram  ( met3 )
Bounds : ( 357.900, 986.040 ) ( 360.900, 986.440 )


SHORT: ( Metal Short ) Special Wire of Net VSS & Blockage of Cell InstructionFetch_Module_InstructionMemory_instr_sram  ( met3 )
Bounds : ( 357.900, 994.320 ) ( 360.900, 994.720 )


SHORT: ( Metal Short ) Special Wire of Net VSS & Blockage of Cell InstructionFetch_Module_InstructionMemory_instr_sram  ( met3 )
Bounds : ( 357.900, 1002.600 ) ( 360.900, 1003.000 )


SHORT: ( Metal Short ) Special Wire of Net VSS & Blockage of Cell InstructionFetch_Module_InstructionMemory_instr_sram  ( met3 )
Bounds : ( 357.900, 1010.880 ) ( 360.900, 1011.280 )


SHORT: ( Metal Short ) Special Wire of Net VDD & Blockage of Cell InstructionFetch_Module_InstructionMemory_instr_sram  ( met3 )
Bounds : ( 384.900, 981.900 ) ( 387.900, 982.300 )


SHORT: ( Metal Short ) Special Wire of Net VDD & Blockage of Cell InstructionFetch_Module_InstructionMemory_instr_sram  ( met3 )
Bounds : ( 384.900, 990.180 ) ( 387.900, 990.580 )


SHORT: ( Metal Short ) Special Wire of Net VDD & Blockage of Cell InstructionFetch_Module_InstructionMemory_instr_sram  ( met3 )
Bounds : ( 384.900, 998.460 ) ( 387.900, 998.860 )


SHORT: ( Metal Short ) Special Wire of Net VDD & Blockage of Cell InstructionFetch_Module_InstructionMemory_instr_sram  ( met3 )
Bounds : ( 384.900, 1006.740 ) ( 387.900, 1007.140 )


SHORT: ( Metal Short ) Special Wire of Net VDD & Blockage of Cell InstructionFetch_Module_InstructionMemory_instr_sram  ( met3 )
Bounds : ( 384.900, 1015.020 ) ( 387.900, 1015.420 )


SHORT: ( Metal Short ) Special Wire of Net VDD & Blockage of Cell InstructionFetch_Module_InstructionMemory_instr_sram  ( met2 )
Bounds : ( 284.900, 1106.100 ) ( 287.900, 1106.500 )


SHORT: ( Metal Short ) Special Wire of Net VDD & Blockage of Cell InstructionFetch_Module_InstructionMemory_instr_sram  ( met2 )
Bounds : ( 284.900, 1114.380 ) ( 287.900, 1114.780 )


SHORT: ( Metal Short ) Special Wire of Net VDD & Blockage of Cell InstructionFetch_Module_InstructionMemory_instr_sram  ( met2 )
Bounds : ( 284.900, 1122.660 ) ( 287.900, 1123.060 )


SHORT: ( Metal Short ) Special Wire of Net VSS & Blockage of Cell InstructionFetch_Module_InstructionMemory_instr_sram  ( met2 )
Bounds : ( 307.900, 1101.960 ) ( 310.900, 1102.360 )


SHORT: ( Metal Short ) Special Wire of Net VSS & Blockage of Cell InstructionFetch_Module_InstructionMemory_instr_sram  ( met2 )
Bounds : ( 307.900, 1110.240 ) ( 310.900, 1110.640 )


SHORT: ( Metal Short ) Special Wire of Net VSS & Blockage of Cell InstructionFetch_Module_InstructionMemory_instr_sram  ( met2 )
Bounds : ( 307.900, 1118.520 ) ( 310.900, 1118.920 )


SHORT: ( Metal Short ) Special Wire of Net VSS & Blockage of Cell InstructionFetch_Module_InstructionMemory_instr_sram  ( met2 )
Bounds : ( 307.900, 1126.800 ) ( 310.900, 1127.200 )


SHORT: ( Metal Short ) Special Wire of Net VDD & Blockage of Cell InstructionFetch_Module_InstructionMemory_instr_sram  ( met2 )
Bounds : ( 334.900, 1106.100 ) ( 337.900, 1106.500 )


SHORT: ( Metal Short ) Special Wire of Net VDD & Blockage of Cell InstructionFetch_Module_InstructionMemory_instr_sram  ( met2 )
Bounds : ( 334.900, 1114.380 ) ( 337.900, 1114.780 )


SHORT: ( Metal Short ) Special Wire of Net VDD & Blockage of Cell InstructionFetch_Module_InstructionMemory_instr_sram  ( met2 )
Bounds : ( 334.900, 1122.660 ) ( 337.900, 1123.060 )


SHORT: ( Metal Short ) Special Wire of Net VDD & Blockage of Cell InstructionFetch_Module_InstructionMemory_instr_sram  ( met3 )
Bounds : ( 284.900, 1106.100 ) ( 287.900, 1106.500 )


SHORT: ( Metal Short ) Special Wire of Net VDD & Blockage of Cell InstructionFetch_Module_InstructionMemory_instr_sram  ( met3 )
Bounds : ( 284.900, 1114.380 ) ( 287.900, 1114.780 )


SHORT: ( Metal Short ) Special Wire of Net VDD & Blockage of Cell InstructionFetch_Module_InstructionMemory_instr_sram  ( met3 )
Bounds : ( 284.900, 1122.660 ) ( 287.900, 1123.060 )


SHORT: ( Metal Short ) Special Wire of Net VSS & Blockage of Cell InstructionFetch_Module_InstructionMemory_instr_sram  ( met3 )
Bounds : ( 307.900, 1101.960 ) ( 310.900, 1102.360 )


SHORT: ( Metal Short ) Special Wire of Net VSS & Blockage of Cell InstructionFetch_Module_InstructionMemory_instr_sram  ( met3 )
Bounds : ( 307.900, 1110.240 ) ( 310.900, 1110.640 )


SHORT: ( Metal Short ) Special Wire of Net VSS & Blockage of Cell InstructionFetch_Module_InstructionMemory_instr_sram  ( met3 )
Bounds : ( 307.900, 1118.520 ) ( 310.900, 1118.920 )


SHORT: ( Metal Short ) Special Wire of Net VSS & Blockage of Cell InstructionFetch_Module_InstructionMemory_instr_sram  ( met3 )
Bounds : ( 307.900, 1126.800 ) ( 310.900, 1127.200 )


SHORT: ( Metal Short ) Special Wire of Net VDD & Blockage of Cell InstructionFetch_Module_InstructionMemory_instr_sram  ( met3 )
Bounds : ( 334.900, 1106.100 ) ( 337.900, 1106.500 )


SHORT: ( Metal Short ) Special Wire of Net VDD & Blockage of Cell InstructionFetch_Module_InstructionMemory_instr_sram  ( met3 )
Bounds : ( 334.900, 1114.380 ) ( 337.900, 1114.780 )


SHORT: ( Metal Short ) Special Wire of Net VDD & Blockage of Cell InstructionFetch_Module_InstructionMemory_instr_sram  ( met3 )
Bounds : ( 334.900, 1122.660 ) ( 337.900, 1123.060 )


SHORT: ( Metal Short ) Special Wire of Net VDD & Blockage of Cell InstructionFetch_Module_InstructionMemory_instr_sram  ( met2 )
Bounds : ( 284.900, 1130.940 ) ( 287.900, 1131.340 )


SHORT: ( Metal Short ) Special Wire of Net VSS & Blockage of Cell InstructionFetch_Module_InstructionMemory_instr_sram  ( met2 )
Bounds : ( 307.900, 1135.080 ) ( 310.900, 1135.480 )


SHORT: ( Metal Short ) Special Wire of Net VDD & Blockage of Cell InstructionFetch_Module_InstructionMemory_instr_sram  ( met2 )
Bounds : ( 334.900, 1130.940 ) ( 337.900, 1131.340 )


SHORT: ( Metal Short ) Special Wire of Net VDD & Blockage of Cell InstructionFetch_Module_InstructionMemory_instr_sram  ( met3 )
Bounds : ( 284.900, 1130.940 ) ( 287.900, 1131.340 )


SHORT: ( Metal Short ) Special Wire of Net VSS & Blockage of Cell InstructionFetch_Module_InstructionMemory_instr_sram  ( met3 )
Bounds : ( 307.900, 1135.080 ) ( 310.900, 1135.480 )


SHORT: ( Metal Short ) Special Wire of Net VDD & Blockage of Cell InstructionFetch_Module_InstructionMemory_instr_sram  ( met3 )
Bounds : ( 334.900, 1130.940 ) ( 337.900, 1131.340 )


SHORT: ( Metal Short ) Special Wire of Net VDD & Blockage of Cell InstructionFetch_Module_InstructionMemory_instr_sram  ( met2 )
Bounds : ( 334.900, 1064.700 ) ( 337.900, 1065.100 )


SHORT: ( Metal Short ) Special Wire of Net VDD & Blockage of Cell InstructionFetch_Module_InstructionMemory_instr_sram  ( met2 )
Bounds : ( 334.900, 1072.980 ) ( 337.900, 1073.380 )


SHORT: ( Metal Short ) Special Wire of Net VDD & Blockage of Cell InstructionFetch_Module_InstructionMemory_instr_sram  ( met2 )
Bounds : ( 334.900, 1081.260 ) ( 337.900, 1081.660 )


SHORT: ( Metal Short ) Special Wire of Net VDD & Blockage of Cell InstructionFetch_Module_InstructionMemory_instr_sram  ( met2 )
Bounds : ( 334.900, 1089.540 ) ( 337.900, 1089.940 )


SHORT: ( Metal Short ) Special Wire of Net VDD & Blockage of Cell InstructionFetch_Module_InstructionMemory_instr_sram  ( met2 )
Bounds : ( 334.900, 1097.820 ) ( 337.900, 1098.220 )


SHORT: ( Metal Short ) Special Wire of Net VDD & Blockage of Cell InstructionFetch_Module_InstructionMemory_instr_sram  ( met3 )
Bounds : ( 334.900, 1064.700 ) ( 337.900, 1065.100 )


SHORT: ( Metal Short ) Special Wire of Net VDD & Blockage of Cell InstructionFetch_Module_InstructionMemory_instr_sram  ( met3 )
Bounds : ( 334.900, 1072.980 ) ( 337.900, 1073.380 )


SHORT: ( Metal Short ) Special Wire of Net VDD & Blockage of Cell InstructionFetch_Module_InstructionMemory_instr_sram  ( met3 )
Bounds : ( 334.900, 1081.260 ) ( 337.900, 1081.660 )


SHORT: ( Metal Short ) Special Wire of Net VDD & Blockage of Cell InstructionFetch_Module_InstructionMemory_instr_sram  ( met3 )
Bounds : ( 334.900, 1089.540 ) ( 337.900, 1089.940 )


SHORT: ( Metal Short ) Special Wire of Net VDD & Blockage of Cell InstructionFetch_Module_InstructionMemory_instr_sram  ( met3 )
Bounds : ( 334.900, 1097.820 ) ( 337.900, 1098.220 )


SHORT: ( Metal Short ) Special Wire of Net VDD & Blockage of Cell InstructionFetch_Module_InstructionMemory_instr_sram  ( met2 )
Bounds : ( 284.900, 1064.700 ) ( 287.900, 1065.100 )


SHORT: ( Metal Short ) Special Wire of Net VDD & Blockage of Cell InstructionFetch_Module_InstructionMemory_instr_sram  ( met2 )
Bounds : ( 284.900, 1072.980 ) ( 287.900, 1073.380 )


SHORT: ( Metal Short ) Special Wire of Net VDD & Blockage of Cell InstructionFetch_Module_InstructionMemory_instr_sram  ( met2 )
Bounds : ( 284.900, 1081.260 ) ( 287.900, 1081.660 )


SHORT: ( Metal Short ) Special Wire of Net VDD & Blockage of Cell InstructionFetch_Module_InstructionMemory_instr_sram  ( met2 )
Bounds : ( 284.900, 1089.540 ) ( 287.900, 1089.940 )


SHORT: ( Metal Short ) Special Wire of Net VDD & Blockage of Cell InstructionFetch_Module_InstructionMemory_instr_sram  ( met2 )
Bounds : ( 284.900, 1097.820 ) ( 287.900, 1098.220 )


SHORT: ( Metal Short ) Special Wire of Net VDD & Blockage of Cell InstructionFetch_Module_InstructionMemory_instr_sram  ( met3 )
Bounds : ( 284.900, 1064.700 ) ( 287.900, 1065.100 )


SHORT: ( Metal Short ) Special Wire of Net VDD & Blockage of Cell InstructionFetch_Module_InstructionMemory_instr_sram  ( met3 )
Bounds : ( 284.900, 1072.980 ) ( 287.900, 1073.380 )


SHORT: ( Metal Short ) Special Wire of Net VDD & Blockage of Cell InstructionFetch_Module_InstructionMemory_instr_sram  ( met3 )
Bounds : ( 284.900, 1081.260 ) ( 287.900, 1081.660 )


SHORT: ( Metal Short ) Special Wire of Net VDD & Blockage of Cell InstructionFetch_Module_InstructionMemory_instr_sram  ( met3 )
Bounds : ( 284.900, 1089.540 ) ( 287.900, 1089.940 )


SHORT: ( Metal Short ) Special Wire of Net VDD & Blockage of Cell InstructionFetch_Module_InstructionMemory_instr_sram  ( met3 )
Bounds : ( 284.900, 1097.820 ) ( 287.900, 1098.220 )


SHORT: ( Metal Short ) Special Wire of Net VSS & Blockage of Cell InstructionFetch_Module_InstructionMemory_instr_sram  ( met2 )
Bounds : ( 307.900, 1060.560 ) ( 310.900, 1060.960 )


SHORT: ( Metal Short ) Special Wire of Net VSS & Blockage of Cell InstructionFetch_Module_InstructionMemory_instr_sram  ( met2 )
Bounds : ( 307.900, 1068.840 ) ( 310.900, 1069.240 )


SHORT: ( Metal Short ) Special Wire of Net VSS & Blockage of Cell InstructionFetch_Module_InstructionMemory_instr_sram  ( met2 )
Bounds : ( 307.900, 1077.120 ) ( 310.900, 1077.520 )


SHORT: ( Metal Short ) Special Wire of Net VSS & Blockage of Cell InstructionFetch_Module_InstructionMemory_instr_sram  ( met2 )
Bounds : ( 307.900, 1085.400 ) ( 310.900, 1085.800 )


SHORT: ( Metal Short ) Special Wire of Net VSS & Blockage of Cell InstructionFetch_Module_InstructionMemory_instr_sram  ( met2 )
Bounds : ( 307.900, 1093.680 ) ( 310.900, 1094.080 )


SHORT: ( Metal Short ) Special Wire of Net VSS & Blockage of Cell InstructionFetch_Module_InstructionMemory_instr_sram  ( met3 )
Bounds : ( 307.900, 1060.560 ) ( 310.900, 1060.960 )


SHORT: ( Metal Short ) Special Wire of Net VSS & Blockage of Cell InstructionFetch_Module_InstructionMemory_instr_sram  ( met3 )
Bounds : ( 307.900, 1068.840 ) ( 310.900, 1069.240 )


SHORT: ( Metal Short ) Special Wire of Net VSS & Blockage of Cell InstructionFetch_Module_InstructionMemory_instr_sram  ( met3 )
Bounds : ( 307.900, 1077.120 ) ( 310.900, 1077.520 )


SHORT: ( Metal Short ) Special Wire of Net VSS & Blockage of Cell InstructionFetch_Module_InstructionMemory_instr_sram  ( met3 )
Bounds : ( 307.900, 1085.400 ) ( 310.900, 1085.800 )


SHORT: ( Metal Short ) Special Wire of Net VSS & Blockage of Cell InstructionFetch_Module_InstructionMemory_instr_sram  ( met3 )
Bounds : ( 307.900, 1093.680 ) ( 310.900, 1094.080 )


SHORT: ( Metal Short ) Special Wire of Net VSS & Blockage of Cell InstructionFetch_Module_InstructionMemory_instr_sram  ( met2 )
Bounds : ( 207.900, 1101.960 ) ( 210.900, 1102.360 )


SHORT: ( Metal Short ) Special Wire of Net VSS & Blockage of Cell InstructionFetch_Module_InstructionMemory_instr_sram  ( met2 )
Bounds : ( 207.900, 1110.240 ) ( 210.900, 1110.640 )


SHORT: ( Metal Short ) Special Wire of Net VSS & Blockage of Cell InstructionFetch_Module_InstructionMemory_instr_sram  ( met2 )
Bounds : ( 207.900, 1118.520 ) ( 210.900, 1118.920 )


SHORT: ( Metal Short ) Special Wire of Net VSS & Blockage of Cell InstructionFetch_Module_InstructionMemory_instr_sram  ( met2 )
Bounds : ( 207.900, 1126.800 ) ( 210.900, 1127.200 )


SHORT: ( Metal Short ) Special Wire of Net VDD & Blockage of Cell InstructionFetch_Module_InstructionMemory_instr_sram  ( met2 )
Bounds : ( 234.900, 1106.100 ) ( 237.900, 1106.500 )


SHORT: ( Metal Short ) Special Wire of Net VDD & Blockage of Cell InstructionFetch_Module_InstructionMemory_instr_sram  ( met2 )
Bounds : ( 234.900, 1114.380 ) ( 237.900, 1114.780 )


SHORT: ( Metal Short ) Special Wire of Net VDD & Blockage of Cell InstructionFetch_Module_InstructionMemory_instr_sram  ( met2 )
Bounds : ( 234.900, 1122.660 ) ( 237.900, 1123.060 )


SHORT: ( Metal Short ) Special Wire of Net VSS & Blockage of Cell InstructionFetch_Module_InstructionMemory_instr_sram  ( met2 )
Bounds : ( 257.900, 1101.960 ) ( 260.900, 1102.360 )


SHORT: ( Metal Short ) Special Wire of Net VSS & Blockage of Cell InstructionFetch_Module_InstructionMemory_instr_sram  ( met2 )
Bounds : ( 257.900, 1110.240 ) ( 260.900, 1110.640 )


SHORT: ( Metal Short ) Special Wire of Net VSS & Blockage of Cell InstructionFetch_Module_InstructionMemory_instr_sram  ( met2 )
Bounds : ( 257.900, 1118.520 ) ( 260.900, 1118.920 )


SHORT: ( Metal Short ) Special Wire of Net VSS & Blockage of Cell InstructionFetch_Module_InstructionMemory_instr_sram  ( met2 )
Bounds : ( 257.900, 1126.800 ) ( 260.900, 1127.200 )


SHORT: ( Metal Short ) Special Wire of Net VSS & Blockage of Cell InstructionFetch_Module_InstructionMemory_instr_sram  ( met3 )
Bounds : ( 207.900, 1101.960 ) ( 210.900, 1102.360 )


SHORT: ( Metal Short ) Special Wire of Net VSS & Blockage of Cell InstructionFetch_Module_InstructionMemory_instr_sram  ( met3 )
Bounds : ( 207.900, 1110.240 ) ( 210.900, 1110.640 )


SHORT: ( Metal Short ) Special Wire of Net VSS & Blockage of Cell InstructionFetch_Module_InstructionMemory_instr_sram  ( met3 )
Bounds : ( 207.900, 1118.520 ) ( 210.900, 1118.920 )


SHORT: ( Metal Short ) Special Wire of Net VSS & Blockage of Cell InstructionFetch_Module_InstructionMemory_instr_sram  ( met3 )
Bounds : ( 207.900, 1126.800 ) ( 210.900, 1127.200 )


SHORT: ( Metal Short ) Special Wire of Net VDD & Blockage of Cell InstructionFetch_Module_InstructionMemory_instr_sram  ( met3 )
Bounds : ( 234.900, 1106.100 ) ( 237.900, 1106.500 )


SHORT: ( Metal Short ) Special Wire of Net VDD & Blockage of Cell InstructionFetch_Module_InstructionMemory_instr_sram  ( met3 )
Bounds : ( 234.900, 1114.380 ) ( 237.900, 1114.780 )


SHORT: ( Metal Short ) Special Wire of Net VDD & Blockage of Cell InstructionFetch_Module_InstructionMemory_instr_sram  ( met3 )
Bounds : ( 234.900, 1122.660 ) ( 237.900, 1123.060 )


SHORT: ( Metal Short ) Special Wire of Net VSS & Blockage of Cell InstructionFetch_Module_InstructionMemory_instr_sram  ( met3 )
Bounds : ( 257.900, 1101.960 ) ( 260.900, 1102.360 )


SHORT: ( Metal Short ) Special Wire of Net VSS & Blockage of Cell InstructionFetch_Module_InstructionMemory_instr_sram  ( met3 )
Bounds : ( 257.900, 1110.240 ) ( 260.900, 1110.640 )


SHORT: ( Metal Short ) Special Wire of Net VSS & Blockage of Cell InstructionFetch_Module_InstructionMemory_instr_sram  ( met3 )
Bounds : ( 257.900, 1118.520 ) ( 260.900, 1118.920 )


SHORT: ( Metal Short ) Special Wire of Net VSS & Blockage of Cell InstructionFetch_Module_InstructionMemory_instr_sram  ( met3 )
Bounds : ( 257.900, 1126.800 ) ( 260.900, 1127.200 )


SHORT: ( Metal Short ) Special Wire of Net VSS & Blockage of Cell InstructionFetch_Module_InstructionMemory_instr_sram  ( met2 )
Bounds : ( 207.900, 1135.080 ) ( 210.900, 1135.480 )


SHORT: ( Metal Short ) Special Wire of Net VDD & Blockage of Cell InstructionFetch_Module_InstructionMemory_instr_sram  ( met2 )
Bounds : ( 234.900, 1130.940 ) ( 237.900, 1131.340 )


SHORT: ( Metal Short ) Special Wire of Net VSS & Blockage of Cell InstructionFetch_Module_InstructionMemory_instr_sram  ( met2 )
Bounds : ( 257.900, 1135.080 ) ( 260.900, 1135.480 )


SHORT: ( Metal Short ) Special Wire of Net VSS & Blockage of Cell InstructionFetch_Module_InstructionMemory_instr_sram  ( met3 )
Bounds : ( 207.900, 1135.080 ) ( 210.900, 1135.480 )


SHORT: ( Metal Short ) Special Wire of Net VDD & Blockage of Cell InstructionFetch_Module_InstructionMemory_instr_sram  ( met3 )
Bounds : ( 234.900, 1130.940 ) ( 237.900, 1131.340 )


SHORT: ( Metal Short ) Special Wire of Net VSS & Blockage of Cell InstructionFetch_Module_InstructionMemory_instr_sram  ( met3 )
Bounds : ( 257.900, 1135.080 ) ( 260.900, 1135.480 )


SHORT: ( Metal Short ) Special Wire of Net VDD & Blockage of Cell InstructionFetch_Module_InstructionMemory_instr_sram  ( met2 )
Bounds : ( 234.900, 1064.700 ) ( 237.900, 1065.100 )


SHORT: ( Metal Short ) Special Wire of Net VDD & Blockage of Cell InstructionFetch_Module_InstructionMemory_instr_sram  ( met2 )
Bounds : ( 234.900, 1072.980 ) ( 237.900, 1073.380 )


SHORT: ( Metal Short ) Special Wire of Net VDD & Blockage of Cell InstructionFetch_Module_InstructionMemory_instr_sram  ( met2 )
Bounds : ( 234.900, 1081.260 ) ( 237.900, 1081.660 )


SHORT: ( Metal Short ) Special Wire of Net VDD & Blockage of Cell InstructionFetch_Module_InstructionMemory_instr_sram  ( met2 )
Bounds : ( 234.900, 1089.540 ) ( 237.900, 1089.940 )


SHORT: ( Metal Short ) Special Wire of Net VDD & Blockage of Cell InstructionFetch_Module_InstructionMemory_instr_sram  ( met2 )
Bounds : ( 234.900, 1097.820 ) ( 237.900, 1098.220 )


SHORT: ( Metal Short ) Special Wire of Net VSS & Blockage of Cell InstructionFetch_Module_InstructionMemory_instr_sram  ( met2 )
Bounds : ( 257.900, 1060.560 ) ( 260.900, 1060.960 )


SHORT: ( Metal Short ) Special Wire of Net VSS & Blockage of Cell InstructionFetch_Module_InstructionMemory_instr_sram  ( met2 )
Bounds : ( 257.900, 1068.840 ) ( 260.900, 1069.240 )


SHORT: ( Metal Short ) Special Wire of Net VSS & Blockage of Cell InstructionFetch_Module_InstructionMemory_instr_sram  ( met2 )
Bounds : ( 257.900, 1077.120 ) ( 260.900, 1077.520 )


SHORT: ( Metal Short ) Special Wire of Net VSS & Blockage of Cell InstructionFetch_Module_InstructionMemory_instr_sram  ( met2 )
Bounds : ( 257.900, 1085.400 ) ( 260.900, 1085.800 )


SHORT: ( Metal Short ) Special Wire of Net VSS & Blockage of Cell InstructionFetch_Module_InstructionMemory_instr_sram  ( met2 )
Bounds : ( 257.900, 1093.680 ) ( 260.900, 1094.080 )


SHORT: ( Metal Short ) Special Wire of Net VDD & Blockage of Cell InstructionFetch_Module_InstructionMemory_instr_sram  ( met3 )
Bounds : ( 234.900, 1064.700 ) ( 237.900, 1065.100 )


SHORT: ( Metal Short ) Special Wire of Net VDD & Blockage of Cell InstructionFetch_Module_InstructionMemory_instr_sram  ( met3 )
Bounds : ( 234.900, 1072.980 ) ( 237.900, 1073.380 )


SHORT: ( Metal Short ) Special Wire of Net VDD & Blockage of Cell InstructionFetch_Module_InstructionMemory_instr_sram  ( met3 )
Bounds : ( 234.900, 1081.260 ) ( 237.900, 1081.660 )


SHORT: ( Metal Short ) Special Wire of Net VDD & Blockage of Cell InstructionFetch_Module_InstructionMemory_instr_sram  ( met3 )
Bounds : ( 234.900, 1089.540 ) ( 237.900, 1089.940 )


SHORT: ( Metal Short ) Special Wire of Net VDD & Blockage of Cell InstructionFetch_Module_InstructionMemory_instr_sram  ( met3 )
Bounds : ( 234.900, 1097.820 ) ( 237.900, 1098.220 )


SHORT: ( Metal Short ) Special Wire of Net VSS & Blockage of Cell InstructionFetch_Module_InstructionMemory_instr_sram  ( met3 )
Bounds : ( 257.900, 1060.560 ) ( 260.900, 1060.960 )


SHORT: ( Metal Short ) Special Wire of Net VSS & Blockage of Cell InstructionFetch_Module_InstructionMemory_instr_sram  ( met3 )
Bounds : ( 257.900, 1068.840 ) ( 260.900, 1069.240 )


SHORT: ( Metal Short ) Special Wire of Net VSS & Blockage of Cell InstructionFetch_Module_InstructionMemory_instr_sram  ( met3 )
Bounds : ( 257.900, 1077.120 ) ( 260.900, 1077.520 )


SHORT: ( Metal Short ) Special Wire of Net VSS & Blockage of Cell InstructionFetch_Module_InstructionMemory_instr_sram  ( met3 )
Bounds : ( 257.900, 1085.400 ) ( 260.900, 1085.800 )


SHORT: ( Metal Short ) Special Wire of Net VSS & Blockage of Cell InstructionFetch_Module_InstructionMemory_instr_sram  ( met3 )
Bounds : ( 257.900, 1093.680 ) ( 260.900, 1094.080 )


SHORT: ( Metal Short ) Special Wire of Net VSS & Blockage of Cell InstructionFetch_Module_InstructionMemory_instr_sram  ( met2 )
Bounds : ( 207.900, 1060.560 ) ( 210.900, 1060.960 )


SHORT: ( Metal Short ) Special Wire of Net VSS & Blockage of Cell InstructionFetch_Module_InstructionMemory_instr_sram  ( met2 )
Bounds : ( 207.900, 1068.840 ) ( 210.900, 1069.240 )


SHORT: ( Metal Short ) Special Wire of Net VSS & Blockage of Cell InstructionFetch_Module_InstructionMemory_instr_sram  ( met2 )
Bounds : ( 207.900, 1077.120 ) ( 210.900, 1077.520 )


SHORT: ( Metal Short ) Special Wire of Net VSS & Blockage of Cell InstructionFetch_Module_InstructionMemory_instr_sram  ( met2 )
Bounds : ( 207.900, 1085.400 ) ( 210.900, 1085.800 )


SHORT: ( Metal Short ) Special Wire of Net VSS & Blockage of Cell InstructionFetch_Module_InstructionMemory_instr_sram  ( met2 )
Bounds : ( 207.900, 1093.680 ) ( 210.900, 1094.080 )


SHORT: ( Metal Short ) Special Wire of Net VSS & Blockage of Cell InstructionFetch_Module_InstructionMemory_instr_sram  ( met3 )
Bounds : ( 207.900, 1060.560 ) ( 210.900, 1060.960 )


SHORT: ( Metal Short ) Special Wire of Net VSS & Blockage of Cell InstructionFetch_Module_InstructionMemory_instr_sram  ( met3 )
Bounds : ( 207.900, 1068.840 ) ( 210.900, 1069.240 )


SHORT: ( Metal Short ) Special Wire of Net VSS & Blockage of Cell InstructionFetch_Module_InstructionMemory_instr_sram  ( met3 )
Bounds : ( 207.900, 1077.120 ) ( 210.900, 1077.520 )


SHORT: ( Metal Short ) Special Wire of Net VSS & Blockage of Cell InstructionFetch_Module_InstructionMemory_instr_sram  ( met3 )
Bounds : ( 207.900, 1085.400 ) ( 210.900, 1085.800 )


SHORT: ( Metal Short ) Special Wire of Net VSS & Blockage of Cell InstructionFetch_Module_InstructionMemory_instr_sram  ( met3 )
Bounds : ( 207.900, 1093.680 ) ( 210.900, 1094.080 )


SHORT: ( Metal Short ) Special Wire of Net VDD & Blockage of Cell InstructionFetch_Module_InstructionMemory_instr_sram  ( met2 )
Bounds : ( 334.900, 1023.300 ) ( 337.900, 1023.700 )


SHORT: ( Metal Short ) Special Wire of Net VDD & Blockage of Cell InstructionFetch_Module_InstructionMemory_instr_sram  ( met2 )
Bounds : ( 334.900, 1031.580 ) ( 337.900, 1031.980 )


SHORT: ( Metal Short ) Special Wire of Net VDD & Blockage of Cell InstructionFetch_Module_InstructionMemory_instr_sram  ( met2 )
Bounds : ( 334.900, 1039.860 ) ( 337.900, 1040.260 )


SHORT: ( Metal Short ) Special Wire of Net VDD & Blockage of Cell InstructionFetch_Module_InstructionMemory_instr_sram  ( met2 )
Bounds : ( 334.900, 1048.140 ) ( 337.900, 1048.540 )


SHORT: ( Metal Short ) Special Wire of Net VDD & Blockage of Cell InstructionFetch_Module_InstructionMemory_instr_sram  ( met2 )
Bounds : ( 334.900, 1056.420 ) ( 337.900, 1056.820 )


SHORT: ( Metal Short ) Special Wire of Net VDD & Blockage of Cell InstructionFetch_Module_InstructionMemory_instr_sram  ( met3 )
Bounds : ( 334.900, 1023.300 ) ( 337.900, 1023.700 )


SHORT: ( Metal Short ) Special Wire of Net VDD & Blockage of Cell InstructionFetch_Module_InstructionMemory_instr_sram  ( met3 )
Bounds : ( 334.900, 1031.580 ) ( 337.900, 1031.980 )


SHORT: ( Metal Short ) Special Wire of Net VDD & Blockage of Cell InstructionFetch_Module_InstructionMemory_instr_sram  ( met3 )
Bounds : ( 334.900, 1039.860 ) ( 337.900, 1040.260 )


SHORT: ( Metal Short ) Special Wire of Net VDD & Blockage of Cell InstructionFetch_Module_InstructionMemory_instr_sram  ( met3 )
Bounds : ( 334.900, 1048.140 ) ( 337.900, 1048.540 )


SHORT: ( Metal Short ) Special Wire of Net VDD & Blockage of Cell InstructionFetch_Module_InstructionMemory_instr_sram  ( met3 )
Bounds : ( 334.900, 1056.420 ) ( 337.900, 1056.820 )


SHORT: ( Metal Short ) Special Wire of Net VDD & Blockage of Cell InstructionFetch_Module_InstructionMemory_instr_sram  ( met2 )
Bounds : ( 284.900, 1023.300 ) ( 287.900, 1023.700 )


SHORT: ( Metal Short ) Special Wire of Net VDD & Blockage of Cell InstructionFetch_Module_InstructionMemory_instr_sram  ( met2 )
Bounds : ( 284.900, 1031.580 ) ( 287.900, 1031.980 )


SHORT: ( Metal Short ) Special Wire of Net VDD & Blockage of Cell InstructionFetch_Module_InstructionMemory_instr_sram  ( met2 )
Bounds : ( 284.900, 1039.860 ) ( 287.900, 1040.260 )


SHORT: ( Metal Short ) Special Wire of Net VDD & Blockage of Cell InstructionFetch_Module_InstructionMemory_instr_sram  ( met2 )
Bounds : ( 284.900, 1048.140 ) ( 287.900, 1048.540 )


SHORT: ( Metal Short ) Special Wire of Net VDD & Blockage of Cell InstructionFetch_Module_InstructionMemory_instr_sram  ( met2 )
Bounds : ( 284.900, 1056.420 ) ( 287.900, 1056.820 )


SHORT: ( Metal Short ) Special Wire of Net VDD & Blockage of Cell InstructionFetch_Module_InstructionMemory_instr_sram  ( met3 )
Bounds : ( 284.900, 1023.300 ) ( 287.900, 1023.700 )


SHORT: ( Metal Short ) Special Wire of Net VDD & Blockage of Cell InstructionFetch_Module_InstructionMemory_instr_sram  ( met3 )
Bounds : ( 284.900, 1031.580 ) ( 287.900, 1031.980 )


SHORT: ( Metal Short ) Special Wire of Net VDD & Blockage of Cell InstructionFetch_Module_InstructionMemory_instr_sram  ( met3 )
Bounds : ( 284.900, 1039.860 ) ( 287.900, 1040.260 )


SHORT: ( Metal Short ) Special Wire of Net VDD & Blockage of Cell InstructionFetch_Module_InstructionMemory_instr_sram  ( met3 )
Bounds : ( 284.900, 1048.140 ) ( 287.900, 1048.540 )


SHORT: ( Metal Short ) Special Wire of Net VDD & Blockage of Cell InstructionFetch_Module_InstructionMemory_instr_sram  ( met3 )
Bounds : ( 284.900, 1056.420 ) ( 287.900, 1056.820 )


SHORT: ( Metal Short ) Special Wire of Net VSS & Blockage of Cell InstructionFetch_Module_InstructionMemory_instr_sram  ( met2 )
Bounds : ( 307.900, 1019.160 ) ( 310.900, 1019.560 )


SHORT: ( Metal Short ) Special Wire of Net VSS & Blockage of Cell InstructionFetch_Module_InstructionMemory_instr_sram  ( met2 )
Bounds : ( 307.900, 1027.440 ) ( 310.900, 1027.840 )


SHORT: ( Metal Short ) Special Wire of Net VSS & Blockage of Cell InstructionFetch_Module_InstructionMemory_instr_sram  ( met2 )
Bounds : ( 307.900, 1035.720 ) ( 310.900, 1036.120 )


SHORT: ( Metal Short ) Special Wire of Net VSS & Blockage of Cell InstructionFetch_Module_InstructionMemory_instr_sram  ( met2 )
Bounds : ( 307.900, 1044.000 ) ( 310.900, 1044.400 )


SHORT: ( Metal Short ) Special Wire of Net VSS & Blockage of Cell InstructionFetch_Module_InstructionMemory_instr_sram  ( met2 )
Bounds : ( 307.900, 1052.280 ) ( 310.900, 1052.680 )


SHORT: ( Metal Short ) Special Wire of Net VSS & Blockage of Cell InstructionFetch_Module_InstructionMemory_instr_sram  ( met3 )
Bounds : ( 307.900, 1019.160 ) ( 310.900, 1019.560 )


SHORT: ( Metal Short ) Special Wire of Net VSS & Blockage of Cell InstructionFetch_Module_InstructionMemory_instr_sram  ( met3 )
Bounds : ( 307.900, 1027.440 ) ( 310.900, 1027.840 )


SHORT: ( Metal Short ) Special Wire of Net VSS & Blockage of Cell InstructionFetch_Module_InstructionMemory_instr_sram  ( met3 )
Bounds : ( 307.900, 1035.720 ) ( 310.900, 1036.120 )


SHORT: ( Metal Short ) Special Wire of Net VSS & Blockage of Cell InstructionFetch_Module_InstructionMemory_instr_sram  ( met3 )
Bounds : ( 307.900, 1044.000 ) ( 310.900, 1044.400 )


SHORT: ( Metal Short ) Special Wire of Net VSS & Blockage of Cell InstructionFetch_Module_InstructionMemory_instr_sram  ( met3 )
Bounds : ( 307.900, 1052.280 ) ( 310.900, 1052.680 )


SHORT: ( Metal Short ) Special Wire of Net VDD & Blockage of Cell InstructionFetch_Module_InstructionMemory_instr_sram  ( met2 )
Bounds : ( 334.900, 981.900 ) ( 337.900, 982.300 )


SHORT: ( Metal Short ) Special Wire of Net VDD & Blockage of Cell InstructionFetch_Module_InstructionMemory_instr_sram  ( met2 )
Bounds : ( 334.900, 990.180 ) ( 337.900, 990.580 )


SHORT: ( Metal Short ) Special Wire of Net VDD & Blockage of Cell InstructionFetch_Module_InstructionMemory_instr_sram  ( met2 )
Bounds : ( 334.900, 998.460 ) ( 337.900, 998.860 )


SHORT: ( Metal Short ) Special Wire of Net VDD & Blockage of Cell InstructionFetch_Module_InstructionMemory_instr_sram  ( met2 )
Bounds : ( 334.900, 1006.740 ) ( 337.900, 1007.140 )


SHORT: ( Metal Short ) Special Wire of Net VDD & Blockage of Cell InstructionFetch_Module_InstructionMemory_instr_sram  ( met2 )
Bounds : ( 334.900, 1015.020 ) ( 337.900, 1015.420 )


SHORT: ( Metal Short ) Special Wire of Net VDD & Blockage of Cell InstructionFetch_Module_InstructionMemory_instr_sram  ( met3 )
Bounds : ( 334.900, 981.900 ) ( 337.900, 982.300 )


SHORT: ( Metal Short ) Special Wire of Net VDD & Blockage of Cell InstructionFetch_Module_InstructionMemory_instr_sram  ( met3 )
Bounds : ( 334.900, 990.180 ) ( 337.900, 990.580 )


SHORT: ( Metal Short ) Special Wire of Net VDD & Blockage of Cell InstructionFetch_Module_InstructionMemory_instr_sram  ( met3 )
Bounds : ( 334.900, 998.460 ) ( 337.900, 998.860 )


SHORT: ( Metal Short ) Special Wire of Net VDD & Blockage of Cell InstructionFetch_Module_InstructionMemory_instr_sram  ( met3 )
Bounds : ( 334.900, 1006.740 ) ( 337.900, 1007.140 )


SHORT: ( Metal Short ) Special Wire of Net VDD & Blockage of Cell InstructionFetch_Module_InstructionMemory_instr_sram  ( met3 )
Bounds : ( 334.900, 1015.020 ) ( 337.900, 1015.420 )


SHORT: ( Metal Short ) Special Wire of Net VDD & Blockage of Cell InstructionFetch_Module_InstructionMemory_instr_sram  ( met2 )
Bounds : ( 284.900, 981.900 ) ( 287.900, 982.300 )


SHORT: ( Metal Short ) Special Wire of Net VDD & Blockage of Cell InstructionFetch_Module_InstructionMemory_instr_sram  ( met2 )
Bounds : ( 284.900, 990.180 ) ( 287.900, 990.580 )


SHORT: ( Metal Short ) Special Wire of Net VDD & Blockage of Cell InstructionFetch_Module_InstructionMemory_instr_sram  ( met2 )
Bounds : ( 284.900, 998.460 ) ( 287.900, 998.860 )


SHORT: ( Metal Short ) Special Wire of Net VDD & Blockage of Cell InstructionFetch_Module_InstructionMemory_instr_sram  ( met2 )
Bounds : ( 284.900, 1006.740 ) ( 287.900, 1007.140 )


SHORT: ( Metal Short ) Special Wire of Net VDD & Blockage of Cell InstructionFetch_Module_InstructionMemory_instr_sram  ( met2 )
Bounds : ( 284.900, 1015.020 ) ( 287.900, 1015.420 )


SHORT: ( Metal Short ) Special Wire of Net VDD & Blockage of Cell InstructionFetch_Module_InstructionMemory_instr_sram  ( met3 )
Bounds : ( 284.900, 981.900 ) ( 287.900, 982.300 )


SHORT: ( Metal Short ) Special Wire of Net VDD & Blockage of Cell InstructionFetch_Module_InstructionMemory_instr_sram  ( met3 )
Bounds : ( 284.900, 990.180 ) ( 287.900, 990.580 )


SHORT: ( Metal Short ) Special Wire of Net VDD & Blockage of Cell InstructionFetch_Module_InstructionMemory_instr_sram  ( met3 )
Bounds : ( 284.900, 998.460 ) ( 287.900, 998.860 )


SHORT: ( Metal Short ) Special Wire of Net VDD & Blockage of Cell InstructionFetch_Module_InstructionMemory_instr_sram  ( met3 )
Bounds : ( 284.900, 1006.740 ) ( 287.900, 1007.140 )


SHORT: ( Metal Short ) Special Wire of Net VDD & Blockage of Cell InstructionFetch_Module_InstructionMemory_instr_sram  ( met3 )
Bounds : ( 284.900, 1015.020 ) ( 287.900, 1015.420 )


SHORT: ( Metal Short ) Special Wire of Net VSS & Blockage of Cell InstructionFetch_Module_InstructionMemory_instr_sram  ( met2 )
Bounds : ( 307.900, 977.760 ) ( 310.900, 978.160 )


SHORT: ( Metal Short ) Special Wire of Net VSS & Blockage of Cell InstructionFetch_Module_InstructionMemory_instr_sram  ( met2 )
Bounds : ( 307.900, 986.040 ) ( 310.900, 986.440 )


SHORT: ( Metal Short ) Special Wire of Net VSS & Blockage of Cell InstructionFetch_Module_InstructionMemory_instr_sram  ( met2 )
Bounds : ( 307.900, 994.320 ) ( 310.900, 994.720 )


SHORT: ( Metal Short ) Special Wire of Net VSS & Blockage of Cell InstructionFetch_Module_InstructionMemory_instr_sram  ( met2 )
Bounds : ( 307.900, 1002.600 ) ( 310.900, 1003.000 )


SHORT: ( Metal Short ) Special Wire of Net VSS & Blockage of Cell InstructionFetch_Module_InstructionMemory_instr_sram  ( met2 )
Bounds : ( 307.900, 1010.880 ) ( 310.900, 1011.280 )


SHORT: ( Metal Short ) Special Wire of Net VSS & Blockage of Cell InstructionFetch_Module_InstructionMemory_instr_sram  ( met3 )
Bounds : ( 307.900, 977.760 ) ( 310.900, 978.160 )


SHORT: ( Metal Short ) Special Wire of Net VSS & Blockage of Cell InstructionFetch_Module_InstructionMemory_instr_sram  ( met3 )
Bounds : ( 307.900, 986.040 ) ( 310.900, 986.440 )


SHORT: ( Metal Short ) Special Wire of Net VSS & Blockage of Cell InstructionFetch_Module_InstructionMemory_instr_sram  ( met3 )
Bounds : ( 307.900, 994.320 ) ( 310.900, 994.720 )


SHORT: ( Metal Short ) Special Wire of Net VSS & Blockage of Cell InstructionFetch_Module_InstructionMemory_instr_sram  ( met3 )
Bounds : ( 307.900, 1002.600 ) ( 310.900, 1003.000 )


SHORT: ( Metal Short ) Special Wire of Net VSS & Blockage of Cell InstructionFetch_Module_InstructionMemory_instr_sram  ( met3 )
Bounds : ( 307.900, 1010.880 ) ( 310.900, 1011.280 )


SHORT: ( Metal Short ) Special Wire of Net VDD & Blockage of Cell InstructionFetch_Module_InstructionMemory_instr_sram  ( met2 )
Bounds : ( 234.900, 1023.300 ) ( 237.900, 1023.700 )


SHORT: ( Metal Short ) Special Wire of Net VDD & Blockage of Cell InstructionFetch_Module_InstructionMemory_instr_sram  ( met2 )
Bounds : ( 234.900, 1031.580 ) ( 237.900, 1031.980 )


SHORT: ( Metal Short ) Special Wire of Net VDD & Blockage of Cell InstructionFetch_Module_InstructionMemory_instr_sram  ( met2 )
Bounds : ( 234.900, 1039.860 ) ( 237.900, 1040.260 )


SHORT: ( Metal Short ) Special Wire of Net VDD & Blockage of Cell InstructionFetch_Module_InstructionMemory_instr_sram  ( met2 )
Bounds : ( 234.900, 1048.140 ) ( 237.900, 1048.540 )


SHORT: ( Metal Short ) Special Wire of Net VDD & Blockage of Cell InstructionFetch_Module_InstructionMemory_instr_sram  ( met2 )
Bounds : ( 234.900, 1056.420 ) ( 237.900, 1056.820 )


SHORT: ( Metal Short ) Special Wire of Net VSS & Blockage of Cell InstructionFetch_Module_InstructionMemory_instr_sram  ( met2 )
Bounds : ( 257.900, 1019.160 ) ( 260.900, 1019.560 )


SHORT: ( Metal Short ) Special Wire of Net VSS & Blockage of Cell InstructionFetch_Module_InstructionMemory_instr_sram  ( met2 )
Bounds : ( 257.900, 1027.440 ) ( 260.900, 1027.840 )


SHORT: ( Metal Short ) Special Wire of Net VSS & Blockage of Cell InstructionFetch_Module_InstructionMemory_instr_sram  ( met2 )
Bounds : ( 257.900, 1035.720 ) ( 260.900, 1036.120 )


SHORT: ( Metal Short ) Special Wire of Net VSS & Blockage of Cell InstructionFetch_Module_InstructionMemory_instr_sram  ( met2 )
Bounds : ( 257.900, 1044.000 ) ( 260.900, 1044.400 )


SHORT: ( Metal Short ) Special Wire of Net VSS & Blockage of Cell InstructionFetch_Module_InstructionMemory_instr_sram  ( met2 )
Bounds : ( 257.900, 1052.280 ) ( 260.900, 1052.680 )


SHORT: ( Metal Short ) Special Wire of Net VDD & Blockage of Cell InstructionFetch_Module_InstructionMemory_instr_sram  ( met3 )
Bounds : ( 234.900, 1023.300 ) ( 237.900, 1023.700 )


SHORT: ( Metal Short ) Special Wire of Net VDD & Blockage of Cell InstructionFetch_Module_InstructionMemory_instr_sram  ( met3 )
Bounds : ( 234.900, 1031.580 ) ( 237.900, 1031.980 )


SHORT: ( Metal Short ) Special Wire of Net VDD & Blockage of Cell InstructionFetch_Module_InstructionMemory_instr_sram  ( met3 )
Bounds : ( 234.900, 1039.860 ) ( 237.900, 1040.260 )


SHORT: ( Metal Short ) Special Wire of Net VDD & Blockage of Cell InstructionFetch_Module_InstructionMemory_instr_sram  ( met3 )
Bounds : ( 234.900, 1048.140 ) ( 237.900, 1048.540 )


SHORT: ( Metal Short ) Special Wire of Net VDD & Blockage of Cell InstructionFetch_Module_InstructionMemory_instr_sram  ( met3 )
Bounds : ( 234.900, 1056.420 ) ( 237.900, 1056.820 )


SHORT: ( Metal Short ) Special Wire of Net VSS & Blockage of Cell InstructionFetch_Module_InstructionMemory_instr_sram  ( met3 )
Bounds : ( 257.900, 1019.160 ) ( 260.900, 1019.560 )


SHORT: ( Metal Short ) Special Wire of Net VSS & Blockage of Cell InstructionFetch_Module_InstructionMemory_instr_sram  ( met3 )
Bounds : ( 257.900, 1027.440 ) ( 260.900, 1027.840 )


SHORT: ( Metal Short ) Special Wire of Net VSS & Blockage of Cell InstructionFetch_Module_InstructionMemory_instr_sram  ( met3 )
Bounds : ( 257.900, 1035.720 ) ( 260.900, 1036.120 )


SHORT: ( Metal Short ) Special Wire of Net VSS & Blockage of Cell InstructionFetch_Module_InstructionMemory_instr_sram  ( met3 )
Bounds : ( 257.900, 1044.000 ) ( 260.900, 1044.400 )


SHORT: ( Metal Short ) Special Wire of Net VSS & Blockage of Cell InstructionFetch_Module_InstructionMemory_instr_sram  ( met3 )
Bounds : ( 257.900, 1052.280 ) ( 260.900, 1052.680 )


SHORT: ( Metal Short ) Special Wire of Net VSS & Blockage of Cell InstructionFetch_Module_InstructionMemory_instr_sram  ( met2 )
Bounds : ( 207.900, 1019.160 ) ( 210.900, 1019.560 )


SHORT: ( Metal Short ) Special Wire of Net VSS & Blockage of Cell InstructionFetch_Module_InstructionMemory_instr_sram  ( met2 )
Bounds : ( 207.900, 1027.440 ) ( 210.900, 1027.840 )


SHORT: ( Metal Short ) Special Wire of Net VSS & Blockage of Cell InstructionFetch_Module_InstructionMemory_instr_sram  ( met2 )
Bounds : ( 207.900, 1035.720 ) ( 210.900, 1036.120 )


SHORT: ( Metal Short ) Special Wire of Net VSS & Blockage of Cell InstructionFetch_Module_InstructionMemory_instr_sram  ( met2 )
Bounds : ( 207.900, 1044.000 ) ( 210.900, 1044.400 )


SHORT: ( Metal Short ) Special Wire of Net VSS & Blockage of Cell InstructionFetch_Module_InstructionMemory_instr_sram  ( met2 )
Bounds : ( 207.900, 1052.280 ) ( 210.900, 1052.680 )


SHORT: ( Metal Short ) Special Wire of Net VSS & Blockage of Cell InstructionFetch_Module_InstructionMemory_instr_sram  ( met3 )
Bounds : ( 207.900, 1019.160 ) ( 210.900, 1019.560 )


SHORT: ( Metal Short ) Special Wire of Net VSS & Blockage of Cell InstructionFetch_Module_InstructionMemory_instr_sram  ( met3 )
Bounds : ( 207.900, 1027.440 ) ( 210.900, 1027.840 )


SHORT: ( Metal Short ) Special Wire of Net VSS & Blockage of Cell InstructionFetch_Module_InstructionMemory_instr_sram  ( met3 )
Bounds : ( 207.900, 1035.720 ) ( 210.900, 1036.120 )


SHORT: ( Metal Short ) Special Wire of Net VSS & Blockage of Cell InstructionFetch_Module_InstructionMemory_instr_sram  ( met3 )
Bounds : ( 207.900, 1044.000 ) ( 210.900, 1044.400 )


SHORT: ( Metal Short ) Special Wire of Net VSS & Blockage of Cell InstructionFetch_Module_InstructionMemory_instr_sram  ( met3 )
Bounds : ( 207.900, 1052.280 ) ( 210.900, 1052.680 )


SHORT: ( Metal Short ) Special Wire of Net VDD & Blockage of Cell InstructionFetch_Module_InstructionMemory_instr_sram  ( met2 )
Bounds : ( 234.900, 981.900 ) ( 237.900, 982.300 )


SHORT: ( Metal Short ) Special Wire of Net VDD & Blockage of Cell InstructionFetch_Module_InstructionMemory_instr_sram  ( met2 )
Bounds : ( 234.900, 990.180 ) ( 237.900, 990.580 )


SHORT: ( Metal Short ) Special Wire of Net VDD & Blockage of Cell InstructionFetch_Module_InstructionMemory_instr_sram  ( met2 )
Bounds : ( 234.900, 998.460 ) ( 237.900, 998.860 )


SHORT: ( Metal Short ) Special Wire of Net VDD & Blockage of Cell InstructionFetch_Module_InstructionMemory_instr_sram  ( met2 )
Bounds : ( 234.900, 1006.740 ) ( 237.900, 1007.140 )


SHORT: ( Metal Short ) Special Wire of Net VDD & Blockage of Cell InstructionFetch_Module_InstructionMemory_instr_sram  ( met2 )
Bounds : ( 234.900, 1015.020 ) ( 237.900, 1015.420 )


SHORT: ( Metal Short ) Special Wire of Net VSS & Blockage of Cell InstructionFetch_Module_InstructionMemory_instr_sram  ( met2 )
Bounds : ( 257.900, 977.760 ) ( 260.900, 978.160 )


SHORT: ( Metal Short ) Special Wire of Net VSS & Blockage of Cell InstructionFetch_Module_InstructionMemory_instr_sram  ( met2 )
Bounds : ( 257.900, 986.040 ) ( 260.900, 986.440 )


SHORT: ( Metal Short ) Special Wire of Net VSS & Blockage of Cell InstructionFetch_Module_InstructionMemory_instr_sram  ( met2 )
Bounds : ( 257.900, 994.320 ) ( 260.900, 994.720 )


SHORT: ( Metal Short ) Special Wire of Net VSS & Blockage of Cell InstructionFetch_Module_InstructionMemory_instr_sram  ( met2 )
Bounds : ( 257.900, 1002.600 ) ( 260.900, 1003.000 )


SHORT: ( Metal Short ) Special Wire of Net VSS & Blockage of Cell InstructionFetch_Module_InstructionMemory_instr_sram  ( met2 )
Bounds : ( 257.900, 1010.880 ) ( 260.900, 1011.280 )


SHORT: ( Metal Short ) Special Wire of Net VDD & Blockage of Cell InstructionFetch_Module_InstructionMemory_instr_sram  ( met3 )
Bounds : ( 234.900, 981.900 ) ( 237.900, 982.300 )


SHORT: ( Metal Short ) Special Wire of Net VDD & Blockage of Cell InstructionFetch_Module_InstructionMemory_instr_sram  ( met3 )
Bounds : ( 234.900, 990.180 ) ( 237.900, 990.580 )


SHORT: ( Metal Short ) Special Wire of Net VDD & Blockage of Cell InstructionFetch_Module_InstructionMemory_instr_sram  ( met3 )
Bounds : ( 234.900, 998.460 ) ( 237.900, 998.860 )


SHORT: ( Metal Short ) Special Wire of Net VDD & Blockage of Cell InstructionFetch_Module_InstructionMemory_instr_sram  ( met3 )
Bounds : ( 234.900, 1006.740 ) ( 237.900, 1007.140 )


SHORT: ( Metal Short ) Special Wire of Net VDD & Blockage of Cell InstructionFetch_Module_InstructionMemory_instr_sram  ( met3 )
Bounds : ( 234.900, 1015.020 ) ( 237.900, 1015.420 )


SHORT: ( Metal Short ) Special Wire of Net VSS & Blockage of Cell InstructionFetch_Module_InstructionMemory_instr_sram  ( met3 )
Bounds : ( 257.900, 977.760 ) ( 260.900, 978.160 )


SHORT: ( Metal Short ) Special Wire of Net VSS & Blockage of Cell InstructionFetch_Module_InstructionMemory_instr_sram  ( met3 )
Bounds : ( 257.900, 986.040 ) ( 260.900, 986.440 )


SHORT: ( Metal Short ) Special Wire of Net VSS & Blockage of Cell InstructionFetch_Module_InstructionMemory_instr_sram  ( met3 )
Bounds : ( 257.900, 994.320 ) ( 260.900, 994.720 )


SHORT: ( Metal Short ) Special Wire of Net VSS & Blockage of Cell InstructionFetch_Module_InstructionMemory_instr_sram  ( met3 )
Bounds : ( 257.900, 1002.600 ) ( 260.900, 1003.000 )


SHORT: ( Metal Short ) Special Wire of Net VSS & Blockage of Cell InstructionFetch_Module_InstructionMemory_instr_sram  ( met3 )
Bounds : ( 257.900, 1010.880 ) ( 260.900, 1011.280 )


SHORT: ( Metal Short ) Special Wire of Net VSS & Blockage of Cell InstructionFetch_Module_InstructionMemory_instr_sram  ( met2 )
Bounds : ( 207.900, 977.760 ) ( 210.900, 978.160 )


SHORT: ( Metal Short ) Special Wire of Net VSS & Blockage of Cell InstructionFetch_Module_InstructionMemory_instr_sram  ( met2 )
Bounds : ( 207.900, 986.040 ) ( 210.900, 986.440 )


SHORT: ( Metal Short ) Special Wire of Net VSS & Blockage of Cell InstructionFetch_Module_InstructionMemory_instr_sram  ( met2 )
Bounds : ( 207.900, 994.320 ) ( 210.900, 994.720 )


SHORT: ( Metal Short ) Special Wire of Net VSS & Blockage of Cell InstructionFetch_Module_InstructionMemory_instr_sram  ( met2 )
Bounds : ( 207.900, 1002.600 ) ( 210.900, 1003.000 )


SHORT: ( Metal Short ) Special Wire of Net VSS & Blockage of Cell InstructionFetch_Module_InstructionMemory_instr_sram  ( met2 )
Bounds : ( 207.900, 1010.880 ) ( 210.900, 1011.280 )


SHORT: ( Metal Short ) Special Wire of Net VSS & Blockage of Cell InstructionFetch_Module_InstructionMemory_instr_sram  ( met3 )
Bounds : ( 207.900, 977.760 ) ( 210.900, 978.160 )


SHORT: ( Metal Short ) Special Wire of Net VSS & Blockage of Cell InstructionFetch_Module_InstructionMemory_instr_sram  ( met3 )
Bounds : ( 207.900, 986.040 ) ( 210.900, 986.440 )


SHORT: ( Metal Short ) Special Wire of Net VSS & Blockage of Cell InstructionFetch_Module_InstructionMemory_instr_sram  ( met3 )
Bounds : ( 207.900, 994.320 ) ( 210.900, 994.720 )


SHORT: ( Metal Short ) Special Wire of Net VSS & Blockage of Cell InstructionFetch_Module_InstructionMemory_instr_sram  ( met3 )
Bounds : ( 207.900, 1002.600 ) ( 210.900, 1003.000 )


SHORT: ( Metal Short ) Special Wire of Net VSS & Blockage of Cell InstructionFetch_Module_InstructionMemory_instr_sram  ( met3 )
Bounds : ( 207.900, 1010.880 ) ( 210.900, 1011.280 )


SHORT: ( Metal Short ) Special Wire of Net VDD & Blockage of Cell InstructionFetch_Module_InstructionMemory_instr_sram  ( met2 )
Bounds : ( 184.900, 1139.220 ) ( 187.900, 1139.620 )


SHORT: ( Metal Short ) Special Wire of Net VDD & Blockage of Cell InstructionFetch_Module_InstructionMemory_instr_sram  ( met2 )
Bounds : ( 184.900, 1147.500 ) ( 187.900, 1147.900 )


SHORT: ( Metal Short ) Special Wire of Net VDD & Blockage of Cell InstructionFetch_Module_InstructionMemory_instr_sram  ( met2 )
Bounds : ( 184.900, 1155.780 ) ( 187.900, 1156.180 )


SHORT: ( Metal Short ) Special Wire of Net VDD & Blockage of Cell InstructionFetch_Module_InstructionMemory_instr_sram  ( met2 )
Bounds : ( 184.900, 1164.060 ) ( 187.900, 1164.460 )


SHORT: ( Metal Short ) Special Wire of Net VDD & Blockage of Cell InstructionFetch_Module_InstructionMemory_instr_sram  ( met3 )
Bounds : ( 184.900, 1139.220 ) ( 187.900, 1139.620 )


SHORT: ( Metal Short ) Special Wire of Net VDD & Blockage of Cell InstructionFetch_Module_InstructionMemory_instr_sram  ( met3 )
Bounds : ( 184.900, 1147.500 ) ( 187.900, 1147.900 )


SHORT: ( Metal Short ) Special Wire of Net VDD & Blockage of Cell InstructionFetch_Module_InstructionMemory_instr_sram  ( met3 )
Bounds : ( 184.900, 1155.780 ) ( 187.900, 1156.180 )


SHORT: ( Metal Short ) Special Wire of Net VDD & Pin of Cell InstructionFetch_Module_InstructionMemory_instr_sram  ( met3 )
Bounds : ( 184.900, 1164.060 ) ( 187.900, 1164.460 )


SHORT: ( Metal Short ) Special Wire of Net VDD & Blockage of Cell InstructionFetch_Module_InstructionMemory_instr_sram  ( met2 )
Bounds : ( 184.900, 1064.700 ) ( 187.900, 1065.100 )


SHORT: ( Metal Short ) Special Wire of Net VDD & Blockage of Cell InstructionFetch_Module_InstructionMemory_instr_sram  ( met2 )
Bounds : ( 184.900, 1072.980 ) ( 187.900, 1073.380 )


SHORT: ( Metal Short ) Special Wire of Net VDD & Blockage of Cell InstructionFetch_Module_InstructionMemory_instr_sram  ( met2 )
Bounds : ( 184.900, 1081.260 ) ( 187.900, 1081.660 )


SHORT: ( Metal Short ) Special Wire of Net VDD & Blockage of Cell InstructionFetch_Module_InstructionMemory_instr_sram  ( met2 )
Bounds : ( 184.900, 1089.540 ) ( 187.900, 1089.940 )


SHORT: ( Metal Short ) Special Wire of Net VDD & Blockage of Cell InstructionFetch_Module_InstructionMemory_instr_sram  ( met2 )
Bounds : ( 184.900, 1097.820 ) ( 187.900, 1098.220 )


SHORT: ( Metal Short ) Special Wire of Net VDD & Blockage of Cell InstructionFetch_Module_InstructionMemory_instr_sram  ( met2 )
Bounds : ( 184.900, 1106.100 ) ( 187.900, 1106.500 )


SHORT: ( Metal Short ) Special Wire of Net VDD & Blockage of Cell InstructionFetch_Module_InstructionMemory_instr_sram  ( met2 )
Bounds : ( 184.900, 1114.380 ) ( 187.900, 1114.780 )


SHORT: ( Metal Short ) Special Wire of Net VDD & Blockage of Cell InstructionFetch_Module_InstructionMemory_instr_sram  ( met2 )
Bounds : ( 184.900, 1122.660 ) ( 187.900, 1123.060 )


SHORT: ( Metal Short ) Special Wire of Net VDD & Blockage of Cell InstructionFetch_Module_InstructionMemory_instr_sram  ( met3 )
Bounds : ( 184.900, 1064.700 ) ( 187.900, 1065.100 )


SHORT: ( Metal Short ) Special Wire of Net VDD & Blockage of Cell InstructionFetch_Module_InstructionMemory_instr_sram  ( met3 )
Bounds : ( 184.900, 1072.980 ) ( 187.900, 1073.380 )


SHORT: ( Metal Short ) Special Wire of Net VDD & Blockage of Cell InstructionFetch_Module_InstructionMemory_instr_sram  ( met3 )
Bounds : ( 184.900, 1081.260 ) ( 187.900, 1081.660 )


SHORT: ( Metal Short ) Special Wire of Net VDD & Blockage of Cell InstructionFetch_Module_InstructionMemory_instr_sram  ( met3 )
Bounds : ( 184.900, 1089.540 ) ( 187.900, 1089.940 )


SHORT: ( Metal Short ) Special Wire of Net VDD & Blockage of Cell InstructionFetch_Module_InstructionMemory_instr_sram  ( met3 )
Bounds : ( 184.900, 1097.820 ) ( 187.900, 1098.220 )


SHORT: ( Metal Short ) Special Wire of Net VDD & Blockage of Cell InstructionFetch_Module_InstructionMemory_instr_sram  ( met3 )
Bounds : ( 184.900, 1106.100 ) ( 187.900, 1106.500 )


SHORT: ( Metal Short ) Special Wire of Net VDD & Blockage of Cell InstructionFetch_Module_InstructionMemory_instr_sram  ( met3 )
Bounds : ( 184.900, 1114.380 ) ( 187.900, 1114.780 )


SHORT: ( Metal Short ) Special Wire of Net VDD & Blockage of Cell InstructionFetch_Module_InstructionMemory_instr_sram  ( met3 )
Bounds : ( 184.900, 1122.660 ) ( 187.900, 1123.060 )


SHORT: ( Metal Short ) Special Wire of Net VDD & Blockage of Cell InstructionFetch_Module_InstructionMemory_instr_sram  ( met2 )
Bounds : ( 184.900, 1130.940 ) ( 187.900, 1131.340 )


SHORT: ( Metal Short ) Special Wire of Net VDD & Blockage of Cell InstructionFetch_Module_InstructionMemory_instr_sram  ( met3 )
Bounds : ( 184.900, 1130.940 ) ( 187.900, 1131.340 )


SHORT: ( Metal Short ) Special Wire of Net VDD & Blockage of Cell InstructionFetch_Module_InstructionMemory_instr_sram  ( met2 )
Bounds : ( 184.900, 981.900 ) ( 187.900, 982.300 )


SHORT: ( Metal Short ) Special Wire of Net VDD & Blockage of Cell InstructionFetch_Module_InstructionMemory_instr_sram  ( met2 )
Bounds : ( 184.900, 990.180 ) ( 187.900, 990.580 )


SHORT: ( Metal Short ) Special Wire of Net VDD & Blockage of Cell InstructionFetch_Module_InstructionMemory_instr_sram  ( met2 )
Bounds : ( 184.900, 998.460 ) ( 187.900, 998.860 )


SHORT: ( Metal Short ) Special Wire of Net VDD & Blockage of Cell InstructionFetch_Module_InstructionMemory_instr_sram  ( met2 )
Bounds : ( 184.900, 1006.740 ) ( 187.900, 1007.140 )


SHORT: ( Metal Short ) Special Wire of Net VDD & Blockage of Cell InstructionFetch_Module_InstructionMemory_instr_sram  ( met2 )
Bounds : ( 184.900, 1015.020 ) ( 187.900, 1015.420 )


SHORT: ( Metal Short ) Special Wire of Net VDD & Blockage of Cell InstructionFetch_Module_InstructionMemory_instr_sram  ( met2 )
Bounds : ( 184.900, 1023.300 ) ( 187.900, 1023.700 )


SHORT: ( Metal Short ) Special Wire of Net VDD & Blockage of Cell InstructionFetch_Module_InstructionMemory_instr_sram  ( met2 )
Bounds : ( 184.900, 1031.580 ) ( 187.900, 1031.980 )


SHORT: ( Metal Short ) Special Wire of Net VDD & Blockage of Cell InstructionFetch_Module_InstructionMemory_instr_sram  ( met2 )
Bounds : ( 184.900, 1039.860 ) ( 187.900, 1040.260 )


SHORT: ( Metal Short ) Special Wire of Net VDD & Blockage of Cell InstructionFetch_Module_InstructionMemory_instr_sram  ( met2 )
Bounds : ( 184.900, 1048.140 ) ( 187.900, 1048.540 )


SHORT: ( Metal Short ) Special Wire of Net VDD & Blockage of Cell InstructionFetch_Module_InstructionMemory_instr_sram  ( met2 )
Bounds : ( 184.900, 1056.420 ) ( 187.900, 1056.820 )


SHORT: ( Metal Short ) Special Wire of Net VDD & Blockage of Cell InstructionFetch_Module_InstructionMemory_instr_sram  ( met3 )
Bounds : ( 184.900, 981.900 ) ( 187.900, 982.300 )


SHORT: ( Metal Short ) Special Wire of Net VDD & Blockage of Cell InstructionFetch_Module_InstructionMemory_instr_sram  ( met3 )
Bounds : ( 184.900, 990.180 ) ( 187.900, 990.580 )


SHORT: ( Metal Short ) Special Wire of Net VDD & Blockage of Cell InstructionFetch_Module_InstructionMemory_instr_sram  ( met3 )
Bounds : ( 184.900, 998.460 ) ( 187.900, 998.860 )


SHORT: ( Metal Short ) Special Wire of Net VDD & Blockage of Cell InstructionFetch_Module_InstructionMemory_instr_sram  ( met3 )
Bounds : ( 184.900, 1006.740 ) ( 187.900, 1007.140 )


SHORT: ( Metal Short ) Special Wire of Net VDD & Blockage of Cell InstructionFetch_Module_InstructionMemory_instr_sram  ( met3 )
Bounds : ( 184.900, 1015.020 ) ( 187.900, 1015.420 )


SHORT: ( Metal Short ) Special Wire of Net VDD & Blockage of Cell InstructionFetch_Module_InstructionMemory_instr_sram  ( met3 )
Bounds : ( 184.900, 1023.300 ) ( 187.900, 1023.700 )


SHORT: ( Metal Short ) Special Wire of Net VDD & Blockage of Cell InstructionFetch_Module_InstructionMemory_instr_sram  ( met3 )
Bounds : ( 184.900, 1031.580 ) ( 187.900, 1031.980 )


SHORT: ( Metal Short ) Special Wire of Net VDD & Blockage of Cell InstructionFetch_Module_InstructionMemory_instr_sram  ( met3 )
Bounds : ( 184.900, 1039.860 ) ( 187.900, 1040.260 )


SHORT: ( Metal Short ) Special Wire of Net VDD & Blockage of Cell InstructionFetch_Module_InstructionMemory_instr_sram  ( met3 )
Bounds : ( 184.900, 1048.140 ) ( 187.900, 1048.540 )


SHORT: ( Metal Short ) Special Wire of Net VDD & Blockage of Cell InstructionFetch_Module_InstructionMemory_instr_sram  ( met3 )
Bounds : ( 184.900, 1056.420 ) ( 187.900, 1056.820 )


SHORT: ( Metal Short ) Special Wire of Net VDD & Blockage of Cell InstructionFetch_Module_InstructionMemory_instr_sram  ( met2 )
Bounds : ( 484.900, 940.500 ) ( 487.900, 940.900 )


SHORT: ( Metal Short ) Special Wire of Net VSS & Blockage of Cell InstructionFetch_Module_InstructionMemory_instr_sram  ( met2 )
Bounds : ( 507.900, 936.360 ) ( 510.900, 936.760 )


SHORT: ( Metal Short ) Special Wire of Net VDD & Blockage of Cell InstructionFetch_Module_InstructionMemory_instr_sram  ( met3 )
Bounds : ( 484.900, 940.500 ) ( 487.900, 940.900 )


SHORT: ( Metal Short ) Special Wire of Net VSS & Blockage of Cell InstructionFetch_Module_InstructionMemory_instr_sram  ( met3 )
Bounds : ( 507.900, 936.360 ) ( 510.900, 936.760 )


SHORT: ( Metal Short ) Special Wire of Net VDD & Blockage of Cell InstructionFetch_Module_InstructionMemory_instr_sram  ( met2 )
Bounds : ( 484.900, 948.780 ) ( 487.900, 949.180 )


SHORT: ( Metal Short ) Special Wire of Net VDD & Blockage of Cell InstructionFetch_Module_InstructionMemory_instr_sram  ( met2 )
Bounds : ( 484.900, 957.060 ) ( 487.900, 957.460 )


SHORT: ( Metal Short ) Special Wire of Net VDD & Blockage of Cell InstructionFetch_Module_InstructionMemory_instr_sram  ( met2 )
Bounds : ( 484.900, 965.340 ) ( 487.900, 965.740 )


SHORT: ( Metal Short ) Special Wire of Net VDD & Blockage of Cell InstructionFetch_Module_InstructionMemory_instr_sram  ( met2 )
Bounds : ( 484.900, 973.620 ) ( 487.900, 974.020 )


SHORT: ( Metal Short ) Special Wire of Net VSS & Blockage of Cell InstructionFetch_Module_InstructionMemory_instr_sram  ( met2 )
Bounds : ( 507.900, 944.640 ) ( 510.900, 945.040 )


SHORT: ( Metal Short ) Special Wire of Net VSS & Blockage of Cell InstructionFetch_Module_InstructionMemory_instr_sram  ( met2 )
Bounds : ( 507.900, 952.920 ) ( 510.900, 953.320 )


SHORT: ( Metal Short ) Special Wire of Net VSS & Blockage of Cell InstructionFetch_Module_InstructionMemory_instr_sram  ( met2 )
Bounds : ( 507.900, 961.200 ) ( 510.900, 961.600 )


SHORT: ( Metal Short ) Special Wire of Net VSS & Blockage of Cell InstructionFetch_Module_InstructionMemory_instr_sram  ( met2 )
Bounds : ( 507.900, 969.480 ) ( 510.900, 969.880 )


SHORT: ( Metal Short ) Special Wire of Net VDD & Blockage of Cell InstructionFetch_Module_InstructionMemory_instr_sram  ( met3 )
Bounds : ( 484.900, 948.780 ) ( 487.900, 949.180 )


SHORT: ( Metal Short ) Special Wire of Net VDD & Blockage of Cell InstructionFetch_Module_InstructionMemory_instr_sram  ( met3 )
Bounds : ( 484.900, 957.060 ) ( 487.900, 957.460 )


SHORT: ( Metal Short ) Special Wire of Net VDD & Blockage of Cell InstructionFetch_Module_InstructionMemory_instr_sram  ( met3 )
Bounds : ( 484.900, 965.340 ) ( 487.900, 965.740 )


SHORT: ( Metal Short ) Special Wire of Net VDD & Blockage of Cell InstructionFetch_Module_InstructionMemory_instr_sram  ( met3 )
Bounds : ( 484.900, 973.620 ) ( 487.900, 974.020 )


SHORT: ( Metal Short ) Special Wire of Net VSS & Blockage of Cell InstructionFetch_Module_InstructionMemory_instr_sram  ( met3 )
Bounds : ( 507.900, 944.640 ) ( 510.900, 945.040 )


SHORT: ( Metal Short ) Special Wire of Net VSS & Blockage of Cell InstructionFetch_Module_InstructionMemory_instr_sram  ( met3 )
Bounds : ( 507.900, 952.920 ) ( 510.900, 953.320 )


SHORT: ( Metal Short ) Special Wire of Net VSS & Blockage of Cell InstructionFetch_Module_InstructionMemory_instr_sram  ( met3 )
Bounds : ( 507.900, 961.200 ) ( 510.900, 961.600 )


SHORT: ( Metal Short ) Special Wire of Net VSS & Blockage of Cell InstructionFetch_Module_InstructionMemory_instr_sram  ( met3 )
Bounds : ( 507.900, 969.480 ) ( 510.900, 969.880 )


SHORT: ( Metal Short ) Special Wire of Net VDD & Blockage of Cell InstructionFetch_Module_InstructionMemory_instr_sram  ( met2 )
Bounds : ( 434.900, 940.500 ) ( 437.900, 940.900 )


SHORT: ( Metal Short ) Special Wire of Net VSS & Blockage of Cell InstructionFetch_Module_InstructionMemory_instr_sram  ( met2 )
Bounds : ( 457.900, 936.360 ) ( 460.900, 936.760 )


SHORT: ( Metal Short ) Special Wire of Net VDD & Blockage of Cell InstructionFetch_Module_InstructionMemory_instr_sram  ( met3 )
Bounds : ( 434.900, 940.500 ) ( 437.900, 940.900 )


SHORT: ( Metal Short ) Special Wire of Net VSS & Blockage of Cell InstructionFetch_Module_InstructionMemory_instr_sram  ( met3 )
Bounds : ( 457.900, 936.360 ) ( 460.900, 936.760 )


SHORT: ( Metal Short ) Special Wire of Net VDD & Blockage of Cell InstructionFetch_Module_InstructionMemory_instr_sram  ( met2 )
Bounds : ( 434.900, 948.780 ) ( 437.900, 949.180 )


SHORT: ( Metal Short ) Special Wire of Net VDD & Blockage of Cell InstructionFetch_Module_InstructionMemory_instr_sram  ( met2 )
Bounds : ( 434.900, 957.060 ) ( 437.900, 957.460 )


SHORT: ( Metal Short ) Special Wire of Net VDD & Blockage of Cell InstructionFetch_Module_InstructionMemory_instr_sram  ( met2 )
Bounds : ( 434.900, 965.340 ) ( 437.900, 965.740 )


SHORT: ( Metal Short ) Special Wire of Net VDD & Blockage of Cell InstructionFetch_Module_InstructionMemory_instr_sram  ( met2 )
Bounds : ( 434.900, 973.620 ) ( 437.900, 974.020 )


SHORT: ( Metal Short ) Special Wire of Net VSS & Blockage of Cell InstructionFetch_Module_InstructionMemory_instr_sram  ( met2 )
Bounds : ( 457.900, 944.640 ) ( 460.900, 945.040 )


SHORT: ( Metal Short ) Special Wire of Net VSS & Blockage of Cell InstructionFetch_Module_InstructionMemory_instr_sram  ( met2 )
Bounds : ( 457.900, 952.920 ) ( 460.900, 953.320 )


SHORT: ( Metal Short ) Special Wire of Net VSS & Blockage of Cell InstructionFetch_Module_InstructionMemory_instr_sram  ( met2 )
Bounds : ( 457.900, 961.200 ) ( 460.900, 961.600 )


SHORT: ( Metal Short ) Special Wire of Net VSS & Blockage of Cell InstructionFetch_Module_InstructionMemory_instr_sram  ( met2 )
Bounds : ( 457.900, 969.480 ) ( 460.900, 969.880 )


SHORT: ( Metal Short ) Special Wire of Net VDD & Blockage of Cell InstructionFetch_Module_InstructionMemory_instr_sram  ( met3 )
Bounds : ( 434.900, 948.780 ) ( 437.900, 949.180 )


SHORT: ( Metal Short ) Special Wire of Net VDD & Blockage of Cell InstructionFetch_Module_InstructionMemory_instr_sram  ( met3 )
Bounds : ( 434.900, 957.060 ) ( 437.900, 957.460 )


SHORT: ( Metal Short ) Special Wire of Net VDD & Blockage of Cell InstructionFetch_Module_InstructionMemory_instr_sram  ( met3 )
Bounds : ( 434.900, 965.340 ) ( 437.900, 965.740 )


SHORT: ( Metal Short ) Special Wire of Net VDD & Blockage of Cell InstructionFetch_Module_InstructionMemory_instr_sram  ( met3 )
Bounds : ( 434.900, 973.620 ) ( 437.900, 974.020 )


SHORT: ( Metal Short ) Special Wire of Net VSS & Blockage of Cell InstructionFetch_Module_InstructionMemory_instr_sram  ( met3 )
Bounds : ( 457.900, 944.640 ) ( 460.900, 945.040 )


SHORT: ( Metal Short ) Special Wire of Net VSS & Blockage of Cell InstructionFetch_Module_InstructionMemory_instr_sram  ( met3 )
Bounds : ( 457.900, 952.920 ) ( 460.900, 953.320 )


SHORT: ( Metal Short ) Special Wire of Net VSS & Blockage of Cell InstructionFetch_Module_InstructionMemory_instr_sram  ( met3 )
Bounds : ( 457.900, 961.200 ) ( 460.900, 961.600 )


SHORT: ( Metal Short ) Special Wire of Net VSS & Blockage of Cell InstructionFetch_Module_InstructionMemory_instr_sram  ( met3 )
Bounds : ( 457.900, 969.480 ) ( 460.900, 969.880 )


SHORT: ( Metal Short ) Special Wire of Net VDD & Blockage of Cell InstructionFetch_Module_InstructionMemory_instr_sram  ( met2 )
Bounds : ( 484.900, 899.100 ) ( 487.900, 899.500 )


SHORT: ( Metal Short ) Special Wire of Net VDD & Blockage of Cell InstructionFetch_Module_InstructionMemory_instr_sram  ( met2 )
Bounds : ( 484.900, 907.380 ) ( 487.900, 907.780 )


SHORT: ( Metal Short ) Special Wire of Net VDD & Blockage of Cell InstructionFetch_Module_InstructionMemory_instr_sram  ( met2 )
Bounds : ( 484.900, 915.660 ) ( 487.900, 916.060 )


SHORT: ( Metal Short ) Special Wire of Net VDD & Blockage of Cell InstructionFetch_Module_InstructionMemory_instr_sram  ( met2 )
Bounds : ( 484.900, 923.940 ) ( 487.900, 924.340 )


SHORT: ( Metal Short ) Special Wire of Net VDD & Blockage of Cell InstructionFetch_Module_InstructionMemory_instr_sram  ( met2 )
Bounds : ( 484.900, 932.220 ) ( 487.900, 932.620 )


SHORT: ( Metal Short ) Special Wire of Net VSS & Blockage of Cell InstructionFetch_Module_InstructionMemory_instr_sram  ( met2 )
Bounds : ( 507.900, 903.240 ) ( 510.900, 903.640 )


SHORT: ( Metal Short ) Special Wire of Net VSS & Blockage of Cell InstructionFetch_Module_InstructionMemory_instr_sram  ( met2 )
Bounds : ( 507.900, 911.520 ) ( 510.900, 911.920 )


SHORT: ( Metal Short ) Special Wire of Net VSS & Blockage of Cell InstructionFetch_Module_InstructionMemory_instr_sram  ( met2 )
Bounds : ( 507.900, 919.800 ) ( 510.900, 920.200 )


SHORT: ( Metal Short ) Special Wire of Net VSS & Blockage of Cell InstructionFetch_Module_InstructionMemory_instr_sram  ( met2 )
Bounds : ( 507.900, 928.080 ) ( 510.900, 928.480 )


SHORT: ( Metal Short ) Special Wire of Net VDD & Blockage of Cell InstructionFetch_Module_InstructionMemory_instr_sram  ( met3 )
Bounds : ( 484.900, 899.100 ) ( 487.900, 899.500 )


SHORT: ( Metal Short ) Special Wire of Net VDD & Blockage of Cell InstructionFetch_Module_InstructionMemory_instr_sram  ( met3 )
Bounds : ( 484.900, 907.380 ) ( 487.900, 907.780 )


SHORT: ( Metal Short ) Special Wire of Net VDD & Blockage of Cell InstructionFetch_Module_InstructionMemory_instr_sram  ( met3 )
Bounds : ( 484.900, 915.660 ) ( 487.900, 916.060 )


SHORT: ( Metal Short ) Special Wire of Net VDD & Blockage of Cell InstructionFetch_Module_InstructionMemory_instr_sram  ( met3 )
Bounds : ( 484.900, 923.940 ) ( 487.900, 924.340 )


SHORT: ( Metal Short ) Special Wire of Net VDD & Blockage of Cell InstructionFetch_Module_InstructionMemory_instr_sram  ( met3 )
Bounds : ( 484.900, 932.220 ) ( 487.900, 932.620 )


SHORT: ( Metal Short ) Special Wire of Net VSS & Blockage of Cell InstructionFetch_Module_InstructionMemory_instr_sram  ( met3 )
Bounds : ( 507.900, 903.240 ) ( 510.900, 903.640 )


SHORT: ( Metal Short ) Special Wire of Net VSS & Blockage of Cell InstructionFetch_Module_InstructionMemory_instr_sram  ( met3 )
Bounds : ( 507.900, 911.520 ) ( 510.900, 911.920 )


SHORT: ( Metal Short ) Special Wire of Net VSS & Blockage of Cell InstructionFetch_Module_InstructionMemory_instr_sram  ( met3 )
Bounds : ( 507.900, 919.800 ) ( 510.900, 920.200 )


SHORT: ( Metal Short ) Special Wire of Net VSS & Blockage of Cell InstructionFetch_Module_InstructionMemory_instr_sram  ( met3 )
Bounds : ( 507.900, 928.080 ) ( 510.900, 928.480 )


SHORT: ( Metal Short ) Special Wire of Net VDD & Blockage of Cell InstructionFetch_Module_InstructionMemory_instr_sram  ( met2 )
Bounds : ( 434.900, 899.100 ) ( 437.900, 899.500 )


SHORT: ( Metal Short ) Special Wire of Net VDD & Blockage of Cell InstructionFetch_Module_InstructionMemory_instr_sram  ( met2 )
Bounds : ( 434.900, 907.380 ) ( 437.900, 907.780 )


SHORT: ( Metal Short ) Special Wire of Net VDD & Blockage of Cell InstructionFetch_Module_InstructionMemory_instr_sram  ( met2 )
Bounds : ( 434.900, 915.660 ) ( 437.900, 916.060 )


SHORT: ( Metal Short ) Special Wire of Net VDD & Blockage of Cell InstructionFetch_Module_InstructionMemory_instr_sram  ( met2 )
Bounds : ( 434.900, 923.940 ) ( 437.900, 924.340 )


SHORT: ( Metal Short ) Special Wire of Net VDD & Blockage of Cell InstructionFetch_Module_InstructionMemory_instr_sram  ( met2 )
Bounds : ( 434.900, 932.220 ) ( 437.900, 932.620 )


SHORT: ( Metal Short ) Special Wire of Net VSS & Blockage of Cell InstructionFetch_Module_InstructionMemory_instr_sram  ( met2 )
Bounds : ( 457.900, 903.240 ) ( 460.900, 903.640 )


SHORT: ( Metal Short ) Special Wire of Net VSS & Blockage of Cell InstructionFetch_Module_InstructionMemory_instr_sram  ( met2 )
Bounds : ( 457.900, 911.520 ) ( 460.900, 911.920 )


SHORT: ( Metal Short ) Special Wire of Net VSS & Blockage of Cell InstructionFetch_Module_InstructionMemory_instr_sram  ( met2 )
Bounds : ( 457.900, 919.800 ) ( 460.900, 920.200 )


SHORT: ( Metal Short ) Special Wire of Net VSS & Blockage of Cell InstructionFetch_Module_InstructionMemory_instr_sram  ( met2 )
Bounds : ( 457.900, 928.080 ) ( 460.900, 928.480 )


SHORT: ( Metal Short ) Special Wire of Net VDD & Blockage of Cell InstructionFetch_Module_InstructionMemory_instr_sram  ( met3 )
Bounds : ( 434.900, 899.100 ) ( 437.900, 899.500 )


SHORT: ( Metal Short ) Special Wire of Net VDD & Blockage of Cell InstructionFetch_Module_InstructionMemory_instr_sram  ( met3 )
Bounds : ( 434.900, 907.380 ) ( 437.900, 907.780 )


SHORT: ( Metal Short ) Special Wire of Net VDD & Blockage of Cell InstructionFetch_Module_InstructionMemory_instr_sram  ( met3 )
Bounds : ( 434.900, 915.660 ) ( 437.900, 916.060 )


SHORT: ( Metal Short ) Special Wire of Net VDD & Blockage of Cell InstructionFetch_Module_InstructionMemory_instr_sram  ( met3 )
Bounds : ( 434.900, 923.940 ) ( 437.900, 924.340 )


SHORT: ( Metal Short ) Special Wire of Net VDD & Blockage of Cell InstructionFetch_Module_InstructionMemory_instr_sram  ( met3 )
Bounds : ( 434.900, 932.220 ) ( 437.900, 932.620 )


SHORT: ( Metal Short ) Special Wire of Net VSS & Blockage of Cell InstructionFetch_Module_InstructionMemory_instr_sram  ( met3 )
Bounds : ( 457.900, 903.240 ) ( 460.900, 903.640 )


SHORT: ( Metal Short ) Special Wire of Net VSS & Blockage of Cell InstructionFetch_Module_InstructionMemory_instr_sram  ( met3 )
Bounds : ( 457.900, 911.520 ) ( 460.900, 911.920 )


SHORT: ( Metal Short ) Special Wire of Net VSS & Blockage of Cell InstructionFetch_Module_InstructionMemory_instr_sram  ( met3 )
Bounds : ( 457.900, 919.800 ) ( 460.900, 920.200 )


SHORT: ( Metal Short ) Special Wire of Net VSS & Blockage of Cell InstructionFetch_Module_InstructionMemory_instr_sram  ( met3 )
Bounds : ( 457.900, 928.080 ) ( 460.900, 928.480 )


SHORT: ( Metal Short ) Special Wire of Net VSS & Blockage of Cell InstructionFetch_Module_InstructionMemory_instr_sram  ( met2 )
Bounds : ( 407.900, 936.360 ) ( 410.900, 936.760 )


SHORT: ( Metal Short ) Special Wire of Net VSS & Blockage of Cell InstructionFetch_Module_InstructionMemory_instr_sram  ( met3 )
Bounds : ( 407.900, 936.360 ) ( 410.900, 936.760 )


SHORT: ( Metal Short ) Special Wire of Net VSS & Blockage of Cell InstructionFetch_Module_InstructionMemory_instr_sram  ( met2 )
Bounds : ( 407.900, 944.640 ) ( 410.900, 945.040 )


SHORT: ( Metal Short ) Special Wire of Net VSS & Blockage of Cell InstructionFetch_Module_InstructionMemory_instr_sram  ( met2 )
Bounds : ( 407.900, 952.920 ) ( 410.900, 953.320 )


SHORT: ( Metal Short ) Special Wire of Net VSS & Blockage of Cell InstructionFetch_Module_InstructionMemory_instr_sram  ( met2 )
Bounds : ( 407.900, 961.200 ) ( 410.900, 961.600 )


SHORT: ( Metal Short ) Special Wire of Net VSS & Blockage of Cell InstructionFetch_Module_InstructionMemory_instr_sram  ( met2 )
Bounds : ( 407.900, 969.480 ) ( 410.900, 969.880 )


SHORT: ( Metal Short ) Special Wire of Net VSS & Blockage of Cell InstructionFetch_Module_InstructionMemory_instr_sram  ( met3 )
Bounds : ( 407.900, 944.640 ) ( 410.900, 945.040 )


SHORT: ( Metal Short ) Special Wire of Net VSS & Blockage of Cell InstructionFetch_Module_InstructionMemory_instr_sram  ( met3 )
Bounds : ( 407.900, 952.920 ) ( 410.900, 953.320 )


SHORT: ( Metal Short ) Special Wire of Net VSS & Blockage of Cell InstructionFetch_Module_InstructionMemory_instr_sram  ( met3 )
Bounds : ( 407.900, 961.200 ) ( 410.900, 961.600 )


SHORT: ( Metal Short ) Special Wire of Net VSS & Blockage of Cell InstructionFetch_Module_InstructionMemory_instr_sram  ( met3 )
Bounds : ( 407.900, 969.480 ) ( 410.900, 969.880 )


SHORT: ( Metal Short ) Special Wire of Net VSS & Blockage of Cell InstructionFetch_Module_InstructionMemory_instr_sram  ( met2 )
Bounds : ( 357.900, 936.360 ) ( 360.900, 936.760 )


SHORT: ( Metal Short ) Special Wire of Net VDD & Blockage of Cell InstructionFetch_Module_InstructionMemory_instr_sram  ( met2 )
Bounds : ( 384.900, 940.500 ) ( 387.900, 940.900 )


SHORT: ( Metal Short ) Special Wire of Net VSS & Blockage of Cell InstructionFetch_Module_InstructionMemory_instr_sram  ( met3 )
Bounds : ( 357.900, 936.360 ) ( 360.900, 936.760 )


SHORT: ( Metal Short ) Special Wire of Net VDD & Blockage of Cell InstructionFetch_Module_InstructionMemory_instr_sram  ( met3 )
Bounds : ( 384.900, 940.500 ) ( 387.900, 940.900 )


SHORT: ( Metal Short ) Special Wire of Net VSS & Blockage of Cell InstructionFetch_Module_InstructionMemory_instr_sram  ( met2 )
Bounds : ( 357.900, 944.640 ) ( 360.900, 945.040 )


SHORT: ( Metal Short ) Special Wire of Net VSS & Blockage of Cell InstructionFetch_Module_InstructionMemory_instr_sram  ( met2 )
Bounds : ( 357.900, 952.920 ) ( 360.900, 953.320 )


SHORT: ( Metal Short ) Special Wire of Net VSS & Blockage of Cell InstructionFetch_Module_InstructionMemory_instr_sram  ( met2 )
Bounds : ( 357.900, 961.200 ) ( 360.900, 961.600 )


SHORT: ( Metal Short ) Special Wire of Net VSS & Blockage of Cell InstructionFetch_Module_InstructionMemory_instr_sram  ( met2 )
Bounds : ( 357.900, 969.480 ) ( 360.900, 969.880 )


SHORT: ( Metal Short ) Special Wire of Net VDD & Blockage of Cell InstructionFetch_Module_InstructionMemory_instr_sram  ( met2 )
Bounds : ( 384.900, 948.780 ) ( 387.900, 949.180 )


SHORT: ( Metal Short ) Special Wire of Net VDD & Blockage of Cell InstructionFetch_Module_InstructionMemory_instr_sram  ( met2 )
Bounds : ( 384.900, 957.060 ) ( 387.900, 957.460 )


SHORT: ( Metal Short ) Special Wire of Net VDD & Blockage of Cell InstructionFetch_Module_InstructionMemory_instr_sram  ( met2 )
Bounds : ( 384.900, 965.340 ) ( 387.900, 965.740 )


SHORT: ( Metal Short ) Special Wire of Net VDD & Blockage of Cell InstructionFetch_Module_InstructionMemory_instr_sram  ( met2 )
Bounds : ( 384.900, 973.620 ) ( 387.900, 974.020 )


SHORT: ( Metal Short ) Special Wire of Net VSS & Blockage of Cell InstructionFetch_Module_InstructionMemory_instr_sram  ( met3 )
Bounds : ( 357.900, 944.640 ) ( 360.900, 945.040 )


SHORT: ( Metal Short ) Special Wire of Net VSS & Blockage of Cell InstructionFetch_Module_InstructionMemory_instr_sram  ( met3 )
Bounds : ( 357.900, 952.920 ) ( 360.900, 953.320 )


SHORT: ( Metal Short ) Special Wire of Net VSS & Blockage of Cell InstructionFetch_Module_InstructionMemory_instr_sram  ( met3 )
Bounds : ( 357.900, 961.200 ) ( 360.900, 961.600 )


SHORT: ( Metal Short ) Special Wire of Net VSS & Blockage of Cell InstructionFetch_Module_InstructionMemory_instr_sram  ( met3 )
Bounds : ( 357.900, 969.480 ) ( 360.900, 969.880 )


SHORT: ( Metal Short ) Special Wire of Net VDD & Blockage of Cell InstructionFetch_Module_InstructionMemory_instr_sram  ( met3 )
Bounds : ( 384.900, 948.780 ) ( 387.900, 949.180 )


SHORT: ( Metal Short ) Special Wire of Net VDD & Blockage of Cell InstructionFetch_Module_InstructionMemory_instr_sram  ( met3 )
Bounds : ( 384.900, 957.060 ) ( 387.900, 957.460 )


SHORT: ( Metal Short ) Special Wire of Net VDD & Blockage of Cell InstructionFetch_Module_InstructionMemory_instr_sram  ( met3 )
Bounds : ( 384.900, 965.340 ) ( 387.900, 965.740 )


SHORT: ( Metal Short ) Special Wire of Net VDD & Blockage of Cell InstructionFetch_Module_InstructionMemory_instr_sram  ( met3 )
Bounds : ( 384.900, 973.620 ) ( 387.900, 974.020 )


SHORT: ( Metal Short ) Special Wire of Net VSS & Blockage of Cell InstructionFetch_Module_InstructionMemory_instr_sram  ( met2 )
Bounds : ( 357.900, 903.240 ) ( 360.900, 903.640 )


SHORT: ( Metal Short ) Special Wire of Net VSS & Blockage of Cell InstructionFetch_Module_InstructionMemory_instr_sram  ( met2 )
Bounds : ( 357.900, 911.520 ) ( 360.900, 911.920 )


SHORT: ( Metal Short ) Special Wire of Net VSS & Blockage of Cell InstructionFetch_Module_InstructionMemory_instr_sram  ( met2 )
Bounds : ( 357.900, 919.800 ) ( 360.900, 920.200 )


SHORT: ( Metal Short ) Special Wire of Net VSS & Blockage of Cell InstructionFetch_Module_InstructionMemory_instr_sram  ( met2 )
Bounds : ( 357.900, 928.080 ) ( 360.900, 928.480 )


SHORT: ( Metal Short ) Special Wire of Net VDD & Blockage of Cell InstructionFetch_Module_InstructionMemory_instr_sram  ( met2 )
Bounds : ( 384.900, 899.100 ) ( 387.900, 899.500 )


SHORT: ( Metal Short ) Special Wire of Net VDD & Blockage of Cell InstructionFetch_Module_InstructionMemory_instr_sram  ( met2 )
Bounds : ( 384.900, 907.380 ) ( 387.900, 907.780 )


SHORT: ( Metal Short ) Special Wire of Net VDD & Blockage of Cell InstructionFetch_Module_InstructionMemory_instr_sram  ( met2 )
Bounds : ( 384.900, 915.660 ) ( 387.900, 916.060 )


SHORT: ( Metal Short ) Special Wire of Net VDD & Blockage of Cell InstructionFetch_Module_InstructionMemory_instr_sram  ( met2 )
Bounds : ( 384.900, 923.940 ) ( 387.900, 924.340 )


SHORT: ( Metal Short ) Special Wire of Net VDD & Blockage of Cell InstructionFetch_Module_InstructionMemory_instr_sram  ( met2 )
Bounds : ( 384.900, 932.220 ) ( 387.900, 932.620 )


SHORT: ( Metal Short ) Special Wire of Net VSS & Blockage of Cell InstructionFetch_Module_InstructionMemory_instr_sram  ( met2 )
Bounds : ( 407.900, 903.240 ) ( 410.900, 903.640 )


SHORT: ( Metal Short ) Special Wire of Net VSS & Blockage of Cell InstructionFetch_Module_InstructionMemory_instr_sram  ( met2 )
Bounds : ( 407.900, 911.520 ) ( 410.900, 911.920 )


SHORT: ( Metal Short ) Special Wire of Net VSS & Blockage of Cell InstructionFetch_Module_InstructionMemory_instr_sram  ( met2 )
Bounds : ( 407.900, 919.800 ) ( 410.900, 920.200 )


SHORT: ( Metal Short ) Special Wire of Net VSS & Blockage of Cell InstructionFetch_Module_InstructionMemory_instr_sram  ( met2 )
Bounds : ( 407.900, 928.080 ) ( 410.900, 928.480 )


SHORT: ( Metal Short ) Special Wire of Net VSS & Blockage of Cell InstructionFetch_Module_InstructionMemory_instr_sram  ( met3 )
Bounds : ( 357.900, 903.240 ) ( 360.900, 903.640 )


SHORT: ( Metal Short ) Special Wire of Net VSS & Blockage of Cell InstructionFetch_Module_InstructionMemory_instr_sram  ( met3 )
Bounds : ( 357.900, 911.520 ) ( 360.900, 911.920 )


SHORT: ( Metal Short ) Special Wire of Net VSS & Blockage of Cell InstructionFetch_Module_InstructionMemory_instr_sram  ( met3 )
Bounds : ( 357.900, 919.800 ) ( 360.900, 920.200 )


SHORT: ( Metal Short ) Special Wire of Net VSS & Blockage of Cell InstructionFetch_Module_InstructionMemory_instr_sram  ( met3 )
Bounds : ( 357.900, 928.080 ) ( 360.900, 928.480 )


SHORT: ( Metal Short ) Special Wire of Net VDD & Blockage of Cell InstructionFetch_Module_InstructionMemory_instr_sram  ( met3 )
Bounds : ( 384.900, 899.100 ) ( 387.900, 899.500 )


SHORT: ( Metal Short ) Special Wire of Net VDD & Blockage of Cell InstructionFetch_Module_InstructionMemory_instr_sram  ( met3 )
Bounds : ( 384.900, 907.380 ) ( 387.900, 907.780 )


SHORT: ( Metal Short ) Special Wire of Net VDD & Blockage of Cell InstructionFetch_Module_InstructionMemory_instr_sram  ( met3 )
Bounds : ( 384.900, 915.660 ) ( 387.900, 916.060 )


SHORT: ( Metal Short ) Special Wire of Net VDD & Blockage of Cell InstructionFetch_Module_InstructionMemory_instr_sram  ( met3 )
Bounds : ( 384.900, 923.940 ) ( 387.900, 924.340 )


SHORT: ( Metal Short ) Special Wire of Net VDD & Blockage of Cell InstructionFetch_Module_InstructionMemory_instr_sram  ( met3 )
Bounds : ( 384.900, 932.220 ) ( 387.900, 932.620 )


SHORT: ( Metal Short ) Special Wire of Net VSS & Blockage of Cell InstructionFetch_Module_InstructionMemory_instr_sram  ( met3 )
Bounds : ( 407.900, 903.240 ) ( 410.900, 903.640 )


SHORT: ( Metal Short ) Special Wire of Net VSS & Blockage of Cell InstructionFetch_Module_InstructionMemory_instr_sram  ( met3 )
Bounds : ( 407.900, 911.520 ) ( 410.900, 911.920 )


SHORT: ( Metal Short ) Special Wire of Net VSS & Blockage of Cell InstructionFetch_Module_InstructionMemory_instr_sram  ( met3 )
Bounds : ( 407.900, 919.800 ) ( 410.900, 920.200 )


SHORT: ( Metal Short ) Special Wire of Net VSS & Blockage of Cell InstructionFetch_Module_InstructionMemory_instr_sram  ( met3 )
Bounds : ( 407.900, 928.080 ) ( 410.900, 928.480 )


SHORT: ( Metal Short ) Special Wire of Net VDD & Blockage of Cell InstructionFetch_Module_InstructionMemory_instr_sram  ( met2 )
Bounds : ( 484.900, 857.700 ) ( 487.900, 858.100 )


SHORT: ( Metal Short ) Special Wire of Net VDD & Blockage of Cell InstructionFetch_Module_InstructionMemory_instr_sram  ( met2 )
Bounds : ( 484.900, 865.980 ) ( 487.900, 866.380 )


SHORT: ( Metal Short ) Special Wire of Net VDD & Blockage of Cell InstructionFetch_Module_InstructionMemory_instr_sram  ( met2 )
Bounds : ( 484.900, 874.260 ) ( 487.900, 874.660 )


SHORT: ( Metal Short ) Special Wire of Net VDD & Blockage of Cell InstructionFetch_Module_InstructionMemory_instr_sram  ( met2 )
Bounds : ( 484.900, 882.540 ) ( 487.900, 882.940 )


SHORT: ( Metal Short ) Special Wire of Net VDD & Blockage of Cell InstructionFetch_Module_InstructionMemory_instr_sram  ( met2 )
Bounds : ( 484.900, 890.820 ) ( 487.900, 891.220 )


SHORT: ( Metal Short ) Special Wire of Net VSS & Blockage of Cell InstructionFetch_Module_InstructionMemory_instr_sram  ( met2 )
Bounds : ( 507.900, 861.840 ) ( 510.900, 862.240 )


SHORT: ( Metal Short ) Special Wire of Net VSS & Blockage of Cell InstructionFetch_Module_InstructionMemory_instr_sram  ( met2 )
Bounds : ( 507.900, 870.120 ) ( 510.900, 870.520 )


SHORT: ( Metal Short ) Special Wire of Net VSS & Blockage of Cell InstructionFetch_Module_InstructionMemory_instr_sram  ( met2 )
Bounds : ( 507.900, 878.400 ) ( 510.900, 878.800 )


SHORT: ( Metal Short ) Special Wire of Net VSS & Blockage of Cell InstructionFetch_Module_InstructionMemory_instr_sram  ( met2 )
Bounds : ( 507.900, 886.680 ) ( 510.900, 887.080 )


SHORT: ( Metal Short ) Special Wire of Net VDD & Blockage of Cell InstructionFetch_Module_InstructionMemory_instr_sram  ( met3 )
Bounds : ( 484.900, 857.700 ) ( 487.900, 858.100 )


SHORT: ( Metal Short ) Special Wire of Net VDD & Blockage of Cell InstructionFetch_Module_InstructionMemory_instr_sram  ( met3 )
Bounds : ( 484.900, 865.980 ) ( 487.900, 866.380 )


SHORT: ( Metal Short ) Special Wire of Net VDD & Blockage of Cell InstructionFetch_Module_InstructionMemory_instr_sram  ( met3 )
Bounds : ( 484.900, 874.260 ) ( 487.900, 874.660 )


SHORT: ( Metal Short ) Special Wire of Net VDD & Blockage of Cell InstructionFetch_Module_InstructionMemory_instr_sram  ( met3 )
Bounds : ( 484.900, 882.540 ) ( 487.900, 882.940 )


SHORT: ( Metal Short ) Special Wire of Net VDD & Blockage of Cell InstructionFetch_Module_InstructionMemory_instr_sram  ( met3 )
Bounds : ( 484.900, 890.820 ) ( 487.900, 891.220 )


SHORT: ( Metal Short ) Special Wire of Net VSS & Blockage of Cell InstructionFetch_Module_InstructionMemory_instr_sram  ( met3 )
Bounds : ( 507.900, 861.840 ) ( 510.900, 862.240 )


SHORT: ( Metal Short ) Special Wire of Net VSS & Blockage of Cell InstructionFetch_Module_InstructionMemory_instr_sram  ( met3 )
Bounds : ( 507.900, 870.120 ) ( 510.900, 870.520 )


SHORT: ( Metal Short ) Special Wire of Net VSS & Blockage of Cell InstructionFetch_Module_InstructionMemory_instr_sram  ( met3 )
Bounds : ( 507.900, 878.400 ) ( 510.900, 878.800 )


SHORT: ( Metal Short ) Special Wire of Net VSS & Blockage of Cell InstructionFetch_Module_InstructionMemory_instr_sram  ( met3 )
Bounds : ( 507.900, 886.680 ) ( 510.900, 887.080 )


SHORT: ( Metal Short ) Special Wire of Net VDD & Blockage of Cell InstructionFetch_Module_InstructionMemory_instr_sram  ( met2 )
Bounds : ( 434.900, 857.700 ) ( 437.900, 858.100 )


SHORT: ( Metal Short ) Special Wire of Net VDD & Blockage of Cell InstructionFetch_Module_InstructionMemory_instr_sram  ( met2 )
Bounds : ( 434.900, 865.980 ) ( 437.900, 866.380 )


SHORT: ( Metal Short ) Special Wire of Net VDD & Blockage of Cell InstructionFetch_Module_InstructionMemory_instr_sram  ( met2 )
Bounds : ( 434.900, 874.260 ) ( 437.900, 874.660 )


SHORT: ( Metal Short ) Special Wire of Net VDD & Blockage of Cell InstructionFetch_Module_InstructionMemory_instr_sram  ( met2 )
Bounds : ( 434.900, 882.540 ) ( 437.900, 882.940 )


SHORT: ( Metal Short ) Special Wire of Net VDD & Blockage of Cell InstructionFetch_Module_InstructionMemory_instr_sram  ( met2 )
Bounds : ( 434.900, 890.820 ) ( 437.900, 891.220 )


SHORT: ( Metal Short ) Special Wire of Net VSS & Blockage of Cell InstructionFetch_Module_InstructionMemory_instr_sram  ( met2 )
Bounds : ( 457.900, 861.840 ) ( 460.900, 862.240 )


SHORT: ( Metal Short ) Special Wire of Net VSS & Blockage of Cell InstructionFetch_Module_InstructionMemory_instr_sram  ( met2 )
Bounds : ( 457.900, 870.120 ) ( 460.900, 870.520 )


SHORT: ( Metal Short ) Special Wire of Net VSS & Blockage of Cell InstructionFetch_Module_InstructionMemory_instr_sram  ( met2 )
Bounds : ( 457.900, 878.400 ) ( 460.900, 878.800 )


SHORT: ( Metal Short ) Special Wire of Net VSS & Blockage of Cell InstructionFetch_Module_InstructionMemory_instr_sram  ( met2 )
Bounds : ( 457.900, 886.680 ) ( 460.900, 887.080 )


SHORT: ( Metal Short ) Special Wire of Net VDD & Blockage of Cell InstructionFetch_Module_InstructionMemory_instr_sram  ( met3 )
Bounds : ( 434.900, 857.700 ) ( 437.900, 858.100 )


SHORT: ( Metal Short ) Special Wire of Net VDD & Blockage of Cell InstructionFetch_Module_InstructionMemory_instr_sram  ( met3 )
Bounds : ( 434.900, 865.980 ) ( 437.900, 866.380 )


SHORT: ( Metal Short ) Special Wire of Net VDD & Blockage of Cell InstructionFetch_Module_InstructionMemory_instr_sram  ( met3 )
Bounds : ( 434.900, 874.260 ) ( 437.900, 874.660 )


SHORT: ( Metal Short ) Special Wire of Net VDD & Blockage of Cell InstructionFetch_Module_InstructionMemory_instr_sram  ( met3 )
Bounds : ( 434.900, 882.540 ) ( 437.900, 882.940 )


SHORT: ( Metal Short ) Special Wire of Net VDD & Blockage of Cell InstructionFetch_Module_InstructionMemory_instr_sram  ( met3 )
Bounds : ( 434.900, 890.820 ) ( 437.900, 891.220 )


SHORT: ( Metal Short ) Special Wire of Net VSS & Blockage of Cell InstructionFetch_Module_InstructionMemory_instr_sram  ( met3 )
Bounds : ( 457.900, 861.840 ) ( 460.900, 862.240 )


SHORT: ( Metal Short ) Special Wire of Net VSS & Blockage of Cell InstructionFetch_Module_InstructionMemory_instr_sram  ( met3 )
Bounds : ( 457.900, 870.120 ) ( 460.900, 870.520 )


SHORT: ( Metal Short ) Special Wire of Net VSS & Blockage of Cell InstructionFetch_Module_InstructionMemory_instr_sram  ( met3 )
Bounds : ( 457.900, 878.400 ) ( 460.900, 878.800 )


SHORT: ( Metal Short ) Special Wire of Net VSS & Blockage of Cell InstructionFetch_Module_InstructionMemory_instr_sram  ( met3 )
Bounds : ( 457.900, 886.680 ) ( 460.900, 887.080 )


SHORT: ( Metal Short ) Special Wire of Net VDD & Blockage of Cell InstructionFetch_Module_InstructionMemory_instr_sram  ( met2 )
Bounds : ( 484.900, 816.300 ) ( 487.900, 816.700 )


SHORT: ( Metal Short ) Special Wire of Net VDD & Blockage of Cell InstructionFetch_Module_InstructionMemory_instr_sram  ( met2 )
Bounds : ( 484.900, 824.580 ) ( 487.900, 824.980 )


SHORT: ( Metal Short ) Special Wire of Net VDD & Blockage of Cell InstructionFetch_Module_InstructionMemory_instr_sram  ( met2 )
Bounds : ( 484.900, 832.860 ) ( 487.900, 833.260 )


SHORT: ( Metal Short ) Special Wire of Net VDD & Blockage of Cell InstructionFetch_Module_InstructionMemory_instr_sram  ( met2 )
Bounds : ( 484.900, 841.140 ) ( 487.900, 841.540 )


SHORT: ( Metal Short ) Special Wire of Net VDD & Blockage of Cell InstructionFetch_Module_InstructionMemory_instr_sram  ( met2 )
Bounds : ( 484.900, 849.420 ) ( 487.900, 849.820 )


SHORT: ( Metal Short ) Special Wire of Net VSS & Blockage of Cell InstructionFetch_Module_InstructionMemory_instr_sram  ( met2 )
Bounds : ( 507.900, 820.440 ) ( 510.900, 820.840 )


SHORT: ( Metal Short ) Special Wire of Net VSS & Blockage of Cell InstructionFetch_Module_InstructionMemory_instr_sram  ( met2 )
Bounds : ( 507.900, 828.720 ) ( 510.900, 829.120 )


SHORT: ( Metal Short ) Special Wire of Net VSS & Blockage of Cell InstructionFetch_Module_InstructionMemory_instr_sram  ( met2 )
Bounds : ( 507.900, 837.000 ) ( 510.900, 837.400 )


SHORT: ( Metal Short ) Special Wire of Net VSS & Blockage of Cell InstructionFetch_Module_InstructionMemory_instr_sram  ( met2 )
Bounds : ( 507.900, 845.280 ) ( 510.900, 845.680 )


SHORT: ( Metal Short ) Special Wire of Net VSS & Blockage of Cell InstructionFetch_Module_InstructionMemory_instr_sram  ( met2 )
Bounds : ( 507.900, 853.560 ) ( 510.900, 853.960 )


SHORT: ( Metal Short ) Special Wire of Net VDD & Blockage of Cell InstructionFetch_Module_InstructionMemory_instr_sram  ( met3 )
Bounds : ( 484.900, 816.300 ) ( 487.900, 816.700 )


SHORT: ( Metal Short ) Special Wire of Net VDD & Blockage of Cell InstructionFetch_Module_InstructionMemory_instr_sram  ( met3 )
Bounds : ( 484.900, 824.580 ) ( 487.900, 824.980 )


SHORT: ( Metal Short ) Special Wire of Net VDD & Blockage of Cell InstructionFetch_Module_InstructionMemory_instr_sram  ( met3 )
Bounds : ( 484.900, 832.860 ) ( 487.900, 833.260 )


SHORT: ( Metal Short ) Special Wire of Net VDD & Blockage of Cell InstructionFetch_Module_InstructionMemory_instr_sram  ( met3 )
Bounds : ( 484.900, 841.140 ) ( 487.900, 841.540 )


SHORT: ( Metal Short ) Special Wire of Net VDD & Blockage of Cell InstructionFetch_Module_InstructionMemory_instr_sram  ( met3 )
Bounds : ( 484.900, 849.420 ) ( 487.900, 849.820 )


SHORT: ( Metal Short ) Special Wire of Net VSS & Blockage of Cell InstructionFetch_Module_InstructionMemory_instr_sram  ( met3 )
Bounds : ( 507.900, 820.440 ) ( 510.900, 820.840 )


SHORT: ( Metal Short ) Special Wire of Net VSS & Blockage of Cell InstructionFetch_Module_InstructionMemory_instr_sram  ( met3 )
Bounds : ( 507.900, 828.720 ) ( 510.900, 829.120 )


SHORT: ( Metal Short ) Special Wire of Net VSS & Blockage of Cell InstructionFetch_Module_InstructionMemory_instr_sram  ( met3 )
Bounds : ( 507.900, 837.000 ) ( 510.900, 837.400 )


SHORT: ( Metal Short ) Special Wire of Net VSS & Blockage of Cell InstructionFetch_Module_InstructionMemory_instr_sram  ( met3 )
Bounds : ( 507.900, 845.280 ) ( 510.900, 845.680 )


SHORT: ( Metal Short ) Special Wire of Net VSS & Blockage of Cell InstructionFetch_Module_InstructionMemory_instr_sram  ( met3 )
Bounds : ( 507.900, 853.560 ) ( 510.900, 853.960 )


SHORT: ( Metal Short ) Special Wire of Net VDD & Blockage of Cell InstructionFetch_Module_InstructionMemory_instr_sram  ( met2 )
Bounds : ( 434.900, 816.300 ) ( 437.900, 816.700 )


SHORT: ( Metal Short ) Special Wire of Net VDD & Blockage of Cell InstructionFetch_Module_InstructionMemory_instr_sram  ( met2 )
Bounds : ( 434.900, 824.580 ) ( 437.900, 824.980 )


SHORT: ( Metal Short ) Special Wire of Net VDD & Blockage of Cell InstructionFetch_Module_InstructionMemory_instr_sram  ( met2 )
Bounds : ( 434.900, 832.860 ) ( 437.900, 833.260 )


SHORT: ( Metal Short ) Special Wire of Net VDD & Blockage of Cell InstructionFetch_Module_InstructionMemory_instr_sram  ( met2 )
Bounds : ( 434.900, 841.140 ) ( 437.900, 841.540 )


SHORT: ( Metal Short ) Special Wire of Net VDD & Blockage of Cell InstructionFetch_Module_InstructionMemory_instr_sram  ( met2 )
Bounds : ( 434.900, 849.420 ) ( 437.900, 849.820 )


SHORT: ( Metal Short ) Special Wire of Net VSS & Blockage of Cell InstructionFetch_Module_InstructionMemory_instr_sram  ( met2 )
Bounds : ( 457.900, 820.440 ) ( 460.900, 820.840 )


SHORT: ( Metal Short ) Special Wire of Net VSS & Blockage of Cell InstructionFetch_Module_InstructionMemory_instr_sram  ( met2 )
Bounds : ( 457.900, 828.720 ) ( 460.900, 829.120 )


SHORT: ( Metal Short ) Special Wire of Net VSS & Blockage of Cell InstructionFetch_Module_InstructionMemory_instr_sram  ( met2 )
Bounds : ( 457.900, 837.000 ) ( 460.900, 837.400 )


SHORT: ( Metal Short ) Special Wire of Net VSS & Blockage of Cell InstructionFetch_Module_InstructionMemory_instr_sram  ( met2 )
Bounds : ( 457.900, 845.280 ) ( 460.900, 845.680 )


SHORT: ( Metal Short ) Special Wire of Net VSS & Blockage of Cell InstructionFetch_Module_InstructionMemory_instr_sram  ( met2 )
Bounds : ( 457.900, 853.560 ) ( 460.900, 853.960 )


SHORT: ( Metal Short ) Special Wire of Net VDD & Blockage of Cell InstructionFetch_Module_InstructionMemory_instr_sram  ( met3 )
Bounds : ( 434.900, 816.300 ) ( 437.900, 816.700 )


SHORT: ( Metal Short ) Special Wire of Net VDD & Blockage of Cell InstructionFetch_Module_InstructionMemory_instr_sram  ( met3 )
Bounds : ( 434.900, 824.580 ) ( 437.900, 824.980 )


SHORT: ( Metal Short ) Special Wire of Net VDD & Blockage of Cell InstructionFetch_Module_InstructionMemory_instr_sram  ( met3 )
Bounds : ( 434.900, 832.860 ) ( 437.900, 833.260 )


SHORT: ( Metal Short ) Special Wire of Net VDD & Blockage of Cell InstructionFetch_Module_InstructionMemory_instr_sram  ( met3 )
Bounds : ( 434.900, 841.140 ) ( 437.900, 841.540 )


SHORT: ( Metal Short ) Special Wire of Net VDD & Blockage of Cell InstructionFetch_Module_InstructionMemory_instr_sram  ( met3 )
Bounds : ( 434.900, 849.420 ) ( 437.900, 849.820 )


SHORT: ( Metal Short ) Special Wire of Net VSS & Blockage of Cell InstructionFetch_Module_InstructionMemory_instr_sram  ( met3 )
Bounds : ( 457.900, 820.440 ) ( 460.900, 820.840 )


SHORT: ( Metal Short ) Special Wire of Net VSS & Blockage of Cell InstructionFetch_Module_InstructionMemory_instr_sram  ( met3 )
Bounds : ( 457.900, 828.720 ) ( 460.900, 829.120 )


SHORT: ( Metal Short ) Special Wire of Net VSS & Blockage of Cell InstructionFetch_Module_InstructionMemory_instr_sram  ( met3 )
Bounds : ( 457.900, 837.000 ) ( 460.900, 837.400 )


SHORT: ( Metal Short ) Special Wire of Net VSS & Blockage of Cell InstructionFetch_Module_InstructionMemory_instr_sram  ( met3 )
Bounds : ( 457.900, 845.280 ) ( 460.900, 845.680 )


SHORT: ( Metal Short ) Special Wire of Net VSS & Blockage of Cell InstructionFetch_Module_InstructionMemory_instr_sram  ( met3 )
Bounds : ( 457.900, 853.560 ) ( 460.900, 853.960 )


SHORT: ( Metal Short ) Special Wire of Net VSS & Blockage of Cell InstructionFetch_Module_InstructionMemory_instr_sram  ( met2 )
Bounds : ( 357.900, 861.840 ) ( 360.900, 862.240 )


SHORT: ( Metal Short ) Special Wire of Net VSS & Blockage of Cell InstructionFetch_Module_InstructionMemory_instr_sram  ( met2 )
Bounds : ( 357.900, 870.120 ) ( 360.900, 870.520 )


SHORT: ( Metal Short ) Special Wire of Net VSS & Blockage of Cell InstructionFetch_Module_InstructionMemory_instr_sram  ( met2 )
Bounds : ( 357.900, 878.400 ) ( 360.900, 878.800 )


SHORT: ( Metal Short ) Special Wire of Net VSS & Blockage of Cell InstructionFetch_Module_InstructionMemory_instr_sram  ( met2 )
Bounds : ( 357.900, 886.680 ) ( 360.900, 887.080 )


SHORT: ( Metal Short ) Special Wire of Net VDD & Blockage of Cell InstructionFetch_Module_InstructionMemory_instr_sram  ( met2 )
Bounds : ( 384.900, 857.700 ) ( 387.900, 858.100 )


SHORT: ( Metal Short ) Special Wire of Net VDD & Blockage of Cell InstructionFetch_Module_InstructionMemory_instr_sram  ( met2 )
Bounds : ( 384.900, 865.980 ) ( 387.900, 866.380 )


SHORT: ( Metal Short ) Special Wire of Net VDD & Blockage of Cell InstructionFetch_Module_InstructionMemory_instr_sram  ( met2 )
Bounds : ( 384.900, 874.260 ) ( 387.900, 874.660 )


SHORT: ( Metal Short ) Special Wire of Net VDD & Blockage of Cell InstructionFetch_Module_InstructionMemory_instr_sram  ( met2 )
Bounds : ( 384.900, 882.540 ) ( 387.900, 882.940 )


SHORT: ( Metal Short ) Special Wire of Net VDD & Blockage of Cell InstructionFetch_Module_InstructionMemory_instr_sram  ( met2 )
Bounds : ( 384.900, 890.820 ) ( 387.900, 891.220 )


SHORT: ( Metal Short ) Special Wire of Net VSS & Blockage of Cell InstructionFetch_Module_InstructionMemory_instr_sram  ( met2 )
Bounds : ( 407.900, 861.840 ) ( 410.900, 862.240 )


SHORT: ( Metal Short ) Special Wire of Net VSS & Blockage of Cell InstructionFetch_Module_InstructionMemory_instr_sram  ( met2 )
Bounds : ( 407.900, 870.120 ) ( 410.900, 870.520 )


SHORT: ( Metal Short ) Special Wire of Net VSS & Blockage of Cell InstructionFetch_Module_InstructionMemory_instr_sram  ( met2 )
Bounds : ( 407.900, 878.400 ) ( 410.900, 878.800 )


SHORT: ( Metal Short ) Special Wire of Net VSS & Blockage of Cell InstructionFetch_Module_InstructionMemory_instr_sram  ( met2 )
Bounds : ( 407.900, 886.680 ) ( 410.900, 887.080 )


SHORT: ( Metal Short ) Special Wire of Net VSS & Blockage of Cell InstructionFetch_Module_InstructionMemory_instr_sram  ( met3 )
Bounds : ( 357.900, 861.840 ) ( 360.900, 862.240 )


SHORT: ( Metal Short ) Special Wire of Net VSS & Blockage of Cell InstructionFetch_Module_InstructionMemory_instr_sram  ( met3 )
Bounds : ( 357.900, 870.120 ) ( 360.900, 870.520 )


SHORT: ( Metal Short ) Special Wire of Net VSS & Blockage of Cell InstructionFetch_Module_InstructionMemory_instr_sram  ( met3 )
Bounds : ( 357.900, 878.400 ) ( 360.900, 878.800 )


SHORT: ( Metal Short ) Special Wire of Net VSS & Blockage of Cell InstructionFetch_Module_InstructionMemory_instr_sram  ( met3 )
Bounds : ( 357.900, 886.680 ) ( 360.900, 887.080 )


SHORT: ( Metal Short ) Special Wire of Net VDD & Blockage of Cell InstructionFetch_Module_InstructionMemory_instr_sram  ( met3 )
Bounds : ( 384.900, 857.700 ) ( 387.900, 858.100 )


SHORT: ( Metal Short ) Special Wire of Net VDD & Blockage of Cell InstructionFetch_Module_InstructionMemory_instr_sram  ( met3 )
Bounds : ( 384.900, 865.980 ) ( 387.900, 866.380 )


SHORT: ( Metal Short ) Special Wire of Net VDD & Blockage of Cell InstructionFetch_Module_InstructionMemory_instr_sram  ( met3 )
Bounds : ( 384.900, 874.260 ) ( 387.900, 874.660 )


SHORT: ( Metal Short ) Special Wire of Net VDD & Blockage of Cell InstructionFetch_Module_InstructionMemory_instr_sram  ( met3 )
Bounds : ( 384.900, 882.540 ) ( 387.900, 882.940 )


SHORT: ( Metal Short ) Special Wire of Net VDD & Blockage of Cell InstructionFetch_Module_InstructionMemory_instr_sram  ( met3 )
Bounds : ( 384.900, 890.820 ) ( 387.900, 891.220 )


SHORT: ( Metal Short ) Special Wire of Net VSS & Blockage of Cell InstructionFetch_Module_InstructionMemory_instr_sram  ( met3 )
Bounds : ( 407.900, 861.840 ) ( 410.900, 862.240 )


SHORT: ( Metal Short ) Special Wire of Net VSS & Blockage of Cell InstructionFetch_Module_InstructionMemory_instr_sram  ( met3 )
Bounds : ( 407.900, 870.120 ) ( 410.900, 870.520 )


SHORT: ( Metal Short ) Special Wire of Net VSS & Blockage of Cell InstructionFetch_Module_InstructionMemory_instr_sram  ( met3 )
Bounds : ( 407.900, 878.400 ) ( 410.900, 878.800 )


SHORT: ( Metal Short ) Special Wire of Net VSS & Blockage of Cell InstructionFetch_Module_InstructionMemory_instr_sram  ( met3 )
Bounds : ( 407.900, 886.680 ) ( 410.900, 887.080 )


SHORT: ( Metal Short ) Special Wire of Net VSS & Blockage of Cell InstructionFetch_Module_InstructionMemory_instr_sram  ( met2 )
Bounds : ( 407.900, 820.440 ) ( 410.900, 820.840 )


SHORT: ( Metal Short ) Special Wire of Net VSS & Blockage of Cell InstructionFetch_Module_InstructionMemory_instr_sram  ( met2 )
Bounds : ( 407.900, 828.720 ) ( 410.900, 829.120 )


SHORT: ( Metal Short ) Special Wire of Net VSS & Blockage of Cell InstructionFetch_Module_InstructionMemory_instr_sram  ( met2 )
Bounds : ( 407.900, 837.000 ) ( 410.900, 837.400 )


SHORT: ( Metal Short ) Special Wire of Net VSS & Blockage of Cell InstructionFetch_Module_InstructionMemory_instr_sram  ( met2 )
Bounds : ( 407.900, 845.280 ) ( 410.900, 845.680 )


SHORT: ( Metal Short ) Special Wire of Net VSS & Blockage of Cell InstructionFetch_Module_InstructionMemory_instr_sram  ( met2 )
Bounds : ( 407.900, 853.560 ) ( 410.900, 853.960 )


SHORT: ( Metal Short ) Special Wire of Net VSS & Blockage of Cell InstructionFetch_Module_InstructionMemory_instr_sram  ( met3 )
Bounds : ( 407.900, 820.440 ) ( 410.900, 820.840 )


SHORT: ( Metal Short ) Special Wire of Net VSS & Blockage of Cell InstructionFetch_Module_InstructionMemory_instr_sram  ( met3 )
Bounds : ( 407.900, 828.720 ) ( 410.900, 829.120 )


SHORT: ( Metal Short ) Special Wire of Net VSS & Blockage of Cell InstructionFetch_Module_InstructionMemory_instr_sram  ( met3 )
Bounds : ( 407.900, 837.000 ) ( 410.900, 837.400 )


SHORT: ( Metal Short ) Special Wire of Net VSS & Blockage of Cell InstructionFetch_Module_InstructionMemory_instr_sram  ( met3 )
Bounds : ( 407.900, 845.280 ) ( 410.900, 845.680 )


SHORT: ( Metal Short ) Special Wire of Net VSS & Blockage of Cell InstructionFetch_Module_InstructionMemory_instr_sram  ( met3 )
Bounds : ( 407.900, 853.560 ) ( 410.900, 853.960 )


SHORT: ( Metal Short ) Special Wire of Net VSS & Blockage of Cell InstructionFetch_Module_InstructionMemory_instr_sram  ( met2 )
Bounds : ( 357.900, 820.440 ) ( 360.900, 820.840 )


SHORT: ( Metal Short ) Special Wire of Net VSS & Blockage of Cell InstructionFetch_Module_InstructionMemory_instr_sram  ( met2 )
Bounds : ( 357.900, 828.720 ) ( 360.900, 829.120 )


SHORT: ( Metal Short ) Special Wire of Net VSS & Blockage of Cell InstructionFetch_Module_InstructionMemory_instr_sram  ( met2 )
Bounds : ( 357.900, 837.000 ) ( 360.900, 837.400 )


SHORT: ( Metal Short ) Special Wire of Net VSS & Blockage of Cell InstructionFetch_Module_InstructionMemory_instr_sram  ( met2 )
Bounds : ( 357.900, 845.280 ) ( 360.900, 845.680 )


SHORT: ( Metal Short ) Special Wire of Net VSS & Blockage of Cell InstructionFetch_Module_InstructionMemory_instr_sram  ( met2 )
Bounds : ( 357.900, 853.560 ) ( 360.900, 853.960 )


SHORT: ( Metal Short ) Special Wire of Net VDD & Blockage of Cell InstructionFetch_Module_InstructionMemory_instr_sram  ( met2 )
Bounds : ( 384.900, 816.300 ) ( 387.900, 816.700 )


SHORT: ( Metal Short ) Special Wire of Net VDD & Blockage of Cell InstructionFetch_Module_InstructionMemory_instr_sram  ( met2 )
Bounds : ( 384.900, 824.580 ) ( 387.900, 824.980 )


SHORT: ( Metal Short ) Special Wire of Net VDD & Blockage of Cell InstructionFetch_Module_InstructionMemory_instr_sram  ( met2 )
Bounds : ( 384.900, 832.860 ) ( 387.900, 833.260 )


SHORT: ( Metal Short ) Special Wire of Net VDD & Blockage of Cell InstructionFetch_Module_InstructionMemory_instr_sram  ( met2 )
Bounds : ( 384.900, 841.140 ) ( 387.900, 841.540 )


SHORT: ( Metal Short ) Special Wire of Net VDD & Blockage of Cell InstructionFetch_Module_InstructionMemory_instr_sram  ( met2 )
Bounds : ( 384.900, 849.420 ) ( 387.900, 849.820 )


SHORT: ( Metal Short ) Special Wire of Net VSS & Blockage of Cell InstructionFetch_Module_InstructionMemory_instr_sram  ( met3 )
Bounds : ( 357.900, 820.440 ) ( 360.900, 820.840 )


SHORT: ( Metal Short ) Special Wire of Net VSS & Blockage of Cell InstructionFetch_Module_InstructionMemory_instr_sram  ( met3 )
Bounds : ( 357.900, 828.720 ) ( 360.900, 829.120 )


SHORT: ( Metal Short ) Special Wire of Net VSS & Blockage of Cell InstructionFetch_Module_InstructionMemory_instr_sram  ( met3 )
Bounds : ( 357.900, 837.000 ) ( 360.900, 837.400 )


SHORT: ( Metal Short ) Special Wire of Net VSS & Blockage of Cell InstructionFetch_Module_InstructionMemory_instr_sram  ( met3 )
Bounds : ( 357.900, 845.280 ) ( 360.900, 845.680 )


SHORT: ( Metal Short ) Special Wire of Net VSS & Blockage of Cell InstructionFetch_Module_InstructionMemory_instr_sram  ( met3 )
Bounds : ( 357.900, 853.560 ) ( 360.900, 853.960 )


SHORT: ( Metal Short ) Special Wire of Net VDD & Blockage of Cell InstructionFetch_Module_InstructionMemory_instr_sram  ( met3 )
Bounds : ( 384.900, 816.300 ) ( 387.900, 816.700 )


SHORT: ( Metal Short ) Special Wire of Net VDD & Blockage of Cell InstructionFetch_Module_InstructionMemory_instr_sram  ( met3 )
Bounds : ( 384.900, 824.580 ) ( 387.900, 824.980 )


SHORT: ( Metal Short ) Special Wire of Net VDD & Blockage of Cell InstructionFetch_Module_InstructionMemory_instr_sram  ( met3 )
Bounds : ( 384.900, 832.860 ) ( 387.900, 833.260 )


SHORT: ( Metal Short ) Special Wire of Net VDD & Blockage of Cell InstructionFetch_Module_InstructionMemory_instr_sram  ( met3 )
Bounds : ( 384.900, 841.140 ) ( 387.900, 841.540 )


SHORT: ( Metal Short ) Special Wire of Net VDD & Blockage of Cell InstructionFetch_Module_InstructionMemory_instr_sram  ( met3 )
Bounds : ( 384.900, 849.420 ) ( 387.900, 849.820 )


SHORT: ( Metal Short ) Special Wire of Net VSS & Blockage of Cell InstructionFetch_Module_InstructionMemory_instr_sram  ( met2 )
Bounds : ( 357.900, 894.960 ) ( 360.900, 895.360 )


SHORT: ( Metal Short ) Special Wire of Net VSS & Blockage of Cell InstructionFetch_Module_InstructionMemory_instr_sram  ( met2 )
Bounds : ( 407.900, 894.960 ) ( 410.900, 895.360 )


SHORT: ( Metal Short ) Special Wire of Net VSS & Blockage of Cell InstructionFetch_Module_InstructionMemory_instr_sram  ( met2 )
Bounds : ( 457.900, 894.960 ) ( 460.900, 895.360 )


SHORT: ( Metal Short ) Special Wire of Net VSS & Blockage of Cell InstructionFetch_Module_InstructionMemory_instr_sram  ( met2 )
Bounds : ( 507.900, 894.960 ) ( 510.900, 895.360 )


SHORT: ( Metal Short ) Special Wire of Net VSS & Blockage of Cell InstructionFetch_Module_InstructionMemory_instr_sram  ( met3 )
Bounds : ( 357.900, 894.960 ) ( 360.900, 895.360 )


SHORT: ( Metal Short ) Special Wire of Net VSS & Blockage of Cell InstructionFetch_Module_InstructionMemory_instr_sram  ( met3 )
Bounds : ( 407.900, 894.960 ) ( 410.900, 895.360 )


SHORT: ( Metal Short ) Special Wire of Net VSS & Blockage of Cell InstructionFetch_Module_InstructionMemory_instr_sram  ( met3 )
Bounds : ( 457.900, 894.960 ) ( 460.900, 895.360 )


SHORT: ( Metal Short ) Special Wire of Net VSS & Blockage of Cell InstructionFetch_Module_InstructionMemory_instr_sram  ( met3 )
Bounds : ( 507.900, 894.960 ) ( 510.900, 895.360 )


SHORT: ( Metal Short ) Special Wire of Net VDD & Blockage of Cell InstructionFetch_Module_InstructionMemory_instr_sram  ( met2 )
Bounds : ( 334.900, 940.500 ) ( 337.900, 940.900 )


SHORT: ( Metal Short ) Special Wire of Net VDD & Blockage of Cell InstructionFetch_Module_InstructionMemory_instr_sram  ( met3 )
Bounds : ( 334.900, 940.500 ) ( 337.900, 940.900 )


SHORT: ( Metal Short ) Special Wire of Net VDD & Blockage of Cell InstructionFetch_Module_InstructionMemory_instr_sram  ( met2 )
Bounds : ( 334.900, 948.780 ) ( 337.900, 949.180 )


SHORT: ( Metal Short ) Special Wire of Net VDD & Blockage of Cell InstructionFetch_Module_InstructionMemory_instr_sram  ( met2 )
Bounds : ( 334.900, 957.060 ) ( 337.900, 957.460 )


SHORT: ( Metal Short ) Special Wire of Net VDD & Blockage of Cell InstructionFetch_Module_InstructionMemory_instr_sram  ( met2 )
Bounds : ( 334.900, 965.340 ) ( 337.900, 965.740 )


SHORT: ( Metal Short ) Special Wire of Net VDD & Blockage of Cell InstructionFetch_Module_InstructionMemory_instr_sram  ( met2 )
Bounds : ( 334.900, 973.620 ) ( 337.900, 974.020 )


SHORT: ( Metal Short ) Special Wire of Net VDD & Blockage of Cell InstructionFetch_Module_InstructionMemory_instr_sram  ( met3 )
Bounds : ( 334.900, 948.780 ) ( 337.900, 949.180 )


SHORT: ( Metal Short ) Special Wire of Net VDD & Blockage of Cell InstructionFetch_Module_InstructionMemory_instr_sram  ( met3 )
Bounds : ( 334.900, 957.060 ) ( 337.900, 957.460 )


SHORT: ( Metal Short ) Special Wire of Net VDD & Blockage of Cell InstructionFetch_Module_InstructionMemory_instr_sram  ( met3 )
Bounds : ( 334.900, 965.340 ) ( 337.900, 965.740 )


SHORT: ( Metal Short ) Special Wire of Net VDD & Blockage of Cell InstructionFetch_Module_InstructionMemory_instr_sram  ( met3 )
Bounds : ( 334.900, 973.620 ) ( 337.900, 974.020 )


SHORT: ( Metal Short ) Special Wire of Net VDD & Blockage of Cell InstructionFetch_Module_InstructionMemory_instr_sram  ( met2 )
Bounds : ( 284.900, 940.500 ) ( 287.900, 940.900 )


SHORT: ( Metal Short ) Special Wire of Net VDD & Blockage of Cell InstructionFetch_Module_InstructionMemory_instr_sram  ( met3 )
Bounds : ( 284.900, 940.500 ) ( 287.900, 940.900 )


SHORT: ( Metal Short ) Special Wire of Net VDD & Blockage of Cell InstructionFetch_Module_InstructionMemory_instr_sram  ( met2 )
Bounds : ( 284.900, 948.780 ) ( 287.900, 949.180 )


SHORT: ( Metal Short ) Special Wire of Net VDD & Blockage of Cell InstructionFetch_Module_InstructionMemory_instr_sram  ( met2 )
Bounds : ( 284.900, 957.060 ) ( 287.900, 957.460 )


SHORT: ( Metal Short ) Special Wire of Net VDD & Blockage of Cell InstructionFetch_Module_InstructionMemory_instr_sram  ( met2 )
Bounds : ( 284.900, 965.340 ) ( 287.900, 965.740 )


SHORT: ( Metal Short ) Special Wire of Net VDD & Blockage of Cell InstructionFetch_Module_InstructionMemory_instr_sram  ( met2 )
Bounds : ( 284.900, 973.620 ) ( 287.900, 974.020 )


SHORT: ( Metal Short ) Special Wire of Net VDD & Blockage of Cell InstructionFetch_Module_InstructionMemory_instr_sram  ( met3 )
Bounds : ( 284.900, 948.780 ) ( 287.900, 949.180 )


SHORT: ( Metal Short ) Special Wire of Net VDD & Blockage of Cell InstructionFetch_Module_InstructionMemory_instr_sram  ( met3 )
Bounds : ( 284.900, 957.060 ) ( 287.900, 957.460 )


SHORT: ( Metal Short ) Special Wire of Net VDD & Blockage of Cell InstructionFetch_Module_InstructionMemory_instr_sram  ( met3 )
Bounds : ( 284.900, 965.340 ) ( 287.900, 965.740 )


SHORT: ( Metal Short ) Special Wire of Net VDD & Blockage of Cell InstructionFetch_Module_InstructionMemory_instr_sram  ( met3 )
Bounds : ( 284.900, 973.620 ) ( 287.900, 974.020 )


SHORT: ( Metal Short ) Special Wire of Net VSS & Blockage of Cell InstructionFetch_Module_InstructionMemory_instr_sram  ( met2 )
Bounds : ( 307.900, 936.360 ) ( 310.900, 936.760 )


SHORT: ( Metal Short ) Special Wire of Net VSS & Blockage of Cell InstructionFetch_Module_InstructionMemory_instr_sram  ( met3 )
Bounds : ( 307.900, 936.360 ) ( 310.900, 936.760 )


SHORT: ( Metal Short ) Special Wire of Net VSS & Blockage of Cell InstructionFetch_Module_InstructionMemory_instr_sram  ( met2 )
Bounds : ( 307.900, 944.640 ) ( 310.900, 945.040 )


SHORT: ( Metal Short ) Special Wire of Net VSS & Blockage of Cell InstructionFetch_Module_InstructionMemory_instr_sram  ( met2 )
Bounds : ( 307.900, 952.920 ) ( 310.900, 953.320 )


SHORT: ( Metal Short ) Special Wire of Net VSS & Blockage of Cell InstructionFetch_Module_InstructionMemory_instr_sram  ( met2 )
Bounds : ( 307.900, 961.200 ) ( 310.900, 961.600 )


SHORT: ( Metal Short ) Special Wire of Net VSS & Blockage of Cell InstructionFetch_Module_InstructionMemory_instr_sram  ( met2 )
Bounds : ( 307.900, 969.480 ) ( 310.900, 969.880 )


SHORT: ( Metal Short ) Special Wire of Net VSS & Blockage of Cell InstructionFetch_Module_InstructionMemory_instr_sram  ( met3 )
Bounds : ( 307.900, 944.640 ) ( 310.900, 945.040 )


SHORT: ( Metal Short ) Special Wire of Net VSS & Blockage of Cell InstructionFetch_Module_InstructionMemory_instr_sram  ( met3 )
Bounds : ( 307.900, 952.920 ) ( 310.900, 953.320 )


SHORT: ( Metal Short ) Special Wire of Net VSS & Blockage of Cell InstructionFetch_Module_InstructionMemory_instr_sram  ( met3 )
Bounds : ( 307.900, 961.200 ) ( 310.900, 961.600 )


SHORT: ( Metal Short ) Special Wire of Net VSS & Blockage of Cell InstructionFetch_Module_InstructionMemory_instr_sram  ( met3 )
Bounds : ( 307.900, 969.480 ) ( 310.900, 969.880 )


SHORT: ( Metal Short ) Special Wire of Net VDD & Blockage of Cell InstructionFetch_Module_InstructionMemory_instr_sram  ( met2 )
Bounds : ( 284.900, 899.100 ) ( 287.900, 899.500 )


SHORT: ( Metal Short ) Special Wire of Net VDD & Blockage of Cell InstructionFetch_Module_InstructionMemory_instr_sram  ( met2 )
Bounds : ( 284.900, 907.380 ) ( 287.900, 907.780 )


SHORT: ( Metal Short ) Special Wire of Net VDD & Blockage of Cell InstructionFetch_Module_InstructionMemory_instr_sram  ( met2 )
Bounds : ( 284.900, 915.660 ) ( 287.900, 916.060 )


SHORT: ( Metal Short ) Special Wire of Net VDD & Blockage of Cell InstructionFetch_Module_InstructionMemory_instr_sram  ( met2 )
Bounds : ( 284.900, 923.940 ) ( 287.900, 924.340 )


SHORT: ( Metal Short ) Special Wire of Net VDD & Blockage of Cell InstructionFetch_Module_InstructionMemory_instr_sram  ( met2 )
Bounds : ( 284.900, 932.220 ) ( 287.900, 932.620 )


SHORT: ( Metal Short ) Special Wire of Net VSS & Blockage of Cell InstructionFetch_Module_InstructionMemory_instr_sram  ( met2 )
Bounds : ( 307.900, 903.240 ) ( 310.900, 903.640 )


SHORT: ( Metal Short ) Special Wire of Net VSS & Blockage of Cell InstructionFetch_Module_InstructionMemory_instr_sram  ( met2 )
Bounds : ( 307.900, 911.520 ) ( 310.900, 911.920 )


SHORT: ( Metal Short ) Special Wire of Net VSS & Blockage of Cell InstructionFetch_Module_InstructionMemory_instr_sram  ( met2 )
Bounds : ( 307.900, 919.800 ) ( 310.900, 920.200 )


SHORT: ( Metal Short ) Special Wire of Net VSS & Blockage of Cell InstructionFetch_Module_InstructionMemory_instr_sram  ( met2 )
Bounds : ( 307.900, 928.080 ) ( 310.900, 928.480 )


SHORT: ( Metal Short ) Special Wire of Net VDD & Blockage of Cell InstructionFetch_Module_InstructionMemory_instr_sram  ( met2 )
Bounds : ( 334.900, 899.100 ) ( 337.900, 899.500 )


SHORT: ( Metal Short ) Special Wire of Net VDD & Blockage of Cell InstructionFetch_Module_InstructionMemory_instr_sram  ( met2 )
Bounds : ( 334.900, 907.380 ) ( 337.900, 907.780 )


SHORT: ( Metal Short ) Special Wire of Net VDD & Blockage of Cell InstructionFetch_Module_InstructionMemory_instr_sram  ( met2 )
Bounds : ( 334.900, 915.660 ) ( 337.900, 916.060 )


SHORT: ( Metal Short ) Special Wire of Net VDD & Blockage of Cell InstructionFetch_Module_InstructionMemory_instr_sram  ( met2 )
Bounds : ( 334.900, 923.940 ) ( 337.900, 924.340 )


SHORT: ( Metal Short ) Special Wire of Net VDD & Blockage of Cell InstructionFetch_Module_InstructionMemory_instr_sram  ( met2 )
Bounds : ( 334.900, 932.220 ) ( 337.900, 932.620 )


SHORT: ( Metal Short ) Special Wire of Net VDD & Blockage of Cell InstructionFetch_Module_InstructionMemory_instr_sram  ( met3 )
Bounds : ( 284.900, 899.100 ) ( 287.900, 899.500 )


SHORT: ( Metal Short ) Special Wire of Net VDD & Blockage of Cell InstructionFetch_Module_InstructionMemory_instr_sram  ( met3 )
Bounds : ( 284.900, 907.380 ) ( 287.900, 907.780 )


SHORT: ( Metal Short ) Special Wire of Net VDD & Blockage of Cell InstructionFetch_Module_InstructionMemory_instr_sram  ( met3 )
Bounds : ( 284.900, 915.660 ) ( 287.900, 916.060 )


SHORT: ( Metal Short ) Special Wire of Net VDD & Blockage of Cell InstructionFetch_Module_InstructionMemory_instr_sram  ( met3 )
Bounds : ( 284.900, 923.940 ) ( 287.900, 924.340 )


SHORT: ( Metal Short ) Special Wire of Net VDD & Blockage of Cell InstructionFetch_Module_InstructionMemory_instr_sram  ( met3 )
Bounds : ( 284.900, 932.220 ) ( 287.900, 932.620 )


SHORT: ( Metal Short ) Special Wire of Net VSS & Blockage of Cell InstructionFetch_Module_InstructionMemory_instr_sram  ( met3 )
Bounds : ( 307.900, 903.240 ) ( 310.900, 903.640 )


SHORT: ( Metal Short ) Special Wire of Net VSS & Blockage of Cell InstructionFetch_Module_InstructionMemory_instr_sram  ( met3 )
Bounds : ( 307.900, 911.520 ) ( 310.900, 911.920 )


SHORT: ( Metal Short ) Special Wire of Net VSS & Blockage of Cell InstructionFetch_Module_InstructionMemory_instr_sram  ( met3 )
Bounds : ( 307.900, 919.800 ) ( 310.900, 920.200 )


SHORT: ( Metal Short ) Special Wire of Net VSS & Blockage of Cell InstructionFetch_Module_InstructionMemory_instr_sram  ( met3 )
Bounds : ( 307.900, 928.080 ) ( 310.900, 928.480 )


SHORT: ( Metal Short ) Special Wire of Net VDD & Blockage of Cell InstructionFetch_Module_InstructionMemory_instr_sram  ( met3 )
Bounds : ( 334.900, 899.100 ) ( 337.900, 899.500 )


SHORT: ( Metal Short ) Special Wire of Net VDD & Blockage of Cell InstructionFetch_Module_InstructionMemory_instr_sram  ( met3 )
Bounds : ( 334.900, 907.380 ) ( 337.900, 907.780 )


SHORT: ( Metal Short ) Special Wire of Net VDD & Blockage of Cell InstructionFetch_Module_InstructionMemory_instr_sram  ( met3 )
Bounds : ( 334.900, 915.660 ) ( 337.900, 916.060 )


SHORT: ( Metal Short ) Special Wire of Net VDD & Blockage of Cell InstructionFetch_Module_InstructionMemory_instr_sram  ( met3 )
Bounds : ( 334.900, 923.940 ) ( 337.900, 924.340 )


SHORT: ( Metal Short ) Special Wire of Net VDD & Blockage of Cell InstructionFetch_Module_InstructionMemory_instr_sram  ( met3 )
Bounds : ( 334.900, 932.220 ) ( 337.900, 932.620 )


SHORT: ( Metal Short ) Special Wire of Net VDD & Blockage of Cell InstructionFetch_Module_InstructionMemory_instr_sram  ( met2 )
Bounds : ( 234.900, 940.500 ) ( 237.900, 940.900 )


SHORT: ( Metal Short ) Special Wire of Net VSS & Blockage of Cell InstructionFetch_Module_InstructionMemory_instr_sram  ( met2 )
Bounds : ( 257.900, 936.360 ) ( 260.900, 936.760 )


SHORT: ( Metal Short ) Special Wire of Net VDD & Blockage of Cell InstructionFetch_Module_InstructionMemory_instr_sram  ( met3 )
Bounds : ( 234.900, 940.500 ) ( 237.900, 940.900 )


SHORT: ( Metal Short ) Special Wire of Net VSS & Blockage of Cell InstructionFetch_Module_InstructionMemory_instr_sram  ( met3 )
Bounds : ( 257.900, 936.360 ) ( 260.900, 936.760 )


SHORT: ( Metal Short ) Special Wire of Net VDD & Blockage of Cell InstructionFetch_Module_InstructionMemory_instr_sram  ( met2 )
Bounds : ( 234.900, 948.780 ) ( 237.900, 949.180 )


SHORT: ( Metal Short ) Special Wire of Net VDD & Blockage of Cell InstructionFetch_Module_InstructionMemory_instr_sram  ( met2 )
Bounds : ( 234.900, 957.060 ) ( 237.900, 957.460 )


SHORT: ( Metal Short ) Special Wire of Net VDD & Blockage of Cell InstructionFetch_Module_InstructionMemory_instr_sram  ( met2 )
Bounds : ( 234.900, 965.340 ) ( 237.900, 965.740 )


SHORT: ( Metal Short ) Special Wire of Net VDD & Blockage of Cell InstructionFetch_Module_InstructionMemory_instr_sram  ( met2 )
Bounds : ( 234.900, 973.620 ) ( 237.900, 974.020 )


SHORT: ( Metal Short ) Special Wire of Net VSS & Blockage of Cell InstructionFetch_Module_InstructionMemory_instr_sram  ( met2 )
Bounds : ( 257.900, 944.640 ) ( 260.900, 945.040 )


SHORT: ( Metal Short ) Special Wire of Net VSS & Blockage of Cell InstructionFetch_Module_InstructionMemory_instr_sram  ( met2 )
Bounds : ( 257.900, 952.920 ) ( 260.900, 953.320 )


SHORT: ( Metal Short ) Special Wire of Net VSS & Blockage of Cell InstructionFetch_Module_InstructionMemory_instr_sram  ( met2 )
Bounds : ( 257.900, 961.200 ) ( 260.900, 961.600 )


SHORT: ( Metal Short ) Special Wire of Net VSS & Blockage of Cell InstructionFetch_Module_InstructionMemory_instr_sram  ( met2 )
Bounds : ( 257.900, 969.480 ) ( 260.900, 969.880 )


SHORT: ( Metal Short ) Special Wire of Net VDD & Blockage of Cell InstructionFetch_Module_InstructionMemory_instr_sram  ( met3 )
Bounds : ( 234.900, 948.780 ) ( 237.900, 949.180 )


SHORT: ( Metal Short ) Special Wire of Net VDD & Blockage of Cell InstructionFetch_Module_InstructionMemory_instr_sram  ( met3 )
Bounds : ( 234.900, 957.060 ) ( 237.900, 957.460 )


SHORT: ( Metal Short ) Special Wire of Net VDD & Blockage of Cell InstructionFetch_Module_InstructionMemory_instr_sram  ( met3 )
Bounds : ( 234.900, 965.340 ) ( 237.900, 965.740 )


SHORT: ( Metal Short ) Special Wire of Net VDD & Blockage of Cell InstructionFetch_Module_InstructionMemory_instr_sram  ( met3 )
Bounds : ( 234.900, 973.620 ) ( 237.900, 974.020 )


SHORT: ( Metal Short ) Special Wire of Net VSS & Blockage of Cell InstructionFetch_Module_InstructionMemory_instr_sram  ( met3 )
Bounds : ( 257.900, 944.640 ) ( 260.900, 945.040 )


SHORT: ( Metal Short ) Special Wire of Net VSS & Blockage of Cell InstructionFetch_Module_InstructionMemory_instr_sram  ( met3 )
Bounds : ( 257.900, 952.920 ) ( 260.900, 953.320 )


SHORT: ( Metal Short ) Special Wire of Net VSS & Blockage of Cell InstructionFetch_Module_InstructionMemory_instr_sram  ( met3 )
Bounds : ( 257.900, 961.200 ) ( 260.900, 961.600 )


SHORT: ( Metal Short ) Special Wire of Net VSS & Blockage of Cell InstructionFetch_Module_InstructionMemory_instr_sram  ( met3 )
Bounds : ( 257.900, 969.480 ) ( 260.900, 969.880 )


SHORT: ( Metal Short ) Special Wire of Net VSS & Blockage of Cell InstructionFetch_Module_InstructionMemory_instr_sram  ( met2 )
Bounds : ( 207.900, 936.360 ) ( 210.900, 936.760 )


SHORT: ( Metal Short ) Special Wire of Net VSS & Blockage of Cell InstructionFetch_Module_InstructionMemory_instr_sram  ( met3 )
Bounds : ( 207.900, 936.360 ) ( 210.900, 936.760 )


SHORT: ( Metal Short ) Special Wire of Net VSS & Blockage of Cell InstructionFetch_Module_InstructionMemory_instr_sram  ( met2 )
Bounds : ( 207.900, 944.640 ) ( 210.900, 945.040 )


SHORT: ( Metal Short ) Special Wire of Net VSS & Blockage of Cell InstructionFetch_Module_InstructionMemory_instr_sram  ( met2 )
Bounds : ( 207.900, 952.920 ) ( 210.900, 953.320 )


SHORT: ( Metal Short ) Special Wire of Net VSS & Blockage of Cell InstructionFetch_Module_InstructionMemory_instr_sram  ( met2 )
Bounds : ( 207.900, 961.200 ) ( 210.900, 961.600 )


SHORT: ( Metal Short ) Special Wire of Net VSS & Blockage of Cell InstructionFetch_Module_InstructionMemory_instr_sram  ( met2 )
Bounds : ( 207.900, 969.480 ) ( 210.900, 969.880 )


SHORT: ( Metal Short ) Special Wire of Net VSS & Blockage of Cell InstructionFetch_Module_InstructionMemory_instr_sram  ( met3 )
Bounds : ( 207.900, 944.640 ) ( 210.900, 945.040 )


SHORT: ( Metal Short ) Special Wire of Net VSS & Blockage of Cell InstructionFetch_Module_InstructionMemory_instr_sram  ( met3 )
Bounds : ( 207.900, 952.920 ) ( 210.900, 953.320 )


SHORT: ( Metal Short ) Special Wire of Net VSS & Blockage of Cell InstructionFetch_Module_InstructionMemory_instr_sram  ( met3 )
Bounds : ( 207.900, 961.200 ) ( 210.900, 961.600 )


SHORT: ( Metal Short ) Special Wire of Net VSS & Blockage of Cell InstructionFetch_Module_InstructionMemory_instr_sram  ( met3 )
Bounds : ( 207.900, 969.480 ) ( 210.900, 969.880 )


SHORT: ( Metal Short ) Special Wire of Net VSS & Blockage of Cell InstructionFetch_Module_InstructionMemory_instr_sram  ( met2 )
Bounds : ( 207.900, 903.240 ) ( 210.900, 903.640 )


SHORT: ( Metal Short ) Special Wire of Net VSS & Blockage of Cell InstructionFetch_Module_InstructionMemory_instr_sram  ( met2 )
Bounds : ( 207.900, 911.520 ) ( 210.900, 911.920 )


SHORT: ( Metal Short ) Special Wire of Net VSS & Blockage of Cell InstructionFetch_Module_InstructionMemory_instr_sram  ( met2 )
Bounds : ( 207.900, 919.800 ) ( 210.900, 920.200 )


SHORT: ( Metal Short ) Special Wire of Net VSS & Blockage of Cell InstructionFetch_Module_InstructionMemory_instr_sram  ( met2 )
Bounds : ( 207.900, 928.080 ) ( 210.900, 928.480 )


SHORT: ( Metal Short ) Special Wire of Net VDD & Blockage of Cell InstructionFetch_Module_InstructionMemory_instr_sram  ( met2 )
Bounds : ( 234.900, 899.100 ) ( 237.900, 899.500 )


SHORT: ( Metal Short ) Special Wire of Net VDD & Blockage of Cell InstructionFetch_Module_InstructionMemory_instr_sram  ( met2 )
Bounds : ( 234.900, 907.380 ) ( 237.900, 907.780 )


SHORT: ( Metal Short ) Special Wire of Net VDD & Blockage of Cell InstructionFetch_Module_InstructionMemory_instr_sram  ( met2 )
Bounds : ( 234.900, 915.660 ) ( 237.900, 916.060 )


SHORT: ( Metal Short ) Special Wire of Net VDD & Blockage of Cell InstructionFetch_Module_InstructionMemory_instr_sram  ( met2 )
Bounds : ( 234.900, 923.940 ) ( 237.900, 924.340 )


SHORT: ( Metal Short ) Special Wire of Net VDD & Blockage of Cell InstructionFetch_Module_InstructionMemory_instr_sram  ( met2 )
Bounds : ( 234.900, 932.220 ) ( 237.900, 932.620 )


SHORT: ( Metal Short ) Special Wire of Net VSS & Blockage of Cell InstructionFetch_Module_InstructionMemory_instr_sram  ( met2 )
Bounds : ( 257.900, 903.240 ) ( 260.900, 903.640 )


SHORT: ( Metal Short ) Special Wire of Net VSS & Blockage of Cell InstructionFetch_Module_InstructionMemory_instr_sram  ( met2 )
Bounds : ( 257.900, 911.520 ) ( 260.900, 911.920 )


SHORT: ( Metal Short ) Special Wire of Net VSS & Blockage of Cell InstructionFetch_Module_InstructionMemory_instr_sram  ( met2 )
Bounds : ( 257.900, 919.800 ) ( 260.900, 920.200 )


SHORT: ( Metal Short ) Special Wire of Net VSS & Blockage of Cell InstructionFetch_Module_InstructionMemory_instr_sram  ( met2 )
Bounds : ( 257.900, 928.080 ) ( 260.900, 928.480 )


SHORT: ( Metal Short ) Special Wire of Net VSS & Blockage of Cell InstructionFetch_Module_InstructionMemory_instr_sram  ( met3 )
Bounds : ( 207.900, 903.240 ) ( 210.900, 903.640 )


SHORT: ( Metal Short ) Special Wire of Net VSS & Blockage of Cell InstructionFetch_Module_InstructionMemory_instr_sram  ( met3 )
Bounds : ( 207.900, 911.520 ) ( 210.900, 911.920 )


SHORT: ( Metal Short ) Special Wire of Net VSS & Blockage of Cell InstructionFetch_Module_InstructionMemory_instr_sram  ( met3 )
Bounds : ( 207.900, 919.800 ) ( 210.900, 920.200 )


SHORT: ( Metal Short ) Special Wire of Net VSS & Blockage of Cell InstructionFetch_Module_InstructionMemory_instr_sram  ( met3 )
Bounds : ( 207.900, 928.080 ) ( 210.900, 928.480 )


SHORT: ( Metal Short ) Special Wire of Net VDD & Blockage of Cell InstructionFetch_Module_InstructionMemory_instr_sram  ( met3 )
Bounds : ( 234.900, 899.100 ) ( 237.900, 899.500 )


SHORT: ( Metal Short ) Special Wire of Net VDD & Blockage of Cell InstructionFetch_Module_InstructionMemory_instr_sram  ( met3 )
Bounds : ( 234.900, 907.380 ) ( 237.900, 907.780 )


SHORT: ( Metal Short ) Special Wire of Net VDD & Blockage of Cell InstructionFetch_Module_InstructionMemory_instr_sram  ( met3 )
Bounds : ( 234.900, 915.660 ) ( 237.900, 916.060 )


SHORT: ( Metal Short ) Special Wire of Net VDD & Blockage of Cell InstructionFetch_Module_InstructionMemory_instr_sram  ( met3 )
Bounds : ( 234.900, 923.940 ) ( 237.900, 924.340 )


SHORT: ( Metal Short ) Special Wire of Net VDD & Blockage of Cell InstructionFetch_Module_InstructionMemory_instr_sram  ( met3 )
Bounds : ( 234.900, 932.220 ) ( 237.900, 932.620 )


SHORT: ( Metal Short ) Special Wire of Net VSS & Blockage of Cell InstructionFetch_Module_InstructionMemory_instr_sram  ( met3 )
Bounds : ( 257.900, 903.240 ) ( 260.900, 903.640 )


SHORT: ( Metal Short ) Special Wire of Net VSS & Blockage of Cell InstructionFetch_Module_InstructionMemory_instr_sram  ( met3 )
Bounds : ( 257.900, 911.520 ) ( 260.900, 911.920 )


SHORT: ( Metal Short ) Special Wire of Net VSS & Blockage of Cell InstructionFetch_Module_InstructionMemory_instr_sram  ( met3 )
Bounds : ( 257.900, 919.800 ) ( 260.900, 920.200 )


SHORT: ( Metal Short ) Special Wire of Net VSS & Blockage of Cell InstructionFetch_Module_InstructionMemory_instr_sram  ( met3 )
Bounds : ( 257.900, 928.080 ) ( 260.900, 928.480 )


SHORT: ( Metal Short ) Special Wire of Net VDD & Blockage of Cell InstructionFetch_Module_InstructionMemory_instr_sram  ( met2 )
Bounds : ( 284.900, 857.700 ) ( 287.900, 858.100 )


SHORT: ( Metal Short ) Special Wire of Net VDD & Blockage of Cell InstructionFetch_Module_InstructionMemory_instr_sram  ( met2 )
Bounds : ( 284.900, 865.980 ) ( 287.900, 866.380 )


SHORT: ( Metal Short ) Special Wire of Net VDD & Blockage of Cell InstructionFetch_Module_InstructionMemory_instr_sram  ( met2 )
Bounds : ( 284.900, 874.260 ) ( 287.900, 874.660 )


SHORT: ( Metal Short ) Special Wire of Net VDD & Blockage of Cell InstructionFetch_Module_InstructionMemory_instr_sram  ( met2 )
Bounds : ( 284.900, 882.540 ) ( 287.900, 882.940 )


SHORT: ( Metal Short ) Special Wire of Net VDD & Blockage of Cell InstructionFetch_Module_InstructionMemory_instr_sram  ( met2 )
Bounds : ( 284.900, 890.820 ) ( 287.900, 891.220 )


SHORT: ( Metal Short ) Special Wire of Net VSS & Blockage of Cell InstructionFetch_Module_InstructionMemory_instr_sram  ( met2 )
Bounds : ( 307.900, 861.840 ) ( 310.900, 862.240 )


SHORT: ( Metal Short ) Special Wire of Net VSS & Blockage of Cell InstructionFetch_Module_InstructionMemory_instr_sram  ( met2 )
Bounds : ( 307.900, 870.120 ) ( 310.900, 870.520 )


SHORT: ( Metal Short ) Special Wire of Net VSS & Blockage of Cell InstructionFetch_Module_InstructionMemory_instr_sram  ( met2 )
Bounds : ( 307.900, 878.400 ) ( 310.900, 878.800 )


SHORT: ( Metal Short ) Special Wire of Net VSS & Blockage of Cell InstructionFetch_Module_InstructionMemory_instr_sram  ( met2 )
Bounds : ( 307.900, 886.680 ) ( 310.900, 887.080 )


SHORT: ( Metal Short ) Special Wire of Net VDD & Blockage of Cell InstructionFetch_Module_InstructionMemory_instr_sram  ( met2 )
Bounds : ( 334.900, 857.700 ) ( 337.900, 858.100 )


SHORT: ( Metal Short ) Special Wire of Net VDD & Blockage of Cell InstructionFetch_Module_InstructionMemory_instr_sram  ( met2 )
Bounds : ( 334.900, 865.980 ) ( 337.900, 866.380 )


SHORT: ( Metal Short ) Special Wire of Net VDD & Blockage of Cell InstructionFetch_Module_InstructionMemory_instr_sram  ( met2 )
Bounds : ( 334.900, 874.260 ) ( 337.900, 874.660 )


SHORT: ( Metal Short ) Special Wire of Net VDD & Blockage of Cell InstructionFetch_Module_InstructionMemory_instr_sram  ( met2 )
Bounds : ( 334.900, 882.540 ) ( 337.900, 882.940 )


SHORT: ( Metal Short ) Special Wire of Net VDD & Blockage of Cell InstructionFetch_Module_InstructionMemory_instr_sram  ( met2 )
Bounds : ( 334.900, 890.820 ) ( 337.900, 891.220 )


SHORT: ( Metal Short ) Special Wire of Net VDD & Blockage of Cell InstructionFetch_Module_InstructionMemory_instr_sram  ( met3 )
Bounds : ( 284.900, 857.700 ) ( 287.900, 858.100 )


SHORT: ( Metal Short ) Special Wire of Net VDD & Blockage of Cell InstructionFetch_Module_InstructionMemory_instr_sram  ( met3 )
Bounds : ( 284.900, 865.980 ) ( 287.900, 866.380 )


SHORT: ( Metal Short ) Special Wire of Net VDD & Blockage of Cell InstructionFetch_Module_InstructionMemory_instr_sram  ( met3 )
Bounds : ( 284.900, 874.260 ) ( 287.900, 874.660 )


SHORT: ( Metal Short ) Special Wire of Net VDD & Blockage of Cell InstructionFetch_Module_InstructionMemory_instr_sram  ( met3 )
Bounds : ( 284.900, 882.540 ) ( 287.900, 882.940 )


SHORT: ( Metal Short ) Special Wire of Net VDD & Blockage of Cell InstructionFetch_Module_InstructionMemory_instr_sram  ( met3 )
Bounds : ( 284.900, 890.820 ) ( 287.900, 891.220 )


SHORT: ( Metal Short ) Special Wire of Net VSS & Blockage of Cell InstructionFetch_Module_InstructionMemory_instr_sram  ( met3 )
Bounds : ( 307.900, 861.840 ) ( 310.900, 862.240 )


SHORT: ( Metal Short ) Special Wire of Net VSS & Blockage of Cell InstructionFetch_Module_InstructionMemory_instr_sram  ( met3 )
Bounds : ( 307.900, 870.120 ) ( 310.900, 870.520 )


SHORT: ( Metal Short ) Special Wire of Net VSS & Blockage of Cell InstructionFetch_Module_InstructionMemory_instr_sram  ( met3 )
Bounds : ( 307.900, 878.400 ) ( 310.900, 878.800 )


SHORT: ( Metal Short ) Special Wire of Net VSS & Blockage of Cell InstructionFetch_Module_InstructionMemory_instr_sram  ( met3 )
Bounds : ( 307.900, 886.680 ) ( 310.900, 887.080 )


SHORT: ( Metal Short ) Special Wire of Net VDD & Blockage of Cell InstructionFetch_Module_InstructionMemory_instr_sram  ( met3 )
Bounds : ( 334.900, 857.700 ) ( 337.900, 858.100 )


SHORT: ( Metal Short ) Special Wire of Net VDD & Blockage of Cell InstructionFetch_Module_InstructionMemory_instr_sram  ( met3 )
Bounds : ( 334.900, 865.980 ) ( 337.900, 866.380 )


SHORT: ( Metal Short ) Special Wire of Net VDD & Blockage of Cell InstructionFetch_Module_InstructionMemory_instr_sram  ( met3 )
Bounds : ( 334.900, 874.260 ) ( 337.900, 874.660 )


SHORT: ( Metal Short ) Special Wire of Net VDD & Blockage of Cell InstructionFetch_Module_InstructionMemory_instr_sram  ( met3 )
Bounds : ( 334.900, 882.540 ) ( 337.900, 882.940 )


SHORT: ( Metal Short ) Special Wire of Net VDD & Blockage of Cell InstructionFetch_Module_InstructionMemory_instr_sram  ( met3 )
Bounds : ( 334.900, 890.820 ) ( 337.900, 891.220 )


SHORT: ( Metal Short ) Special Wire of Net VDD & Blockage of Cell InstructionFetch_Module_InstructionMemory_instr_sram  ( met2 )
Bounds : ( 334.900, 816.300 ) ( 337.900, 816.700 )


SHORT: ( Metal Short ) Special Wire of Net VDD & Blockage of Cell InstructionFetch_Module_InstructionMemory_instr_sram  ( met2 )
Bounds : ( 334.900, 824.580 ) ( 337.900, 824.980 )


SHORT: ( Metal Short ) Special Wire of Net VDD & Blockage of Cell InstructionFetch_Module_InstructionMemory_instr_sram  ( met2 )
Bounds : ( 334.900, 832.860 ) ( 337.900, 833.260 )


SHORT: ( Metal Short ) Special Wire of Net VDD & Blockage of Cell InstructionFetch_Module_InstructionMemory_instr_sram  ( met2 )
Bounds : ( 334.900, 841.140 ) ( 337.900, 841.540 )


SHORT: ( Metal Short ) Special Wire of Net VDD & Blockage of Cell InstructionFetch_Module_InstructionMemory_instr_sram  ( met2 )
Bounds : ( 334.900, 849.420 ) ( 337.900, 849.820 )


SHORT: ( Metal Short ) Special Wire of Net VDD & Blockage of Cell InstructionFetch_Module_InstructionMemory_instr_sram  ( met3 )
Bounds : ( 334.900, 816.300 ) ( 337.900, 816.700 )


SHORT: ( Metal Short ) Special Wire of Net VDD & Blockage of Cell InstructionFetch_Module_InstructionMemory_instr_sram  ( met3 )
Bounds : ( 334.900, 824.580 ) ( 337.900, 824.980 )


SHORT: ( Metal Short ) Special Wire of Net VDD & Blockage of Cell InstructionFetch_Module_InstructionMemory_instr_sram  ( met3 )
Bounds : ( 334.900, 832.860 ) ( 337.900, 833.260 )


SHORT: ( Metal Short ) Special Wire of Net VDD & Blockage of Cell InstructionFetch_Module_InstructionMemory_instr_sram  ( met3 )
Bounds : ( 334.900, 841.140 ) ( 337.900, 841.540 )


SHORT: ( Metal Short ) Special Wire of Net VDD & Blockage of Cell InstructionFetch_Module_InstructionMemory_instr_sram  ( met3 )
Bounds : ( 334.900, 849.420 ) ( 337.900, 849.820 )


SHORT: ( Metal Short ) Special Wire of Net VDD & Blockage of Cell InstructionFetch_Module_InstructionMemory_instr_sram  ( met2 )
Bounds : ( 284.900, 816.300 ) ( 287.900, 816.700 )


SHORT: ( Metal Short ) Special Wire of Net VDD & Blockage of Cell InstructionFetch_Module_InstructionMemory_instr_sram  ( met2 )
Bounds : ( 284.900, 824.580 ) ( 287.900, 824.980 )


SHORT: ( Metal Short ) Special Wire of Net VDD & Blockage of Cell InstructionFetch_Module_InstructionMemory_instr_sram  ( met2 )
Bounds : ( 284.900, 832.860 ) ( 287.900, 833.260 )


SHORT: ( Metal Short ) Special Wire of Net VDD & Blockage of Cell InstructionFetch_Module_InstructionMemory_instr_sram  ( met2 )
Bounds : ( 284.900, 841.140 ) ( 287.900, 841.540 )


SHORT: ( Metal Short ) Special Wire of Net VDD & Blockage of Cell InstructionFetch_Module_InstructionMemory_instr_sram  ( met2 )
Bounds : ( 284.900, 849.420 ) ( 287.900, 849.820 )


SHORT: ( Metal Short ) Special Wire of Net VDD & Blockage of Cell InstructionFetch_Module_InstructionMemory_instr_sram  ( met3 )
Bounds : ( 284.900, 816.300 ) ( 287.900, 816.700 )


SHORT: ( Metal Short ) Special Wire of Net VDD & Blockage of Cell InstructionFetch_Module_InstructionMemory_instr_sram  ( met3 )
Bounds : ( 284.900, 824.580 ) ( 287.900, 824.980 )


SHORT: ( Metal Short ) Special Wire of Net VDD & Blockage of Cell InstructionFetch_Module_InstructionMemory_instr_sram  ( met3 )
Bounds : ( 284.900, 832.860 ) ( 287.900, 833.260 )


SHORT: ( Metal Short ) Special Wire of Net VDD & Blockage of Cell InstructionFetch_Module_InstructionMemory_instr_sram  ( met3 )
Bounds : ( 284.900, 841.140 ) ( 287.900, 841.540 )


SHORT: ( Metal Short ) Special Wire of Net VDD & Blockage of Cell InstructionFetch_Module_InstructionMemory_instr_sram  ( met3 )
Bounds : ( 284.900, 849.420 ) ( 287.900, 849.820 )


SHORT: ( Metal Short ) Special Wire of Net VSS & Blockage of Cell InstructionFetch_Module_InstructionMemory_instr_sram  ( met2 )
Bounds : ( 307.900, 820.440 ) ( 310.900, 820.840 )


SHORT: ( Metal Short ) Special Wire of Net VSS & Blockage of Cell InstructionFetch_Module_InstructionMemory_instr_sram  ( met2 )
Bounds : ( 307.900, 828.720 ) ( 310.900, 829.120 )


SHORT: ( Metal Short ) Special Wire of Net VSS & Blockage of Cell InstructionFetch_Module_InstructionMemory_instr_sram  ( met2 )
Bounds : ( 307.900, 837.000 ) ( 310.900, 837.400 )


SHORT: ( Metal Short ) Special Wire of Net VSS & Blockage of Cell InstructionFetch_Module_InstructionMemory_instr_sram  ( met2 )
Bounds : ( 307.900, 845.280 ) ( 310.900, 845.680 )


SHORT: ( Metal Short ) Special Wire of Net VSS & Blockage of Cell InstructionFetch_Module_InstructionMemory_instr_sram  ( met2 )
Bounds : ( 307.900, 853.560 ) ( 310.900, 853.960 )


SHORT: ( Metal Short ) Special Wire of Net VSS & Blockage of Cell InstructionFetch_Module_InstructionMemory_instr_sram  ( met3 )
Bounds : ( 307.900, 820.440 ) ( 310.900, 820.840 )


SHORT: ( Metal Short ) Special Wire of Net VSS & Blockage of Cell InstructionFetch_Module_InstructionMemory_instr_sram  ( met3 )
Bounds : ( 307.900, 828.720 ) ( 310.900, 829.120 )


SHORT: ( Metal Short ) Special Wire of Net VSS & Blockage of Cell InstructionFetch_Module_InstructionMemory_instr_sram  ( met3 )
Bounds : ( 307.900, 837.000 ) ( 310.900, 837.400 )


SHORT: ( Metal Short ) Special Wire of Net VSS & Blockage of Cell InstructionFetch_Module_InstructionMemory_instr_sram  ( met3 )
Bounds : ( 307.900, 845.280 ) ( 310.900, 845.680 )


SHORT: ( Metal Short ) Special Wire of Net VSS & Blockage of Cell InstructionFetch_Module_InstructionMemory_instr_sram  ( met3 )
Bounds : ( 307.900, 853.560 ) ( 310.900, 853.960 )


SHORT: ( Metal Short ) Special Wire of Net VSS & Blockage of Cell InstructionFetch_Module_InstructionMemory_instr_sram  ( met2 )
Bounds : ( 207.900, 861.840 ) ( 210.900, 862.240 )


SHORT: ( Metal Short ) Special Wire of Net VSS & Blockage of Cell InstructionFetch_Module_InstructionMemory_instr_sram  ( met2 )
Bounds : ( 207.900, 870.120 ) ( 210.900, 870.520 )


SHORT: ( Metal Short ) Special Wire of Net VSS & Blockage of Cell InstructionFetch_Module_InstructionMemory_instr_sram  ( met2 )
Bounds : ( 207.900, 878.400 ) ( 210.900, 878.800 )


SHORT: ( Metal Short ) Special Wire of Net VSS & Blockage of Cell InstructionFetch_Module_InstructionMemory_instr_sram  ( met2 )
Bounds : ( 207.900, 886.680 ) ( 210.900, 887.080 )


SHORT: ( Metal Short ) Special Wire of Net VDD & Blockage of Cell InstructionFetch_Module_InstructionMemory_instr_sram  ( met2 )
Bounds : ( 234.900, 857.700 ) ( 237.900, 858.100 )


SHORT: ( Metal Short ) Special Wire of Net VDD & Blockage of Cell InstructionFetch_Module_InstructionMemory_instr_sram  ( met2 )
Bounds : ( 234.900, 865.980 ) ( 237.900, 866.380 )


SHORT: ( Metal Short ) Special Wire of Net VDD & Blockage of Cell InstructionFetch_Module_InstructionMemory_instr_sram  ( met2 )
Bounds : ( 234.900, 874.260 ) ( 237.900, 874.660 )


SHORT: ( Metal Short ) Special Wire of Net VDD & Blockage of Cell InstructionFetch_Module_InstructionMemory_instr_sram  ( met2 )
Bounds : ( 234.900, 882.540 ) ( 237.900, 882.940 )


SHORT: ( Metal Short ) Special Wire of Net VDD & Blockage of Cell InstructionFetch_Module_InstructionMemory_instr_sram  ( met2 )
Bounds : ( 234.900, 890.820 ) ( 237.900, 891.220 )


SHORT: ( Metal Short ) Special Wire of Net VSS & Blockage of Cell InstructionFetch_Module_InstructionMemory_instr_sram  ( met2 )
Bounds : ( 257.900, 861.840 ) ( 260.900, 862.240 )


SHORT: ( Metal Short ) Special Wire of Net VSS & Blockage of Cell InstructionFetch_Module_InstructionMemory_instr_sram  ( met2 )
Bounds : ( 257.900, 870.120 ) ( 260.900, 870.520 )


SHORT: ( Metal Short ) Special Wire of Net VSS & Blockage of Cell InstructionFetch_Module_InstructionMemory_instr_sram  ( met2 )
Bounds : ( 257.900, 878.400 ) ( 260.900, 878.800 )


SHORT: ( Metal Short ) Special Wire of Net VSS & Blockage of Cell InstructionFetch_Module_InstructionMemory_instr_sram  ( met2 )
Bounds : ( 257.900, 886.680 ) ( 260.900, 887.080 )


SHORT: ( Metal Short ) Special Wire of Net VSS & Blockage of Cell InstructionFetch_Module_InstructionMemory_instr_sram  ( met3 )
Bounds : ( 207.900, 861.840 ) ( 210.900, 862.240 )


SHORT: ( Metal Short ) Special Wire of Net VSS & Blockage of Cell InstructionFetch_Module_InstructionMemory_instr_sram  ( met3 )
Bounds : ( 207.900, 870.120 ) ( 210.900, 870.520 )


SHORT: ( Metal Short ) Special Wire of Net VSS & Blockage of Cell InstructionFetch_Module_InstructionMemory_instr_sram  ( met3 )
Bounds : ( 207.900, 878.400 ) ( 210.900, 878.800 )


SHORT: ( Metal Short ) Special Wire of Net VSS & Blockage of Cell InstructionFetch_Module_InstructionMemory_instr_sram  ( met3 )
Bounds : ( 207.900, 886.680 ) ( 210.900, 887.080 )


SHORT: ( Metal Short ) Special Wire of Net VDD & Blockage of Cell InstructionFetch_Module_InstructionMemory_instr_sram  ( met3 )
Bounds : ( 234.900, 857.700 ) ( 237.900, 858.100 )


SHORT: ( Metal Short ) Special Wire of Net VDD & Blockage of Cell InstructionFetch_Module_InstructionMemory_instr_sram  ( met3 )
Bounds : ( 234.900, 865.980 ) ( 237.900, 866.380 )


SHORT: ( Metal Short ) Special Wire of Net VDD & Blockage of Cell InstructionFetch_Module_InstructionMemory_instr_sram  ( met3 )
Bounds : ( 234.900, 874.260 ) ( 237.900, 874.660 )


SHORT: ( Metal Short ) Special Wire of Net VDD & Blockage of Cell InstructionFetch_Module_InstructionMemory_instr_sram  ( met3 )
Bounds : ( 234.900, 882.540 ) ( 237.900, 882.940 )


SHORT: ( Metal Short ) Special Wire of Net VDD & Blockage of Cell InstructionFetch_Module_InstructionMemory_instr_sram  ( met3 )
Bounds : ( 234.900, 890.820 ) ( 237.900, 891.220 )


SHORT: ( Metal Short ) Special Wire of Net VSS & Blockage of Cell InstructionFetch_Module_InstructionMemory_instr_sram  ( met3 )
Bounds : ( 257.900, 861.840 ) ( 260.900, 862.240 )


SHORT: ( Metal Short ) Special Wire of Net VSS & Blockage of Cell InstructionFetch_Module_InstructionMemory_instr_sram  ( met3 )
Bounds : ( 257.900, 870.120 ) ( 260.900, 870.520 )


SHORT: ( Metal Short ) Special Wire of Net VSS & Blockage of Cell InstructionFetch_Module_InstructionMemory_instr_sram  ( met3 )
Bounds : ( 257.900, 878.400 ) ( 260.900, 878.800 )


SHORT: ( Metal Short ) Special Wire of Net VSS & Blockage of Cell InstructionFetch_Module_InstructionMemory_instr_sram  ( met3 )
Bounds : ( 257.900, 886.680 ) ( 260.900, 887.080 )


SHORT: ( Metal Short ) Special Wire of Net VDD & Blockage of Cell InstructionFetch_Module_InstructionMemory_instr_sram  ( met2 )
Bounds : ( 234.900, 816.300 ) ( 237.900, 816.700 )


SHORT: ( Metal Short ) Special Wire of Net VDD & Blockage of Cell InstructionFetch_Module_InstructionMemory_instr_sram  ( met2 )
Bounds : ( 234.900, 824.580 ) ( 237.900, 824.980 )


SHORT: ( Metal Short ) Special Wire of Net VDD & Blockage of Cell InstructionFetch_Module_InstructionMemory_instr_sram  ( met2 )
Bounds : ( 234.900, 832.860 ) ( 237.900, 833.260 )


SHORT: ( Metal Short ) Special Wire of Net VDD & Blockage of Cell InstructionFetch_Module_InstructionMemory_instr_sram  ( met2 )
Bounds : ( 234.900, 841.140 ) ( 237.900, 841.540 )


SHORT: ( Metal Short ) Special Wire of Net VDD & Blockage of Cell InstructionFetch_Module_InstructionMemory_instr_sram  ( met2 )
Bounds : ( 234.900, 849.420 ) ( 237.900, 849.820 )


SHORT: ( Metal Short ) Special Wire of Net VSS & Blockage of Cell InstructionFetch_Module_InstructionMemory_instr_sram  ( met2 )
Bounds : ( 257.900, 820.440 ) ( 260.900, 820.840 )


SHORT: ( Metal Short ) Special Wire of Net VSS & Blockage of Cell InstructionFetch_Module_InstructionMemory_instr_sram  ( met2 )
Bounds : ( 257.900, 828.720 ) ( 260.900, 829.120 )


SHORT: ( Metal Short ) Special Wire of Net VSS & Blockage of Cell InstructionFetch_Module_InstructionMemory_instr_sram  ( met2 )
Bounds : ( 257.900, 837.000 ) ( 260.900, 837.400 )


SHORT: ( Metal Short ) Special Wire of Net VSS & Blockage of Cell InstructionFetch_Module_InstructionMemory_instr_sram  ( met2 )
Bounds : ( 257.900, 845.280 ) ( 260.900, 845.680 )


SHORT: ( Metal Short ) Special Wire of Net VSS & Blockage of Cell InstructionFetch_Module_InstructionMemory_instr_sram  ( met2 )
Bounds : ( 257.900, 853.560 ) ( 260.900, 853.960 )


SHORT: ( Metal Short ) Special Wire of Net VDD & Blockage of Cell InstructionFetch_Module_InstructionMemory_instr_sram  ( met3 )
Bounds : ( 234.900, 816.300 ) ( 237.900, 816.700 )


SHORT: ( Metal Short ) Special Wire of Net VDD & Blockage of Cell InstructionFetch_Module_InstructionMemory_instr_sram  ( met3 )
Bounds : ( 234.900, 824.580 ) ( 237.900, 824.980 )


SHORT: ( Metal Short ) Special Wire of Net VDD & Blockage of Cell InstructionFetch_Module_InstructionMemory_instr_sram  ( met3 )
Bounds : ( 234.900, 832.860 ) ( 237.900, 833.260 )


SHORT: ( Metal Short ) Special Wire of Net VDD & Blockage of Cell InstructionFetch_Module_InstructionMemory_instr_sram  ( met3 )
Bounds : ( 234.900, 841.140 ) ( 237.900, 841.540 )


SHORT: ( Metal Short ) Special Wire of Net VDD & Blockage of Cell InstructionFetch_Module_InstructionMemory_instr_sram  ( met3 )
Bounds : ( 234.900, 849.420 ) ( 237.900, 849.820 )


SHORT: ( Metal Short ) Special Wire of Net VSS & Blockage of Cell InstructionFetch_Module_InstructionMemory_instr_sram  ( met3 )
Bounds : ( 257.900, 820.440 ) ( 260.900, 820.840 )


SHORT: ( Metal Short ) Special Wire of Net VSS & Blockage of Cell InstructionFetch_Module_InstructionMemory_instr_sram  ( met3 )
Bounds : ( 257.900, 828.720 ) ( 260.900, 829.120 )


SHORT: ( Metal Short ) Special Wire of Net VSS & Blockage of Cell InstructionFetch_Module_InstructionMemory_instr_sram  ( met3 )
Bounds : ( 257.900, 837.000 ) ( 260.900, 837.400 )


SHORT: ( Metal Short ) Special Wire of Net VSS & Blockage of Cell InstructionFetch_Module_InstructionMemory_instr_sram  ( met3 )
Bounds : ( 257.900, 845.280 ) ( 260.900, 845.680 )


SHORT: ( Metal Short ) Special Wire of Net VSS & Blockage of Cell InstructionFetch_Module_InstructionMemory_instr_sram  ( met3 )
Bounds : ( 257.900, 853.560 ) ( 260.900, 853.960 )


SHORT: ( Metal Short ) Special Wire of Net VSS & Blockage of Cell InstructionFetch_Module_InstructionMemory_instr_sram  ( met2 )
Bounds : ( 207.900, 820.440 ) ( 210.900, 820.840 )


SHORT: ( Metal Short ) Special Wire of Net VSS & Blockage of Cell InstructionFetch_Module_InstructionMemory_instr_sram  ( met2 )
Bounds : ( 207.900, 828.720 ) ( 210.900, 829.120 )


SHORT: ( Metal Short ) Special Wire of Net VSS & Blockage of Cell InstructionFetch_Module_InstructionMemory_instr_sram  ( met2 )
Bounds : ( 207.900, 837.000 ) ( 210.900, 837.400 )


SHORT: ( Metal Short ) Special Wire of Net VSS & Blockage of Cell InstructionFetch_Module_InstructionMemory_instr_sram  ( met2 )
Bounds : ( 207.900, 845.280 ) ( 210.900, 845.680 )


SHORT: ( Metal Short ) Special Wire of Net VSS & Blockage of Cell InstructionFetch_Module_InstructionMemory_instr_sram  ( met2 )
Bounds : ( 207.900, 853.560 ) ( 210.900, 853.960 )


SHORT: ( Metal Short ) Special Wire of Net VSS & Blockage of Cell InstructionFetch_Module_InstructionMemory_instr_sram  ( met3 )
Bounds : ( 207.900, 820.440 ) ( 210.900, 820.840 )


SHORT: ( Metal Short ) Special Wire of Net VSS & Blockage of Cell InstructionFetch_Module_InstructionMemory_instr_sram  ( met3 )
Bounds : ( 207.900, 828.720 ) ( 210.900, 829.120 )


SHORT: ( Metal Short ) Special Wire of Net VSS & Blockage of Cell InstructionFetch_Module_InstructionMemory_instr_sram  ( met3 )
Bounds : ( 207.900, 837.000 ) ( 210.900, 837.400 )


SHORT: ( Metal Short ) Special Wire of Net VSS & Blockage of Cell InstructionFetch_Module_InstructionMemory_instr_sram  ( met3 )
Bounds : ( 207.900, 845.280 ) ( 210.900, 845.680 )


SHORT: ( Metal Short ) Special Wire of Net VSS & Blockage of Cell InstructionFetch_Module_InstructionMemory_instr_sram  ( met3 )
Bounds : ( 207.900, 853.560 ) ( 210.900, 853.960 )


SHORT: ( Metal Short ) Special Wire of Net VSS & Blockage of Cell InstructionFetch_Module_InstructionMemory_instr_sram  ( met2 )
Bounds : ( 207.900, 894.960 ) ( 210.900, 895.360 )


SHORT: ( Metal Short ) Special Wire of Net VSS & Blockage of Cell InstructionFetch_Module_InstructionMemory_instr_sram  ( met2 )
Bounds : ( 257.900, 894.960 ) ( 260.900, 895.360 )


SHORT: ( Metal Short ) Special Wire of Net VSS & Blockage of Cell InstructionFetch_Module_InstructionMemory_instr_sram  ( met2 )
Bounds : ( 307.900, 894.960 ) ( 310.900, 895.360 )


SHORT: ( Metal Short ) Special Wire of Net VSS & Blockage of Cell InstructionFetch_Module_InstructionMemory_instr_sram  ( met3 )
Bounds : ( 207.900, 894.960 ) ( 210.900, 895.360 )


SHORT: ( Metal Short ) Special Wire of Net VSS & Blockage of Cell InstructionFetch_Module_InstructionMemory_instr_sram  ( met3 )
Bounds : ( 257.900, 894.960 ) ( 260.900, 895.360 )


SHORT: ( Metal Short ) Special Wire of Net VSS & Blockage of Cell InstructionFetch_Module_InstructionMemory_instr_sram  ( met3 )
Bounds : ( 307.900, 894.960 ) ( 310.900, 895.360 )


SHORT: ( Metal Short ) Special Wire of Net VDD & Blockage of Cell InstructionFetch_Module_InstructionMemory_instr_sram  ( met2 )
Bounds : ( 484.900, 774.900 ) ( 487.900, 775.300 )


SHORT: ( Metal Short ) Special Wire of Net VDD & Blockage of Cell InstructionFetch_Module_InstructionMemory_instr_sram  ( met2 )
Bounds : ( 484.900, 783.180 ) ( 487.900, 783.580 )


SHORT: ( Metal Short ) Special Wire of Net VDD & Blockage of Cell InstructionFetch_Module_InstructionMemory_instr_sram  ( met2 )
Bounds : ( 484.900, 791.460 ) ( 487.900, 791.860 )


SHORT: ( Metal Short ) Special Wire of Net VDD & Blockage of Cell InstructionFetch_Module_InstructionMemory_instr_sram  ( met2 )
Bounds : ( 484.900, 799.740 ) ( 487.900, 800.140 )


SHORT: ( Metal Short ) Special Wire of Net VDD & Blockage of Cell InstructionFetch_Module_InstructionMemory_instr_sram  ( met2 )
Bounds : ( 484.900, 808.020 ) ( 487.900, 808.420 )


SHORT: ( Metal Short ) Special Wire of Net VSS & Blockage of Cell InstructionFetch_Module_InstructionMemory_instr_sram  ( met2 )
Bounds : ( 507.900, 779.040 ) ( 510.900, 779.440 )


SHORT: ( Metal Short ) Special Wire of Net VSS & Blockage of Cell InstructionFetch_Module_InstructionMemory_instr_sram  ( met2 )
Bounds : ( 507.900, 787.320 ) ( 510.900, 787.720 )


SHORT: ( Metal Short ) Special Wire of Net VSS & Blockage of Cell InstructionFetch_Module_InstructionMemory_instr_sram  ( met2 )
Bounds : ( 507.900, 795.600 ) ( 510.900, 796.000 )


SHORT: ( Metal Short ) Special Wire of Net VSS & Blockage of Cell InstructionFetch_Module_InstructionMemory_instr_sram  ( met2 )
Bounds : ( 507.900, 803.880 ) ( 510.900, 804.280 )


SHORT: ( Metal Short ) Special Wire of Net VSS & Blockage of Cell InstructionFetch_Module_InstructionMemory_instr_sram  ( met2 )
Bounds : ( 507.900, 812.160 ) ( 510.900, 812.560 )


SHORT: ( Metal Short ) Special Wire of Net VDD & Blockage of Cell InstructionFetch_Module_InstructionMemory_instr_sram  ( met3 )
Bounds : ( 484.900, 774.900 ) ( 487.900, 775.300 )


SHORT: ( Metal Short ) Special Wire of Net VDD & Blockage of Cell InstructionFetch_Module_InstructionMemory_instr_sram  ( met3 )
Bounds : ( 484.900, 783.180 ) ( 487.900, 783.580 )


SHORT: ( Metal Short ) Special Wire of Net VDD & Blockage of Cell InstructionFetch_Module_InstructionMemory_instr_sram  ( met3 )
Bounds : ( 484.900, 791.460 ) ( 487.900, 791.860 )


SHORT: ( Metal Short ) Special Wire of Net VDD & Blockage of Cell InstructionFetch_Module_InstructionMemory_instr_sram  ( met3 )
Bounds : ( 484.900, 799.740 ) ( 487.900, 800.140 )


SHORT: ( Metal Short ) Special Wire of Net VDD & Blockage of Cell InstructionFetch_Module_InstructionMemory_instr_sram  ( met3 )
Bounds : ( 484.900, 808.020 ) ( 487.900, 808.420 )


SHORT: ( Metal Short ) Special Wire of Net VSS & Blockage of Cell InstructionFetch_Module_InstructionMemory_instr_sram  ( met3 )
Bounds : ( 507.900, 779.040 ) ( 510.900, 779.440 )


SHORT: ( Metal Short ) Special Wire of Net VSS & Blockage of Cell InstructionFetch_Module_InstructionMemory_instr_sram  ( met3 )
Bounds : ( 507.900, 787.320 ) ( 510.900, 787.720 )


SHORT: ( Metal Short ) Special Wire of Net VSS & Blockage of Cell InstructionFetch_Module_InstructionMemory_instr_sram  ( met3 )
Bounds : ( 507.900, 795.600 ) ( 510.900, 796.000 )


SHORT: ( Metal Short ) Special Wire of Net VSS & Blockage of Cell InstructionFetch_Module_InstructionMemory_instr_sram  ( met3 )
Bounds : ( 507.900, 803.880 ) ( 510.900, 804.280 )


SHORT: ( Metal Short ) Special Wire of Net VSS & Blockage of Cell InstructionFetch_Module_InstructionMemory_instr_sram  ( met3 )
Bounds : ( 507.900, 812.160 ) ( 510.900, 812.560 )


SHORT: ( Metal Short ) Special Wire of Net VDD & Blockage of Cell InstructionFetch_Module_InstructionMemory_instr_sram  ( met2 )
Bounds : ( 434.900, 774.900 ) ( 437.900, 775.300 )


SHORT: ( Metal Short ) Special Wire of Net VDD & Blockage of Cell InstructionFetch_Module_InstructionMemory_instr_sram  ( met2 )
Bounds : ( 434.900, 783.180 ) ( 437.900, 783.580 )


SHORT: ( Metal Short ) Special Wire of Net VDD & Blockage of Cell InstructionFetch_Module_InstructionMemory_instr_sram  ( met2 )
Bounds : ( 434.900, 791.460 ) ( 437.900, 791.860 )


SHORT: ( Metal Short ) Special Wire of Net VDD & Blockage of Cell InstructionFetch_Module_InstructionMemory_instr_sram  ( met2 )
Bounds : ( 434.900, 799.740 ) ( 437.900, 800.140 )


SHORT: ( Metal Short ) Special Wire of Net VDD & Blockage of Cell InstructionFetch_Module_InstructionMemory_instr_sram  ( met2 )
Bounds : ( 434.900, 808.020 ) ( 437.900, 808.420 )


SHORT: ( Metal Short ) Special Wire of Net VSS & Blockage of Cell InstructionFetch_Module_InstructionMemory_instr_sram  ( met2 )
Bounds : ( 457.900, 779.040 ) ( 460.900, 779.440 )


SHORT: ( Metal Short ) Special Wire of Net VSS & Blockage of Cell InstructionFetch_Module_InstructionMemory_instr_sram  ( met2 )
Bounds : ( 457.900, 787.320 ) ( 460.900, 787.720 )


SHORT: ( Metal Short ) Special Wire of Net VSS & Blockage of Cell InstructionFetch_Module_InstructionMemory_instr_sram  ( met2 )
Bounds : ( 457.900, 795.600 ) ( 460.900, 796.000 )


SHORT: ( Metal Short ) Special Wire of Net VSS & Blockage of Cell InstructionFetch_Module_InstructionMemory_instr_sram  ( met2 )
Bounds : ( 457.900, 803.880 ) ( 460.900, 804.280 )


SHORT: ( Metal Short ) Special Wire of Net VSS & Blockage of Cell InstructionFetch_Module_InstructionMemory_instr_sram  ( met2 )
Bounds : ( 457.900, 812.160 ) ( 460.900, 812.560 )


SHORT: ( Metal Short ) Special Wire of Net VDD & Blockage of Cell InstructionFetch_Module_InstructionMemory_instr_sram  ( met3 )
Bounds : ( 434.900, 774.900 ) ( 437.900, 775.300 )


SHORT: ( Metal Short ) Special Wire of Net VDD & Blockage of Cell InstructionFetch_Module_InstructionMemory_instr_sram  ( met3 )
Bounds : ( 434.900, 783.180 ) ( 437.900, 783.580 )


SHORT: ( Metal Short ) Special Wire of Net VDD & Blockage of Cell InstructionFetch_Module_InstructionMemory_instr_sram  ( met3 )
Bounds : ( 434.900, 791.460 ) ( 437.900, 791.860 )


SHORT: ( Metal Short ) Special Wire of Net VDD & Blockage of Cell InstructionFetch_Module_InstructionMemory_instr_sram  ( met3 )
Bounds : ( 434.900, 799.740 ) ( 437.900, 800.140 )


SHORT: ( Metal Short ) Special Wire of Net VDD & Blockage of Cell InstructionFetch_Module_InstructionMemory_instr_sram  ( met3 )
Bounds : ( 434.900, 808.020 ) ( 437.900, 808.420 )


SHORT: ( Metal Short ) Special Wire of Net VSS & Blockage of Cell InstructionFetch_Module_InstructionMemory_instr_sram  ( met3 )
Bounds : ( 457.900, 779.040 ) ( 460.900, 779.440 )


SHORT: ( Metal Short ) Special Wire of Net VSS & Blockage of Cell InstructionFetch_Module_InstructionMemory_instr_sram  ( met3 )
Bounds : ( 457.900, 787.320 ) ( 460.900, 787.720 )


SHORT: ( Metal Short ) Special Wire of Net VSS & Blockage of Cell InstructionFetch_Module_InstructionMemory_instr_sram  ( met3 )
Bounds : ( 457.900, 795.600 ) ( 460.900, 796.000 )


SHORT: ( Metal Short ) Special Wire of Net VSS & Blockage of Cell InstructionFetch_Module_InstructionMemory_instr_sram  ( met3 )
Bounds : ( 457.900, 803.880 ) ( 460.900, 804.280 )


SHORT: ( Metal Short ) Special Wire of Net VSS & Blockage of Cell InstructionFetch_Module_InstructionMemory_instr_sram  ( met3 )
Bounds : ( 457.900, 812.160 ) ( 460.900, 812.560 )


SHORT: ( Metal Short ) Regular Wire of Net FE_PDN5_LTIELO_NET & Special Wire of Net VDD  ( met4 )
Bounds : ( 437.280, 750.330 ) ( 437.900, 751.510 )


SHORT: ( Metal Short ) Regular Wire of Net FE_PDN5_LTIELO_NET & Special Wire of Net VDD  ( met4 )
Bounds : ( 437.680, 750.260 ) ( 437.900, 751.510 )


SHORT: ( Metal Short ) Special Wire of Net VDD & Blockage of Cell InstructionFetch_Module_InstructionMemory_instr_sram  ( met2 )
Bounds : ( 434.900, 758.340 ) ( 437.900, 758.740 )


SHORT: ( Metal Short ) Special Wire of Net VDD & Blockage of Cell InstructionFetch_Module_InstructionMemory_instr_sram  ( met2 )
Bounds : ( 434.900, 766.620 ) ( 437.900, 767.020 )


SHORT: ( Metal Short ) Special Wire of Net VSS & Blockage of Cell InstructionFetch_Module_InstructionMemory_instr_sram  ( met2 )
Bounds : ( 457.900, 754.200 ) ( 460.900, 754.600 )


SHORT: ( Metal Short ) Special Wire of Net VSS & Blockage of Cell InstructionFetch_Module_InstructionMemory_instr_sram  ( met2 )
Bounds : ( 457.900, 762.480 ) ( 460.900, 762.880 )


SHORT: ( Metal Short ) Special Wire of Net VSS & Blockage of Cell InstructionFetch_Module_InstructionMemory_instr_sram  ( met2 )
Bounds : ( 457.900, 770.760 ) ( 460.900, 771.160 )


SHORT: ( Metal Short ) Special Wire of Net VDD & Blockage of Cell InstructionFetch_Module_InstructionMemory_instr_sram  ( met2 )
Bounds : ( 484.900, 758.340 ) ( 487.900, 758.740 )


SHORT: ( Metal Short ) Special Wire of Net VDD & Blockage of Cell InstructionFetch_Module_InstructionMemory_instr_sram  ( met2 )
Bounds : ( 484.900, 766.620 ) ( 487.900, 767.020 )


SHORT: ( Metal Short ) Special Wire of Net VSS & Blockage of Cell InstructionFetch_Module_InstructionMemory_instr_sram  ( met2 )
Bounds : ( 507.900, 754.200 ) ( 510.900, 754.600 )


SHORT: ( Metal Short ) Special Wire of Net VSS & Blockage of Cell InstructionFetch_Module_InstructionMemory_instr_sram  ( met2 )
Bounds : ( 507.900, 762.480 ) ( 510.900, 762.880 )


SHORT: ( Metal Short ) Special Wire of Net VSS & Blockage of Cell InstructionFetch_Module_InstructionMemory_instr_sram  ( met2 )
Bounds : ( 507.900, 770.760 ) ( 510.900, 771.160 )


SHORT: ( Metal Short ) Special Wire of Net VDD & Blockage of Cell InstructionFetch_Module_InstructionMemory_instr_sram  ( met3 )
Bounds : ( 434.900, 758.340 ) ( 437.900, 758.740 )


SHORT: ( Metal Short ) Special Wire of Net VDD & Blockage of Cell InstructionFetch_Module_InstructionMemory_instr_sram  ( met3 )
Bounds : ( 434.900, 766.620 ) ( 437.900, 767.020 )


SHORT: ( Metal Short ) Special Wire of Net VSS & Blockage of Cell InstructionFetch_Module_InstructionMemory_instr_sram  ( met3 )
Bounds : ( 457.900, 754.200 ) ( 460.900, 754.420 )


SHORT: ( Metal Short ) Special Wire of Net VSS & Blockage of Cell InstructionFetch_Module_InstructionMemory_instr_sram  ( met3 )
Bounds : ( 457.900, 762.480 ) ( 460.900, 762.880 )


SHORT: ( Metal Short ) Special Wire of Net VSS & Blockage of Cell InstructionFetch_Module_InstructionMemory_instr_sram  ( met3 )
Bounds : ( 457.900, 770.760 ) ( 460.900, 771.160 )


SHORT: ( Metal Short ) Special Wire of Net VDD & Blockage of Cell InstructionFetch_Module_InstructionMemory_instr_sram  ( met3 )
Bounds : ( 484.900, 758.340 ) ( 487.900, 758.740 )


SHORT: ( Metal Short ) Special Wire of Net VDD & Blockage of Cell InstructionFetch_Module_InstructionMemory_instr_sram  ( met3 )
Bounds : ( 484.900, 766.620 ) ( 487.900, 767.020 )


SHORT: ( Metal Short ) Special Wire of Net VSS & Blockage of Cell InstructionFetch_Module_InstructionMemory_instr_sram  ( met3 )
Bounds : ( 507.900, 754.200 ) ( 510.900, 754.420 )


SHORT: ( Metal Short ) Special Wire of Net VSS & Blockage of Cell InstructionFetch_Module_InstructionMemory_instr_sram  ( met3 )
Bounds : ( 507.900, 762.480 ) ( 510.900, 762.880 )


SHORT: ( Metal Short ) Special Wire of Net VSS & Blockage of Cell InstructionFetch_Module_InstructionMemory_instr_sram  ( met3 )
Bounds : ( 507.900, 770.760 ) ( 510.900, 771.160 )


SHORT: ( Metal Short ) Special Wire of Net VSS & Blockage of Cell InstructionFetch_Module_InstructionMemory_instr_sram  ( met2 )
Bounds : ( 407.900, 779.040 ) ( 410.900, 779.440 )


SHORT: ( Metal Short ) Special Wire of Net VSS & Blockage of Cell InstructionFetch_Module_InstructionMemory_instr_sram  ( met2 )
Bounds : ( 407.900, 787.320 ) ( 410.900, 787.720 )


SHORT: ( Metal Short ) Special Wire of Net VSS & Blockage of Cell InstructionFetch_Module_InstructionMemory_instr_sram  ( met2 )
Bounds : ( 407.900, 795.600 ) ( 410.900, 796.000 )


SHORT: ( Metal Short ) Special Wire of Net VSS & Blockage of Cell InstructionFetch_Module_InstructionMemory_instr_sram  ( met2 )
Bounds : ( 407.900, 803.880 ) ( 410.900, 804.280 )


SHORT: ( Metal Short ) Special Wire of Net VSS & Blockage of Cell InstructionFetch_Module_InstructionMemory_instr_sram  ( met2 )
Bounds : ( 407.900, 812.160 ) ( 410.900, 812.560 )


SHORT: ( Metal Short ) Special Wire of Net VSS & Blockage of Cell InstructionFetch_Module_InstructionMemory_instr_sram  ( met3 )
Bounds : ( 407.900, 779.040 ) ( 410.900, 779.440 )


SHORT: ( Metal Short ) Special Wire of Net VSS & Blockage of Cell InstructionFetch_Module_InstructionMemory_instr_sram  ( met3 )
Bounds : ( 407.900, 787.320 ) ( 410.900, 787.720 )


SHORT: ( Metal Short ) Special Wire of Net VSS & Blockage of Cell InstructionFetch_Module_InstructionMemory_instr_sram  ( met3 )
Bounds : ( 407.900, 795.600 ) ( 410.900, 796.000 )


SHORT: ( Metal Short ) Special Wire of Net VSS & Blockage of Cell InstructionFetch_Module_InstructionMemory_instr_sram  ( met3 )
Bounds : ( 407.900, 803.880 ) ( 410.900, 804.280 )


SHORT: ( Metal Short ) Special Wire of Net VSS & Blockage of Cell InstructionFetch_Module_InstructionMemory_instr_sram  ( met3 )
Bounds : ( 407.900, 812.160 ) ( 410.900, 812.560 )


SHORT: ( Metal Short ) Special Wire of Net VSS & Blockage of Cell InstructionFetch_Module_InstructionMemory_instr_sram  ( met2 )
Bounds : ( 357.900, 779.040 ) ( 360.900, 779.440 )


SHORT: ( Metal Short ) Special Wire of Net VSS & Blockage of Cell InstructionFetch_Module_InstructionMemory_instr_sram  ( met2 )
Bounds : ( 357.900, 787.320 ) ( 360.900, 787.720 )


SHORT: ( Metal Short ) Special Wire of Net VSS & Blockage of Cell InstructionFetch_Module_InstructionMemory_instr_sram  ( met2 )
Bounds : ( 357.900, 795.600 ) ( 360.900, 796.000 )


SHORT: ( Metal Short ) Special Wire of Net VSS & Blockage of Cell InstructionFetch_Module_InstructionMemory_instr_sram  ( met2 )
Bounds : ( 357.900, 803.880 ) ( 360.900, 804.280 )


SHORT: ( Metal Short ) Special Wire of Net VSS & Blockage of Cell InstructionFetch_Module_InstructionMemory_instr_sram  ( met2 )
Bounds : ( 357.900, 812.160 ) ( 360.900, 812.560 )


SHORT: ( Metal Short ) Special Wire of Net VDD & Blockage of Cell InstructionFetch_Module_InstructionMemory_instr_sram  ( met2 )
Bounds : ( 384.900, 774.900 ) ( 387.900, 775.300 )


SHORT: ( Metal Short ) Special Wire of Net VDD & Blockage of Cell InstructionFetch_Module_InstructionMemory_instr_sram  ( met2 )
Bounds : ( 384.900, 783.180 ) ( 387.900, 783.580 )


SHORT: ( Metal Short ) Special Wire of Net VDD & Blockage of Cell InstructionFetch_Module_InstructionMemory_instr_sram  ( met2 )
Bounds : ( 384.900, 791.460 ) ( 387.900, 791.860 )


SHORT: ( Metal Short ) Special Wire of Net VDD & Blockage of Cell InstructionFetch_Module_InstructionMemory_instr_sram  ( met2 )
Bounds : ( 384.900, 799.740 ) ( 387.900, 800.140 )


SHORT: ( Metal Short ) Special Wire of Net VDD & Blockage of Cell InstructionFetch_Module_InstructionMemory_instr_sram  ( met2 )
Bounds : ( 384.900, 808.020 ) ( 387.900, 808.420 )


SHORT: ( Metal Short ) Special Wire of Net VSS & Blockage of Cell InstructionFetch_Module_InstructionMemory_instr_sram  ( met3 )
Bounds : ( 357.900, 779.040 ) ( 360.900, 779.440 )


SHORT: ( Metal Short ) Special Wire of Net VSS & Blockage of Cell InstructionFetch_Module_InstructionMemory_instr_sram  ( met3 )
Bounds : ( 357.900, 787.320 ) ( 360.900, 787.720 )


SHORT: ( Metal Short ) Special Wire of Net VSS & Blockage of Cell InstructionFetch_Module_InstructionMemory_instr_sram  ( met3 )
Bounds : ( 357.900, 795.600 ) ( 360.900, 796.000 )


SHORT: ( Metal Short ) Special Wire of Net VSS & Blockage of Cell InstructionFetch_Module_InstructionMemory_instr_sram  ( met3 )
Bounds : ( 357.900, 803.880 ) ( 360.900, 804.280 )


SHORT: ( Metal Short ) Special Wire of Net VSS & Blockage of Cell InstructionFetch_Module_InstructionMemory_instr_sram  ( met3 )
Bounds : ( 357.900, 812.160 ) ( 360.900, 812.560 )


SHORT: ( Metal Short ) Special Wire of Net VDD & Blockage of Cell InstructionFetch_Module_InstructionMemory_instr_sram  ( met3 )
Bounds : ( 384.900, 774.900 ) ( 387.900, 775.300 )


SHORT: ( Metal Short ) Special Wire of Net VDD & Blockage of Cell InstructionFetch_Module_InstructionMemory_instr_sram  ( met3 )
Bounds : ( 384.900, 783.180 ) ( 387.900, 783.580 )


SHORT: ( Metal Short ) Special Wire of Net VDD & Blockage of Cell InstructionFetch_Module_InstructionMemory_instr_sram  ( met3 )
Bounds : ( 384.900, 791.460 ) ( 387.900, 791.860 )


SHORT: ( Metal Short ) Special Wire of Net VDD & Blockage of Cell InstructionFetch_Module_InstructionMemory_instr_sram  ( met3 )
Bounds : ( 384.900, 799.740 ) ( 387.900, 800.140 )


SHORT: ( Metal Short ) Special Wire of Net VDD & Blockage of Cell InstructionFetch_Module_InstructionMemory_instr_sram  ( met3 )
Bounds : ( 384.900, 808.020 ) ( 387.900, 808.420 )


SHORT: ( Metal Short ) Regular Wire of Net FE_PDN5_LTIELO_NET & Special Wire of Net VDD  ( met4 )
Bounds : ( 384.920, 750.330 ) ( 386.100, 751.510 )


SHORT: ( Metal Short ) Regular Wire of Net FE_PDN5_LTIELO_NET & Special Wire of Net VDD  ( met4 )
Bounds : ( 385.320, 750.260 ) ( 385.700, 751.510 )


SHORT: ( Metal Short ) Regular Wire of Net FE_PDN5_LTIELO_NET & Special Wire of Net VSS  ( met4 )
Bounds : ( 408.720, 750.330 ) ( 409.900, 751.510 )


SHORT: ( Metal Short ) Regular Wire of Net FE_PDN5_LTIELO_NET & Special Wire of Net VSS  ( met4 )
Bounds : ( 409.120, 750.260 ) ( 409.500, 751.510 )


SHORT: ( Metal Short ) Special Wire of Net VSS & Blockage of Cell InstructionFetch_Module_InstructionMemory_instr_sram  ( met2 )
Bounds : ( 357.900, 754.200 ) ( 360.900, 754.600 )


SHORT: ( Metal Short ) Special Wire of Net VSS & Blockage of Cell InstructionFetch_Module_InstructionMemory_instr_sram  ( met2 )
Bounds : ( 357.900, 762.480 ) ( 360.900, 762.880 )


SHORT: ( Metal Short ) Special Wire of Net VSS & Blockage of Cell InstructionFetch_Module_InstructionMemory_instr_sram  ( met2 )
Bounds : ( 357.900, 770.760 ) ( 360.900, 771.160 )


SHORT: ( Metal Short ) Special Wire of Net VDD & Blockage of Cell InstructionFetch_Module_InstructionMemory_instr_sram  ( met2 )
Bounds : ( 384.900, 758.340 ) ( 387.900, 758.740 )


SHORT: ( Metal Short ) Special Wire of Net VDD & Blockage of Cell InstructionFetch_Module_InstructionMemory_instr_sram  ( met2 )
Bounds : ( 384.900, 766.620 ) ( 387.900, 767.020 )


SHORT: ( Metal Short ) Special Wire of Net VSS & Blockage of Cell InstructionFetch_Module_InstructionMemory_instr_sram  ( met2 )
Bounds : ( 407.900, 754.200 ) ( 410.900, 754.600 )


SHORT: ( Metal Short ) Special Wire of Net VSS & Blockage of Cell InstructionFetch_Module_InstructionMemory_instr_sram  ( met2 )
Bounds : ( 407.900, 762.480 ) ( 410.900, 762.880 )


SHORT: ( Metal Short ) Special Wire of Net VSS & Blockage of Cell InstructionFetch_Module_InstructionMemory_instr_sram  ( met2 )
Bounds : ( 407.900, 770.760 ) ( 410.900, 771.160 )


SHORT: ( Metal Short ) Special Wire of Net VSS & Blockage of Cell InstructionFetch_Module_InstructionMemory_instr_sram  ( met3 )
Bounds : ( 357.900, 754.200 ) ( 360.900, 754.420 )


SHORT: ( Metal Short ) Special Wire of Net VSS & Blockage of Cell InstructionFetch_Module_InstructionMemory_instr_sram  ( met3 )
Bounds : ( 357.900, 762.480 ) ( 360.900, 762.880 )


SHORT: ( Metal Short ) Special Wire of Net VSS & Blockage of Cell InstructionFetch_Module_InstructionMemory_instr_sram  ( met3 )
Bounds : ( 357.900, 770.760 ) ( 360.900, 771.160 )


SHORT: ( Metal Short ) Special Wire of Net VDD & Blockage of Cell InstructionFetch_Module_InstructionMemory_instr_sram  ( met3 )
Bounds : ( 384.900, 758.340 ) ( 387.900, 758.740 )


SHORT: ( Metal Short ) Special Wire of Net VDD & Blockage of Cell InstructionFetch_Module_InstructionMemory_instr_sram  ( met3 )
Bounds : ( 384.900, 766.620 ) ( 387.900, 767.020 )


SHORT: ( Metal Short ) Special Wire of Net VSS & Blockage of Cell InstructionFetch_Module_InstructionMemory_instr_sram  ( met3 )
Bounds : ( 407.900, 754.200 ) ( 410.900, 754.420 )


SHORT: ( Metal Short ) Special Wire of Net VSS & Blockage of Cell InstructionFetch_Module_InstructionMemory_instr_sram  ( met3 )
Bounds : ( 407.900, 762.480 ) ( 410.900, 762.880 )


SHORT: ( Metal Short ) Special Wire of Net VSS & Blockage of Cell InstructionFetch_Module_InstructionMemory_instr_sram  ( met3 )
Bounds : ( 407.900, 770.760 ) ( 410.900, 771.160 )


SHORT: ( Metal Short ) Special Wire of Net VDD & Blockage of Cell InstructionFetch_Module_InstructionMemory_instr_sram  ( met2 )
Bounds : ( 334.900, 774.900 ) ( 337.900, 775.300 )


SHORT: ( Metal Short ) Special Wire of Net VDD & Blockage of Cell InstructionFetch_Module_InstructionMemory_instr_sram  ( met2 )
Bounds : ( 334.900, 783.180 ) ( 337.900, 783.580 )


SHORT: ( Metal Short ) Special Wire of Net VDD & Blockage of Cell InstructionFetch_Module_InstructionMemory_instr_sram  ( met2 )
Bounds : ( 334.900, 791.460 ) ( 337.900, 791.860 )


SHORT: ( Metal Short ) Special Wire of Net VDD & Blockage of Cell InstructionFetch_Module_InstructionMemory_instr_sram  ( met2 )
Bounds : ( 334.900, 799.740 ) ( 337.900, 800.140 )


SHORT: ( Metal Short ) Special Wire of Net VDD & Blockage of Cell InstructionFetch_Module_InstructionMemory_instr_sram  ( met2 )
Bounds : ( 334.900, 808.020 ) ( 337.900, 808.420 )


SHORT: ( Metal Short ) Special Wire of Net VDD & Blockage of Cell InstructionFetch_Module_InstructionMemory_instr_sram  ( met3 )
Bounds : ( 334.900, 774.900 ) ( 337.900, 775.300 )


SHORT: ( Metal Short ) Special Wire of Net VDD & Blockage of Cell InstructionFetch_Module_InstructionMemory_instr_sram  ( met3 )
Bounds : ( 334.900, 783.180 ) ( 337.900, 783.580 )


SHORT: ( Metal Short ) Special Wire of Net VDD & Blockage of Cell InstructionFetch_Module_InstructionMemory_instr_sram  ( met3 )
Bounds : ( 334.900, 791.460 ) ( 337.900, 791.860 )


SHORT: ( Metal Short ) Special Wire of Net VDD & Blockage of Cell InstructionFetch_Module_InstructionMemory_instr_sram  ( met3 )
Bounds : ( 334.900, 799.740 ) ( 337.900, 800.140 )


SHORT: ( Metal Short ) Special Wire of Net VDD & Blockage of Cell InstructionFetch_Module_InstructionMemory_instr_sram  ( met3 )
Bounds : ( 334.900, 808.020 ) ( 337.900, 808.420 )


SHORT: ( Metal Short ) Special Wire of Net VDD & Blockage of Cell InstructionFetch_Module_InstructionMemory_instr_sram  ( met2 )
Bounds : ( 284.900, 774.900 ) ( 287.900, 775.300 )


SHORT: ( Metal Short ) Special Wire of Net VDD & Blockage of Cell InstructionFetch_Module_InstructionMemory_instr_sram  ( met2 )
Bounds : ( 284.900, 783.180 ) ( 287.900, 783.580 )


SHORT: ( Metal Short ) Special Wire of Net VDD & Blockage of Cell InstructionFetch_Module_InstructionMemory_instr_sram  ( met2 )
Bounds : ( 284.900, 791.460 ) ( 287.900, 791.860 )


SHORT: ( Metal Short ) Special Wire of Net VDD & Blockage of Cell InstructionFetch_Module_InstructionMemory_instr_sram  ( met2 )
Bounds : ( 284.900, 799.740 ) ( 287.900, 800.140 )


SHORT: ( Metal Short ) Special Wire of Net VDD & Blockage of Cell InstructionFetch_Module_InstructionMemory_instr_sram  ( met2 )
Bounds : ( 284.900, 808.020 ) ( 287.900, 808.420 )


SHORT: ( Metal Short ) Special Wire of Net VDD & Blockage of Cell InstructionFetch_Module_InstructionMemory_instr_sram  ( met3 )
Bounds : ( 284.900, 774.900 ) ( 287.900, 775.300 )


SHORT: ( Metal Short ) Special Wire of Net VDD & Blockage of Cell InstructionFetch_Module_InstructionMemory_instr_sram  ( met3 )
Bounds : ( 284.900, 783.180 ) ( 287.900, 783.580 )


SHORT: ( Metal Short ) Special Wire of Net VDD & Blockage of Cell InstructionFetch_Module_InstructionMemory_instr_sram  ( met3 )
Bounds : ( 284.900, 791.460 ) ( 287.900, 791.860 )


SHORT: ( Metal Short ) Special Wire of Net VDD & Blockage of Cell InstructionFetch_Module_InstructionMemory_instr_sram  ( met3 )
Bounds : ( 284.900, 799.740 ) ( 287.900, 800.140 )


SHORT: ( Metal Short ) Special Wire of Net VDD & Blockage of Cell InstructionFetch_Module_InstructionMemory_instr_sram  ( met3 )
Bounds : ( 284.900, 808.020 ) ( 287.900, 808.420 )


SHORT: ( Metal Short ) Special Wire of Net VSS & Blockage of Cell InstructionFetch_Module_InstructionMemory_instr_sram  ( met2 )
Bounds : ( 307.900, 779.040 ) ( 310.900, 779.440 )


SHORT: ( Metal Short ) Special Wire of Net VSS & Blockage of Cell InstructionFetch_Module_InstructionMemory_instr_sram  ( met2 )
Bounds : ( 307.900, 787.320 ) ( 310.900, 787.720 )


SHORT: ( Metal Short ) Special Wire of Net VSS & Blockage of Cell InstructionFetch_Module_InstructionMemory_instr_sram  ( met2 )
Bounds : ( 307.900, 795.600 ) ( 310.900, 796.000 )


SHORT: ( Metal Short ) Special Wire of Net VSS & Blockage of Cell InstructionFetch_Module_InstructionMemory_instr_sram  ( met2 )
Bounds : ( 307.900, 803.880 ) ( 310.900, 804.280 )


SHORT: ( Metal Short ) Special Wire of Net VSS & Blockage of Cell InstructionFetch_Module_InstructionMemory_instr_sram  ( met2 )
Bounds : ( 307.900, 812.160 ) ( 310.900, 812.560 )


SHORT: ( Metal Short ) Special Wire of Net VSS & Blockage of Cell InstructionFetch_Module_InstructionMemory_instr_sram  ( met3 )
Bounds : ( 307.900, 779.040 ) ( 310.900, 779.440 )


SHORT: ( Metal Short ) Special Wire of Net VSS & Blockage of Cell InstructionFetch_Module_InstructionMemory_instr_sram  ( met3 )
Bounds : ( 307.900, 787.320 ) ( 310.900, 787.720 )


SHORT: ( Metal Short ) Special Wire of Net VSS & Blockage of Cell InstructionFetch_Module_InstructionMemory_instr_sram  ( met3 )
Bounds : ( 307.900, 795.600 ) ( 310.900, 796.000 )


SHORT: ( Metal Short ) Special Wire of Net VSS & Blockage of Cell InstructionFetch_Module_InstructionMemory_instr_sram  ( met3 )
Bounds : ( 307.900, 803.880 ) ( 310.900, 804.280 )


SHORT: ( Metal Short ) Special Wire of Net VSS & Blockage of Cell InstructionFetch_Module_InstructionMemory_instr_sram  ( met3 )
Bounds : ( 307.900, 812.160 ) ( 310.900, 812.560 )


SHORT: ( Metal Short ) Regular Wire of Net LTIELO_NET & Special Wire of Net VDD  ( met4 )
Bounds : ( 286.320, 750.200 ) ( 287.500, 751.380 )


SHORT: ( Metal Short ) Regular Wire of Net LTIELO_NET & Special Wire of Net VSS  ( met4 )
Bounds : ( 308.760, 750.330 ) ( 309.940, 751.510 )


SHORT: ( Metal Short ) Regular Wire of Net LTIELO_NET & Special Wire of Net VSS  ( met4 )
Bounds : ( 309.160, 750.260 ) ( 309.540, 751.510 )


SHORT: ( Metal Short ) Special Wire of Net VDD & Blockage of Cell InstructionFetch_Module_InstructionMemory_instr_sram  ( met2 )
Bounds : ( 284.900, 758.340 ) ( 287.900, 758.740 )


SHORT: ( Metal Short ) Special Wire of Net VDD & Blockage of Cell InstructionFetch_Module_InstructionMemory_instr_sram  ( met2 )
Bounds : ( 284.900, 766.620 ) ( 287.900, 767.020 )


SHORT: ( Metal Short ) Special Wire of Net VSS & Blockage of Cell InstructionFetch_Module_InstructionMemory_instr_sram  ( met2 )
Bounds : ( 307.900, 754.200 ) ( 310.900, 754.600 )


SHORT: ( Metal Short ) Special Wire of Net VSS & Blockage of Cell InstructionFetch_Module_InstructionMemory_instr_sram  ( met2 )
Bounds : ( 307.900, 762.480 ) ( 310.900, 762.880 )


SHORT: ( Metal Short ) Special Wire of Net VSS & Blockage of Cell InstructionFetch_Module_InstructionMemory_instr_sram  ( met2 )
Bounds : ( 307.900, 770.760 ) ( 310.900, 771.160 )


SHORT: ( Metal Short ) Special Wire of Net VDD & Blockage of Cell InstructionFetch_Module_InstructionMemory_instr_sram  ( met2 )
Bounds : ( 334.900, 758.340 ) ( 337.900, 758.740 )


SHORT: ( Metal Short ) Special Wire of Net VDD & Blockage of Cell InstructionFetch_Module_InstructionMemory_instr_sram  ( met2 )
Bounds : ( 334.900, 766.620 ) ( 337.900, 767.020 )


SHORT: ( Metal Short ) Special Wire of Net VDD & Blockage of Cell InstructionFetch_Module_InstructionMemory_instr_sram  ( met3 )
Bounds : ( 284.900, 758.340 ) ( 287.900, 758.740 )


SHORT: ( Metal Short ) Special Wire of Net VDD & Blockage of Cell InstructionFetch_Module_InstructionMemory_instr_sram  ( met3 )
Bounds : ( 284.900, 766.620 ) ( 287.900, 767.020 )


SHORT: ( Metal Short ) Special Wire of Net VSS & Blockage of Cell InstructionFetch_Module_InstructionMemory_instr_sram  ( met3 )
Bounds : ( 307.900, 754.200 ) ( 310.900, 754.420 )


SHORT: ( Metal Short ) Special Wire of Net VSS & Blockage of Cell InstructionFetch_Module_InstructionMemory_instr_sram  ( met3 )
Bounds : ( 307.900, 762.480 ) ( 310.900, 762.880 )


SHORT: ( Metal Short ) Special Wire of Net VSS & Blockage of Cell InstructionFetch_Module_InstructionMemory_instr_sram  ( met3 )
Bounds : ( 307.900, 770.760 ) ( 310.900, 771.160 )


SHORT: ( Metal Short ) Special Wire of Net VDD & Blockage of Cell InstructionFetch_Module_InstructionMemory_instr_sram  ( met3 )
Bounds : ( 334.900, 758.340 ) ( 337.900, 758.740 )


SHORT: ( Metal Short ) Special Wire of Net VDD & Blockage of Cell InstructionFetch_Module_InstructionMemory_instr_sram  ( met3 )
Bounds : ( 334.900, 766.620 ) ( 337.900, 767.020 )


SHORT: ( Metal Short ) Special Wire of Net VDD & Blockage of Cell InstructionFetch_Module_InstructionMemory_instr_sram  ( met2 )
Bounds : ( 234.900, 774.900 ) ( 237.900, 775.300 )


SHORT: ( Metal Short ) Special Wire of Net VDD & Blockage of Cell InstructionFetch_Module_InstructionMemory_instr_sram  ( met2 )
Bounds : ( 234.900, 783.180 ) ( 237.900, 783.580 )


SHORT: ( Metal Short ) Special Wire of Net VDD & Blockage of Cell InstructionFetch_Module_InstructionMemory_instr_sram  ( met2 )
Bounds : ( 234.900, 791.460 ) ( 237.900, 791.860 )


SHORT: ( Metal Short ) Special Wire of Net VDD & Blockage of Cell InstructionFetch_Module_InstructionMemory_instr_sram  ( met2 )
Bounds : ( 234.900, 799.740 ) ( 237.900, 800.140 )


SHORT: ( Metal Short ) Special Wire of Net VDD & Blockage of Cell InstructionFetch_Module_InstructionMemory_instr_sram  ( met2 )
Bounds : ( 234.900, 808.020 ) ( 237.900, 808.420 )


SHORT: ( Metal Short ) Special Wire of Net VSS & Blockage of Cell InstructionFetch_Module_InstructionMemory_instr_sram  ( met2 )
Bounds : ( 257.900, 779.040 ) ( 260.900, 779.440 )


SHORT: ( Metal Short ) Special Wire of Net VSS & Blockage of Cell InstructionFetch_Module_InstructionMemory_instr_sram  ( met2 )
Bounds : ( 257.900, 787.320 ) ( 260.900, 787.720 )


SHORT: ( Metal Short ) Special Wire of Net VSS & Blockage of Cell InstructionFetch_Module_InstructionMemory_instr_sram  ( met2 )
Bounds : ( 257.900, 795.600 ) ( 260.900, 796.000 )


SHORT: ( Metal Short ) Special Wire of Net VSS & Blockage of Cell InstructionFetch_Module_InstructionMemory_instr_sram  ( met2 )
Bounds : ( 257.900, 803.880 ) ( 260.900, 804.280 )


SHORT: ( Metal Short ) Special Wire of Net VSS & Blockage of Cell InstructionFetch_Module_InstructionMemory_instr_sram  ( met2 )
Bounds : ( 257.900, 812.160 ) ( 260.900, 812.560 )


SHORT: ( Metal Short ) Special Wire of Net VDD & Blockage of Cell InstructionFetch_Module_InstructionMemory_instr_sram  ( met3 )
Bounds : ( 234.900, 774.900 ) ( 237.900, 775.300 )


SHORT: ( Metal Short ) Special Wire of Net VDD & Blockage of Cell InstructionFetch_Module_InstructionMemory_instr_sram  ( met3 )
Bounds : ( 234.900, 783.180 ) ( 237.900, 783.580 )


SHORT: ( Metal Short ) Special Wire of Net VDD & Blockage of Cell InstructionFetch_Module_InstructionMemory_instr_sram  ( met3 )
Bounds : ( 234.900, 791.460 ) ( 237.900, 791.860 )


SHORT: ( Metal Short ) Special Wire of Net VDD & Blockage of Cell InstructionFetch_Module_InstructionMemory_instr_sram  ( met3 )
Bounds : ( 234.900, 799.740 ) ( 237.900, 800.140 )


SHORT: ( Metal Short ) Special Wire of Net VDD & Blockage of Cell InstructionFetch_Module_InstructionMemory_instr_sram  ( met3 )
Bounds : ( 234.900, 808.020 ) ( 237.900, 808.420 )


SHORT: ( Metal Short ) Special Wire of Net VSS & Blockage of Cell InstructionFetch_Module_InstructionMemory_instr_sram  ( met3 )
Bounds : ( 257.900, 779.040 ) ( 260.900, 779.440 )


SHORT: ( Metal Short ) Special Wire of Net VSS & Blockage of Cell InstructionFetch_Module_InstructionMemory_instr_sram  ( met3 )
Bounds : ( 257.900, 787.320 ) ( 260.900, 787.720 )


SHORT: ( Metal Short ) Special Wire of Net VSS & Blockage of Cell InstructionFetch_Module_InstructionMemory_instr_sram  ( met3 )
Bounds : ( 257.900, 795.600 ) ( 260.900, 796.000 )


SHORT: ( Metal Short ) Special Wire of Net VSS & Blockage of Cell InstructionFetch_Module_InstructionMemory_instr_sram  ( met3 )
Bounds : ( 257.900, 803.880 ) ( 260.900, 804.280 )


SHORT: ( Metal Short ) Special Wire of Net VSS & Blockage of Cell InstructionFetch_Module_InstructionMemory_instr_sram  ( met3 )
Bounds : ( 257.900, 812.160 ) ( 260.900, 812.560 )


SHORT: ( Metal Short ) Special Wire of Net VSS & Blockage of Cell InstructionFetch_Module_InstructionMemory_instr_sram  ( met2 )
Bounds : ( 207.900, 779.040 ) ( 210.900, 779.440 )


SHORT: ( Metal Short ) Special Wire of Net VSS & Blockage of Cell InstructionFetch_Module_InstructionMemory_instr_sram  ( met2 )
Bounds : ( 207.900, 787.320 ) ( 210.900, 787.720 )


SHORT: ( Metal Short ) Special Wire of Net VSS & Blockage of Cell InstructionFetch_Module_InstructionMemory_instr_sram  ( met2 )
Bounds : ( 207.900, 795.600 ) ( 210.900, 796.000 )


SHORT: ( Metal Short ) Special Wire of Net VSS & Blockage of Cell InstructionFetch_Module_InstructionMemory_instr_sram  ( met2 )
Bounds : ( 207.900, 803.880 ) ( 210.900, 804.280 )


SHORT: ( Metal Short ) Special Wire of Net VSS & Blockage of Cell InstructionFetch_Module_InstructionMemory_instr_sram  ( met2 )
Bounds : ( 207.900, 812.160 ) ( 210.900, 812.560 )


SHORT: ( Metal Short ) Special Wire of Net VSS & Blockage of Cell InstructionFetch_Module_InstructionMemory_instr_sram  ( met3 )
Bounds : ( 207.900, 779.040 ) ( 210.900, 779.440 )


SHORT: ( Metal Short ) Special Wire of Net VSS & Blockage of Cell InstructionFetch_Module_InstructionMemory_instr_sram  ( met3 )
Bounds : ( 207.900, 787.320 ) ( 210.900, 787.720 )


SHORT: ( Metal Short ) Special Wire of Net VSS & Blockage of Cell InstructionFetch_Module_InstructionMemory_instr_sram  ( met3 )
Bounds : ( 207.900, 795.600 ) ( 210.900, 796.000 )


SHORT: ( Metal Short ) Special Wire of Net VSS & Blockage of Cell InstructionFetch_Module_InstructionMemory_instr_sram  ( met3 )
Bounds : ( 207.900, 803.880 ) ( 210.900, 804.280 )


SHORT: ( Metal Short ) Special Wire of Net VSS & Blockage of Cell InstructionFetch_Module_InstructionMemory_instr_sram  ( met3 )
Bounds : ( 207.900, 812.160 ) ( 210.900, 812.560 )


SHORT: ( Metal Short ) Special Wire of Net VSS & Blockage of Cell InstructionFetch_Module_InstructionMemory_instr_sram  ( met2 )
Bounds : ( 207.900, 754.200 ) ( 210.900, 754.600 )


SHORT: ( Metal Short ) Special Wire of Net VSS & Blockage of Cell InstructionFetch_Module_InstructionMemory_instr_sram  ( met2 )
Bounds : ( 207.900, 762.480 ) ( 210.900, 762.880 )


SHORT: ( Metal Short ) Special Wire of Net VSS & Blockage of Cell InstructionFetch_Module_InstructionMemory_instr_sram  ( met2 )
Bounds : ( 207.900, 770.760 ) ( 210.900, 771.160 )


SHORT: ( Metal Short ) Special Wire of Net VDD & Blockage of Cell InstructionFetch_Module_InstructionMemory_instr_sram  ( met2 )
Bounds : ( 234.900, 758.340 ) ( 237.900, 758.740 )


SHORT: ( Metal Short ) Special Wire of Net VDD & Blockage of Cell InstructionFetch_Module_InstructionMemory_instr_sram  ( met2 )
Bounds : ( 234.900, 766.620 ) ( 237.900, 767.020 )


SHORT: ( Metal Short ) Special Wire of Net VSS & Blockage of Cell InstructionFetch_Module_InstructionMemory_instr_sram  ( met2 )
Bounds : ( 257.900, 754.200 ) ( 260.900, 754.600 )


SHORT: ( Metal Short ) Special Wire of Net VSS & Blockage of Cell InstructionFetch_Module_InstructionMemory_instr_sram  ( met2 )
Bounds : ( 257.900, 762.480 ) ( 260.900, 762.880 )


SHORT: ( Metal Short ) Special Wire of Net VSS & Blockage of Cell InstructionFetch_Module_InstructionMemory_instr_sram  ( met2 )
Bounds : ( 257.900, 770.760 ) ( 260.900, 771.160 )


SHORT: ( Metal Short ) Special Wire of Net VSS & Blockage of Cell InstructionFetch_Module_InstructionMemory_instr_sram  ( met3 )
Bounds : ( 207.900, 754.200 ) ( 210.900, 754.420 )


SHORT: ( Metal Short ) Special Wire of Net VSS & Blockage of Cell InstructionFetch_Module_InstructionMemory_instr_sram  ( met3 )
Bounds : ( 207.900, 762.480 ) ( 210.900, 762.880 )


SHORT: ( Metal Short ) Special Wire of Net VSS & Blockage of Cell InstructionFetch_Module_InstructionMemory_instr_sram  ( met3 )
Bounds : ( 207.900, 770.760 ) ( 210.900, 771.160 )


SHORT: ( Metal Short ) Special Wire of Net VDD & Blockage of Cell InstructionFetch_Module_InstructionMemory_instr_sram  ( met3 )
Bounds : ( 234.900, 758.340 ) ( 237.900, 758.740 )


SHORT: ( Metal Short ) Special Wire of Net VDD & Blockage of Cell InstructionFetch_Module_InstructionMemory_instr_sram  ( met3 )
Bounds : ( 234.900, 766.620 ) ( 237.900, 767.020 )


SHORT: ( Metal Short ) Special Wire of Net VSS & Blockage of Cell InstructionFetch_Module_InstructionMemory_instr_sram  ( met3 )
Bounds : ( 257.900, 754.200 ) ( 260.900, 754.420 )


SHORT: ( Metal Short ) Special Wire of Net VSS & Blockage of Cell InstructionFetch_Module_InstructionMemory_instr_sram  ( met3 )
Bounds : ( 257.900, 762.480 ) ( 260.900, 762.880 )


SHORT: ( Metal Short ) Special Wire of Net VSS & Blockage of Cell InstructionFetch_Module_InstructionMemory_instr_sram  ( met3 )
Bounds : ( 257.900, 770.760 ) ( 260.900, 771.160 )


SHORT: ( Metal Short ) Special Wire of Net VDD & Blockage of Cell InstructionFetch_Module_InstructionMemory_instr_sram  ( met2 )
Bounds : ( 184.900, 899.100 ) ( 187.900, 899.500 )


SHORT: ( Metal Short ) Special Wire of Net VDD & Blockage of Cell InstructionFetch_Module_InstructionMemory_instr_sram  ( met2 )
Bounds : ( 184.900, 907.380 ) ( 187.900, 907.780 )


SHORT: ( Metal Short ) Special Wire of Net VDD & Blockage of Cell InstructionFetch_Module_InstructionMemory_instr_sram  ( met2 )
Bounds : ( 184.900, 915.660 ) ( 187.900, 916.060 )


SHORT: ( Metal Short ) Special Wire of Net VDD & Blockage of Cell InstructionFetch_Module_InstructionMemory_instr_sram  ( met2 )
Bounds : ( 184.900, 923.940 ) ( 187.900, 924.340 )


SHORT: ( Metal Short ) Special Wire of Net VDD & Blockage of Cell InstructionFetch_Module_InstructionMemory_instr_sram  ( met2 )
Bounds : ( 184.900, 932.220 ) ( 187.900, 932.620 )


SHORT: ( Metal Short ) Special Wire of Net VDD & Blockage of Cell InstructionFetch_Module_InstructionMemory_instr_sram  ( met2 )
Bounds : ( 184.900, 940.500 ) ( 187.900, 940.900 )


SHORT: ( Metal Short ) Special Wire of Net VDD & Blockage of Cell InstructionFetch_Module_InstructionMemory_instr_sram  ( met3 )
Bounds : ( 184.900, 899.100 ) ( 187.900, 899.500 )


SHORT: ( Metal Short ) Special Wire of Net VDD & Blockage of Cell InstructionFetch_Module_InstructionMemory_instr_sram  ( met3 )
Bounds : ( 184.900, 907.380 ) ( 187.900, 907.780 )


SHORT: ( Metal Short ) Special Wire of Net VDD & Blockage of Cell InstructionFetch_Module_InstructionMemory_instr_sram  ( met3 )
Bounds : ( 184.900, 915.660 ) ( 187.900, 916.060 )


SHORT: ( Metal Short ) Special Wire of Net VDD & Blockage of Cell InstructionFetch_Module_InstructionMemory_instr_sram  ( met3 )
Bounds : ( 184.900, 923.940 ) ( 187.900, 924.340 )


SHORT: ( Metal Short ) Special Wire of Net VDD & Blockage of Cell InstructionFetch_Module_InstructionMemory_instr_sram  ( met3 )
Bounds : ( 184.900, 932.220 ) ( 187.900, 932.620 )


SHORT: ( Metal Short ) Special Wire of Net VDD & Blockage of Cell InstructionFetch_Module_InstructionMemory_instr_sram  ( met3 )
Bounds : ( 184.900, 940.500 ) ( 187.900, 940.900 )


SHORT: ( Metal Short ) Special Wire of Net VDD & Blockage of Cell InstructionFetch_Module_InstructionMemory_instr_sram  ( met2 )
Bounds : ( 184.900, 948.780 ) ( 187.900, 949.180 )


SHORT: ( Metal Short ) Special Wire of Net VDD & Blockage of Cell InstructionFetch_Module_InstructionMemory_instr_sram  ( met2 )
Bounds : ( 184.900, 957.060 ) ( 187.900, 957.460 )


SHORT: ( Metal Short ) Special Wire of Net VDD & Blockage of Cell InstructionFetch_Module_InstructionMemory_instr_sram  ( met2 )
Bounds : ( 184.900, 965.340 ) ( 187.900, 965.740 )


SHORT: ( Metal Short ) Special Wire of Net VDD & Blockage of Cell InstructionFetch_Module_InstructionMemory_instr_sram  ( met2 )
Bounds : ( 184.900, 973.620 ) ( 187.900, 974.020 )


SHORT: ( Metal Short ) Special Wire of Net VDD & Blockage of Cell InstructionFetch_Module_InstructionMemory_instr_sram  ( met3 )
Bounds : ( 184.900, 948.780 ) ( 187.900, 949.180 )


SHORT: ( Metal Short ) Special Wire of Net VDD & Blockage of Cell InstructionFetch_Module_InstructionMemory_instr_sram  ( met3 )
Bounds : ( 184.900, 957.060 ) ( 187.900, 957.460 )


SHORT: ( Metal Short ) Special Wire of Net VDD & Blockage of Cell InstructionFetch_Module_InstructionMemory_instr_sram  ( met3 )
Bounds : ( 184.900, 965.340 ) ( 187.900, 965.740 )


SHORT: ( Metal Short ) Special Wire of Net VDD & Blockage of Cell InstructionFetch_Module_InstructionMemory_instr_sram  ( met3 )
Bounds : ( 184.900, 973.620 ) ( 187.900, 974.020 )


SHORT: ( Metal Short ) Special Wire of Net VDD & Blockage of Cell InstructionFetch_Module_InstructionMemory_instr_sram  ( met2 )
Bounds : ( 184.900, 816.300 ) ( 187.900, 816.700 )


SHORT: ( Metal Short ) Special Wire of Net VDD & Blockage of Cell InstructionFetch_Module_InstructionMemory_instr_sram  ( met2 )
Bounds : ( 184.900, 824.580 ) ( 187.900, 824.980 )


SHORT: ( Metal Short ) Special Wire of Net VDD & Blockage of Cell InstructionFetch_Module_InstructionMemory_instr_sram  ( met2 )
Bounds : ( 184.900, 832.860 ) ( 187.900, 833.260 )


SHORT: ( Metal Short ) Special Wire of Net VDD & Blockage of Cell InstructionFetch_Module_InstructionMemory_instr_sram  ( met2 )
Bounds : ( 184.900, 841.140 ) ( 187.900, 841.540 )


SHORT: ( Metal Short ) Special Wire of Net VDD & Blockage of Cell InstructionFetch_Module_InstructionMemory_instr_sram  ( met2 )
Bounds : ( 184.900, 849.420 ) ( 187.900, 849.820 )


SHORT: ( Metal Short ) Special Wire of Net VDD & Blockage of Cell InstructionFetch_Module_InstructionMemory_instr_sram  ( met2 )
Bounds : ( 184.900, 857.700 ) ( 187.900, 858.100 )


SHORT: ( Metal Short ) Special Wire of Net VDD & Blockage of Cell InstructionFetch_Module_InstructionMemory_instr_sram  ( met2 )
Bounds : ( 184.900, 865.980 ) ( 187.900, 866.380 )


SHORT: ( Metal Short ) Special Wire of Net VDD & Blockage of Cell InstructionFetch_Module_InstructionMemory_instr_sram  ( met2 )
Bounds : ( 184.900, 874.260 ) ( 187.900, 874.660 )


SHORT: ( Metal Short ) Special Wire of Net VDD & Blockage of Cell InstructionFetch_Module_InstructionMemory_instr_sram  ( met2 )
Bounds : ( 184.900, 882.540 ) ( 187.900, 882.940 )


SHORT: ( Metal Short ) Special Wire of Net VDD & Blockage of Cell InstructionFetch_Module_InstructionMemory_instr_sram  ( met2 )
Bounds : ( 184.900, 890.820 ) ( 187.900, 891.220 )


SHORT: ( Metal Short ) Special Wire of Net VDD & Blockage of Cell InstructionFetch_Module_InstructionMemory_instr_sram  ( met3 )
Bounds : ( 184.900, 816.300 ) ( 187.900, 816.700 )


SHORT: ( Metal Short ) Special Wire of Net VDD & Blockage of Cell InstructionFetch_Module_InstructionMemory_instr_sram  ( met3 )
Bounds : ( 184.900, 824.580 ) ( 187.900, 824.980 )


SHORT: ( Metal Short ) Special Wire of Net VDD & Blockage of Cell InstructionFetch_Module_InstructionMemory_instr_sram  ( met3 )
Bounds : ( 184.900, 832.860 ) ( 187.900, 833.260 )


SHORT: ( Metal Short ) Special Wire of Net VDD & Blockage of Cell InstructionFetch_Module_InstructionMemory_instr_sram  ( met3 )
Bounds : ( 184.900, 841.140 ) ( 187.900, 841.540 )


SHORT: ( Metal Short ) Special Wire of Net VDD & Blockage of Cell InstructionFetch_Module_InstructionMemory_instr_sram  ( met3 )
Bounds : ( 184.900, 849.420 ) ( 187.900, 849.820 )


SHORT: ( Metal Short ) Special Wire of Net VDD & Blockage of Cell InstructionFetch_Module_InstructionMemory_instr_sram  ( met3 )
Bounds : ( 184.900, 857.700 ) ( 187.900, 858.100 )


SHORT: ( Metal Short ) Special Wire of Net VDD & Blockage of Cell InstructionFetch_Module_InstructionMemory_instr_sram  ( met3 )
Bounds : ( 184.900, 865.980 ) ( 187.900, 866.380 )


SHORT: ( Metal Short ) Special Wire of Net VDD & Blockage of Cell InstructionFetch_Module_InstructionMemory_instr_sram  ( met3 )
Bounds : ( 184.900, 874.260 ) ( 187.900, 874.660 )


SHORT: ( Metal Short ) Special Wire of Net VDD & Blockage of Cell InstructionFetch_Module_InstructionMemory_instr_sram  ( met3 )
Bounds : ( 184.900, 882.540 ) ( 187.900, 882.940 )


SHORT: ( Metal Short ) Special Wire of Net VDD & Blockage of Cell InstructionFetch_Module_InstructionMemory_instr_sram  ( met3 )
Bounds : ( 184.900, 890.820 ) ( 187.900, 891.220 )


SHORT: ( Metal Short ) Special Wire of Net VDD & Blockage of Cell InstructionFetch_Module_InstructionMemory_instr_sram  ( met2 )
Bounds : ( 184.900, 758.340 ) ( 187.900, 758.740 )


SHORT: ( Metal Short ) Special Wire of Net VDD & Blockage of Cell InstructionFetch_Module_InstructionMemory_instr_sram  ( met2 )
Bounds : ( 184.900, 766.620 ) ( 187.900, 767.020 )


SHORT: ( Metal Short ) Special Wire of Net VDD & Blockage of Cell InstructionFetch_Module_InstructionMemory_instr_sram  ( met2 )
Bounds : ( 184.900, 774.900 ) ( 187.900, 775.300 )


SHORT: ( Metal Short ) Special Wire of Net VDD & Blockage of Cell InstructionFetch_Module_InstructionMemory_instr_sram  ( met2 )
Bounds : ( 184.900, 783.180 ) ( 187.900, 783.580 )


SHORT: ( Metal Short ) Special Wire of Net VDD & Blockage of Cell InstructionFetch_Module_InstructionMemory_instr_sram  ( met2 )
Bounds : ( 184.900, 791.460 ) ( 187.900, 791.860 )


SHORT: ( Metal Short ) Special Wire of Net VDD & Blockage of Cell InstructionFetch_Module_InstructionMemory_instr_sram  ( met2 )
Bounds : ( 184.900, 799.740 ) ( 187.900, 800.140 )


SHORT: ( Metal Short ) Special Wire of Net VDD & Blockage of Cell InstructionFetch_Module_InstructionMemory_instr_sram  ( met2 )
Bounds : ( 184.900, 808.020 ) ( 187.900, 808.420 )


SHORT: ( Metal Short ) Special Wire of Net VDD & Blockage of Cell InstructionFetch_Module_InstructionMemory_instr_sram  ( met3 )
Bounds : ( 184.900, 758.340 ) ( 187.900, 758.740 )


SHORT: ( Metal Short ) Special Wire of Net VDD & Blockage of Cell InstructionFetch_Module_InstructionMemory_instr_sram  ( met3 )
Bounds : ( 184.900, 766.620 ) ( 187.900, 767.020 )


SHORT: ( Metal Short ) Special Wire of Net VDD & Blockage of Cell InstructionFetch_Module_InstructionMemory_instr_sram  ( met3 )
Bounds : ( 184.900, 774.900 ) ( 187.900, 775.300 )


SHORT: ( Metal Short ) Special Wire of Net VDD & Blockage of Cell InstructionFetch_Module_InstructionMemory_instr_sram  ( met3 )
Bounds : ( 184.900, 783.180 ) ( 187.900, 783.580 )


SHORT: ( Metal Short ) Special Wire of Net VDD & Blockage of Cell InstructionFetch_Module_InstructionMemory_instr_sram  ( met3 )
Bounds : ( 184.900, 791.460 ) ( 187.900, 791.860 )


SHORT: ( Metal Short ) Special Wire of Net VDD & Blockage of Cell InstructionFetch_Module_InstructionMemory_instr_sram  ( met3 )
Bounds : ( 184.900, 799.740 ) ( 187.900, 800.140 )


SHORT: ( Metal Short ) Special Wire of Net VDD & Blockage of Cell InstructionFetch_Module_InstructionMemory_instr_sram  ( met3 )
Bounds : ( 184.900, 808.020 ) ( 187.900, 808.420 )


SHORT: ( Metal Short ) Special Wire of Net VSS & Blockage of Cell InstructionFetch_Module_InstructionMemory_instr_sram  ( met4 )
Bounds : ( 257.900, 750.880 ) ( 260.900, 1166.180 )


SHORT: ( Metal Short ) Special Wire of Net VDD & Blockage of Cell InstructionFetch_Module_InstructionMemory_instr_sram  ( met4 )
Bounds : ( 284.900, 750.880 ) ( 286.120, 1166.180 )


SHORT: ( Metal Short ) Special Wire of Net VDD & Blockage of Cell InstructionFetch_Module_InstructionMemory_instr_sram  ( met4 )
Bounds : ( 284.900, 751.920 ) ( 287.900, 1166.180 )


SHORT: ( Metal Short ) Special Wire of Net VDD & Blockage of Cell InstructionFetch_Module_InstructionMemory_instr_sram  ( met4 )
Bounds : ( 287.700, 750.880 ) ( 287.900, 1166.180 )


SHORT: ( Metal Short ) Special Wire of Net VSS & Blockage of Cell InstructionFetch_Module_InstructionMemory_instr_sram  ( met4 )
Bounds : ( 307.900, 750.880 ) ( 308.560, 1166.180 )


SHORT: ( Metal Short ) Special Wire of Net VSS & Blockage of Cell InstructionFetch_Module_InstructionMemory_instr_sram  ( met4 )
Bounds : ( 310.140, 750.880 ) ( 310.900, 1166.180 )


SHORT: ( Metal Short ) Special Wire of Net VDD & Blockage of Cell InstructionFetch_Module_InstructionMemory_instr_sram  ( met4 )
Bounds : ( 334.900, 750.880 ) ( 337.800, 1166.180 )


SHORT: ( Metal Short ) Special Wire of Net VDD & Blockage of Cell InstructionFetch_Module_InstructionMemory_instr_sram  ( met4 )
Bounds : ( 334.900, 751.920 ) ( 337.900, 1165.140 )


SHORT: ( Metal Short ) Special Wire of Net VSS & Blockage of Cell InstructionFetch_Module_InstructionMemory_instr_sram  ( met4 )
Bounds : ( 357.900, 750.880 ) ( 360.900, 1166.180 )


SHORT: ( Metal Short ) Special Wire of Net VDD & Blockage of Cell InstructionFetch_Module_InstructionMemory_instr_sram  ( met4 )
Bounds : ( 384.900, 751.920 ) ( 387.900, 1166.180 )


SHORT: ( Metal Short ) Special Wire of Net VDD & Blockage of Cell InstructionFetch_Module_InstructionMemory_instr_sram  ( met4 )
Bounds : ( 386.300, 750.880 ) ( 387.900, 1166.180 )


SHORT: ( Metal Short ) Special Wire of Net VSS & Blockage of Cell InstructionFetch_Module_InstructionMemory_instr_sram  ( met4 )
Bounds : ( 407.900, 750.880 ) ( 408.520, 1166.180 )


SHORT: ( Metal Short ) Special Wire of Net VSS & Blockage of Cell InstructionFetch_Module_InstructionMemory_instr_sram  ( met4 )
Bounds : ( 407.900, 751.920 ) ( 410.900, 1166.180 )


SHORT: ( Metal Short ) Special Wire of Net VSS & Blockage of Cell InstructionFetch_Module_InstructionMemory_instr_sram  ( met4 )
Bounds : ( 410.100, 750.880 ) ( 410.900, 1166.180 )


SHORT: ( Metal Short ) Special Wire of Net VDD & Blockage of Cell InstructionFetch_Module_InstructionMemory_instr_sram  ( met4 )
Bounds : ( 434.900, 750.880 ) ( 437.080, 1166.180 )


SHORT: ( Metal Short ) Special Wire of Net VDD & Blockage of Cell InstructionFetch_Module_InstructionMemory_instr_sram  ( met4 )
Bounds : ( 434.900, 751.920 ) ( 437.900, 1166.180 )


SHORT: ( Metal Short ) Special Wire of Net VSS & Blockage of Cell InstructionFetch_Module_InstructionMemory_instr_sram  ( met4 )
Bounds : ( 457.900, 750.880 ) ( 460.880, 1166.180 )


SHORT: ( Metal Short ) Special Wire of Net VSS & Blockage of Cell InstructionFetch_Module_InstructionMemory_instr_sram  ( met4 )
Bounds : ( 457.900, 751.920 ) ( 460.900, 1166.180 )


SHORT: ( Metal Short ) Special Wire of Net VDD & Blockage of Cell InstructionFetch_Module_InstructionMemory_instr_sram  ( met4 )
Bounds : ( 484.900, 750.880 ) ( 487.900, 1166.180 )


SHORT: ( Metal Short ) Special Wire of Net VSS & Blockage of Cell InstructionFetch_Module_InstructionMemory_instr_sram  ( met4 )
Bounds : ( 507.900, 750.880 ) ( 510.900, 1166.180 )


SPACING: ( ParallelRunLength Spacing ) Regular Wire of Net FE_PDN5_LTIELO_NET & Blockage of Cell InstructionFetch_Module_InstructionMemory_instr_sram  ( met4 )
Bounds : ( 384.720, 750.880 ) ( 384.900, 1166.180 )


SHORT: ( Metal Short ) Special Wire of Net VSS & Blockage of Cell InstructionFetch_Module_InstructionMemory_instr_sram  ( met4 )
Bounds : ( 307.900, 751.920 ) ( 310.900, 1166.180 )


SHORT: ( Metal Short ) Special Wire of Net VDD & Blockage of Cell InstructionFetch_Module_InstructionMemory_instr_sram  ( met4 )
Bounds : ( 184.900, 750.880 ) ( 187.900, 1166.180 )


SHORT: ( Metal Short ) Special Wire of Net VSS & Blockage of Cell InstructionFetch_Module_InstructionMemory_instr_sram  ( met4 )
Bounds : ( 207.900, 750.880 ) ( 210.900, 1166.180 )


SHORT: ( Metal Short ) Special Wire of Net VDD & Blockage of Cell InstructionFetch_Module_InstructionMemory_instr_sram  ( met4 )
Bounds : ( 234.900, 750.880 ) ( 237.900, 1166.180 )


SHORT: ( Metal Short ) Special Wire of Net VDD & Blockage of Cell InstructionFetch_Module_InstructionMemory_instr_sram  ( met1 )
Bounds : ( 171.740, 1139.220 ) ( 853.600, 1139.620 )


SHORT: ( Metal Short ) Special Wire of Net VSS & Blockage of Cell InstructionFetch_Module_InstructionMemory_instr_sram  ( met1 )
Bounds : ( 171.740, 1143.360 ) ( 853.600, 1143.760 )


SHORT: ( Metal Short ) Special Wire of Net VDD & Blockage of Cell InstructionFetch_Module_InstructionMemory_instr_sram  ( met1 )
Bounds : ( 171.740, 1147.500 ) ( 853.600, 1147.900 )


SHORT: ( Metal Short ) Special Wire of Net VSS & Blockage of Cell InstructionFetch_Module_InstructionMemory_instr_sram  ( met1 )
Bounds : ( 171.740, 1151.640 ) ( 853.600, 1152.040 )


SHORT: ( Metal Short ) Special Wire of Net VDD & Blockage of Cell InstructionFetch_Module_InstructionMemory_instr_sram  ( met1 )
Bounds : ( 171.740, 1155.780 ) ( 853.600, 1156.180 )


SHORT: ( Metal Short ) Special Wire of Net VSS & Blockage of Cell InstructionFetch_Module_InstructionMemory_instr_sram  ( met1 )
Bounds : ( 171.740, 1159.920 ) ( 853.600, 1160.320 )


SHORT: ( Metal Short ) Special Wire of Net VDD & Blockage of Cell InstructionFetch_Module_InstructionMemory_instr_sram  ( met1 )
Bounds : ( 171.740, 1164.060 ) ( 853.600, 1164.460 )


SHORT: ( Metal Short ) Special Wire of Net VSS & Blockage of Cell InstructionFetch_Module_InstructionMemory_instr_sram  ( met1 )
Bounds : ( 171.740, 1060.560 ) ( 853.600, 1060.960 )


SHORT: ( Metal Short ) Special Wire of Net VDD & Blockage of Cell InstructionFetch_Module_InstructionMemory_instr_sram  ( met1 )
Bounds : ( 171.740, 1064.700 ) ( 853.600, 1065.100 )


SHORT: ( Metal Short ) Special Wire of Net VSS & Blockage of Cell InstructionFetch_Module_InstructionMemory_instr_sram  ( met1 )
Bounds : ( 171.740, 1068.840 ) ( 853.600, 1069.240 )


SHORT: ( Metal Short ) Special Wire of Net VDD & Blockage of Cell InstructionFetch_Module_InstructionMemory_instr_sram  ( met1 )
Bounds : ( 171.740, 1072.980 ) ( 853.600, 1073.380 )


SHORT: ( Metal Short ) Special Wire of Net VSS & Blockage of Cell InstructionFetch_Module_InstructionMemory_instr_sram  ( met1 )
Bounds : ( 171.740, 1077.120 ) ( 853.600, 1077.520 )


SHORT: ( Metal Short ) Special Wire of Net VDD & Blockage of Cell InstructionFetch_Module_InstructionMemory_instr_sram  ( met1 )
Bounds : ( 171.740, 1081.260 ) ( 853.600, 1081.660 )


SHORT: ( Metal Short ) Special Wire of Net VSS & Blockage of Cell InstructionFetch_Module_InstructionMemory_instr_sram  ( met1 )
Bounds : ( 171.740, 1085.400 ) ( 853.600, 1085.800 )


SHORT: ( Metal Short ) Special Wire of Net VDD & Blockage of Cell InstructionFetch_Module_InstructionMemory_instr_sram  ( met1 )
Bounds : ( 171.740, 1089.540 ) ( 853.600, 1089.940 )


SHORT: ( Metal Short ) Special Wire of Net VSS & Blockage of Cell InstructionFetch_Module_InstructionMemory_instr_sram  ( met1 )
Bounds : ( 171.740, 1093.680 ) ( 853.600, 1094.080 )


SHORT: ( Metal Short ) Special Wire of Net VDD & Blockage of Cell InstructionFetch_Module_InstructionMemory_instr_sram  ( met1 )
Bounds : ( 171.740, 1097.820 ) ( 853.600, 1098.220 )


SHORT: ( Metal Short ) Special Wire of Net VSS & Blockage of Cell InstructionFetch_Module_InstructionMemory_instr_sram  ( met1 )
Bounds : ( 171.740, 1101.960 ) ( 853.600, 1102.360 )


SHORT: ( Metal Short ) Special Wire of Net VDD & Blockage of Cell InstructionFetch_Module_InstructionMemory_instr_sram  ( met1 )
Bounds : ( 171.740, 1106.100 ) ( 853.600, 1106.500 )


SHORT: ( Metal Short ) Special Wire of Net VSS & Blockage of Cell InstructionFetch_Module_InstructionMemory_instr_sram  ( met1 )
Bounds : ( 171.740, 1110.240 ) ( 853.600, 1110.640 )


SHORT: ( Metal Short ) Special Wire of Net VDD & Blockage of Cell InstructionFetch_Module_InstructionMemory_instr_sram  ( met1 )
Bounds : ( 171.740, 1114.380 ) ( 853.600, 1114.780 )


SHORT: ( Metal Short ) Special Wire of Net VSS & Blockage of Cell InstructionFetch_Module_InstructionMemory_instr_sram  ( met1 )
Bounds : ( 171.740, 1118.520 ) ( 853.600, 1118.920 )


SHORT: ( Metal Short ) Special Wire of Net VDD & Blockage of Cell InstructionFetch_Module_InstructionMemory_instr_sram  ( met1 )
Bounds : ( 171.740, 1122.660 ) ( 853.600, 1123.060 )


SHORT: ( Metal Short ) Special Wire of Net VSS & Blockage of Cell InstructionFetch_Module_InstructionMemory_instr_sram  ( met1 )
Bounds : ( 171.740, 1126.800 ) ( 853.600, 1127.200 )


SHORT: ( Metal Short ) Special Wire of Net VDD & Blockage of Cell InstructionFetch_Module_InstructionMemory_instr_sram  ( met1 )
Bounds : ( 171.740, 1130.940 ) ( 853.600, 1131.340 )


SHORT: ( Metal Short ) Special Wire of Net VSS & Blockage of Cell InstructionFetch_Module_InstructionMemory_instr_sram  ( met1 )
Bounds : ( 171.740, 1135.080 ) ( 853.600, 1135.480 )


SHORT: ( Metal Short ) Special Wire of Net VSS & Blockage of Cell InstructionFetch_Module_InstructionMemory_instr_sram  ( met1 )
Bounds : ( 171.740, 977.760 ) ( 853.600, 978.160 )


SHORT: ( Metal Short ) Special Wire of Net VDD & Blockage of Cell InstructionFetch_Module_InstructionMemory_instr_sram  ( met1 )
Bounds : ( 171.740, 981.900 ) ( 853.600, 982.300 )


SHORT: ( Metal Short ) Special Wire of Net VSS & Blockage of Cell InstructionFetch_Module_InstructionMemory_instr_sram  ( met1 )
Bounds : ( 171.740, 986.040 ) ( 853.600, 986.440 )


SHORT: ( Metal Short ) Special Wire of Net VDD & Blockage of Cell InstructionFetch_Module_InstructionMemory_instr_sram  ( met1 )
Bounds : ( 171.740, 990.180 ) ( 853.600, 990.580 )


SHORT: ( Metal Short ) Special Wire of Net VSS & Blockage of Cell InstructionFetch_Module_InstructionMemory_instr_sram  ( met1 )
Bounds : ( 171.740, 994.320 ) ( 853.600, 994.720 )


SHORT: ( Metal Short ) Special Wire of Net VDD & Blockage of Cell InstructionFetch_Module_InstructionMemory_instr_sram  ( met1 )
Bounds : ( 171.740, 998.460 ) ( 853.600, 998.860 )


SHORT: ( Metal Short ) Special Wire of Net VSS & Blockage of Cell InstructionFetch_Module_InstructionMemory_instr_sram  ( met1 )
Bounds : ( 171.740, 1002.600 ) ( 853.600, 1003.000 )


SHORT: ( Metal Short ) Special Wire of Net VDD & Blockage of Cell InstructionFetch_Module_InstructionMemory_instr_sram  ( met1 )
Bounds : ( 171.740, 1006.740 ) ( 853.600, 1007.140 )


SHORT: ( Metal Short ) Special Wire of Net VSS & Blockage of Cell InstructionFetch_Module_InstructionMemory_instr_sram  ( met1 )
Bounds : ( 171.740, 1010.880 ) ( 853.600, 1011.280 )


SHORT: ( Metal Short ) Special Wire of Net VDD & Blockage of Cell InstructionFetch_Module_InstructionMemory_instr_sram  ( met1 )
Bounds : ( 171.740, 1015.020 ) ( 853.600, 1015.420 )


SHORT: ( Metal Short ) Special Wire of Net VSS & Blockage of Cell InstructionFetch_Module_InstructionMemory_instr_sram  ( met1 )
Bounds : ( 171.740, 1019.160 ) ( 853.600, 1019.560 )


SHORT: ( Metal Short ) Special Wire of Net VDD & Blockage of Cell InstructionFetch_Module_InstructionMemory_instr_sram  ( met1 )
Bounds : ( 171.740, 1023.300 ) ( 853.600, 1023.700 )


SHORT: ( Metal Short ) Special Wire of Net VSS & Blockage of Cell InstructionFetch_Module_InstructionMemory_instr_sram  ( met1 )
Bounds : ( 171.740, 1027.440 ) ( 853.600, 1027.840 )


SHORT: ( Metal Short ) Special Wire of Net VDD & Blockage of Cell InstructionFetch_Module_InstructionMemory_instr_sram  ( met1 )
Bounds : ( 171.740, 1031.580 ) ( 853.600, 1031.980 )


SHORT: ( Metal Short ) Special Wire of Net VSS & Blockage of Cell InstructionFetch_Module_InstructionMemory_instr_sram  ( met1 )
Bounds : ( 171.740, 1035.720 ) ( 853.600, 1036.120 )


SHORT: ( Metal Short ) Special Wire of Net VDD & Blockage of Cell InstructionFetch_Module_InstructionMemory_instr_sram  ( met1 )
Bounds : ( 171.740, 1039.860 ) ( 853.600, 1040.260 )


SHORT: ( Metal Short ) Special Wire of Net VSS & Blockage of Cell InstructionFetch_Module_InstructionMemory_instr_sram  ( met1 )
Bounds : ( 171.740, 1044.000 ) ( 853.600, 1044.400 )


SHORT: ( Metal Short ) Special Wire of Net VDD & Blockage of Cell InstructionFetch_Module_InstructionMemory_instr_sram  ( met1 )
Bounds : ( 171.740, 1048.140 ) ( 853.600, 1048.540 )


SHORT: ( Metal Short ) Special Wire of Net VSS & Blockage of Cell InstructionFetch_Module_InstructionMemory_instr_sram  ( met1 )
Bounds : ( 171.740, 1052.280 ) ( 853.600, 1052.680 )


SHORT: ( Metal Short ) Special Wire of Net VDD & Blockage of Cell InstructionFetch_Module_InstructionMemory_instr_sram  ( met1 )
Bounds : ( 171.740, 1056.420 ) ( 853.600, 1056.820 )


SHORT: ( Metal Short ) Special Wire of Net VDD & Blockage of Cell InstructionFetch_Module_InstructionMemory_instr_sram  ( met1 )
Bounds : ( 171.740, 899.100 ) ( 853.600, 899.500 )


SHORT: ( Metal Short ) Special Wire of Net VSS & Blockage of Cell InstructionFetch_Module_InstructionMemory_instr_sram  ( met1 )
Bounds : ( 171.740, 903.240 ) ( 853.600, 903.640 )


SHORT: ( Metal Short ) Special Wire of Net VDD & Blockage of Cell InstructionFetch_Module_InstructionMemory_instr_sram  ( met1 )
Bounds : ( 171.740, 907.380 ) ( 853.600, 907.780 )


SHORT: ( Metal Short ) Special Wire of Net VSS & Blockage of Cell InstructionFetch_Module_InstructionMemory_instr_sram  ( met1 )
Bounds : ( 171.740, 911.520 ) ( 853.600, 911.920 )


SHORT: ( Metal Short ) Special Wire of Net VDD & Blockage of Cell InstructionFetch_Module_InstructionMemory_instr_sram  ( met1 )
Bounds : ( 171.740, 915.660 ) ( 853.600, 916.060 )


SHORT: ( Metal Short ) Special Wire of Net VSS & Blockage of Cell InstructionFetch_Module_InstructionMemory_instr_sram  ( met1 )
Bounds : ( 171.740, 919.800 ) ( 853.600, 920.200 )


SHORT: ( Metal Short ) Special Wire of Net VDD & Blockage of Cell InstructionFetch_Module_InstructionMemory_instr_sram  ( met1 )
Bounds : ( 171.740, 923.940 ) ( 853.600, 924.340 )


SHORT: ( Metal Short ) Special Wire of Net VSS & Blockage of Cell InstructionFetch_Module_InstructionMemory_instr_sram  ( met1 )
Bounds : ( 171.740, 928.080 ) ( 853.600, 928.480 )


SHORT: ( Metal Short ) Special Wire of Net VDD & Blockage of Cell InstructionFetch_Module_InstructionMemory_instr_sram  ( met1 )
Bounds : ( 171.740, 932.220 ) ( 853.600, 932.620 )


SHORT: ( Metal Short ) Special Wire of Net VSS & Blockage of Cell InstructionFetch_Module_InstructionMemory_instr_sram  ( met1 )
Bounds : ( 171.740, 936.360 ) ( 853.600, 936.760 )


SHORT: ( Metal Short ) Special Wire of Net VDD & Blockage of Cell InstructionFetch_Module_InstructionMemory_instr_sram  ( met1 )
Bounds : ( 171.740, 940.500 ) ( 853.600, 940.900 )


SHORT: ( Metal Short ) Special Wire of Net VSS & Blockage of Cell InstructionFetch_Module_InstructionMemory_instr_sram  ( met1 )
Bounds : ( 171.740, 944.640 ) ( 853.600, 945.040 )


SHORT: ( Metal Short ) Special Wire of Net VDD & Blockage of Cell InstructionFetch_Module_InstructionMemory_instr_sram  ( met1 )
Bounds : ( 171.740, 948.780 ) ( 853.600, 949.180 )


SHORT: ( Metal Short ) Special Wire of Net VSS & Blockage of Cell InstructionFetch_Module_InstructionMemory_instr_sram  ( met1 )
Bounds : ( 171.740, 952.920 ) ( 853.600, 953.320 )


SHORT: ( Metal Short ) Special Wire of Net VDD & Blockage of Cell InstructionFetch_Module_InstructionMemory_instr_sram  ( met1 )
Bounds : ( 171.740, 957.060 ) ( 853.600, 957.460 )


SHORT: ( Metal Short ) Special Wire of Net VSS & Blockage of Cell InstructionFetch_Module_InstructionMemory_instr_sram  ( met1 )
Bounds : ( 171.740, 961.200 ) ( 853.600, 961.600 )


SHORT: ( Metal Short ) Special Wire of Net VDD & Blockage of Cell InstructionFetch_Module_InstructionMemory_instr_sram  ( met1 )
Bounds : ( 171.740, 965.340 ) ( 853.600, 965.740 )


SHORT: ( Metal Short ) Special Wire of Net VSS & Blockage of Cell InstructionFetch_Module_InstructionMemory_instr_sram  ( met1 )
Bounds : ( 171.740, 969.480 ) ( 853.600, 969.880 )


SHORT: ( Metal Short ) Special Wire of Net VDD & Blockage of Cell InstructionFetch_Module_InstructionMemory_instr_sram  ( met1 )
Bounds : ( 171.740, 973.620 ) ( 853.600, 974.020 )


SHORT: ( Metal Short ) Special Wire of Net VDD & Blockage of Cell InstructionFetch_Module_InstructionMemory_instr_sram  ( met1 )
Bounds : ( 171.740, 816.300 ) ( 853.600, 816.700 )


SHORT: ( Metal Short ) Special Wire of Net VSS & Blockage of Cell InstructionFetch_Module_InstructionMemory_instr_sram  ( met1 )
Bounds : ( 171.740, 820.440 ) ( 853.600, 820.840 )


SHORT: ( Metal Short ) Special Wire of Net VDD & Blockage of Cell InstructionFetch_Module_InstructionMemory_instr_sram  ( met1 )
Bounds : ( 171.740, 824.580 ) ( 853.600, 824.980 )


SHORT: ( Metal Short ) Special Wire of Net VSS & Blockage of Cell InstructionFetch_Module_InstructionMemory_instr_sram  ( met1 )
Bounds : ( 171.740, 828.720 ) ( 853.600, 829.120 )


SHORT: ( Metal Short ) Special Wire of Net VDD & Blockage of Cell InstructionFetch_Module_InstructionMemory_instr_sram  ( met1 )
Bounds : ( 171.740, 832.860 ) ( 853.600, 833.260 )


SHORT: ( Metal Short ) Special Wire of Net VSS & Blockage of Cell InstructionFetch_Module_InstructionMemory_instr_sram  ( met1 )
Bounds : ( 171.740, 837.000 ) ( 853.600, 837.400 )


SHORT: ( Metal Short ) Special Wire of Net VDD & Blockage of Cell InstructionFetch_Module_InstructionMemory_instr_sram  ( met1 )
Bounds : ( 171.740, 841.140 ) ( 853.600, 841.540 )


SHORT: ( Metal Short ) Special Wire of Net VSS & Blockage of Cell InstructionFetch_Module_InstructionMemory_instr_sram  ( met1 )
Bounds : ( 171.740, 845.280 ) ( 853.600, 845.680 )


SHORT: ( Metal Short ) Special Wire of Net VDD & Blockage of Cell InstructionFetch_Module_InstructionMemory_instr_sram  ( met1 )
Bounds : ( 171.740, 849.420 ) ( 853.600, 849.820 )


SHORT: ( Metal Short ) Special Wire of Net VSS & Blockage of Cell InstructionFetch_Module_InstructionMemory_instr_sram  ( met1 )
Bounds : ( 171.740, 853.560 ) ( 853.600, 853.960 )


SHORT: ( Metal Short ) Special Wire of Net VDD & Blockage of Cell InstructionFetch_Module_InstructionMemory_instr_sram  ( met1 )
Bounds : ( 171.740, 857.700 ) ( 853.600, 858.100 )


SHORT: ( Metal Short ) Special Wire of Net VSS & Blockage of Cell InstructionFetch_Module_InstructionMemory_instr_sram  ( met1 )
Bounds : ( 171.740, 861.840 ) ( 853.600, 862.240 )


SHORT: ( Metal Short ) Special Wire of Net VDD & Blockage of Cell InstructionFetch_Module_InstructionMemory_instr_sram  ( met1 )
Bounds : ( 171.740, 865.980 ) ( 853.600, 866.380 )


SHORT: ( Metal Short ) Special Wire of Net VSS & Blockage of Cell InstructionFetch_Module_InstructionMemory_instr_sram  ( met1 )
Bounds : ( 171.740, 870.120 ) ( 853.600, 870.520 )


SHORT: ( Metal Short ) Special Wire of Net VDD & Blockage of Cell InstructionFetch_Module_InstructionMemory_instr_sram  ( met1 )
Bounds : ( 171.740, 874.260 ) ( 853.600, 874.660 )


SHORT: ( Metal Short ) Special Wire of Net VSS & Blockage of Cell InstructionFetch_Module_InstructionMemory_instr_sram  ( met1 )
Bounds : ( 171.740, 878.400 ) ( 853.600, 878.800 )


SHORT: ( Metal Short ) Special Wire of Net VDD & Blockage of Cell InstructionFetch_Module_InstructionMemory_instr_sram  ( met1 )
Bounds : ( 171.740, 882.540 ) ( 853.600, 882.940 )


SHORT: ( Metal Short ) Special Wire of Net VSS & Blockage of Cell InstructionFetch_Module_InstructionMemory_instr_sram  ( met1 )
Bounds : ( 171.740, 886.680 ) ( 853.600, 887.080 )


SHORT: ( Metal Short ) Special Wire of Net VDD & Blockage of Cell InstructionFetch_Module_InstructionMemory_instr_sram  ( met1 )
Bounds : ( 171.740, 890.820 ) ( 853.600, 891.220 )


SHORT: ( Metal Short ) Special Wire of Net VSS & Blockage of Cell InstructionFetch_Module_InstructionMemory_instr_sram  ( met1 )
Bounds : ( 171.740, 894.960 ) ( 853.600, 895.360 )


SHORT: ( Metal Short ) Special Wire of Net VSS & Blockage of Cell InstructionFetch_Module_InstructionMemory_instr_sram  ( met1 )
Bounds : ( 171.740, 754.200 ) ( 853.600, 754.600 )


SHORT: ( Metal Short ) Special Wire of Net VDD & Blockage of Cell InstructionFetch_Module_InstructionMemory_instr_sram  ( met1 )
Bounds : ( 171.740, 758.340 ) ( 853.600, 758.740 )


SHORT: ( Metal Short ) Special Wire of Net VSS & Blockage of Cell InstructionFetch_Module_InstructionMemory_instr_sram  ( met1 )
Bounds : ( 171.740, 762.480 ) ( 853.600, 762.880 )


SHORT: ( Metal Short ) Special Wire of Net VDD & Blockage of Cell InstructionFetch_Module_InstructionMemory_instr_sram  ( met1 )
Bounds : ( 171.740, 766.620 ) ( 853.600, 767.020 )


SHORT: ( Metal Short ) Special Wire of Net VSS & Blockage of Cell InstructionFetch_Module_InstructionMemory_instr_sram  ( met1 )
Bounds : ( 171.740, 770.760 ) ( 853.600, 771.160 )


SHORT: ( Metal Short ) Special Wire of Net VDD & Blockage of Cell InstructionFetch_Module_InstructionMemory_instr_sram  ( met1 )
Bounds : ( 171.740, 774.900 ) ( 853.600, 775.300 )


SHORT: ( Metal Short ) Special Wire of Net VSS & Blockage of Cell InstructionFetch_Module_InstructionMemory_instr_sram  ( met1 )
Bounds : ( 171.740, 779.040 ) ( 853.600, 779.440 )


SHORT: ( Metal Short ) Special Wire of Net VDD & Blockage of Cell InstructionFetch_Module_InstructionMemory_instr_sram  ( met1 )
Bounds : ( 171.740, 783.180 ) ( 853.600, 783.580 )


SHORT: ( Metal Short ) Special Wire of Net VSS & Blockage of Cell InstructionFetch_Module_InstructionMemory_instr_sram  ( met1 )
Bounds : ( 171.740, 787.320 ) ( 853.600, 787.720 )


SHORT: ( Metal Short ) Special Wire of Net VDD & Blockage of Cell InstructionFetch_Module_InstructionMemory_instr_sram  ( met1 )
Bounds : ( 171.740, 791.460 ) ( 853.600, 791.860 )


SHORT: ( Metal Short ) Special Wire of Net VSS & Blockage of Cell InstructionFetch_Module_InstructionMemory_instr_sram  ( met1 )
Bounds : ( 171.740, 795.600 ) ( 853.600, 796.000 )


SHORT: ( Metal Short ) Special Wire of Net VDD & Blockage of Cell InstructionFetch_Module_InstructionMemory_instr_sram  ( met1 )
Bounds : ( 171.740, 799.740 ) ( 853.600, 800.140 )


SHORT: ( Metal Short ) Special Wire of Net VSS & Blockage of Cell InstructionFetch_Module_InstructionMemory_instr_sram  ( met1 )
Bounds : ( 171.740, 803.880 ) ( 853.600, 804.280 )


SHORT: ( Metal Short ) Special Wire of Net VDD & Blockage of Cell InstructionFetch_Module_InstructionMemory_instr_sram  ( met1 )
Bounds : ( 171.740, 808.020 ) ( 853.600, 808.420 )


SHORT: ( Metal Short ) Special Wire of Net VSS & Blockage of Cell InstructionFetch_Module_InstructionMemory_instr_sram  ( met1 )
Bounds : ( 171.740, 812.160 ) ( 853.600, 812.560 )


SHORT: ( Metal Short ) Special Wire of Net VSS & Blockage of Cell MainMemory_data_sram  ( met2 )
Bounds : ( 757.900, 530.640 ) ( 760.900, 531.040 )


SHORT: ( Metal Short ) Special Wire of Net VSS & Blockage of Cell MainMemory_data_sram  ( met2 )
Bounds : ( 757.900, 538.920 ) ( 760.900, 539.320 )


SHORT: ( Metal Short ) Special Wire of Net VSS & Blockage of Cell MainMemory_data_sram  ( met2 )
Bounds : ( 757.900, 547.200 ) ( 760.900, 547.600 )


SHORT: ( Metal Short ) Special Wire of Net VDD & Blockage of Cell MainMemory_data_sram  ( met2 )
Bounds : ( 784.900, 534.780 ) ( 787.900, 535.180 )


SHORT: ( Metal Short ) Special Wire of Net VDD & Blockage of Cell MainMemory_data_sram  ( met2 )
Bounds : ( 784.900, 543.060 ) ( 787.900, 543.460 )


SHORT: ( Metal Short ) Special Wire of Net VSS & Blockage of Cell MainMemory_data_sram  ( met2 )
Bounds : ( 807.900, 530.640 ) ( 810.900, 531.040 )


SHORT: ( Metal Short ) Special Wire of Net VSS & Blockage of Cell MainMemory_data_sram  ( met2 )
Bounds : ( 807.900, 538.920 ) ( 810.900, 539.320 )


SHORT: ( Metal Short ) Special Wire of Net VSS & Blockage of Cell MainMemory_data_sram  ( met2 )
Bounds : ( 807.900, 547.200 ) ( 810.900, 547.600 )


SHORT: ( Metal Short ) Special Wire of Net VDD & Blockage of Cell MainMemory_data_sram  ( met2 )
Bounds : ( 834.900, 534.780 ) ( 837.900, 535.180 )


SHORT: ( Metal Short ) Special Wire of Net VDD & Blockage of Cell MainMemory_data_sram  ( met2 )
Bounds : ( 834.900, 543.060 ) ( 837.900, 543.460 )


SHORT: ( Metal Short ) Special Wire of Net VSS & Blockage of Cell MainMemory_data_sram  ( met3 )
Bounds : ( 757.900, 530.640 ) ( 760.900, 531.040 )


SHORT: ( Metal Short ) Special Wire of Net VSS & Blockage of Cell MainMemory_data_sram  ( met3 )
Bounds : ( 757.900, 538.920 ) ( 760.900, 539.320 )


SHORT: ( Metal Short ) Special Wire of Net VDD & Blockage of Cell MainMemory_data_sram  ( met3 )
Bounds : ( 784.900, 534.780 ) ( 787.900, 535.180 )


SHORT: ( Metal Short ) Special Wire of Net VSS & Blockage of Cell MainMemory_data_sram  ( met3 )
Bounds : ( 807.900, 530.640 ) ( 810.900, 531.040 )


SHORT: ( Metal Short ) Special Wire of Net VSS & Blockage of Cell MainMemory_data_sram  ( met3 )
Bounds : ( 807.900, 538.920 ) ( 810.900, 539.320 )


SHORT: ( Metal Short ) Special Wire of Net VDD & Blockage of Cell MainMemory_data_sram  ( met3 )
Bounds : ( 834.900, 534.780 ) ( 837.900, 535.180 )


SPACING: ( ParallelRunLength Spacing ) Special Wire of Net VDD & Blockage of Cell MainMemory_data_sram  ( met3 )
Bounds : ( 784.900, 542.840 ) ( 787.900, 543.060 )


SPACING: ( ParallelRunLength Spacing ) Special Wire of Net VDD & Blockage of Cell MainMemory_data_sram  ( met3 )
Bounds : ( 834.900, 542.840 ) ( 837.900, 543.060 )


SHORT: ( Metal Short ) Special Wire of Net VSS & Blockage of Cell MainMemory_data_sram  ( met2 )
Bounds : ( 807.900, 489.240 ) ( 810.900, 489.640 )


SHORT: ( Metal Short ) Special Wire of Net VSS & Blockage of Cell MainMemory_data_sram  ( met2 )
Bounds : ( 807.900, 497.520 ) ( 810.900, 497.920 )


SHORT: ( Metal Short ) Special Wire of Net VSS & Blockage of Cell MainMemory_data_sram  ( met2 )
Bounds : ( 807.900, 505.800 ) ( 810.900, 506.200 )


SHORT: ( Metal Short ) Special Wire of Net VSS & Blockage of Cell MainMemory_data_sram  ( met2 )
Bounds : ( 807.900, 514.080 ) ( 810.900, 514.480 )


SHORT: ( Metal Short ) Special Wire of Net VSS & Blockage of Cell MainMemory_data_sram  ( met2 )
Bounds : ( 807.900, 522.360 ) ( 810.900, 522.760 )


SHORT: ( Metal Short ) Special Wire of Net VDD & Blockage of Cell MainMemory_data_sram  ( met2 )
Bounds : ( 834.900, 493.380 ) ( 837.900, 493.780 )


SHORT: ( Metal Short ) Special Wire of Net VDD & Blockage of Cell MainMemory_data_sram  ( met2 )
Bounds : ( 834.900, 501.660 ) ( 837.900, 502.060 )


SHORT: ( Metal Short ) Special Wire of Net VDD & Blockage of Cell MainMemory_data_sram  ( met2 )
Bounds : ( 834.900, 509.940 ) ( 837.900, 510.340 )


SHORT: ( Metal Short ) Special Wire of Net VDD & Blockage of Cell MainMemory_data_sram  ( met2 )
Bounds : ( 834.900, 518.220 ) ( 837.900, 518.620 )


SHORT: ( Metal Short ) Special Wire of Net VDD & Blockage of Cell MainMemory_data_sram  ( met2 )
Bounds : ( 834.900, 526.500 ) ( 837.900, 526.900 )


SHORT: ( Metal Short ) Special Wire of Net VSS & Blockage of Cell MainMemory_data_sram  ( met3 )
Bounds : ( 807.900, 489.240 ) ( 810.900, 489.640 )


SHORT: ( Metal Short ) Special Wire of Net VSS & Blockage of Cell MainMemory_data_sram  ( met3 )
Bounds : ( 807.900, 497.520 ) ( 810.900, 497.920 )


SHORT: ( Metal Short ) Special Wire of Net VSS & Blockage of Cell MainMemory_data_sram  ( met3 )
Bounds : ( 807.900, 505.800 ) ( 810.900, 506.200 )


SHORT: ( Metal Short ) Special Wire of Net VSS & Blockage of Cell MainMemory_data_sram  ( met3 )
Bounds : ( 807.900, 514.080 ) ( 810.900, 514.480 )


SHORT: ( Metal Short ) Special Wire of Net VSS & Blockage of Cell MainMemory_data_sram  ( met3 )
Bounds : ( 807.900, 522.360 ) ( 810.900, 522.760 )


SHORT: ( Metal Short ) Special Wire of Net VDD & Blockage of Cell MainMemory_data_sram  ( met3 )
Bounds : ( 834.900, 493.380 ) ( 837.900, 493.780 )


SHORT: ( Metal Short ) Special Wire of Net VDD & Blockage of Cell MainMemory_data_sram  ( met3 )
Bounds : ( 834.900, 501.660 ) ( 837.900, 502.060 )


SHORT: ( Metal Short ) Special Wire of Net VDD & Blockage of Cell MainMemory_data_sram  ( met3 )
Bounds : ( 834.900, 509.940 ) ( 837.900, 510.340 )


SHORT: ( Metal Short ) Special Wire of Net VDD & Blockage of Cell MainMemory_data_sram  ( met3 )
Bounds : ( 834.900, 518.220 ) ( 837.900, 518.620 )


SHORT: ( Metal Short ) Special Wire of Net VDD & Blockage of Cell MainMemory_data_sram  ( met3 )
Bounds : ( 834.900, 526.500 ) ( 837.900, 526.900 )


SHORT: ( Metal Short ) Special Wire of Net VSS & Blockage of Cell MainMemory_data_sram  ( met2 )
Bounds : ( 757.900, 489.240 ) ( 760.900, 489.640 )


SHORT: ( Metal Short ) Special Wire of Net VSS & Blockage of Cell MainMemory_data_sram  ( met2 )
Bounds : ( 757.900, 497.520 ) ( 760.900, 497.920 )


SHORT: ( Metal Short ) Special Wire of Net VSS & Blockage of Cell MainMemory_data_sram  ( met2 )
Bounds : ( 757.900, 505.800 ) ( 760.900, 506.200 )


SHORT: ( Metal Short ) Special Wire of Net VSS & Blockage of Cell MainMemory_data_sram  ( met2 )
Bounds : ( 757.900, 514.080 ) ( 760.900, 514.480 )


SHORT: ( Metal Short ) Special Wire of Net VSS & Blockage of Cell MainMemory_data_sram  ( met2 )
Bounds : ( 757.900, 522.360 ) ( 760.900, 522.760 )


SHORT: ( Metal Short ) Special Wire of Net VDD & Blockage of Cell MainMemory_data_sram  ( met2 )
Bounds : ( 784.900, 493.380 ) ( 787.900, 493.780 )


SHORT: ( Metal Short ) Special Wire of Net VDD & Blockage of Cell MainMemory_data_sram  ( met2 )
Bounds : ( 784.900, 501.660 ) ( 787.900, 502.060 )


SHORT: ( Metal Short ) Special Wire of Net VDD & Blockage of Cell MainMemory_data_sram  ( met2 )
Bounds : ( 784.900, 509.940 ) ( 787.900, 510.340 )


SHORT: ( Metal Short ) Special Wire of Net VDD & Blockage of Cell MainMemory_data_sram  ( met2 )
Bounds : ( 784.900, 518.220 ) ( 787.900, 518.620 )


SHORT: ( Metal Short ) Special Wire of Net VDD & Blockage of Cell MainMemory_data_sram  ( met2 )
Bounds : ( 784.900, 526.500 ) ( 787.900, 526.900 )


SHORT: ( Metal Short ) Special Wire of Net VSS & Blockage of Cell MainMemory_data_sram  ( met3 )
Bounds : ( 757.900, 489.240 ) ( 760.900, 489.640 )


SHORT: ( Metal Short ) Special Wire of Net VSS & Blockage of Cell MainMemory_data_sram  ( met3 )
Bounds : ( 757.900, 497.520 ) ( 760.900, 497.920 )


SHORT: ( Metal Short ) Special Wire of Net VSS & Blockage of Cell MainMemory_data_sram  ( met3 )
Bounds : ( 757.900, 505.800 ) ( 760.900, 506.200 )


SHORT: ( Metal Short ) Special Wire of Net VSS & Blockage of Cell MainMemory_data_sram  ( met3 )
Bounds : ( 757.900, 514.080 ) ( 760.900, 514.480 )


SHORT: ( Metal Short ) Special Wire of Net VSS & Blockage of Cell MainMemory_data_sram  ( met3 )
Bounds : ( 757.900, 522.360 ) ( 760.900, 522.760 )


SHORT: ( Metal Short ) Special Wire of Net VDD & Blockage of Cell MainMemory_data_sram  ( met3 )
Bounds : ( 784.900, 493.380 ) ( 787.900, 493.780 )


SHORT: ( Metal Short ) Special Wire of Net VDD & Blockage of Cell MainMemory_data_sram  ( met3 )
Bounds : ( 784.900, 501.660 ) ( 787.900, 502.060 )


SHORT: ( Metal Short ) Special Wire of Net VDD & Blockage of Cell MainMemory_data_sram  ( met3 )
Bounds : ( 784.900, 509.940 ) ( 787.900, 510.340 )


SHORT: ( Metal Short ) Special Wire of Net VDD & Blockage of Cell MainMemory_data_sram  ( met3 )
Bounds : ( 784.900, 518.220 ) ( 787.900, 518.620 )


SHORT: ( Metal Short ) Special Wire of Net VDD & Blockage of Cell MainMemory_data_sram  ( met3 )
Bounds : ( 784.900, 526.500 ) ( 787.900, 526.900 )


SHORT: ( Metal Short ) Special Wire of Net VDD & Blockage of Cell MainMemory_data_sram  ( met2 )
Bounds : ( 684.900, 534.780 ) ( 687.900, 535.180 )


SHORT: ( Metal Short ) Special Wire of Net VDD & Blockage of Cell MainMemory_data_sram  ( met2 )
Bounds : ( 684.900, 543.060 ) ( 687.900, 543.460 )


SHORT: ( Metal Short ) Special Wire of Net VDD & Blockage of Cell MainMemory_data_sram  ( met3 )
Bounds : ( 684.900, 534.780 ) ( 687.900, 535.180 )


SPACING: ( ParallelRunLength Spacing ) Special Wire of Net VDD & Blockage of Cell MainMemory_data_sram  ( met3 )
Bounds : ( 684.900, 542.840 ) ( 687.900, 543.060 )


SPACING: ( ParallelRunLength Spacing ) Regular Wire of Net DRAM_load_mem_data[30] & Blockage of Cell MainMemory_data_sram  ( met3 )
Bounds : ( 687.920, 549.320 ) ( 688.300, 549.460 )


SPACING: ( ParallelRunLength Spacing ) Special Wire of Net VDD & Pin of Cell MainMemory_data_sram  ( met4 )
Bounds : ( 687.900, 548.880 ) ( 687.920, 549.940 )


SHORT: ( Metal Short ) Special Wire of Net VSS & Blockage of Cell MainMemory_data_sram  ( met2 )
Bounds : ( 707.900, 530.640 ) ( 710.900, 531.040 )


SHORT: ( Metal Short ) Special Wire of Net VSS & Blockage of Cell MainMemory_data_sram  ( met2 )
Bounds : ( 707.900, 538.920 ) ( 710.900, 539.320 )


SHORT: ( Metal Short ) Special Wire of Net VSS & Blockage of Cell MainMemory_data_sram  ( met2 )
Bounds : ( 707.900, 547.200 ) ( 710.900, 547.600 )


SHORT: ( Metal Short ) Special Wire of Net VDD & Blockage of Cell MainMemory_data_sram  ( met2 )
Bounds : ( 734.900, 534.780 ) ( 737.900, 535.180 )


SHORT: ( Metal Short ) Special Wire of Net VDD & Blockage of Cell MainMemory_data_sram  ( met2 )
Bounds : ( 734.900, 543.060 ) ( 737.900, 543.460 )


SHORT: ( Metal Short ) Special Wire of Net VSS & Blockage of Cell MainMemory_data_sram  ( met3 )
Bounds : ( 707.900, 530.640 ) ( 710.900, 531.040 )


SHORT: ( Metal Short ) Special Wire of Net VSS & Blockage of Cell MainMemory_data_sram  ( met3 )
Bounds : ( 707.900, 538.920 ) ( 710.900, 539.320 )


SHORT: ( Metal Short ) Special Wire of Net VDD & Blockage of Cell MainMemory_data_sram  ( met3 )
Bounds : ( 734.900, 534.780 ) ( 737.900, 535.180 )


SPACING: ( ParallelRunLength Spacing ) Special Wire of Net VDD & Blockage of Cell MainMemory_data_sram  ( met3 )
Bounds : ( 734.900, 542.840 ) ( 737.900, 543.060 )


SHORT: ( Metal Short ) Special Wire of Net VDD & Blockage of Cell MainMemory_data_sram  ( met2 )
Bounds : ( 734.900, 493.380 ) ( 737.900, 493.780 )


SHORT: ( Metal Short ) Special Wire of Net VDD & Blockage of Cell MainMemory_data_sram  ( met2 )
Bounds : ( 734.900, 501.660 ) ( 737.900, 502.060 )


SHORT: ( Metal Short ) Special Wire of Net VDD & Blockage of Cell MainMemory_data_sram  ( met2 )
Bounds : ( 734.900, 509.940 ) ( 737.900, 510.340 )


SHORT: ( Metal Short ) Special Wire of Net VDD & Blockage of Cell MainMemory_data_sram  ( met2 )
Bounds : ( 734.900, 518.220 ) ( 737.900, 518.620 )


SHORT: ( Metal Short ) Special Wire of Net VDD & Blockage of Cell MainMemory_data_sram  ( met2 )
Bounds : ( 734.900, 526.500 ) ( 737.900, 526.900 )


SHORT: ( Metal Short ) Special Wire of Net VDD & Blockage of Cell MainMemory_data_sram  ( met3 )
Bounds : ( 734.900, 493.380 ) ( 737.900, 493.780 )


SHORT: ( Metal Short ) Special Wire of Net VDD & Blockage of Cell MainMemory_data_sram  ( met3 )
Bounds : ( 734.900, 501.660 ) ( 737.900, 502.060 )


SHORT: ( Metal Short ) Special Wire of Net VDD & Blockage of Cell MainMemory_data_sram  ( met3 )
Bounds : ( 734.900, 509.940 ) ( 737.900, 510.340 )


SHORT: ( Metal Short ) Special Wire of Net VDD & Blockage of Cell MainMemory_data_sram  ( met3 )
Bounds : ( 734.900, 518.220 ) ( 737.900, 518.620 )


SHORT: ( Metal Short ) Special Wire of Net VDD & Blockage of Cell MainMemory_data_sram  ( met3 )
Bounds : ( 734.900, 526.500 ) ( 737.900, 526.900 )


SHORT: ( Metal Short ) Special Wire of Net VDD & Blockage of Cell MainMemory_data_sram  ( met2 )
Bounds : ( 684.900, 493.380 ) ( 687.900, 493.780 )


SHORT: ( Metal Short ) Special Wire of Net VDD & Blockage of Cell MainMemory_data_sram  ( met2 )
Bounds : ( 684.900, 501.660 ) ( 687.900, 502.060 )


SHORT: ( Metal Short ) Special Wire of Net VDD & Blockage of Cell MainMemory_data_sram  ( met2 )
Bounds : ( 684.900, 509.940 ) ( 687.900, 510.340 )


SHORT: ( Metal Short ) Special Wire of Net VDD & Blockage of Cell MainMemory_data_sram  ( met2 )
Bounds : ( 684.900, 518.220 ) ( 687.900, 518.620 )


SHORT: ( Metal Short ) Special Wire of Net VDD & Blockage of Cell MainMemory_data_sram  ( met2 )
Bounds : ( 684.900, 526.500 ) ( 687.900, 526.900 )


SHORT: ( Metal Short ) Special Wire of Net VDD & Blockage of Cell MainMemory_data_sram  ( met3 )
Bounds : ( 684.900, 493.380 ) ( 687.900, 493.780 )


SHORT: ( Metal Short ) Special Wire of Net VDD & Blockage of Cell MainMemory_data_sram  ( met3 )
Bounds : ( 684.900, 501.660 ) ( 687.900, 502.060 )


SHORT: ( Metal Short ) Special Wire of Net VDD & Blockage of Cell MainMemory_data_sram  ( met3 )
Bounds : ( 684.900, 509.940 ) ( 687.900, 510.340 )


SHORT: ( Metal Short ) Special Wire of Net VDD & Blockage of Cell MainMemory_data_sram  ( met3 )
Bounds : ( 684.900, 518.220 ) ( 687.900, 518.620 )


SHORT: ( Metal Short ) Special Wire of Net VDD & Blockage of Cell MainMemory_data_sram  ( met3 )
Bounds : ( 684.900, 526.500 ) ( 687.900, 526.900 )


SHORT: ( Metal Short ) Special Wire of Net VSS & Blockage of Cell MainMemory_data_sram  ( met2 )
Bounds : ( 707.900, 489.240 ) ( 710.900, 489.640 )


SHORT: ( Metal Short ) Special Wire of Net VSS & Blockage of Cell MainMemory_data_sram  ( met2 )
Bounds : ( 707.900, 497.520 ) ( 710.900, 497.920 )


SHORT: ( Metal Short ) Special Wire of Net VSS & Blockage of Cell MainMemory_data_sram  ( met2 )
Bounds : ( 707.900, 505.800 ) ( 710.900, 506.200 )


SHORT: ( Metal Short ) Special Wire of Net VSS & Blockage of Cell MainMemory_data_sram  ( met2 )
Bounds : ( 707.900, 514.080 ) ( 710.900, 514.480 )


SHORT: ( Metal Short ) Special Wire of Net VSS & Blockage of Cell MainMemory_data_sram  ( met2 )
Bounds : ( 707.900, 522.360 ) ( 710.900, 522.760 )


SHORT: ( Metal Short ) Special Wire of Net VSS & Blockage of Cell MainMemory_data_sram  ( met3 )
Bounds : ( 707.900, 489.240 ) ( 710.900, 489.640 )


SHORT: ( Metal Short ) Special Wire of Net VSS & Blockage of Cell MainMemory_data_sram  ( met3 )
Bounds : ( 707.900, 497.520 ) ( 710.900, 497.920 )


SHORT: ( Metal Short ) Special Wire of Net VSS & Blockage of Cell MainMemory_data_sram  ( met3 )
Bounds : ( 707.900, 505.800 ) ( 710.900, 506.200 )


SHORT: ( Metal Short ) Special Wire of Net VSS & Blockage of Cell MainMemory_data_sram  ( met3 )
Bounds : ( 707.900, 514.080 ) ( 710.900, 514.480 )


SHORT: ( Metal Short ) Special Wire of Net VSS & Blockage of Cell MainMemory_data_sram  ( met3 )
Bounds : ( 707.900, 522.360 ) ( 710.900, 522.760 )


SHORT: ( Metal Short ) Special Wire of Net VSS & Blockage of Cell MainMemory_data_sram  ( met2 )
Bounds : ( 607.900, 530.640 ) ( 610.900, 531.040 )


SHORT: ( Metal Short ) Special Wire of Net VSS & Blockage of Cell MainMemory_data_sram  ( met2 )
Bounds : ( 607.900, 538.920 ) ( 610.900, 539.320 )


SHORT: ( Metal Short ) Special Wire of Net VSS & Blockage of Cell MainMemory_data_sram  ( met2 )
Bounds : ( 607.900, 547.200 ) ( 610.900, 547.600 )


SHORT: ( Metal Short ) Special Wire of Net VDD & Blockage of Cell MainMemory_data_sram  ( met2 )
Bounds : ( 634.900, 534.780 ) ( 637.900, 535.180 )


SHORT: ( Metal Short ) Special Wire of Net VDD & Blockage of Cell MainMemory_data_sram  ( met2 )
Bounds : ( 634.900, 543.060 ) ( 637.900, 543.460 )


SHORT: ( Metal Short ) Special Wire of Net VSS & Blockage of Cell MainMemory_data_sram  ( met2 )
Bounds : ( 657.900, 530.640 ) ( 660.900, 531.040 )


SHORT: ( Metal Short ) Special Wire of Net VSS & Blockage of Cell MainMemory_data_sram  ( met2 )
Bounds : ( 657.900, 538.920 ) ( 660.900, 539.320 )


SHORT: ( Metal Short ) Special Wire of Net VSS & Blockage of Cell MainMemory_data_sram  ( met2 )
Bounds : ( 657.900, 547.200 ) ( 660.900, 547.600 )


SHORT: ( Metal Short ) Special Wire of Net VSS & Blockage of Cell MainMemory_data_sram  ( met3 )
Bounds : ( 607.900, 530.640 ) ( 610.900, 531.040 )


SHORT: ( Metal Short ) Special Wire of Net VSS & Blockage of Cell MainMemory_data_sram  ( met3 )
Bounds : ( 607.900, 538.920 ) ( 610.900, 539.320 )


SHORT: ( Metal Short ) Special Wire of Net VDD & Blockage of Cell MainMemory_data_sram  ( met3 )
Bounds : ( 634.900, 534.780 ) ( 637.900, 535.180 )


SHORT: ( Metal Short ) Special Wire of Net VSS & Blockage of Cell MainMemory_data_sram  ( met3 )
Bounds : ( 657.900, 530.640 ) ( 660.900, 531.040 )


SHORT: ( Metal Short ) Special Wire of Net VSS & Blockage of Cell MainMemory_data_sram  ( met3 )
Bounds : ( 657.900, 538.920 ) ( 660.900, 539.320 )


SPACING: ( ParallelRunLength Spacing ) Special Wire of Net VDD & Blockage of Cell MainMemory_data_sram  ( met3 )
Bounds : ( 634.900, 542.840 ) ( 637.900, 543.060 )


SHORT: ( Metal Short ) Special Wire of Net VSS & Blockage of Cell MainMemory_data_sram  ( met2 )
Bounds : ( 657.900, 489.240 ) ( 660.900, 489.640 )


SHORT: ( Metal Short ) Special Wire of Net VSS & Blockage of Cell MainMemory_data_sram  ( met2 )
Bounds : ( 657.900, 497.520 ) ( 660.900, 497.920 )


SHORT: ( Metal Short ) Special Wire of Net VSS & Blockage of Cell MainMemory_data_sram  ( met2 )
Bounds : ( 657.900, 505.800 ) ( 660.900, 506.200 )


SHORT: ( Metal Short ) Special Wire of Net VSS & Blockage of Cell MainMemory_data_sram  ( met2 )
Bounds : ( 657.900, 514.080 ) ( 660.900, 514.480 )


SHORT: ( Metal Short ) Special Wire of Net VSS & Blockage of Cell MainMemory_data_sram  ( met2 )
Bounds : ( 657.900, 522.360 ) ( 660.900, 522.760 )


SHORT: ( Metal Short ) Special Wire of Net VSS & Blockage of Cell MainMemory_data_sram  ( met3 )
Bounds : ( 657.900, 489.240 ) ( 660.900, 489.640 )


SHORT: ( Metal Short ) Special Wire of Net VSS & Blockage of Cell MainMemory_data_sram  ( met3 )
Bounds : ( 657.900, 497.520 ) ( 660.900, 497.920 )


SHORT: ( Metal Short ) Special Wire of Net VSS & Blockage of Cell MainMemory_data_sram  ( met3 )
Bounds : ( 657.900, 505.800 ) ( 660.900, 506.200 )


SHORT: ( Metal Short ) Special Wire of Net VSS & Blockage of Cell MainMemory_data_sram  ( met3 )
Bounds : ( 657.900, 514.080 ) ( 660.900, 514.480 )


SHORT: ( Metal Short ) Special Wire of Net VSS & Blockage of Cell MainMemory_data_sram  ( met3 )
Bounds : ( 657.900, 522.360 ) ( 660.900, 522.760 )


SHORT: ( Metal Short ) Special Wire of Net VSS & Blockage of Cell MainMemory_data_sram  ( met2 )
Bounds : ( 607.900, 489.240 ) ( 610.900, 489.640 )


SHORT: ( Metal Short ) Special Wire of Net VSS & Blockage of Cell MainMemory_data_sram  ( met2 )
Bounds : ( 607.900, 497.520 ) ( 610.900, 497.920 )


SHORT: ( Metal Short ) Special Wire of Net VSS & Blockage of Cell MainMemory_data_sram  ( met2 )
Bounds : ( 607.900, 505.800 ) ( 610.900, 506.200 )


SHORT: ( Metal Short ) Special Wire of Net VSS & Blockage of Cell MainMemory_data_sram  ( met2 )
Bounds : ( 607.900, 514.080 ) ( 610.900, 514.480 )


SHORT: ( Metal Short ) Special Wire of Net VSS & Blockage of Cell MainMemory_data_sram  ( met2 )
Bounds : ( 607.900, 522.360 ) ( 610.900, 522.760 )


SHORT: ( Metal Short ) Special Wire of Net VSS & Blockage of Cell MainMemory_data_sram  ( met3 )
Bounds : ( 607.900, 489.240 ) ( 610.900, 489.640 )


SHORT: ( Metal Short ) Special Wire of Net VSS & Blockage of Cell MainMemory_data_sram  ( met3 )
Bounds : ( 607.900, 497.520 ) ( 610.900, 497.920 )


SHORT: ( Metal Short ) Special Wire of Net VSS & Blockage of Cell MainMemory_data_sram  ( met3 )
Bounds : ( 607.900, 505.800 ) ( 610.900, 506.200 )


SHORT: ( Metal Short ) Special Wire of Net VSS & Blockage of Cell MainMemory_data_sram  ( met3 )
Bounds : ( 607.900, 514.080 ) ( 610.900, 514.480 )


SHORT: ( Metal Short ) Special Wire of Net VSS & Blockage of Cell MainMemory_data_sram  ( met3 )
Bounds : ( 607.900, 522.360 ) ( 610.900, 522.760 )


SHORT: ( Metal Short ) Special Wire of Net VDD & Blockage of Cell MainMemory_data_sram  ( met2 )
Bounds : ( 634.900, 493.380 ) ( 637.900, 493.780 )


SHORT: ( Metal Short ) Special Wire of Net VDD & Blockage of Cell MainMemory_data_sram  ( met2 )
Bounds : ( 634.900, 501.660 ) ( 637.900, 502.060 )


SHORT: ( Metal Short ) Special Wire of Net VDD & Blockage of Cell MainMemory_data_sram  ( met2 )
Bounds : ( 634.900, 509.940 ) ( 637.900, 510.340 )


SHORT: ( Metal Short ) Special Wire of Net VDD & Blockage of Cell MainMemory_data_sram  ( met2 )
Bounds : ( 634.900, 518.220 ) ( 637.900, 518.620 )


SHORT: ( Metal Short ) Special Wire of Net VDD & Blockage of Cell MainMemory_data_sram  ( met2 )
Bounds : ( 634.900, 526.500 ) ( 637.900, 526.900 )


SHORT: ( Metal Short ) Special Wire of Net VDD & Blockage of Cell MainMemory_data_sram  ( met3 )
Bounds : ( 634.900, 493.380 ) ( 637.900, 493.780 )


SHORT: ( Metal Short ) Special Wire of Net VDD & Blockage of Cell MainMemory_data_sram  ( met3 )
Bounds : ( 634.900, 501.660 ) ( 637.900, 502.060 )


SHORT: ( Metal Short ) Special Wire of Net VDD & Blockage of Cell MainMemory_data_sram  ( met3 )
Bounds : ( 634.900, 509.940 ) ( 637.900, 510.340 )


SHORT: ( Metal Short ) Special Wire of Net VDD & Blockage of Cell MainMemory_data_sram  ( met3 )
Bounds : ( 634.900, 518.220 ) ( 637.900, 518.620 )


SHORT: ( Metal Short ) Special Wire of Net VDD & Blockage of Cell MainMemory_data_sram  ( met3 )
Bounds : ( 634.900, 526.500 ) ( 637.900, 526.900 )


SHORT: ( Metal Short ) Special Wire of Net VDD & Blockage of Cell MainMemory_data_sram  ( met2 )
Bounds : ( 534.900, 534.780 ) ( 537.900, 535.180 )


SHORT: ( Metal Short ) Special Wire of Net VDD & Blockage of Cell MainMemory_data_sram  ( met2 )
Bounds : ( 534.900, 543.060 ) ( 537.900, 543.460 )


SHORT: ( Metal Short ) Special Wire of Net VSS & Blockage of Cell MainMemory_data_sram  ( met2 )
Bounds : ( 557.900, 530.640 ) ( 560.900, 531.040 )


SHORT: ( Metal Short ) Special Wire of Net VSS & Blockage of Cell MainMemory_data_sram  ( met2 )
Bounds : ( 557.900, 538.920 ) ( 560.900, 539.320 )


SHORT: ( Metal Short ) Special Wire of Net VSS & Blockage of Cell MainMemory_data_sram  ( met2 )
Bounds : ( 557.900, 547.200 ) ( 560.900, 547.600 )


SHORT: ( Metal Short ) Special Wire of Net VDD & Blockage of Cell MainMemory_data_sram  ( met2 )
Bounds : ( 584.900, 534.780 ) ( 587.900, 535.180 )


SHORT: ( Metal Short ) Special Wire of Net VDD & Blockage of Cell MainMemory_data_sram  ( met2 )
Bounds : ( 584.900, 543.060 ) ( 587.900, 543.460 )


SHORT: ( Metal Short ) Special Wire of Net VDD & Blockage of Cell MainMemory_data_sram  ( met3 )
Bounds : ( 534.900, 534.780 ) ( 537.900, 535.180 )


SHORT: ( Metal Short ) Special Wire of Net VSS & Blockage of Cell MainMemory_data_sram  ( met3 )
Bounds : ( 557.900, 530.640 ) ( 560.900, 531.040 )


SHORT: ( Metal Short ) Special Wire of Net VSS & Blockage of Cell MainMemory_data_sram  ( met3 )
Bounds : ( 557.900, 538.920 ) ( 560.900, 539.320 )


SHORT: ( Metal Short ) Special Wire of Net VDD & Blockage of Cell MainMemory_data_sram  ( met3 )
Bounds : ( 584.900, 534.780 ) ( 587.900, 535.180 )


SPACING: ( ParallelRunLength Spacing ) Special Wire of Net VDD & Blockage of Cell MainMemory_data_sram  ( met3 )
Bounds : ( 534.900, 542.840 ) ( 537.900, 543.060 )


SPACING: ( ParallelRunLength Spacing ) Special Wire of Net VDD & Blockage of Cell MainMemory_data_sram  ( met3 )
Bounds : ( 584.900, 542.840 ) ( 587.900, 543.060 )


SHORT: ( Metal Short ) Special Wire of Net VSS & Blockage of Cell MainMemory_data_sram  ( met2 )
Bounds : ( 557.900, 489.240 ) ( 560.900, 489.640 )


SHORT: ( Metal Short ) Special Wire of Net VSS & Blockage of Cell MainMemory_data_sram  ( met2 )
Bounds : ( 557.900, 497.520 ) ( 560.900, 497.920 )


SHORT: ( Metal Short ) Special Wire of Net VSS & Blockage of Cell MainMemory_data_sram  ( met2 )
Bounds : ( 557.900, 505.800 ) ( 560.900, 506.200 )


SHORT: ( Metal Short ) Special Wire of Net VSS & Blockage of Cell MainMemory_data_sram  ( met2 )
Bounds : ( 557.900, 514.080 ) ( 560.900, 514.480 )


SHORT: ( Metal Short ) Special Wire of Net VSS & Blockage of Cell MainMemory_data_sram  ( met2 )
Bounds : ( 557.900, 522.360 ) ( 560.900, 522.760 )


SHORT: ( Metal Short ) Special Wire of Net VDD & Blockage of Cell MainMemory_data_sram  ( met2 )
Bounds : ( 584.900, 493.380 ) ( 587.900, 493.780 )


SHORT: ( Metal Short ) Special Wire of Net VDD & Blockage of Cell MainMemory_data_sram  ( met2 )
Bounds : ( 584.900, 501.660 ) ( 587.900, 502.060 )


SHORT: ( Metal Short ) Special Wire of Net VDD & Blockage of Cell MainMemory_data_sram  ( met2 )
Bounds : ( 584.900, 509.940 ) ( 587.900, 510.340 )


SHORT: ( Metal Short ) Special Wire of Net VDD & Blockage of Cell MainMemory_data_sram  ( met2 )
Bounds : ( 584.900, 518.220 ) ( 587.900, 518.620 )


SHORT: ( Metal Short ) Special Wire of Net VDD & Blockage of Cell MainMemory_data_sram  ( met2 )
Bounds : ( 584.900, 526.500 ) ( 587.900, 526.900 )


SHORT: ( Metal Short ) Special Wire of Net VSS & Blockage of Cell MainMemory_data_sram  ( met3 )
Bounds : ( 557.900, 489.240 ) ( 560.900, 489.640 )


SHORT: ( Metal Short ) Special Wire of Net VSS & Blockage of Cell MainMemory_data_sram  ( met3 )
Bounds : ( 557.900, 497.520 ) ( 560.900, 497.920 )


SHORT: ( Metal Short ) Special Wire of Net VSS & Blockage of Cell MainMemory_data_sram  ( met3 )
Bounds : ( 557.900, 505.800 ) ( 560.900, 506.200 )


SHORT: ( Metal Short ) Special Wire of Net VSS & Blockage of Cell MainMemory_data_sram  ( met3 )
Bounds : ( 557.900, 514.080 ) ( 560.900, 514.480 )


SHORT: ( Metal Short ) Special Wire of Net VSS & Blockage of Cell MainMemory_data_sram  ( met3 )
Bounds : ( 557.900, 522.360 ) ( 560.900, 522.760 )


SHORT: ( Metal Short ) Special Wire of Net VDD & Blockage of Cell MainMemory_data_sram  ( met3 )
Bounds : ( 584.900, 493.380 ) ( 587.900, 493.780 )


SHORT: ( Metal Short ) Special Wire of Net VDD & Blockage of Cell MainMemory_data_sram  ( met3 )
Bounds : ( 584.900, 501.660 ) ( 587.900, 502.060 )


SHORT: ( Metal Short ) Special Wire of Net VDD & Blockage of Cell MainMemory_data_sram  ( met3 )
Bounds : ( 584.900, 509.940 ) ( 587.900, 510.340 )


SHORT: ( Metal Short ) Special Wire of Net VDD & Blockage of Cell MainMemory_data_sram  ( met3 )
Bounds : ( 584.900, 518.220 ) ( 587.900, 518.620 )


SHORT: ( Metal Short ) Special Wire of Net VDD & Blockage of Cell MainMemory_data_sram  ( met3 )
Bounds : ( 584.900, 526.500 ) ( 587.900, 526.900 )


SHORT: ( Metal Short ) Special Wire of Net VDD & Blockage of Cell MainMemory_data_sram  ( met2 )
Bounds : ( 534.900, 493.380 ) ( 537.900, 493.780 )


SHORT: ( Metal Short ) Special Wire of Net VDD & Blockage of Cell MainMemory_data_sram  ( met2 )
Bounds : ( 534.900, 501.660 ) ( 537.900, 502.060 )


SHORT: ( Metal Short ) Special Wire of Net VDD & Blockage of Cell MainMemory_data_sram  ( met2 )
Bounds : ( 534.900, 509.940 ) ( 537.900, 510.340 )


SHORT: ( Metal Short ) Special Wire of Net VDD & Blockage of Cell MainMemory_data_sram  ( met2 )
Bounds : ( 534.900, 518.220 ) ( 537.900, 518.620 )


SHORT: ( Metal Short ) Special Wire of Net VDD & Blockage of Cell MainMemory_data_sram  ( met2 )
Bounds : ( 534.900, 526.500 ) ( 537.900, 526.900 )


SHORT: ( Metal Short ) Special Wire of Net VDD & Blockage of Cell MainMemory_data_sram  ( met3 )
Bounds : ( 534.900, 493.380 ) ( 537.900, 493.780 )


SHORT: ( Metal Short ) Special Wire of Net VDD & Blockage of Cell MainMemory_data_sram  ( met3 )
Bounds : ( 534.900, 501.660 ) ( 537.900, 502.060 )


SHORT: ( Metal Short ) Special Wire of Net VDD & Blockage of Cell MainMemory_data_sram  ( met3 )
Bounds : ( 534.900, 509.940 ) ( 537.900, 510.340 )


SHORT: ( Metal Short ) Special Wire of Net VDD & Blockage of Cell MainMemory_data_sram  ( met3 )
Bounds : ( 534.900, 518.220 ) ( 537.900, 518.620 )


SHORT: ( Metal Short ) Special Wire of Net VDD & Blockage of Cell MainMemory_data_sram  ( met3 )
Bounds : ( 534.900, 526.500 ) ( 537.900, 526.900 )


SHORT: ( Metal Short ) Special Wire of Net VSS & Blockage of Cell MainMemory_data_sram  ( met2 )
Bounds : ( 807.900, 447.840 ) ( 810.900, 448.240 )


SHORT: ( Metal Short ) Special Wire of Net VSS & Blockage of Cell MainMemory_data_sram  ( met2 )
Bounds : ( 807.900, 456.120 ) ( 810.900, 456.520 )


SHORT: ( Metal Short ) Special Wire of Net VSS & Blockage of Cell MainMemory_data_sram  ( met2 )
Bounds : ( 807.900, 464.400 ) ( 810.900, 464.800 )


SHORT: ( Metal Short ) Special Wire of Net VSS & Blockage of Cell MainMemory_data_sram  ( met2 )
Bounds : ( 807.900, 472.680 ) ( 810.900, 473.080 )


SHORT: ( Metal Short ) Special Wire of Net VSS & Blockage of Cell MainMemory_data_sram  ( met2 )
Bounds : ( 807.900, 480.960 ) ( 810.900, 481.360 )


SHORT: ( Metal Short ) Special Wire of Net VDD & Blockage of Cell MainMemory_data_sram  ( met2 )
Bounds : ( 834.900, 451.980 ) ( 837.900, 452.380 )


SHORT: ( Metal Short ) Special Wire of Net VDD & Blockage of Cell MainMemory_data_sram  ( met2 )
Bounds : ( 834.900, 460.260 ) ( 837.900, 460.660 )


SHORT: ( Metal Short ) Special Wire of Net VDD & Blockage of Cell MainMemory_data_sram  ( met2 )
Bounds : ( 834.900, 468.540 ) ( 837.900, 468.940 )


SHORT: ( Metal Short ) Special Wire of Net VDD & Blockage of Cell MainMemory_data_sram  ( met2 )
Bounds : ( 834.900, 476.820 ) ( 837.900, 477.220 )


SHORT: ( Metal Short ) Special Wire of Net VDD & Blockage of Cell MainMemory_data_sram  ( met2 )
Bounds : ( 834.900, 485.100 ) ( 837.900, 485.500 )


SHORT: ( Metal Short ) Special Wire of Net VSS & Blockage of Cell MainMemory_data_sram  ( met3 )
Bounds : ( 807.900, 447.840 ) ( 810.900, 448.240 )


SHORT: ( Metal Short ) Special Wire of Net VSS & Blockage of Cell MainMemory_data_sram  ( met3 )
Bounds : ( 807.900, 456.120 ) ( 810.900, 456.520 )


SHORT: ( Metal Short ) Special Wire of Net VSS & Blockage of Cell MainMemory_data_sram  ( met3 )
Bounds : ( 807.900, 464.400 ) ( 810.900, 464.800 )


SHORT: ( Metal Short ) Special Wire of Net VSS & Blockage of Cell MainMemory_data_sram  ( met3 )
Bounds : ( 807.900, 472.680 ) ( 810.900, 473.080 )


SHORT: ( Metal Short ) Special Wire of Net VSS & Blockage of Cell MainMemory_data_sram  ( met3 )
Bounds : ( 807.900, 480.960 ) ( 810.900, 481.360 )


SHORT: ( Metal Short ) Special Wire of Net VDD & Blockage of Cell MainMemory_data_sram  ( met3 )
Bounds : ( 834.900, 451.980 ) ( 837.900, 452.380 )


SHORT: ( Metal Short ) Special Wire of Net VDD & Blockage of Cell MainMemory_data_sram  ( met3 )
Bounds : ( 834.900, 460.260 ) ( 837.900, 460.660 )


SHORT: ( Metal Short ) Special Wire of Net VDD & Blockage of Cell MainMemory_data_sram  ( met3 )
Bounds : ( 834.900, 468.540 ) ( 837.900, 468.940 )


SHORT: ( Metal Short ) Special Wire of Net VDD & Blockage of Cell MainMemory_data_sram  ( met3 )
Bounds : ( 834.900, 476.820 ) ( 837.900, 477.220 )


SHORT: ( Metal Short ) Special Wire of Net VDD & Blockage of Cell MainMemory_data_sram  ( met3 )
Bounds : ( 834.900, 485.100 ) ( 837.900, 485.500 )


SHORT: ( Metal Short ) Special Wire of Net VSS & Blockage of Cell MainMemory_data_sram  ( met2 )
Bounds : ( 757.900, 447.840 ) ( 760.900, 448.240 )


SHORT: ( Metal Short ) Special Wire of Net VSS & Blockage of Cell MainMemory_data_sram  ( met2 )
Bounds : ( 757.900, 456.120 ) ( 760.900, 456.520 )


SHORT: ( Metal Short ) Special Wire of Net VSS & Blockage of Cell MainMemory_data_sram  ( met2 )
Bounds : ( 757.900, 464.400 ) ( 760.900, 464.800 )


SHORT: ( Metal Short ) Special Wire of Net VSS & Blockage of Cell MainMemory_data_sram  ( met2 )
Bounds : ( 757.900, 472.680 ) ( 760.900, 473.080 )


SHORT: ( Metal Short ) Special Wire of Net VSS & Blockage of Cell MainMemory_data_sram  ( met2 )
Bounds : ( 757.900, 480.960 ) ( 760.900, 481.360 )


SHORT: ( Metal Short ) Special Wire of Net VDD & Blockage of Cell MainMemory_data_sram  ( met2 )
Bounds : ( 784.900, 451.980 ) ( 787.900, 452.380 )


SHORT: ( Metal Short ) Special Wire of Net VDD & Blockage of Cell MainMemory_data_sram  ( met2 )
Bounds : ( 784.900, 460.260 ) ( 787.900, 460.660 )


SHORT: ( Metal Short ) Special Wire of Net VDD & Blockage of Cell MainMemory_data_sram  ( met2 )
Bounds : ( 784.900, 468.540 ) ( 787.900, 468.940 )


SHORT: ( Metal Short ) Special Wire of Net VDD & Blockage of Cell MainMemory_data_sram  ( met2 )
Bounds : ( 784.900, 476.820 ) ( 787.900, 477.220 )


SHORT: ( Metal Short ) Special Wire of Net VDD & Blockage of Cell MainMemory_data_sram  ( met2 )
Bounds : ( 784.900, 485.100 ) ( 787.900, 485.500 )


SHORT: ( Metal Short ) Special Wire of Net VSS & Blockage of Cell MainMemory_data_sram  ( met3 )
Bounds : ( 757.900, 447.840 ) ( 760.900, 448.240 )


SHORT: ( Metal Short ) Special Wire of Net VSS & Blockage of Cell MainMemory_data_sram  ( met3 )
Bounds : ( 757.900, 456.120 ) ( 760.900, 456.520 )


SHORT: ( Metal Short ) Special Wire of Net VSS & Blockage of Cell MainMemory_data_sram  ( met3 )
Bounds : ( 757.900, 464.400 ) ( 760.900, 464.800 )


SHORT: ( Metal Short ) Special Wire of Net VSS & Blockage of Cell MainMemory_data_sram  ( met3 )
Bounds : ( 757.900, 472.680 ) ( 760.900, 473.080 )


SHORT: ( Metal Short ) Special Wire of Net VSS & Blockage of Cell MainMemory_data_sram  ( met3 )
Bounds : ( 757.900, 480.960 ) ( 760.900, 481.360 )


SHORT: ( Metal Short ) Special Wire of Net VDD & Blockage of Cell MainMemory_data_sram  ( met3 )
Bounds : ( 784.900, 451.980 ) ( 787.900, 452.380 )


SHORT: ( Metal Short ) Special Wire of Net VDD & Blockage of Cell MainMemory_data_sram  ( met3 )
Bounds : ( 784.900, 460.260 ) ( 787.900, 460.660 )


SHORT: ( Metal Short ) Special Wire of Net VDD & Blockage of Cell MainMemory_data_sram  ( met3 )
Bounds : ( 784.900, 468.540 ) ( 787.900, 468.940 )


SHORT: ( Metal Short ) Special Wire of Net VDD & Blockage of Cell MainMemory_data_sram  ( met3 )
Bounds : ( 784.900, 476.820 ) ( 787.900, 477.220 )


SHORT: ( Metal Short ) Special Wire of Net VDD & Blockage of Cell MainMemory_data_sram  ( met3 )
Bounds : ( 784.900, 485.100 ) ( 787.900, 485.500 )


SHORT: ( Metal Short ) Special Wire of Net VSS & Blockage of Cell MainMemory_data_sram  ( met2 )
Bounds : ( 807.900, 414.720 ) ( 810.900, 415.120 )


SHORT: ( Metal Short ) Special Wire of Net VSS & Blockage of Cell MainMemory_data_sram  ( met2 )
Bounds : ( 807.900, 423.000 ) ( 810.900, 423.400 )


SHORT: ( Metal Short ) Special Wire of Net VSS & Blockage of Cell MainMemory_data_sram  ( met2 )
Bounds : ( 807.900, 431.280 ) ( 810.900, 431.680 )


SHORT: ( Metal Short ) Special Wire of Net VSS & Blockage of Cell MainMemory_data_sram  ( met2 )
Bounds : ( 807.900, 439.560 ) ( 810.900, 439.960 )


SHORT: ( Metal Short ) Special Wire of Net VDD & Blockage of Cell MainMemory_data_sram  ( met2 )
Bounds : ( 834.900, 410.580 ) ( 837.900, 410.980 )


SHORT: ( Metal Short ) Special Wire of Net VDD & Blockage of Cell MainMemory_data_sram  ( met2 )
Bounds : ( 834.900, 418.860 ) ( 837.900, 419.260 )


SHORT: ( Metal Short ) Special Wire of Net VDD & Blockage of Cell MainMemory_data_sram  ( met2 )
Bounds : ( 834.900, 427.140 ) ( 837.900, 427.540 )


SHORT: ( Metal Short ) Special Wire of Net VDD & Blockage of Cell MainMemory_data_sram  ( met2 )
Bounds : ( 834.900, 435.420 ) ( 837.900, 435.820 )


SHORT: ( Metal Short ) Special Wire of Net VDD & Blockage of Cell MainMemory_data_sram  ( met2 )
Bounds : ( 834.900, 443.700 ) ( 837.900, 444.100 )


SHORT: ( Metal Short ) Special Wire of Net VSS & Blockage of Cell MainMemory_data_sram  ( met3 )
Bounds : ( 807.900, 414.720 ) ( 810.900, 415.120 )


SHORT: ( Metal Short ) Special Wire of Net VSS & Blockage of Cell MainMemory_data_sram  ( met3 )
Bounds : ( 807.900, 423.000 ) ( 810.900, 423.400 )


SHORT: ( Metal Short ) Special Wire of Net VSS & Blockage of Cell MainMemory_data_sram  ( met3 )
Bounds : ( 807.900, 431.280 ) ( 810.900, 431.680 )


SHORT: ( Metal Short ) Special Wire of Net VSS & Blockage of Cell MainMemory_data_sram  ( met3 )
Bounds : ( 807.900, 439.560 ) ( 810.900, 439.960 )


SHORT: ( Metal Short ) Special Wire of Net VDD & Blockage of Cell MainMemory_data_sram  ( met3 )
Bounds : ( 834.900, 410.580 ) ( 837.900, 410.980 )


SHORT: ( Metal Short ) Special Wire of Net VDD & Blockage of Cell MainMemory_data_sram  ( met3 )
Bounds : ( 834.900, 418.860 ) ( 837.900, 419.260 )


SHORT: ( Metal Short ) Special Wire of Net VDD & Blockage of Cell MainMemory_data_sram  ( met3 )
Bounds : ( 834.900, 427.140 ) ( 837.900, 427.540 )


SHORT: ( Metal Short ) Special Wire of Net VDD & Blockage of Cell MainMemory_data_sram  ( met3 )
Bounds : ( 834.900, 435.420 ) ( 837.900, 435.820 )


SHORT: ( Metal Short ) Special Wire of Net VDD & Blockage of Cell MainMemory_data_sram  ( met3 )
Bounds : ( 834.900, 443.700 ) ( 837.900, 444.100 )


SHORT: ( Metal Short ) Special Wire of Net VSS & Blockage of Cell MainMemory_data_sram  ( met2 )
Bounds : ( 757.900, 414.720 ) ( 760.900, 415.120 )


SHORT: ( Metal Short ) Special Wire of Net VSS & Blockage of Cell MainMemory_data_sram  ( met2 )
Bounds : ( 757.900, 423.000 ) ( 760.900, 423.400 )


SHORT: ( Metal Short ) Special Wire of Net VSS & Blockage of Cell MainMemory_data_sram  ( met2 )
Bounds : ( 757.900, 431.280 ) ( 760.900, 431.680 )


SHORT: ( Metal Short ) Special Wire of Net VSS & Blockage of Cell MainMemory_data_sram  ( met2 )
Bounds : ( 757.900, 439.560 ) ( 760.900, 439.960 )


SHORT: ( Metal Short ) Special Wire of Net VDD & Blockage of Cell MainMemory_data_sram  ( met2 )
Bounds : ( 784.900, 410.580 ) ( 787.900, 410.980 )


SHORT: ( Metal Short ) Special Wire of Net VDD & Blockage of Cell MainMemory_data_sram  ( met2 )
Bounds : ( 784.900, 418.860 ) ( 787.900, 419.260 )


SHORT: ( Metal Short ) Special Wire of Net VDD & Blockage of Cell MainMemory_data_sram  ( met2 )
Bounds : ( 784.900, 427.140 ) ( 787.900, 427.540 )


SHORT: ( Metal Short ) Special Wire of Net VDD & Blockage of Cell MainMemory_data_sram  ( met2 )
Bounds : ( 784.900, 435.420 ) ( 787.900, 435.820 )


SHORT: ( Metal Short ) Special Wire of Net VDD & Blockage of Cell MainMemory_data_sram  ( met2 )
Bounds : ( 784.900, 443.700 ) ( 787.900, 444.100 )


SHORT: ( Metal Short ) Special Wire of Net VSS & Blockage of Cell MainMemory_data_sram  ( met3 )
Bounds : ( 757.900, 414.720 ) ( 760.900, 415.120 )


SHORT: ( Metal Short ) Special Wire of Net VSS & Blockage of Cell MainMemory_data_sram  ( met3 )
Bounds : ( 757.900, 423.000 ) ( 760.900, 423.400 )


SHORT: ( Metal Short ) Special Wire of Net VSS & Blockage of Cell MainMemory_data_sram  ( met3 )
Bounds : ( 757.900, 431.280 ) ( 760.900, 431.680 )


SHORT: ( Metal Short ) Special Wire of Net VSS & Blockage of Cell MainMemory_data_sram  ( met3 )
Bounds : ( 757.900, 439.560 ) ( 760.900, 439.960 )


SHORT: ( Metal Short ) Special Wire of Net VDD & Blockage of Cell MainMemory_data_sram  ( met3 )
Bounds : ( 784.900, 410.580 ) ( 787.900, 410.980 )


SHORT: ( Metal Short ) Special Wire of Net VDD & Blockage of Cell MainMemory_data_sram  ( met3 )
Bounds : ( 784.900, 418.860 ) ( 787.900, 419.260 )


SHORT: ( Metal Short ) Special Wire of Net VDD & Blockage of Cell MainMemory_data_sram  ( met3 )
Bounds : ( 784.900, 427.140 ) ( 787.900, 427.540 )


SHORT: ( Metal Short ) Special Wire of Net VDD & Blockage of Cell MainMemory_data_sram  ( met3 )
Bounds : ( 784.900, 435.420 ) ( 787.900, 435.820 )


SHORT: ( Metal Short ) Special Wire of Net VDD & Blockage of Cell MainMemory_data_sram  ( met3 )
Bounds : ( 784.900, 443.700 ) ( 787.900, 444.100 )


SHORT: ( Metal Short ) Special Wire of Net VDD & Blockage of Cell MainMemory_data_sram  ( met2 )
Bounds : ( 734.900, 451.980 ) ( 737.900, 452.380 )


SHORT: ( Metal Short ) Special Wire of Net VDD & Blockage of Cell MainMemory_data_sram  ( met2 )
Bounds : ( 734.900, 460.260 ) ( 737.900, 460.660 )


SHORT: ( Metal Short ) Special Wire of Net VDD & Blockage of Cell MainMemory_data_sram  ( met2 )
Bounds : ( 734.900, 468.540 ) ( 737.900, 468.940 )


SHORT: ( Metal Short ) Special Wire of Net VDD & Blockage of Cell MainMemory_data_sram  ( met2 )
Bounds : ( 734.900, 476.820 ) ( 737.900, 477.220 )


SHORT: ( Metal Short ) Special Wire of Net VDD & Blockage of Cell MainMemory_data_sram  ( met2 )
Bounds : ( 734.900, 485.100 ) ( 737.900, 485.500 )


SHORT: ( Metal Short ) Special Wire of Net VDD & Blockage of Cell MainMemory_data_sram  ( met3 )
Bounds : ( 734.900, 451.980 ) ( 737.900, 452.380 )


SHORT: ( Metal Short ) Special Wire of Net VDD & Blockage of Cell MainMemory_data_sram  ( met3 )
Bounds : ( 734.900, 460.260 ) ( 737.900, 460.660 )


SHORT: ( Metal Short ) Special Wire of Net VDD & Blockage of Cell MainMemory_data_sram  ( met3 )
Bounds : ( 734.900, 468.540 ) ( 737.900, 468.940 )


SHORT: ( Metal Short ) Special Wire of Net VDD & Blockage of Cell MainMemory_data_sram  ( met3 )
Bounds : ( 734.900, 476.820 ) ( 737.900, 477.220 )


SHORT: ( Metal Short ) Special Wire of Net VDD & Blockage of Cell MainMemory_data_sram  ( met3 )
Bounds : ( 734.900, 485.100 ) ( 737.900, 485.500 )


SHORT: ( Metal Short ) Special Wire of Net VDD & Blockage of Cell MainMemory_data_sram  ( met2 )
Bounds : ( 684.900, 451.980 ) ( 687.900, 452.380 )


SHORT: ( Metal Short ) Special Wire of Net VDD & Blockage of Cell MainMemory_data_sram  ( met2 )
Bounds : ( 684.900, 460.260 ) ( 687.900, 460.660 )


SHORT: ( Metal Short ) Special Wire of Net VDD & Blockage of Cell MainMemory_data_sram  ( met2 )
Bounds : ( 684.900, 468.540 ) ( 687.900, 468.940 )


SHORT: ( Metal Short ) Special Wire of Net VDD & Blockage of Cell MainMemory_data_sram  ( met2 )
Bounds : ( 684.900, 476.820 ) ( 687.900, 477.220 )


SHORT: ( Metal Short ) Special Wire of Net VDD & Blockage of Cell MainMemory_data_sram  ( met2 )
Bounds : ( 684.900, 485.100 ) ( 687.900, 485.500 )


SHORT: ( Metal Short ) Special Wire of Net VDD & Blockage of Cell MainMemory_data_sram  ( met3 )
Bounds : ( 684.900, 451.980 ) ( 687.900, 452.380 )


SHORT: ( Metal Short ) Special Wire of Net VDD & Blockage of Cell MainMemory_data_sram  ( met3 )
Bounds : ( 684.900, 460.260 ) ( 687.900, 460.660 )


SHORT: ( Metal Short ) Special Wire of Net VDD & Blockage of Cell MainMemory_data_sram  ( met3 )
Bounds : ( 684.900, 468.540 ) ( 687.900, 468.940 )


SHORT: ( Metal Short ) Special Wire of Net VDD & Blockage of Cell MainMemory_data_sram  ( met3 )
Bounds : ( 684.900, 476.820 ) ( 687.900, 477.220 )


SHORT: ( Metal Short ) Special Wire of Net VDD & Blockage of Cell MainMemory_data_sram  ( met3 )
Bounds : ( 684.900, 485.100 ) ( 687.900, 485.500 )


SHORT: ( Metal Short ) Special Wire of Net VSS & Blockage of Cell MainMemory_data_sram  ( met2 )
Bounds : ( 707.900, 447.840 ) ( 710.900, 448.240 )


SHORT: ( Metal Short ) Special Wire of Net VSS & Blockage of Cell MainMemory_data_sram  ( met2 )
Bounds : ( 707.900, 456.120 ) ( 710.900, 456.520 )


SHORT: ( Metal Short ) Special Wire of Net VSS & Blockage of Cell MainMemory_data_sram  ( met2 )
Bounds : ( 707.900, 464.400 ) ( 710.900, 464.800 )


SHORT: ( Metal Short ) Special Wire of Net VSS & Blockage of Cell MainMemory_data_sram  ( met2 )
Bounds : ( 707.900, 472.680 ) ( 710.900, 473.080 )


SHORT: ( Metal Short ) Special Wire of Net VSS & Blockage of Cell MainMemory_data_sram  ( met2 )
Bounds : ( 707.900, 480.960 ) ( 710.900, 481.360 )


SHORT: ( Metal Short ) Special Wire of Net VSS & Blockage of Cell MainMemory_data_sram  ( met3 )
Bounds : ( 707.900, 447.840 ) ( 710.900, 448.240 )


SHORT: ( Metal Short ) Special Wire of Net VSS & Blockage of Cell MainMemory_data_sram  ( met3 )
Bounds : ( 707.900, 456.120 ) ( 710.900, 456.520 )


SHORT: ( Metal Short ) Special Wire of Net VSS & Blockage of Cell MainMemory_data_sram  ( met3 )
Bounds : ( 707.900, 464.400 ) ( 710.900, 464.800 )


SHORT: ( Metal Short ) Special Wire of Net VSS & Blockage of Cell MainMemory_data_sram  ( met3 )
Bounds : ( 707.900, 472.680 ) ( 710.900, 473.080 )


SHORT: ( Metal Short ) Special Wire of Net VSS & Blockage of Cell MainMemory_data_sram  ( met3 )
Bounds : ( 707.900, 480.960 ) ( 710.900, 481.360 )


SHORT: ( Metal Short ) Special Wire of Net VDD & Blockage of Cell MainMemory_data_sram  ( met2 )
Bounds : ( 684.900, 410.580 ) ( 687.900, 410.980 )


SHORT: ( Metal Short ) Special Wire of Net VDD & Blockage of Cell MainMemory_data_sram  ( met2 )
Bounds : ( 684.900, 418.860 ) ( 687.900, 419.260 )


SHORT: ( Metal Short ) Special Wire of Net VDD & Blockage of Cell MainMemory_data_sram  ( met2 )
Bounds : ( 684.900, 427.140 ) ( 687.900, 427.540 )


SHORT: ( Metal Short ) Special Wire of Net VDD & Blockage of Cell MainMemory_data_sram  ( met2 )
Bounds : ( 684.900, 435.420 ) ( 687.900, 435.820 )


SHORT: ( Metal Short ) Special Wire of Net VDD & Blockage of Cell MainMemory_data_sram  ( met2 )
Bounds : ( 684.900, 443.700 ) ( 687.900, 444.100 )


SHORT: ( Metal Short ) Special Wire of Net VDD & Blockage of Cell MainMemory_data_sram  ( met3 )
Bounds : ( 684.900, 410.580 ) ( 687.900, 410.980 )


SHORT: ( Metal Short ) Special Wire of Net VDD & Blockage of Cell MainMemory_data_sram  ( met3 )
Bounds : ( 684.900, 418.860 ) ( 687.900, 419.260 )


SHORT: ( Metal Short ) Special Wire of Net VDD & Blockage of Cell MainMemory_data_sram  ( met3 )
Bounds : ( 684.900, 427.140 ) ( 687.900, 427.540 )


SHORT: ( Metal Short ) Special Wire of Net VDD & Blockage of Cell MainMemory_data_sram  ( met3 )
Bounds : ( 684.900, 435.420 ) ( 687.900, 435.820 )


SHORT: ( Metal Short ) Special Wire of Net VDD & Blockage of Cell MainMemory_data_sram  ( met3 )
Bounds : ( 684.900, 443.700 ) ( 687.900, 444.100 )


SHORT: ( Metal Short ) Special Wire of Net VSS & Blockage of Cell MainMemory_data_sram  ( met2 )
Bounds : ( 707.900, 414.720 ) ( 710.900, 415.120 )


SHORT: ( Metal Short ) Special Wire of Net VSS & Blockage of Cell MainMemory_data_sram  ( met2 )
Bounds : ( 707.900, 423.000 ) ( 710.900, 423.400 )


SHORT: ( Metal Short ) Special Wire of Net VSS & Blockage of Cell MainMemory_data_sram  ( met2 )
Bounds : ( 707.900, 431.280 ) ( 710.900, 431.680 )


SHORT: ( Metal Short ) Special Wire of Net VSS & Blockage of Cell MainMemory_data_sram  ( met2 )
Bounds : ( 707.900, 439.560 ) ( 710.900, 439.960 )


SHORT: ( Metal Short ) Special Wire of Net VDD & Blockage of Cell MainMemory_data_sram  ( met2 )
Bounds : ( 734.900, 410.580 ) ( 737.900, 410.980 )


SHORT: ( Metal Short ) Special Wire of Net VDD & Blockage of Cell MainMemory_data_sram  ( met2 )
Bounds : ( 734.900, 418.860 ) ( 737.900, 419.260 )


SHORT: ( Metal Short ) Special Wire of Net VDD & Blockage of Cell MainMemory_data_sram  ( met2 )
Bounds : ( 734.900, 427.140 ) ( 737.900, 427.540 )


SHORT: ( Metal Short ) Special Wire of Net VDD & Blockage of Cell MainMemory_data_sram  ( met2 )
Bounds : ( 734.900, 435.420 ) ( 737.900, 435.820 )


SHORT: ( Metal Short ) Special Wire of Net VDD & Blockage of Cell MainMemory_data_sram  ( met2 )
Bounds : ( 734.900, 443.700 ) ( 737.900, 444.100 )


SHORT: ( Metal Short ) Special Wire of Net VSS & Blockage of Cell MainMemory_data_sram  ( met3 )
Bounds : ( 707.900, 414.720 ) ( 710.900, 415.120 )


SHORT: ( Metal Short ) Special Wire of Net VSS & Blockage of Cell MainMemory_data_sram  ( met3 )
Bounds : ( 707.900, 423.000 ) ( 710.900, 423.400 )


SHORT: ( Metal Short ) Special Wire of Net VSS & Blockage of Cell MainMemory_data_sram  ( met3 )
Bounds : ( 707.900, 431.280 ) ( 710.900, 431.680 )


SHORT: ( Metal Short ) Special Wire of Net VSS & Blockage of Cell MainMemory_data_sram  ( met3 )
Bounds : ( 707.900, 439.560 ) ( 710.900, 439.960 )


SHORT: ( Metal Short ) Special Wire of Net VDD & Blockage of Cell MainMemory_data_sram  ( met3 )
Bounds : ( 734.900, 410.580 ) ( 737.900, 410.980 )


SHORT: ( Metal Short ) Special Wire of Net VDD & Blockage of Cell MainMemory_data_sram  ( met3 )
Bounds : ( 734.900, 418.860 ) ( 737.900, 419.260 )


SHORT: ( Metal Short ) Special Wire of Net VDD & Blockage of Cell MainMemory_data_sram  ( met3 )
Bounds : ( 734.900, 427.140 ) ( 737.900, 427.540 )


SHORT: ( Metal Short ) Special Wire of Net VDD & Blockage of Cell MainMemory_data_sram  ( met3 )
Bounds : ( 734.900, 435.420 ) ( 737.900, 435.820 )


SHORT: ( Metal Short ) Special Wire of Net VDD & Blockage of Cell MainMemory_data_sram  ( met3 )
Bounds : ( 734.900, 443.700 ) ( 737.900, 444.100 )


SHORT: ( Metal Short ) Special Wire of Net VSS & Blockage of Cell MainMemory_data_sram  ( met2 )
Bounds : ( 807.900, 373.320 ) ( 810.900, 373.720 )


SHORT: ( Metal Short ) Special Wire of Net VDD & Blockage of Cell MainMemory_data_sram  ( met2 )
Bounds : ( 834.900, 369.180 ) ( 837.900, 369.580 )


SHORT: ( Metal Short ) Special Wire of Net VSS & Blockage of Cell MainMemory_data_sram  ( met3 )
Bounds : ( 807.900, 373.320 ) ( 810.900, 373.720 )


SHORT: ( Metal Short ) Special Wire of Net VDD & Blockage of Cell MainMemory_data_sram  ( met3 )
Bounds : ( 834.900, 369.180 ) ( 837.900, 369.580 )


SHORT: ( Metal Short ) Special Wire of Net VSS & Blockage of Cell MainMemory_data_sram  ( met2 )
Bounds : ( 807.900, 381.600 ) ( 810.900, 382.000 )


SHORT: ( Metal Short ) Special Wire of Net VSS & Blockage of Cell MainMemory_data_sram  ( met2 )
Bounds : ( 807.900, 389.880 ) ( 810.900, 390.280 )


SHORT: ( Metal Short ) Special Wire of Net VSS & Blockage of Cell MainMemory_data_sram  ( met2 )
Bounds : ( 807.900, 398.160 ) ( 810.900, 398.560 )


SHORT: ( Metal Short ) Special Wire of Net VDD & Blockage of Cell MainMemory_data_sram  ( met2 )
Bounds : ( 834.900, 377.460 ) ( 837.900, 377.860 )


SHORT: ( Metal Short ) Special Wire of Net VDD & Blockage of Cell MainMemory_data_sram  ( met2 )
Bounds : ( 834.900, 385.740 ) ( 837.900, 386.140 )


SHORT: ( Metal Short ) Special Wire of Net VDD & Blockage of Cell MainMemory_data_sram  ( met2 )
Bounds : ( 834.900, 394.020 ) ( 837.900, 394.420 )


SHORT: ( Metal Short ) Special Wire of Net VDD & Blockage of Cell MainMemory_data_sram  ( met2 )
Bounds : ( 834.900, 402.300 ) ( 837.900, 402.700 )


SHORT: ( Metal Short ) Special Wire of Net VSS & Blockage of Cell MainMemory_data_sram  ( met3 )
Bounds : ( 807.900, 381.600 ) ( 810.900, 382.000 )


SHORT: ( Metal Short ) Special Wire of Net VSS & Blockage of Cell MainMemory_data_sram  ( met3 )
Bounds : ( 807.900, 389.880 ) ( 810.900, 390.280 )


SHORT: ( Metal Short ) Special Wire of Net VSS & Blockage of Cell MainMemory_data_sram  ( met3 )
Bounds : ( 807.900, 398.160 ) ( 810.900, 398.560 )


SHORT: ( Metal Short ) Special Wire of Net VDD & Blockage of Cell MainMemory_data_sram  ( met3 )
Bounds : ( 834.900, 377.460 ) ( 837.900, 377.860 )


SHORT: ( Metal Short ) Special Wire of Net VDD & Blockage of Cell MainMemory_data_sram  ( met3 )
Bounds : ( 834.900, 385.740 ) ( 837.900, 386.140 )


SHORT: ( Metal Short ) Special Wire of Net VDD & Blockage of Cell MainMemory_data_sram  ( met3 )
Bounds : ( 834.900, 394.020 ) ( 837.900, 394.420 )


SHORT: ( Metal Short ) Special Wire of Net VDD & Blockage of Cell MainMemory_data_sram  ( met3 )
Bounds : ( 834.900, 402.300 ) ( 837.900, 402.700 )


SHORT: ( Metal Short ) Special Wire of Net VSS & Blockage of Cell MainMemory_data_sram  ( met2 )
Bounds : ( 757.900, 373.320 ) ( 760.900, 373.720 )


SHORT: ( Metal Short ) Special Wire of Net VDD & Blockage of Cell MainMemory_data_sram  ( met2 )
Bounds : ( 784.900, 369.180 ) ( 787.900, 369.580 )


SHORT: ( Metal Short ) Special Wire of Net VSS & Blockage of Cell MainMemory_data_sram  ( met3 )
Bounds : ( 757.900, 373.320 ) ( 760.900, 373.720 )


SHORT: ( Metal Short ) Special Wire of Net VDD & Blockage of Cell MainMemory_data_sram  ( met3 )
Bounds : ( 784.900, 369.180 ) ( 787.900, 369.580 )


SHORT: ( Metal Short ) Special Wire of Net VSS & Blockage of Cell MainMemory_data_sram  ( met2 )
Bounds : ( 757.900, 381.600 ) ( 760.900, 382.000 )


SHORT: ( Metal Short ) Special Wire of Net VSS & Blockage of Cell MainMemory_data_sram  ( met2 )
Bounds : ( 757.900, 389.880 ) ( 760.900, 390.280 )


SHORT: ( Metal Short ) Special Wire of Net VSS & Blockage of Cell MainMemory_data_sram  ( met2 )
Bounds : ( 757.900, 398.160 ) ( 760.900, 398.560 )


SHORT: ( Metal Short ) Special Wire of Net VDD & Blockage of Cell MainMemory_data_sram  ( met2 )
Bounds : ( 784.900, 377.460 ) ( 787.900, 377.860 )


SHORT: ( Metal Short ) Special Wire of Net VDD & Blockage of Cell MainMemory_data_sram  ( met2 )
Bounds : ( 784.900, 385.740 ) ( 787.900, 386.140 )


SHORT: ( Metal Short ) Special Wire of Net VDD & Blockage of Cell MainMemory_data_sram  ( met2 )
Bounds : ( 784.900, 394.020 ) ( 787.900, 394.420 )


SHORT: ( Metal Short ) Special Wire of Net VDD & Blockage of Cell MainMemory_data_sram  ( met2 )
Bounds : ( 784.900, 402.300 ) ( 787.900, 402.700 )


SHORT: ( Metal Short ) Special Wire of Net VSS & Blockage of Cell MainMemory_data_sram  ( met3 )
Bounds : ( 757.900, 381.600 ) ( 760.900, 382.000 )


SHORT: ( Metal Short ) Special Wire of Net VSS & Blockage of Cell MainMemory_data_sram  ( met3 )
Bounds : ( 757.900, 389.880 ) ( 760.900, 390.280 )


SHORT: ( Metal Short ) Special Wire of Net VSS & Blockage of Cell MainMemory_data_sram  ( met3 )
Bounds : ( 757.900, 398.160 ) ( 760.900, 398.560 )


SHORT: ( Metal Short ) Special Wire of Net VDD & Blockage of Cell MainMemory_data_sram  ( met3 )
Bounds : ( 784.900, 377.460 ) ( 787.900, 377.860 )


SHORT: ( Metal Short ) Special Wire of Net VDD & Blockage of Cell MainMemory_data_sram  ( met3 )
Bounds : ( 784.900, 385.740 ) ( 787.900, 386.140 )


SHORT: ( Metal Short ) Special Wire of Net VDD & Blockage of Cell MainMemory_data_sram  ( met3 )
Bounds : ( 784.900, 394.020 ) ( 787.900, 394.420 )


SHORT: ( Metal Short ) Special Wire of Net VDD & Blockage of Cell MainMemory_data_sram  ( met3 )
Bounds : ( 784.900, 402.300 ) ( 787.900, 402.700 )


SHORT: ( Metal Short ) Special Wire of Net VSS & Blockage of Cell MainMemory_data_sram  ( met2 )
Bounds : ( 807.900, 331.920 ) ( 810.900, 332.320 )


SHORT: ( Metal Short ) Special Wire of Net VSS & Blockage of Cell MainMemory_data_sram  ( met2 )
Bounds : ( 807.900, 340.200 ) ( 810.900, 340.600 )


SHORT: ( Metal Short ) Special Wire of Net VSS & Blockage of Cell MainMemory_data_sram  ( met2 )
Bounds : ( 807.900, 348.480 ) ( 810.900, 348.880 )


SHORT: ( Metal Short ) Special Wire of Net VSS & Blockage of Cell MainMemory_data_sram  ( met2 )
Bounds : ( 807.900, 356.760 ) ( 810.900, 357.160 )


SHORT: ( Metal Short ) Special Wire of Net VSS & Blockage of Cell MainMemory_data_sram  ( met2 )
Bounds : ( 807.900, 365.040 ) ( 810.900, 365.440 )


SHORT: ( Metal Short ) Special Wire of Net VDD & Blockage of Cell MainMemory_data_sram  ( met2 )
Bounds : ( 834.900, 327.780 ) ( 837.900, 328.180 )


SHORT: ( Metal Short ) Special Wire of Net VDD & Blockage of Cell MainMemory_data_sram  ( met2 )
Bounds : ( 834.900, 336.060 ) ( 837.900, 336.460 )


SHORT: ( Metal Short ) Special Wire of Net VDD & Blockage of Cell MainMemory_data_sram  ( met2 )
Bounds : ( 834.900, 344.340 ) ( 837.900, 344.740 )


SHORT: ( Metal Short ) Special Wire of Net VDD & Blockage of Cell MainMemory_data_sram  ( met2 )
Bounds : ( 834.900, 352.620 ) ( 837.900, 353.020 )


SHORT: ( Metal Short ) Special Wire of Net VDD & Blockage of Cell MainMemory_data_sram  ( met2 )
Bounds : ( 834.900, 360.900 ) ( 837.900, 361.300 )


SHORT: ( Metal Short ) Special Wire of Net VSS & Blockage of Cell MainMemory_data_sram  ( met3 )
Bounds : ( 807.900, 331.920 ) ( 810.900, 332.320 )


SHORT: ( Metal Short ) Special Wire of Net VSS & Blockage of Cell MainMemory_data_sram  ( met3 )
Bounds : ( 807.900, 340.200 ) ( 810.900, 340.600 )


SHORT: ( Metal Short ) Special Wire of Net VSS & Blockage of Cell MainMemory_data_sram  ( met3 )
Bounds : ( 807.900, 348.480 ) ( 810.900, 348.880 )


SHORT: ( Metal Short ) Special Wire of Net VSS & Blockage of Cell MainMemory_data_sram  ( met3 )
Bounds : ( 807.900, 356.760 ) ( 810.900, 357.160 )


SHORT: ( Metal Short ) Special Wire of Net VSS & Blockage of Cell MainMemory_data_sram  ( met3 )
Bounds : ( 807.900, 365.040 ) ( 810.900, 365.440 )


SHORT: ( Metal Short ) Special Wire of Net VDD & Blockage of Cell MainMemory_data_sram  ( met3 )
Bounds : ( 834.900, 327.780 ) ( 837.900, 328.180 )


SHORT: ( Metal Short ) Special Wire of Net VDD & Blockage of Cell MainMemory_data_sram  ( met3 )
Bounds : ( 834.900, 336.060 ) ( 837.900, 336.460 )


SHORT: ( Metal Short ) Special Wire of Net VDD & Blockage of Cell MainMemory_data_sram  ( met3 )
Bounds : ( 834.900, 344.340 ) ( 837.900, 344.740 )


SHORT: ( Metal Short ) Special Wire of Net VDD & Blockage of Cell MainMemory_data_sram  ( met3 )
Bounds : ( 834.900, 352.620 ) ( 837.900, 353.020 )


SHORT: ( Metal Short ) Special Wire of Net VDD & Blockage of Cell MainMemory_data_sram  ( met3 )
Bounds : ( 834.900, 360.900 ) ( 837.900, 361.300 )


SHORT: ( Metal Short ) Special Wire of Net VSS & Blockage of Cell MainMemory_data_sram  ( met2 )
Bounds : ( 757.900, 331.920 ) ( 760.900, 332.320 )


SHORT: ( Metal Short ) Special Wire of Net VSS & Blockage of Cell MainMemory_data_sram  ( met2 )
Bounds : ( 757.900, 340.200 ) ( 760.900, 340.600 )


SHORT: ( Metal Short ) Special Wire of Net VSS & Blockage of Cell MainMemory_data_sram  ( met2 )
Bounds : ( 757.900, 348.480 ) ( 760.900, 348.880 )


SHORT: ( Metal Short ) Special Wire of Net VSS & Blockage of Cell MainMemory_data_sram  ( met2 )
Bounds : ( 757.900, 356.760 ) ( 760.900, 357.160 )


SHORT: ( Metal Short ) Special Wire of Net VSS & Blockage of Cell MainMemory_data_sram  ( met2 )
Bounds : ( 757.900, 365.040 ) ( 760.900, 365.440 )


SHORT: ( Metal Short ) Special Wire of Net VDD & Blockage of Cell MainMemory_data_sram  ( met2 )
Bounds : ( 784.900, 327.780 ) ( 787.900, 328.180 )


SHORT: ( Metal Short ) Special Wire of Net VDD & Blockage of Cell MainMemory_data_sram  ( met2 )
Bounds : ( 784.900, 336.060 ) ( 787.900, 336.460 )


SHORT: ( Metal Short ) Special Wire of Net VDD & Blockage of Cell MainMemory_data_sram  ( met2 )
Bounds : ( 784.900, 344.340 ) ( 787.900, 344.740 )


SHORT: ( Metal Short ) Special Wire of Net VDD & Blockage of Cell MainMemory_data_sram  ( met2 )
Bounds : ( 784.900, 352.620 ) ( 787.900, 353.020 )


SHORT: ( Metal Short ) Special Wire of Net VDD & Blockage of Cell MainMemory_data_sram  ( met2 )
Bounds : ( 784.900, 360.900 ) ( 787.900, 361.300 )


SHORT: ( Metal Short ) Special Wire of Net VSS & Blockage of Cell MainMemory_data_sram  ( met3 )
Bounds : ( 757.900, 331.920 ) ( 760.900, 332.320 )


SHORT: ( Metal Short ) Special Wire of Net VSS & Blockage of Cell MainMemory_data_sram  ( met3 )
Bounds : ( 757.900, 340.200 ) ( 760.900, 340.600 )


SHORT: ( Metal Short ) Special Wire of Net VSS & Blockage of Cell MainMemory_data_sram  ( met3 )
Bounds : ( 757.900, 348.480 ) ( 760.900, 348.880 )


SHORT: ( Metal Short ) Special Wire of Net VSS & Blockage of Cell MainMemory_data_sram  ( met3 )
Bounds : ( 757.900, 356.760 ) ( 760.900, 357.160 )


SHORT: ( Metal Short ) Special Wire of Net VSS & Blockage of Cell MainMemory_data_sram  ( met3 )
Bounds : ( 757.900, 365.040 ) ( 760.900, 365.440 )


SHORT: ( Metal Short ) Special Wire of Net VDD & Blockage of Cell MainMemory_data_sram  ( met3 )
Bounds : ( 784.900, 327.780 ) ( 787.900, 328.180 )


SHORT: ( Metal Short ) Special Wire of Net VDD & Blockage of Cell MainMemory_data_sram  ( met3 )
Bounds : ( 784.900, 336.060 ) ( 787.900, 336.460 )


SHORT: ( Metal Short ) Special Wire of Net VDD & Blockage of Cell MainMemory_data_sram  ( met3 )
Bounds : ( 784.900, 344.340 ) ( 787.900, 344.740 )


SHORT: ( Metal Short ) Special Wire of Net VDD & Blockage of Cell MainMemory_data_sram  ( met3 )
Bounds : ( 784.900, 352.620 ) ( 787.900, 353.020 )


SHORT: ( Metal Short ) Special Wire of Net VDD & Blockage of Cell MainMemory_data_sram  ( met3 )
Bounds : ( 784.900, 360.900 ) ( 787.900, 361.300 )


SHORT: ( Metal Short ) Special Wire of Net VDD & Blockage of Cell MainMemory_data_sram  ( met2 )
Bounds : ( 684.900, 369.180 ) ( 687.900, 369.580 )


SHORT: ( Metal Short ) Special Wire of Net VDD & Blockage of Cell MainMemory_data_sram  ( met3 )
Bounds : ( 684.900, 369.180 ) ( 687.900, 369.580 )


SHORT: ( Metal Short ) Special Wire of Net VSS & Blockage of Cell MainMemory_data_sram  ( met2 )
Bounds : ( 707.900, 373.320 ) ( 710.900, 373.720 )


SHORT: ( Metal Short ) Special Wire of Net VDD & Blockage of Cell MainMemory_data_sram  ( met2 )
Bounds : ( 734.900, 369.180 ) ( 737.900, 369.580 )


SHORT: ( Metal Short ) Special Wire of Net VSS & Blockage of Cell MainMemory_data_sram  ( met3 )
Bounds : ( 707.900, 373.320 ) ( 710.900, 373.720 )


SHORT: ( Metal Short ) Special Wire of Net VDD & Blockage of Cell MainMemory_data_sram  ( met3 )
Bounds : ( 734.900, 369.180 ) ( 737.900, 369.580 )


SHORT: ( Metal Short ) Special Wire of Net VDD & Blockage of Cell MainMemory_data_sram  ( met2 )
Bounds : ( 684.900, 377.460 ) ( 687.900, 377.860 )


SHORT: ( Metal Short ) Special Wire of Net VDD & Blockage of Cell MainMemory_data_sram  ( met2 )
Bounds : ( 684.900, 385.740 ) ( 687.900, 386.140 )


SHORT: ( Metal Short ) Special Wire of Net VDD & Blockage of Cell MainMemory_data_sram  ( met2 )
Bounds : ( 684.900, 394.020 ) ( 687.900, 394.420 )


SHORT: ( Metal Short ) Special Wire of Net VDD & Blockage of Cell MainMemory_data_sram  ( met2 )
Bounds : ( 684.900, 402.300 ) ( 687.900, 402.700 )


SHORT: ( Metal Short ) Special Wire of Net VDD & Blockage of Cell MainMemory_data_sram  ( met3 )
Bounds : ( 684.900, 377.460 ) ( 687.900, 377.860 )


SHORT: ( Metal Short ) Special Wire of Net VDD & Blockage of Cell MainMemory_data_sram  ( met3 )
Bounds : ( 684.900, 385.740 ) ( 687.900, 386.140 )


SHORT: ( Metal Short ) Special Wire of Net VDD & Blockage of Cell MainMemory_data_sram  ( met3 )
Bounds : ( 684.900, 394.020 ) ( 687.900, 394.420 )


SHORT: ( Metal Short ) Special Wire of Net VDD & Blockage of Cell MainMemory_data_sram  ( met3 )
Bounds : ( 684.900, 402.300 ) ( 687.900, 402.700 )


SHORT: ( Metal Short ) Special Wire of Net VSS & Blockage of Cell MainMemory_data_sram  ( met2 )
Bounds : ( 707.900, 381.600 ) ( 710.900, 382.000 )


SHORT: ( Metal Short ) Special Wire of Net VSS & Blockage of Cell MainMemory_data_sram  ( met2 )
Bounds : ( 707.900, 389.880 ) ( 710.900, 390.280 )


SHORT: ( Metal Short ) Special Wire of Net VSS & Blockage of Cell MainMemory_data_sram  ( met2 )
Bounds : ( 707.900, 398.160 ) ( 710.900, 398.560 )


SHORT: ( Metal Short ) Special Wire of Net VDD & Blockage of Cell MainMemory_data_sram  ( met2 )
Bounds : ( 734.900, 377.460 ) ( 737.900, 377.860 )


SHORT: ( Metal Short ) Special Wire of Net VDD & Blockage of Cell MainMemory_data_sram  ( met2 )
Bounds : ( 734.900, 385.740 ) ( 737.900, 386.140 )


SHORT: ( Metal Short ) Special Wire of Net VDD & Blockage of Cell MainMemory_data_sram  ( met2 )
Bounds : ( 734.900, 394.020 ) ( 737.900, 394.420 )


SHORT: ( Metal Short ) Special Wire of Net VDD & Blockage of Cell MainMemory_data_sram  ( met2 )
Bounds : ( 734.900, 402.300 ) ( 737.900, 402.700 )


SHORT: ( Metal Short ) Special Wire of Net VSS & Blockage of Cell MainMemory_data_sram  ( met3 )
Bounds : ( 707.900, 381.600 ) ( 710.900, 382.000 )


SHORT: ( Metal Short ) Special Wire of Net VSS & Blockage of Cell MainMemory_data_sram  ( met3 )
Bounds : ( 707.900, 389.880 ) ( 710.900, 390.280 )


SHORT: ( Metal Short ) Special Wire of Net VSS & Blockage of Cell MainMemory_data_sram  ( met3 )
Bounds : ( 707.900, 398.160 ) ( 710.900, 398.560 )


SHORT: ( Metal Short ) Special Wire of Net VDD & Blockage of Cell MainMemory_data_sram  ( met3 )
Bounds : ( 734.900, 377.460 ) ( 737.900, 377.860 )


SHORT: ( Metal Short ) Special Wire of Net VDD & Blockage of Cell MainMemory_data_sram  ( met3 )
Bounds : ( 734.900, 385.740 ) ( 737.900, 386.140 )


SHORT: ( Metal Short ) Special Wire of Net VDD & Blockage of Cell MainMemory_data_sram  ( met3 )
Bounds : ( 734.900, 394.020 ) ( 737.900, 394.420 )


SHORT: ( Metal Short ) Special Wire of Net VDD & Blockage of Cell MainMemory_data_sram  ( met3 )
Bounds : ( 734.900, 402.300 ) ( 737.900, 402.700 )


SHORT: ( Metal Short ) Special Wire of Net VDD & Blockage of Cell MainMemory_data_sram  ( met2 )
Bounds : ( 734.900, 327.780 ) ( 737.900, 328.180 )


SHORT: ( Metal Short ) Special Wire of Net VDD & Blockage of Cell MainMemory_data_sram  ( met2 )
Bounds : ( 734.900, 336.060 ) ( 737.900, 336.460 )


SHORT: ( Metal Short ) Special Wire of Net VDD & Blockage of Cell MainMemory_data_sram  ( met2 )
Bounds : ( 734.900, 344.340 ) ( 737.900, 344.740 )


SHORT: ( Metal Short ) Special Wire of Net VDD & Blockage of Cell MainMemory_data_sram  ( met2 )
Bounds : ( 734.900, 352.620 ) ( 737.900, 353.020 )


SHORT: ( Metal Short ) Special Wire of Net VDD & Blockage of Cell MainMemory_data_sram  ( met2 )
Bounds : ( 734.900, 360.900 ) ( 737.900, 361.300 )


SHORT: ( Metal Short ) Special Wire of Net VDD & Blockage of Cell MainMemory_data_sram  ( met3 )
Bounds : ( 734.900, 327.780 ) ( 737.900, 328.180 )


SHORT: ( Metal Short ) Special Wire of Net VDD & Blockage of Cell MainMemory_data_sram  ( met3 )
Bounds : ( 734.900, 336.060 ) ( 737.900, 336.460 )


SHORT: ( Metal Short ) Special Wire of Net VDD & Blockage of Cell MainMemory_data_sram  ( met3 )
Bounds : ( 734.900, 344.340 ) ( 737.900, 344.740 )


SHORT: ( Metal Short ) Special Wire of Net VDD & Blockage of Cell MainMemory_data_sram  ( met3 )
Bounds : ( 734.900, 352.620 ) ( 737.900, 353.020 )


SHORT: ( Metal Short ) Special Wire of Net VDD & Blockage of Cell MainMemory_data_sram  ( met3 )
Bounds : ( 734.900, 360.900 ) ( 737.900, 361.300 )


SHORT: ( Metal Short ) Special Wire of Net VDD & Blockage of Cell MainMemory_data_sram  ( met2 )
Bounds : ( 684.900, 327.780 ) ( 687.900, 328.180 )


SHORT: ( Metal Short ) Special Wire of Net VDD & Blockage of Cell MainMemory_data_sram  ( met2 )
Bounds : ( 684.900, 336.060 ) ( 687.900, 336.460 )


SHORT: ( Metal Short ) Special Wire of Net VDD & Blockage of Cell MainMemory_data_sram  ( met2 )
Bounds : ( 684.900, 344.340 ) ( 687.900, 344.740 )


SHORT: ( Metal Short ) Special Wire of Net VDD & Blockage of Cell MainMemory_data_sram  ( met2 )
Bounds : ( 684.900, 352.620 ) ( 687.900, 353.020 )


SHORT: ( Metal Short ) Special Wire of Net VDD & Blockage of Cell MainMemory_data_sram  ( met2 )
Bounds : ( 684.900, 360.900 ) ( 687.900, 361.300 )


SHORT: ( Metal Short ) Special Wire of Net VDD & Blockage of Cell MainMemory_data_sram  ( met3 )
Bounds : ( 684.900, 327.780 ) ( 687.900, 328.180 )


SHORT: ( Metal Short ) Special Wire of Net VDD & Blockage of Cell MainMemory_data_sram  ( met3 )
Bounds : ( 684.900, 336.060 ) ( 687.900, 336.460 )


SHORT: ( Metal Short ) Special Wire of Net VDD & Blockage of Cell MainMemory_data_sram  ( met3 )
Bounds : ( 684.900, 344.340 ) ( 687.900, 344.740 )


SHORT: ( Metal Short ) Special Wire of Net VDD & Blockage of Cell MainMemory_data_sram  ( met3 )
Bounds : ( 684.900, 352.620 ) ( 687.900, 353.020 )


SHORT: ( Metal Short ) Special Wire of Net VDD & Blockage of Cell MainMemory_data_sram  ( met3 )
Bounds : ( 684.900, 360.900 ) ( 687.900, 361.300 )


SHORT: ( Metal Short ) Special Wire of Net VSS & Blockage of Cell MainMemory_data_sram  ( met2 )
Bounds : ( 707.900, 331.920 ) ( 710.900, 332.320 )


SHORT: ( Metal Short ) Special Wire of Net VSS & Blockage of Cell MainMemory_data_sram  ( met2 )
Bounds : ( 707.900, 340.200 ) ( 710.900, 340.600 )


SHORT: ( Metal Short ) Special Wire of Net VSS & Blockage of Cell MainMemory_data_sram  ( met2 )
Bounds : ( 707.900, 348.480 ) ( 710.900, 348.880 )


SHORT: ( Metal Short ) Special Wire of Net VSS & Blockage of Cell MainMemory_data_sram  ( met2 )
Bounds : ( 707.900, 356.760 ) ( 710.900, 357.160 )


SHORT: ( Metal Short ) Special Wire of Net VSS & Blockage of Cell MainMemory_data_sram  ( met2 )
Bounds : ( 707.900, 365.040 ) ( 710.900, 365.440 )


SHORT: ( Metal Short ) Special Wire of Net VSS & Blockage of Cell MainMemory_data_sram  ( met3 )
Bounds : ( 707.900, 331.920 ) ( 710.900, 332.320 )


SHORT: ( Metal Short ) Special Wire of Net VSS & Blockage of Cell MainMemory_data_sram  ( met3 )
Bounds : ( 707.900, 340.200 ) ( 710.900, 340.600 )


SHORT: ( Metal Short ) Special Wire of Net VSS & Blockage of Cell MainMemory_data_sram  ( met3 )
Bounds : ( 707.900, 348.480 ) ( 710.900, 348.880 )


SHORT: ( Metal Short ) Special Wire of Net VSS & Blockage of Cell MainMemory_data_sram  ( met3 )
Bounds : ( 707.900, 356.760 ) ( 710.900, 357.160 )


SHORT: ( Metal Short ) Special Wire of Net VSS & Blockage of Cell MainMemory_data_sram  ( met3 )
Bounds : ( 707.900, 365.040 ) ( 710.900, 365.440 )


SHORT: ( Metal Short ) Special Wire of Net VSS & Blockage of Cell MainMemory_data_sram  ( met2 )
Bounds : ( 707.900, 406.440 ) ( 710.900, 406.840 )


SHORT: ( Metal Short ) Special Wire of Net VSS & Blockage of Cell MainMemory_data_sram  ( met2 )
Bounds : ( 757.900, 406.440 ) ( 760.900, 406.840 )


SHORT: ( Metal Short ) Special Wire of Net VSS & Blockage of Cell MainMemory_data_sram  ( met2 )
Bounds : ( 807.900, 406.440 ) ( 810.900, 406.840 )


SHORT: ( Metal Short ) Special Wire of Net VSS & Blockage of Cell MainMemory_data_sram  ( met3 )
Bounds : ( 707.900, 406.440 ) ( 710.900, 406.840 )


SHORT: ( Metal Short ) Special Wire of Net VSS & Blockage of Cell MainMemory_data_sram  ( met3 )
Bounds : ( 757.900, 406.440 ) ( 760.900, 406.840 )


SHORT: ( Metal Short ) Special Wire of Net VSS & Blockage of Cell MainMemory_data_sram  ( met3 )
Bounds : ( 807.900, 406.440 ) ( 810.900, 406.840 )


SHORT: ( Metal Short ) Special Wire of Net VSS & Blockage of Cell MainMemory_data_sram  ( met2 )
Bounds : ( 657.900, 447.840 ) ( 660.900, 448.240 )


SHORT: ( Metal Short ) Special Wire of Net VSS & Blockage of Cell MainMemory_data_sram  ( met2 )
Bounds : ( 657.900, 456.120 ) ( 660.900, 456.520 )


SHORT: ( Metal Short ) Special Wire of Net VSS & Blockage of Cell MainMemory_data_sram  ( met2 )
Bounds : ( 657.900, 464.400 ) ( 660.900, 464.800 )


SHORT: ( Metal Short ) Special Wire of Net VSS & Blockage of Cell MainMemory_data_sram  ( met2 )
Bounds : ( 657.900, 472.680 ) ( 660.900, 473.080 )


SHORT: ( Metal Short ) Special Wire of Net VSS & Blockage of Cell MainMemory_data_sram  ( met2 )
Bounds : ( 657.900, 480.960 ) ( 660.900, 481.360 )


SHORT: ( Metal Short ) Special Wire of Net VSS & Blockage of Cell MainMemory_data_sram  ( met3 )
Bounds : ( 657.900, 447.840 ) ( 660.900, 448.240 )


SHORT: ( Metal Short ) Special Wire of Net VSS & Blockage of Cell MainMemory_data_sram  ( met3 )
Bounds : ( 657.900, 456.120 ) ( 660.900, 456.520 )


SHORT: ( Metal Short ) Special Wire of Net VSS & Blockage of Cell MainMemory_data_sram  ( met3 )
Bounds : ( 657.900, 464.400 ) ( 660.900, 464.800 )


SHORT: ( Metal Short ) Special Wire of Net VSS & Blockage of Cell MainMemory_data_sram  ( met3 )
Bounds : ( 657.900, 472.680 ) ( 660.900, 473.080 )


SHORT: ( Metal Short ) Special Wire of Net VSS & Blockage of Cell MainMemory_data_sram  ( met3 )
Bounds : ( 657.900, 480.960 ) ( 660.900, 481.360 )


SHORT: ( Metal Short ) Special Wire of Net VSS & Blockage of Cell MainMemory_data_sram  ( met2 )
Bounds : ( 607.900, 447.840 ) ( 610.900, 448.240 )


SHORT: ( Metal Short ) Special Wire of Net VSS & Blockage of Cell MainMemory_data_sram  ( met2 )
Bounds : ( 607.900, 456.120 ) ( 610.900, 456.520 )


SHORT: ( Metal Short ) Special Wire of Net VSS & Blockage of Cell MainMemory_data_sram  ( met2 )
Bounds : ( 607.900, 464.400 ) ( 610.900, 464.800 )


SHORT: ( Metal Short ) Special Wire of Net VSS & Blockage of Cell MainMemory_data_sram  ( met2 )
Bounds : ( 607.900, 472.680 ) ( 610.900, 473.080 )


SHORT: ( Metal Short ) Special Wire of Net VSS & Blockage of Cell MainMemory_data_sram  ( met2 )
Bounds : ( 607.900, 480.960 ) ( 610.900, 481.360 )


SHORT: ( Metal Short ) Special Wire of Net VSS & Blockage of Cell MainMemory_data_sram  ( met3 )
Bounds : ( 607.900, 447.840 ) ( 610.900, 448.240 )


SHORT: ( Metal Short ) Special Wire of Net VSS & Blockage of Cell MainMemory_data_sram  ( met3 )
Bounds : ( 607.900, 456.120 ) ( 610.900, 456.520 )


SHORT: ( Metal Short ) Special Wire of Net VSS & Blockage of Cell MainMemory_data_sram  ( met3 )
Bounds : ( 607.900, 464.400 ) ( 610.900, 464.800 )


SHORT: ( Metal Short ) Special Wire of Net VSS & Blockage of Cell MainMemory_data_sram  ( met3 )
Bounds : ( 607.900, 472.680 ) ( 610.900, 473.080 )


SHORT: ( Metal Short ) Special Wire of Net VSS & Blockage of Cell MainMemory_data_sram  ( met3 )
Bounds : ( 607.900, 480.960 ) ( 610.900, 481.360 )


SHORT: ( Metal Short ) Special Wire of Net VDD & Blockage of Cell MainMemory_data_sram  ( met2 )
Bounds : ( 634.900, 451.980 ) ( 637.900, 452.380 )


SHORT: ( Metal Short ) Special Wire of Net VDD & Blockage of Cell MainMemory_data_sram  ( met2 )
Bounds : ( 634.900, 460.260 ) ( 637.900, 460.660 )


SHORT: ( Metal Short ) Special Wire of Net VDD & Blockage of Cell MainMemory_data_sram  ( met2 )
Bounds : ( 634.900, 468.540 ) ( 637.900, 468.940 )


SHORT: ( Metal Short ) Special Wire of Net VDD & Blockage of Cell MainMemory_data_sram  ( met2 )
Bounds : ( 634.900, 476.820 ) ( 637.900, 477.220 )


SHORT: ( Metal Short ) Special Wire of Net VDD & Blockage of Cell MainMemory_data_sram  ( met2 )
Bounds : ( 634.900, 485.100 ) ( 637.900, 485.500 )


SHORT: ( Metal Short ) Special Wire of Net VDD & Blockage of Cell MainMemory_data_sram  ( met3 )
Bounds : ( 634.900, 451.980 ) ( 637.900, 452.380 )


SHORT: ( Metal Short ) Special Wire of Net VDD & Blockage of Cell MainMemory_data_sram  ( met3 )
Bounds : ( 634.900, 460.260 ) ( 637.900, 460.660 )


SHORT: ( Metal Short ) Special Wire of Net VDD & Blockage of Cell MainMemory_data_sram  ( met3 )
Bounds : ( 634.900, 468.540 ) ( 637.900, 468.940 )


SHORT: ( Metal Short ) Special Wire of Net VDD & Blockage of Cell MainMemory_data_sram  ( met3 )
Bounds : ( 634.900, 476.820 ) ( 637.900, 477.220 )


SHORT: ( Metal Short ) Special Wire of Net VDD & Blockage of Cell MainMemory_data_sram  ( met3 )
Bounds : ( 634.900, 485.100 ) ( 637.900, 485.500 )


SHORT: ( Metal Short ) Special Wire of Net VSS & Blockage of Cell MainMemory_data_sram  ( met2 )
Bounds : ( 607.900, 414.720 ) ( 610.900, 415.120 )


SHORT: ( Metal Short ) Special Wire of Net VSS & Blockage of Cell MainMemory_data_sram  ( met2 )
Bounds : ( 607.900, 423.000 ) ( 610.900, 423.400 )


SHORT: ( Metal Short ) Special Wire of Net VSS & Blockage of Cell MainMemory_data_sram  ( met2 )
Bounds : ( 607.900, 431.280 ) ( 610.900, 431.680 )


SHORT: ( Metal Short ) Special Wire of Net VSS & Blockage of Cell MainMemory_data_sram  ( met2 )
Bounds : ( 607.900, 439.560 ) ( 610.900, 439.960 )


SHORT: ( Metal Short ) Special Wire of Net VDD & Blockage of Cell MainMemory_data_sram  ( met2 )
Bounds : ( 634.900, 410.580 ) ( 637.900, 410.980 )


SHORT: ( Metal Short ) Special Wire of Net VDD & Blockage of Cell MainMemory_data_sram  ( met2 )
Bounds : ( 634.900, 418.860 ) ( 637.900, 419.260 )


SHORT: ( Metal Short ) Special Wire of Net VDD & Blockage of Cell MainMemory_data_sram  ( met2 )
Bounds : ( 634.900, 427.140 ) ( 637.900, 427.540 )


SHORT: ( Metal Short ) Special Wire of Net VDD & Blockage of Cell MainMemory_data_sram  ( met2 )
Bounds : ( 634.900, 435.420 ) ( 637.900, 435.820 )


SHORT: ( Metal Short ) Special Wire of Net VDD & Blockage of Cell MainMemory_data_sram  ( met2 )
Bounds : ( 634.900, 443.700 ) ( 637.900, 444.100 )


SHORT: ( Metal Short ) Special Wire of Net VSS & Blockage of Cell MainMemory_data_sram  ( met2 )
Bounds : ( 657.900, 414.720 ) ( 660.900, 415.120 )


SHORT: ( Metal Short ) Special Wire of Net VSS & Blockage of Cell MainMemory_data_sram  ( met2 )
Bounds : ( 657.900, 423.000 ) ( 660.900, 423.400 )


SHORT: ( Metal Short ) Special Wire of Net VSS & Blockage of Cell MainMemory_data_sram  ( met2 )
Bounds : ( 657.900, 431.280 ) ( 660.900, 431.680 )


SHORT: ( Metal Short ) Special Wire of Net VSS & Blockage of Cell MainMemory_data_sram  ( met2 )
Bounds : ( 657.900, 439.560 ) ( 660.900, 439.960 )


SHORT: ( Metal Short ) Special Wire of Net VSS & Blockage of Cell MainMemory_data_sram  ( met3 )
Bounds : ( 607.900, 414.720 ) ( 610.900, 415.120 )


SHORT: ( Metal Short ) Special Wire of Net VSS & Blockage of Cell MainMemory_data_sram  ( met3 )
Bounds : ( 607.900, 423.000 ) ( 610.900, 423.400 )


SHORT: ( Metal Short ) Special Wire of Net VSS & Blockage of Cell MainMemory_data_sram  ( met3 )
Bounds : ( 607.900, 431.280 ) ( 610.900, 431.680 )


SHORT: ( Metal Short ) Special Wire of Net VSS & Blockage of Cell MainMemory_data_sram  ( met3 )
Bounds : ( 607.900, 439.560 ) ( 610.900, 439.960 )


SHORT: ( Metal Short ) Special Wire of Net VDD & Blockage of Cell MainMemory_data_sram  ( met3 )
Bounds : ( 634.900, 410.580 ) ( 637.900, 410.980 )


SHORT: ( Metal Short ) Special Wire of Net VDD & Blockage of Cell MainMemory_data_sram  ( met3 )
Bounds : ( 634.900, 418.860 ) ( 637.900, 419.260 )


SHORT: ( Metal Short ) Special Wire of Net VDD & Blockage of Cell MainMemory_data_sram  ( met3 )
Bounds : ( 634.900, 427.140 ) ( 637.900, 427.540 )


SHORT: ( Metal Short ) Special Wire of Net VDD & Blockage of Cell MainMemory_data_sram  ( met3 )
Bounds : ( 634.900, 435.420 ) ( 637.900, 435.820 )


SHORT: ( Metal Short ) Special Wire of Net VDD & Blockage of Cell MainMemory_data_sram  ( met3 )
Bounds : ( 634.900, 443.700 ) ( 637.900, 444.100 )


SHORT: ( Metal Short ) Special Wire of Net VSS & Blockage of Cell MainMemory_data_sram  ( met3 )
Bounds : ( 657.900, 414.720 ) ( 660.900, 415.120 )


SHORT: ( Metal Short ) Special Wire of Net VSS & Blockage of Cell MainMemory_data_sram  ( met3 )
Bounds : ( 657.900, 423.000 ) ( 660.900, 423.400 )


SHORT: ( Metal Short ) Special Wire of Net VSS & Blockage of Cell MainMemory_data_sram  ( met3 )
Bounds : ( 657.900, 431.280 ) ( 660.900, 431.680 )


SHORT: ( Metal Short ) Special Wire of Net VSS & Blockage of Cell MainMemory_data_sram  ( met3 )
Bounds : ( 657.900, 439.560 ) ( 660.900, 439.960 )


SHORT: ( Metal Short ) Special Wire of Net VSS & Blockage of Cell MainMemory_data_sram  ( met2 )
Bounds : ( 557.900, 447.840 ) ( 560.900, 448.240 )


SHORT: ( Metal Short ) Special Wire of Net VSS & Blockage of Cell MainMemory_data_sram  ( met2 )
Bounds : ( 557.900, 456.120 ) ( 560.900, 456.520 )


SHORT: ( Metal Short ) Special Wire of Net VSS & Blockage of Cell MainMemory_data_sram  ( met2 )
Bounds : ( 557.900, 464.400 ) ( 560.900, 464.800 )


SHORT: ( Metal Short ) Special Wire of Net VSS & Blockage of Cell MainMemory_data_sram  ( met2 )
Bounds : ( 557.900, 472.680 ) ( 560.900, 473.080 )


SHORT: ( Metal Short ) Special Wire of Net VSS & Blockage of Cell MainMemory_data_sram  ( met2 )
Bounds : ( 557.900, 480.960 ) ( 560.900, 481.360 )


SHORT: ( Metal Short ) Special Wire of Net VDD & Blockage of Cell MainMemory_data_sram  ( met2 )
Bounds : ( 584.900, 451.980 ) ( 587.900, 452.380 )


SHORT: ( Metal Short ) Special Wire of Net VDD & Blockage of Cell MainMemory_data_sram  ( met2 )
Bounds : ( 584.900, 460.260 ) ( 587.900, 460.660 )


SHORT: ( Metal Short ) Special Wire of Net VDD & Blockage of Cell MainMemory_data_sram  ( met2 )
Bounds : ( 584.900, 468.540 ) ( 587.900, 468.940 )


SHORT: ( Metal Short ) Special Wire of Net VDD & Blockage of Cell MainMemory_data_sram  ( met2 )
Bounds : ( 584.900, 476.820 ) ( 587.900, 477.220 )


SHORT: ( Metal Short ) Special Wire of Net VDD & Blockage of Cell MainMemory_data_sram  ( met2 )
Bounds : ( 584.900, 485.100 ) ( 587.900, 485.500 )


SHORT: ( Metal Short ) Special Wire of Net VSS & Blockage of Cell MainMemory_data_sram  ( met3 )
Bounds : ( 557.900, 447.840 ) ( 560.900, 448.240 )


SHORT: ( Metal Short ) Special Wire of Net VSS & Blockage of Cell MainMemory_data_sram  ( met3 )
Bounds : ( 557.900, 456.120 ) ( 560.900, 456.520 )


SHORT: ( Metal Short ) Special Wire of Net VSS & Blockage of Cell MainMemory_data_sram  ( met3 )
Bounds : ( 557.900, 464.400 ) ( 560.900, 464.800 )


SHORT: ( Metal Short ) Special Wire of Net VSS & Blockage of Cell MainMemory_data_sram  ( met3 )
Bounds : ( 557.900, 472.680 ) ( 560.900, 473.080 )


SHORT: ( Metal Short ) Special Wire of Net VSS & Blockage of Cell MainMemory_data_sram  ( met3 )
Bounds : ( 557.900, 480.960 ) ( 560.900, 481.360 )


SHORT: ( Metal Short ) Special Wire of Net VDD & Blockage of Cell MainMemory_data_sram  ( met3 )
Bounds : ( 584.900, 451.980 ) ( 587.900, 452.380 )


SHORT: ( Metal Short ) Special Wire of Net VDD & Blockage of Cell MainMemory_data_sram  ( met3 )
Bounds : ( 584.900, 460.260 ) ( 587.900, 460.660 )


SHORT: ( Metal Short ) Special Wire of Net VDD & Blockage of Cell MainMemory_data_sram  ( met3 )
Bounds : ( 584.900, 468.540 ) ( 587.900, 468.940 )


SHORT: ( Metal Short ) Special Wire of Net VDD & Blockage of Cell MainMemory_data_sram  ( met3 )
Bounds : ( 584.900, 476.820 ) ( 587.900, 477.220 )


SHORT: ( Metal Short ) Special Wire of Net VDD & Blockage of Cell MainMemory_data_sram  ( met3 )
Bounds : ( 584.900, 485.100 ) ( 587.900, 485.500 )


SHORT: ( Metal Short ) Special Wire of Net VDD & Blockage of Cell MainMemory_data_sram  ( met2 )
Bounds : ( 534.900, 451.980 ) ( 537.900, 452.380 )


SHORT: ( Metal Short ) Special Wire of Net VDD & Blockage of Cell MainMemory_data_sram  ( met2 )
Bounds : ( 534.900, 460.260 ) ( 537.900, 460.660 )


SHORT: ( Metal Short ) Special Wire of Net VDD & Blockage of Cell MainMemory_data_sram  ( met2 )
Bounds : ( 534.900, 468.540 ) ( 537.900, 468.940 )


SHORT: ( Metal Short ) Special Wire of Net VDD & Blockage of Cell MainMemory_data_sram  ( met2 )
Bounds : ( 534.900, 476.820 ) ( 537.900, 477.220 )


SHORT: ( Metal Short ) Special Wire of Net VDD & Blockage of Cell MainMemory_data_sram  ( met2 )
Bounds : ( 534.900, 485.100 ) ( 537.900, 485.500 )


SHORT: ( Metal Short ) Special Wire of Net VDD & Blockage of Cell MainMemory_data_sram  ( met3 )
Bounds : ( 534.900, 451.980 ) ( 537.900, 452.380 )


SHORT: ( Metal Short ) Special Wire of Net VDD & Blockage of Cell MainMemory_data_sram  ( met3 )
Bounds : ( 534.900, 460.260 ) ( 537.900, 460.660 )


SHORT: ( Metal Short ) Special Wire of Net VDD & Blockage of Cell MainMemory_data_sram  ( met3 )
Bounds : ( 534.900, 468.540 ) ( 537.900, 468.940 )


SHORT: ( Metal Short ) Special Wire of Net VDD & Blockage of Cell MainMemory_data_sram  ( met3 )
Bounds : ( 534.900, 476.820 ) ( 537.900, 477.220 )


SHORT: ( Metal Short ) Special Wire of Net VDD & Blockage of Cell MainMemory_data_sram  ( met3 )
Bounds : ( 534.900, 485.100 ) ( 537.900, 485.500 )


SHORT: ( Metal Short ) Special Wire of Net VDD & Blockage of Cell MainMemory_data_sram  ( met2 )
Bounds : ( 534.900, 410.580 ) ( 537.900, 410.980 )


SHORT: ( Metal Short ) Special Wire of Net VDD & Blockage of Cell MainMemory_data_sram  ( met2 )
Bounds : ( 534.900, 418.860 ) ( 537.900, 419.260 )


SHORT: ( Metal Short ) Special Wire of Net VDD & Blockage of Cell MainMemory_data_sram  ( met2 )
Bounds : ( 534.900, 427.140 ) ( 537.900, 427.540 )


SHORT: ( Metal Short ) Special Wire of Net VDD & Blockage of Cell MainMemory_data_sram  ( met2 )
Bounds : ( 534.900, 435.420 ) ( 537.900, 435.820 )


SHORT: ( Metal Short ) Special Wire of Net VDD & Blockage of Cell MainMemory_data_sram  ( met2 )
Bounds : ( 534.900, 443.700 ) ( 537.900, 444.100 )


SHORT: ( Metal Short ) Special Wire of Net VSS & Blockage of Cell MainMemory_data_sram  ( met2 )
Bounds : ( 557.900, 414.720 ) ( 560.900, 415.120 )


SHORT: ( Metal Short ) Special Wire of Net VSS & Blockage of Cell MainMemory_data_sram  ( met2 )
Bounds : ( 557.900, 423.000 ) ( 560.900, 423.400 )


SHORT: ( Metal Short ) Special Wire of Net VSS & Blockage of Cell MainMemory_data_sram  ( met2 )
Bounds : ( 557.900, 431.280 ) ( 560.900, 431.680 )


SHORT: ( Metal Short ) Special Wire of Net VSS & Blockage of Cell MainMemory_data_sram  ( met2 )
Bounds : ( 557.900, 439.560 ) ( 560.900, 439.960 )


SHORT: ( Metal Short ) Special Wire of Net VDD & Blockage of Cell MainMemory_data_sram  ( met2 )
Bounds : ( 584.900, 410.580 ) ( 587.900, 410.980 )


SHORT: ( Metal Short ) Special Wire of Net VDD & Blockage of Cell MainMemory_data_sram  ( met2 )
Bounds : ( 584.900, 418.860 ) ( 587.900, 419.260 )


SHORT: ( Metal Short ) Special Wire of Net VDD & Blockage of Cell MainMemory_data_sram  ( met2 )
Bounds : ( 584.900, 427.140 ) ( 587.900, 427.540 )


SHORT: ( Metal Short ) Special Wire of Net VDD & Blockage of Cell MainMemory_data_sram  ( met2 )
Bounds : ( 584.900, 435.420 ) ( 587.900, 435.820 )


SHORT: ( Metal Short ) Special Wire of Net VDD & Blockage of Cell MainMemory_data_sram  ( met2 )
Bounds : ( 584.900, 443.700 ) ( 587.900, 444.100 )


SHORT: ( Metal Short ) Special Wire of Net VDD & Blockage of Cell MainMemory_data_sram  ( met3 )
Bounds : ( 534.900, 410.580 ) ( 537.900, 410.980 )


SHORT: ( Metal Short ) Special Wire of Net VDD & Blockage of Cell MainMemory_data_sram  ( met3 )
Bounds : ( 534.900, 418.860 ) ( 537.900, 419.260 )


SHORT: ( Metal Short ) Special Wire of Net VDD & Blockage of Cell MainMemory_data_sram  ( met3 )
Bounds : ( 534.900, 427.140 ) ( 537.900, 427.540 )


SHORT: ( Metal Short ) Special Wire of Net VDD & Blockage of Cell MainMemory_data_sram  ( met3 )
Bounds : ( 534.900, 435.420 ) ( 537.900, 435.820 )


SHORT: ( Metal Short ) Special Wire of Net VDD & Blockage of Cell MainMemory_data_sram  ( met3 )
Bounds : ( 534.900, 443.700 ) ( 537.900, 444.100 )


SHORT: ( Metal Short ) Special Wire of Net VSS & Blockage of Cell MainMemory_data_sram  ( met3 )
Bounds : ( 557.900, 414.720 ) ( 560.900, 415.120 )


SHORT: ( Metal Short ) Special Wire of Net VSS & Blockage of Cell MainMemory_data_sram  ( met3 )
Bounds : ( 557.900, 423.000 ) ( 560.900, 423.400 )


SHORT: ( Metal Short ) Special Wire of Net VSS & Blockage of Cell MainMemory_data_sram  ( met3 )
Bounds : ( 557.900, 431.280 ) ( 560.900, 431.680 )


SHORT: ( Metal Short ) Special Wire of Net VSS & Blockage of Cell MainMemory_data_sram  ( met3 )
Bounds : ( 557.900, 439.560 ) ( 560.900, 439.960 )


SHORT: ( Metal Short ) Special Wire of Net VDD & Blockage of Cell MainMemory_data_sram  ( met3 )
Bounds : ( 584.900, 410.580 ) ( 587.900, 410.980 )


SHORT: ( Metal Short ) Special Wire of Net VDD & Blockage of Cell MainMemory_data_sram  ( met3 )
Bounds : ( 584.900, 418.860 ) ( 587.900, 419.260 )


SHORT: ( Metal Short ) Special Wire of Net VDD & Blockage of Cell MainMemory_data_sram  ( met3 )
Bounds : ( 584.900, 427.140 ) ( 587.900, 427.540 )


SHORT: ( Metal Short ) Special Wire of Net VDD & Blockage of Cell MainMemory_data_sram  ( met3 )
Bounds : ( 584.900, 435.420 ) ( 587.900, 435.820 )


SHORT: ( Metal Short ) Special Wire of Net VDD & Blockage of Cell MainMemory_data_sram  ( met3 )
Bounds : ( 584.900, 443.700 ) ( 587.900, 444.100 )


SHORT: ( Metal Short ) Special Wire of Net VSS & Blockage of Cell MainMemory_data_sram  ( met2 )
Bounds : ( 607.900, 373.320 ) ( 610.900, 373.720 )


SHORT: ( Metal Short ) Special Wire of Net VDD & Blockage of Cell MainMemory_data_sram  ( met2 )
Bounds : ( 634.900, 369.180 ) ( 637.900, 369.580 )


SHORT: ( Metal Short ) Special Wire of Net VSS & Blockage of Cell MainMemory_data_sram  ( met2 )
Bounds : ( 657.900, 373.320 ) ( 660.900, 373.720 )


SHORT: ( Metal Short ) Special Wire of Net VSS & Blockage of Cell MainMemory_data_sram  ( met3 )
Bounds : ( 607.900, 373.320 ) ( 610.900, 373.720 )


SHORT: ( Metal Short ) Special Wire of Net VDD & Blockage of Cell MainMemory_data_sram  ( met3 )
Bounds : ( 634.900, 369.180 ) ( 637.900, 369.580 )


SHORT: ( Metal Short ) Special Wire of Net VSS & Blockage of Cell MainMemory_data_sram  ( met3 )
Bounds : ( 657.900, 373.320 ) ( 660.900, 373.720 )


SHORT: ( Metal Short ) Special Wire of Net VSS & Blockage of Cell MainMemory_data_sram  ( met2 )
Bounds : ( 607.900, 381.600 ) ( 610.900, 382.000 )


SHORT: ( Metal Short ) Special Wire of Net VSS & Blockage of Cell MainMemory_data_sram  ( met2 )
Bounds : ( 607.900, 389.880 ) ( 610.900, 390.280 )


SHORT: ( Metal Short ) Special Wire of Net VSS & Blockage of Cell MainMemory_data_sram  ( met2 )
Bounds : ( 607.900, 398.160 ) ( 610.900, 398.560 )


SHORT: ( Metal Short ) Special Wire of Net VDD & Blockage of Cell MainMemory_data_sram  ( met2 )
Bounds : ( 634.900, 377.460 ) ( 637.900, 377.860 )


SHORT: ( Metal Short ) Special Wire of Net VDD & Blockage of Cell MainMemory_data_sram  ( met2 )
Bounds : ( 634.900, 385.740 ) ( 637.900, 386.140 )


SHORT: ( Metal Short ) Special Wire of Net VDD & Blockage of Cell MainMemory_data_sram  ( met2 )
Bounds : ( 634.900, 394.020 ) ( 637.900, 394.420 )


SHORT: ( Metal Short ) Special Wire of Net VDD & Blockage of Cell MainMemory_data_sram  ( met2 )
Bounds : ( 634.900, 402.300 ) ( 637.900, 402.700 )


SHORT: ( Metal Short ) Special Wire of Net VSS & Blockage of Cell MainMemory_data_sram  ( met2 )
Bounds : ( 657.900, 381.600 ) ( 660.900, 382.000 )


SHORT: ( Metal Short ) Special Wire of Net VSS & Blockage of Cell MainMemory_data_sram  ( met2 )
Bounds : ( 657.900, 389.880 ) ( 660.900, 390.280 )


SHORT: ( Metal Short ) Special Wire of Net VSS & Blockage of Cell MainMemory_data_sram  ( met2 )
Bounds : ( 657.900, 398.160 ) ( 660.900, 398.560 )


SHORT: ( Metal Short ) Special Wire of Net VSS & Blockage of Cell MainMemory_data_sram  ( met3 )
Bounds : ( 607.900, 381.600 ) ( 610.900, 382.000 )


SHORT: ( Metal Short ) Special Wire of Net VSS & Blockage of Cell MainMemory_data_sram  ( met3 )
Bounds : ( 607.900, 389.880 ) ( 610.900, 390.280 )


SHORT: ( Metal Short ) Special Wire of Net VSS & Blockage of Cell MainMemory_data_sram  ( met3 )
Bounds : ( 607.900, 398.160 ) ( 610.900, 398.560 )


SHORT: ( Metal Short ) Special Wire of Net VDD & Blockage of Cell MainMemory_data_sram  ( met3 )
Bounds : ( 634.900, 377.460 ) ( 637.900, 377.860 )


SHORT: ( Metal Short ) Special Wire of Net VDD & Blockage of Cell MainMemory_data_sram  ( met3 )
Bounds : ( 634.900, 385.740 ) ( 637.900, 386.140 )


SHORT: ( Metal Short ) Special Wire of Net VDD & Blockage of Cell MainMemory_data_sram  ( met3 )
Bounds : ( 634.900, 394.020 ) ( 637.900, 394.420 )


SHORT: ( Metal Short ) Special Wire of Net VDD & Blockage of Cell MainMemory_data_sram  ( met3 )
Bounds : ( 634.900, 402.300 ) ( 637.900, 402.700 )


SHORT: ( Metal Short ) Special Wire of Net VSS & Blockage of Cell MainMemory_data_sram  ( met3 )
Bounds : ( 657.900, 381.600 ) ( 660.900, 382.000 )


SHORT: ( Metal Short ) Special Wire of Net VSS & Blockage of Cell MainMemory_data_sram  ( met3 )
Bounds : ( 657.900, 389.880 ) ( 660.900, 390.280 )


SHORT: ( Metal Short ) Special Wire of Net VSS & Blockage of Cell MainMemory_data_sram  ( met3 )
Bounds : ( 657.900, 398.160 ) ( 660.900, 398.560 )


SHORT: ( Metal Short ) Special Wire of Net VSS & Blockage of Cell MainMemory_data_sram  ( met2 )
Bounds : ( 657.900, 331.920 ) ( 660.900, 332.320 )


SHORT: ( Metal Short ) Special Wire of Net VSS & Blockage of Cell MainMemory_data_sram  ( met2 )
Bounds : ( 657.900, 340.200 ) ( 660.900, 340.600 )


SHORT: ( Metal Short ) Special Wire of Net VSS & Blockage of Cell MainMemory_data_sram  ( met2 )
Bounds : ( 657.900, 348.480 ) ( 660.900, 348.880 )


SHORT: ( Metal Short ) Special Wire of Net VSS & Blockage of Cell MainMemory_data_sram  ( met2 )
Bounds : ( 657.900, 356.760 ) ( 660.900, 357.160 )


SHORT: ( Metal Short ) Special Wire of Net VSS & Blockage of Cell MainMemory_data_sram  ( met2 )
Bounds : ( 657.900, 365.040 ) ( 660.900, 365.440 )


SHORT: ( Metal Short ) Special Wire of Net VSS & Blockage of Cell MainMemory_data_sram  ( met3 )
Bounds : ( 657.900, 331.920 ) ( 660.900, 332.320 )


SHORT: ( Metal Short ) Special Wire of Net VSS & Blockage of Cell MainMemory_data_sram  ( met3 )
Bounds : ( 657.900, 340.200 ) ( 660.900, 340.600 )


SHORT: ( Metal Short ) Special Wire of Net VSS & Blockage of Cell MainMemory_data_sram  ( met3 )
Bounds : ( 657.900, 348.480 ) ( 660.900, 348.880 )


SHORT: ( Metal Short ) Special Wire of Net VSS & Blockage of Cell MainMemory_data_sram  ( met3 )
Bounds : ( 657.900, 356.760 ) ( 660.900, 357.160 )


SHORT: ( Metal Short ) Special Wire of Net VSS & Blockage of Cell MainMemory_data_sram  ( met3 )
Bounds : ( 657.900, 365.040 ) ( 660.900, 365.440 )


SHORT: ( Metal Short ) Special Wire of Net VSS & Blockage of Cell MainMemory_data_sram  ( met2 )
Bounds : ( 607.900, 331.920 ) ( 610.900, 332.320 )


SHORT: ( Metal Short ) Special Wire of Net VSS & Blockage of Cell MainMemory_data_sram  ( met2 )
Bounds : ( 607.900, 340.200 ) ( 610.900, 340.600 )


SHORT: ( Metal Short ) Special Wire of Net VSS & Blockage of Cell MainMemory_data_sram  ( met2 )
Bounds : ( 607.900, 348.480 ) ( 610.900, 348.880 )


SHORT: ( Metal Short ) Special Wire of Net VSS & Blockage of Cell MainMemory_data_sram  ( met2 )
Bounds : ( 607.900, 356.760 ) ( 610.900, 357.160 )


SHORT: ( Metal Short ) Special Wire of Net VSS & Blockage of Cell MainMemory_data_sram  ( met2 )
Bounds : ( 607.900, 365.040 ) ( 610.900, 365.440 )


SHORT: ( Metal Short ) Special Wire of Net VSS & Blockage of Cell MainMemory_data_sram  ( met3 )
Bounds : ( 607.900, 331.920 ) ( 610.900, 332.320 )


SHORT: ( Metal Short ) Special Wire of Net VSS & Blockage of Cell MainMemory_data_sram  ( met3 )
Bounds : ( 607.900, 340.200 ) ( 610.900, 340.600 )


SHORT: ( Metal Short ) Special Wire of Net VSS & Blockage of Cell MainMemory_data_sram  ( met3 )
Bounds : ( 607.900, 348.480 ) ( 610.900, 348.880 )


SHORT: ( Metal Short ) Special Wire of Net VSS & Blockage of Cell MainMemory_data_sram  ( met3 )
Bounds : ( 607.900, 356.760 ) ( 610.900, 357.160 )


SHORT: ( Metal Short ) Special Wire of Net VSS & Blockage of Cell MainMemory_data_sram  ( met3 )
Bounds : ( 607.900, 365.040 ) ( 610.900, 365.440 )


SHORT: ( Metal Short ) Special Wire of Net VDD & Blockage of Cell MainMemory_data_sram  ( met2 )
Bounds : ( 634.900, 327.780 ) ( 637.900, 328.180 )


SHORT: ( Metal Short ) Special Wire of Net VDD & Blockage of Cell MainMemory_data_sram  ( met2 )
Bounds : ( 634.900, 336.060 ) ( 637.900, 336.460 )


SHORT: ( Metal Short ) Special Wire of Net VDD & Blockage of Cell MainMemory_data_sram  ( met2 )
Bounds : ( 634.900, 344.340 ) ( 637.900, 344.740 )


SHORT: ( Metal Short ) Special Wire of Net VDD & Blockage of Cell MainMemory_data_sram  ( met2 )
Bounds : ( 634.900, 352.620 ) ( 637.900, 353.020 )


SHORT: ( Metal Short ) Special Wire of Net VDD & Blockage of Cell MainMemory_data_sram  ( met2 )
Bounds : ( 634.900, 360.900 ) ( 637.900, 361.300 )


SHORT: ( Metal Short ) Special Wire of Net VDD & Blockage of Cell MainMemory_data_sram  ( met3 )
Bounds : ( 634.900, 327.780 ) ( 637.900, 328.180 )


SHORT: ( Metal Short ) Special Wire of Net VDD & Blockage of Cell MainMemory_data_sram  ( met3 )
Bounds : ( 634.900, 336.060 ) ( 637.900, 336.460 )


SHORT: ( Metal Short ) Special Wire of Net VDD & Blockage of Cell MainMemory_data_sram  ( met3 )
Bounds : ( 634.900, 344.340 ) ( 637.900, 344.740 )


SHORT: ( Metal Short ) Special Wire of Net VDD & Blockage of Cell MainMemory_data_sram  ( met3 )
Bounds : ( 634.900, 352.620 ) ( 637.900, 353.020 )


SHORT: ( Metal Short ) Special Wire of Net VDD & Blockage of Cell MainMemory_data_sram  ( met3 )
Bounds : ( 634.900, 360.900 ) ( 637.900, 361.300 )


SHORT: ( Metal Short ) Special Wire of Net VDD & Blockage of Cell MainMemory_data_sram  ( met2 )
Bounds : ( 534.900, 369.180 ) ( 537.900, 369.580 )


SHORT: ( Metal Short ) Special Wire of Net VSS & Blockage of Cell MainMemory_data_sram  ( met2 )
Bounds : ( 557.900, 373.320 ) ( 560.900, 373.720 )


SHORT: ( Metal Short ) Special Wire of Net VDD & Blockage of Cell MainMemory_data_sram  ( met2 )
Bounds : ( 584.900, 369.180 ) ( 587.900, 369.580 )


SHORT: ( Metal Short ) Special Wire of Net VDD & Blockage of Cell MainMemory_data_sram  ( met3 )
Bounds : ( 534.900, 369.180 ) ( 537.900, 369.580 )


SHORT: ( Metal Short ) Special Wire of Net VSS & Blockage of Cell MainMemory_data_sram  ( met3 )
Bounds : ( 557.900, 373.320 ) ( 560.900, 373.720 )


SHORT: ( Metal Short ) Special Wire of Net VDD & Blockage of Cell MainMemory_data_sram  ( met3 )
Bounds : ( 584.900, 369.180 ) ( 587.900, 369.580 )


SHORT: ( Metal Short ) Special Wire of Net VDD & Blockage of Cell MainMemory_data_sram  ( met2 )
Bounds : ( 534.900, 377.460 ) ( 537.900, 377.860 )


SHORT: ( Metal Short ) Special Wire of Net VDD & Blockage of Cell MainMemory_data_sram  ( met2 )
Bounds : ( 534.900, 385.740 ) ( 537.900, 386.140 )


SHORT: ( Metal Short ) Special Wire of Net VDD & Blockage of Cell MainMemory_data_sram  ( met2 )
Bounds : ( 534.900, 394.020 ) ( 537.900, 394.420 )


SHORT: ( Metal Short ) Special Wire of Net VDD & Blockage of Cell MainMemory_data_sram  ( met2 )
Bounds : ( 534.900, 402.300 ) ( 537.900, 402.700 )


SHORT: ( Metal Short ) Special Wire of Net VSS & Blockage of Cell MainMemory_data_sram  ( met2 )
Bounds : ( 557.900, 381.600 ) ( 560.900, 382.000 )


SHORT: ( Metal Short ) Special Wire of Net VSS & Blockage of Cell MainMemory_data_sram  ( met2 )
Bounds : ( 557.900, 389.880 ) ( 560.900, 390.280 )


SHORT: ( Metal Short ) Special Wire of Net VSS & Blockage of Cell MainMemory_data_sram  ( met2 )
Bounds : ( 557.900, 398.160 ) ( 560.900, 398.560 )


SHORT: ( Metal Short ) Special Wire of Net VDD & Blockage of Cell MainMemory_data_sram  ( met2 )
Bounds : ( 584.900, 377.460 ) ( 587.900, 377.860 )


SHORT: ( Metal Short ) Special Wire of Net VDD & Blockage of Cell MainMemory_data_sram  ( met2 )
Bounds : ( 584.900, 385.740 ) ( 587.900, 386.140 )


SHORT: ( Metal Short ) Special Wire of Net VDD & Blockage of Cell MainMemory_data_sram  ( met2 )
Bounds : ( 584.900, 394.020 ) ( 587.900, 394.420 )


SHORT: ( Metal Short ) Special Wire of Net VDD & Blockage of Cell MainMemory_data_sram  ( met2 )
Bounds : ( 584.900, 402.300 ) ( 587.900, 402.700 )


SHORT: ( Metal Short ) Special Wire of Net VDD & Blockage of Cell MainMemory_data_sram  ( met3 )
Bounds : ( 534.900, 377.460 ) ( 537.900, 377.860 )


SHORT: ( Metal Short ) Special Wire of Net VDD & Blockage of Cell MainMemory_data_sram  ( met3 )
Bounds : ( 534.900, 385.740 ) ( 537.900, 386.140 )


SHORT: ( Metal Short ) Special Wire of Net VDD & Blockage of Cell MainMemory_data_sram  ( met3 )
Bounds : ( 534.900, 394.020 ) ( 537.900, 394.420 )


SHORT: ( Metal Short ) Special Wire of Net VDD & Blockage of Cell MainMemory_data_sram  ( met3 )
Bounds : ( 534.900, 402.300 ) ( 537.900, 402.700 )


SHORT: ( Metal Short ) Special Wire of Net VSS & Blockage of Cell MainMemory_data_sram  ( met3 )
Bounds : ( 557.900, 381.600 ) ( 560.900, 382.000 )


SHORT: ( Metal Short ) Special Wire of Net VSS & Blockage of Cell MainMemory_data_sram  ( met3 )
Bounds : ( 557.900, 389.880 ) ( 560.900, 390.280 )


SHORT: ( Metal Short ) Special Wire of Net VSS & Blockage of Cell MainMemory_data_sram  ( met3 )
Bounds : ( 557.900, 398.160 ) ( 560.900, 398.560 )


SHORT: ( Metal Short ) Special Wire of Net VDD & Blockage of Cell MainMemory_data_sram  ( met3 )
Bounds : ( 584.900, 377.460 ) ( 587.900, 377.860 )


SHORT: ( Metal Short ) Special Wire of Net VDD & Blockage of Cell MainMemory_data_sram  ( met3 )
Bounds : ( 584.900, 385.740 ) ( 587.900, 386.140 )


SHORT: ( Metal Short ) Special Wire of Net VDD & Blockage of Cell MainMemory_data_sram  ( met3 )
Bounds : ( 584.900, 394.020 ) ( 587.900, 394.420 )


SHORT: ( Metal Short ) Special Wire of Net VDD & Blockage of Cell MainMemory_data_sram  ( met3 )
Bounds : ( 584.900, 402.300 ) ( 587.900, 402.700 )


SHORT: ( Metal Short ) Special Wire of Net VSS & Blockage of Cell MainMemory_data_sram  ( met2 )
Bounds : ( 557.900, 331.920 ) ( 560.900, 332.320 )


SHORT: ( Metal Short ) Special Wire of Net VSS & Blockage of Cell MainMemory_data_sram  ( met2 )
Bounds : ( 557.900, 340.200 ) ( 560.900, 340.600 )


SHORT: ( Metal Short ) Special Wire of Net VSS & Blockage of Cell MainMemory_data_sram  ( met2 )
Bounds : ( 557.900, 348.480 ) ( 560.900, 348.880 )


SHORT: ( Metal Short ) Special Wire of Net VSS & Blockage of Cell MainMemory_data_sram  ( met2 )
Bounds : ( 557.900, 356.760 ) ( 560.900, 357.160 )


SHORT: ( Metal Short ) Special Wire of Net VSS & Blockage of Cell MainMemory_data_sram  ( met2 )
Bounds : ( 557.900, 365.040 ) ( 560.900, 365.440 )


SHORT: ( Metal Short ) Special Wire of Net VDD & Blockage of Cell MainMemory_data_sram  ( met2 )
Bounds : ( 584.900, 327.780 ) ( 587.900, 328.180 )


SHORT: ( Metal Short ) Special Wire of Net VDD & Blockage of Cell MainMemory_data_sram  ( met2 )
Bounds : ( 584.900, 336.060 ) ( 587.900, 336.460 )


SHORT: ( Metal Short ) Special Wire of Net VDD & Blockage of Cell MainMemory_data_sram  ( met2 )
Bounds : ( 584.900, 344.340 ) ( 587.900, 344.740 )


SHORT: ( Metal Short ) Special Wire of Net VDD & Blockage of Cell MainMemory_data_sram  ( met2 )
Bounds : ( 584.900, 352.620 ) ( 587.900, 353.020 )


SHORT: ( Metal Short ) Special Wire of Net VDD & Blockage of Cell MainMemory_data_sram  ( met2 )
Bounds : ( 584.900, 360.900 ) ( 587.900, 361.300 )


SHORT: ( Metal Short ) Special Wire of Net VSS & Blockage of Cell MainMemory_data_sram  ( met3 )
Bounds : ( 557.900, 331.920 ) ( 560.900, 332.320 )


SHORT: ( Metal Short ) Special Wire of Net VSS & Blockage of Cell MainMemory_data_sram  ( met3 )
Bounds : ( 557.900, 340.200 ) ( 560.900, 340.600 )


SHORT: ( Metal Short ) Special Wire of Net VSS & Blockage of Cell MainMemory_data_sram  ( met3 )
Bounds : ( 557.900, 348.480 ) ( 560.900, 348.880 )


SHORT: ( Metal Short ) Special Wire of Net VSS & Blockage of Cell MainMemory_data_sram  ( met3 )
Bounds : ( 557.900, 356.760 ) ( 560.900, 357.160 )


SHORT: ( Metal Short ) Special Wire of Net VSS & Blockage of Cell MainMemory_data_sram  ( met3 )
Bounds : ( 557.900, 365.040 ) ( 560.900, 365.440 )


SHORT: ( Metal Short ) Special Wire of Net VDD & Blockage of Cell MainMemory_data_sram  ( met3 )
Bounds : ( 584.900, 327.780 ) ( 587.900, 328.180 )


SHORT: ( Metal Short ) Special Wire of Net VDD & Blockage of Cell MainMemory_data_sram  ( met3 )
Bounds : ( 584.900, 336.060 ) ( 587.900, 336.460 )


SHORT: ( Metal Short ) Special Wire of Net VDD & Blockage of Cell MainMemory_data_sram  ( met3 )
Bounds : ( 584.900, 344.340 ) ( 587.900, 344.740 )


SHORT: ( Metal Short ) Special Wire of Net VDD & Blockage of Cell MainMemory_data_sram  ( met3 )
Bounds : ( 584.900, 352.620 ) ( 587.900, 353.020 )


SHORT: ( Metal Short ) Special Wire of Net VDD & Blockage of Cell MainMemory_data_sram  ( met3 )
Bounds : ( 584.900, 360.900 ) ( 587.900, 361.300 )


SHORT: ( Metal Short ) Special Wire of Net VDD & Blockage of Cell MainMemory_data_sram  ( met2 )
Bounds : ( 534.900, 327.780 ) ( 537.900, 328.180 )


SHORT: ( Metal Short ) Special Wire of Net VDD & Blockage of Cell MainMemory_data_sram  ( met2 )
Bounds : ( 534.900, 336.060 ) ( 537.900, 336.460 )


SHORT: ( Metal Short ) Special Wire of Net VDD & Blockage of Cell MainMemory_data_sram  ( met2 )
Bounds : ( 534.900, 344.340 ) ( 537.900, 344.740 )


SHORT: ( Metal Short ) Special Wire of Net VDD & Blockage of Cell MainMemory_data_sram  ( met2 )
Bounds : ( 534.900, 352.620 ) ( 537.900, 353.020 )


SHORT: ( Metal Short ) Special Wire of Net VDD & Blockage of Cell MainMemory_data_sram  ( met2 )
Bounds : ( 534.900, 360.900 ) ( 537.900, 361.300 )


SHORT: ( Metal Short ) Special Wire of Net VDD & Blockage of Cell MainMemory_data_sram  ( met3 )
Bounds : ( 534.900, 327.780 ) ( 537.900, 328.180 )


SHORT: ( Metal Short ) Special Wire of Net VDD & Blockage of Cell MainMemory_data_sram  ( met3 )
Bounds : ( 534.900, 336.060 ) ( 537.900, 336.460 )


SHORT: ( Metal Short ) Special Wire of Net VDD & Blockage of Cell MainMemory_data_sram  ( met3 )
Bounds : ( 534.900, 344.340 ) ( 537.900, 344.740 )


SHORT: ( Metal Short ) Special Wire of Net VDD & Blockage of Cell MainMemory_data_sram  ( met3 )
Bounds : ( 534.900, 352.620 ) ( 537.900, 353.020 )


SHORT: ( Metal Short ) Special Wire of Net VDD & Blockage of Cell MainMemory_data_sram  ( met3 )
Bounds : ( 534.900, 360.900 ) ( 537.900, 361.300 )


SHORT: ( Metal Short ) Special Wire of Net VSS & Blockage of Cell MainMemory_data_sram  ( met2 )
Bounds : ( 557.900, 406.440 ) ( 560.900, 406.840 )


SHORT: ( Metal Short ) Special Wire of Net VSS & Blockage of Cell MainMemory_data_sram  ( met2 )
Bounds : ( 607.900, 406.440 ) ( 610.900, 406.840 )


SHORT: ( Metal Short ) Special Wire of Net VSS & Blockage of Cell MainMemory_data_sram  ( met2 )
Bounds : ( 657.900, 406.440 ) ( 660.900, 406.840 )


SHORT: ( Metal Short ) Special Wire of Net VSS & Blockage of Cell MainMemory_data_sram  ( met3 )
Bounds : ( 557.900, 406.440 ) ( 560.900, 406.840 )


SHORT: ( Metal Short ) Special Wire of Net VSS & Blockage of Cell MainMemory_data_sram  ( met3 )
Bounds : ( 607.900, 406.440 ) ( 610.900, 406.840 )


SHORT: ( Metal Short ) Special Wire of Net VSS & Blockage of Cell MainMemory_data_sram  ( met3 )
Bounds : ( 657.900, 406.440 ) ( 660.900, 406.840 )


SHORT: ( Metal Short ) Special Wire of Net VSS & Blockage of Cell MainMemory_data_sram  ( met2 )
Bounds : ( 807.900, 290.520 ) ( 810.900, 290.920 )


SHORT: ( Metal Short ) Special Wire of Net VSS & Blockage of Cell MainMemory_data_sram  ( met2 )
Bounds : ( 807.900, 298.800 ) ( 810.900, 299.200 )


SHORT: ( Metal Short ) Special Wire of Net VSS & Blockage of Cell MainMemory_data_sram  ( met2 )
Bounds : ( 807.900, 307.080 ) ( 810.900, 307.480 )


SHORT: ( Metal Short ) Special Wire of Net VSS & Blockage of Cell MainMemory_data_sram  ( met2 )
Bounds : ( 807.900, 315.360 ) ( 810.900, 315.760 )


SHORT: ( Metal Short ) Special Wire of Net VSS & Blockage of Cell MainMemory_data_sram  ( met2 )
Bounds : ( 807.900, 323.640 ) ( 810.900, 324.040 )


SHORT: ( Metal Short ) Special Wire of Net VDD & Blockage of Cell MainMemory_data_sram  ( met2 )
Bounds : ( 834.900, 286.380 ) ( 837.900, 286.780 )


SHORT: ( Metal Short ) Special Wire of Net VDD & Blockage of Cell MainMemory_data_sram  ( met2 )
Bounds : ( 834.900, 294.660 ) ( 837.900, 295.060 )


SHORT: ( Metal Short ) Special Wire of Net VDD & Blockage of Cell MainMemory_data_sram  ( met2 )
Bounds : ( 834.900, 302.940 ) ( 837.900, 303.340 )


SHORT: ( Metal Short ) Special Wire of Net VDD & Blockage of Cell MainMemory_data_sram  ( met2 )
Bounds : ( 834.900, 311.220 ) ( 837.900, 311.620 )


SHORT: ( Metal Short ) Special Wire of Net VDD & Blockage of Cell MainMemory_data_sram  ( met2 )
Bounds : ( 834.900, 319.500 ) ( 837.900, 319.900 )


SHORT: ( Metal Short ) Special Wire of Net VSS & Blockage of Cell MainMemory_data_sram  ( met3 )
Bounds : ( 807.900, 290.520 ) ( 810.900, 290.920 )


SHORT: ( Metal Short ) Special Wire of Net VSS & Blockage of Cell MainMemory_data_sram  ( met3 )
Bounds : ( 807.900, 298.800 ) ( 810.900, 299.200 )


SHORT: ( Metal Short ) Special Wire of Net VSS & Blockage of Cell MainMemory_data_sram  ( met3 )
Bounds : ( 807.900, 307.080 ) ( 810.900, 307.480 )


SHORT: ( Metal Short ) Special Wire of Net VSS & Blockage of Cell MainMemory_data_sram  ( met3 )
Bounds : ( 807.900, 315.360 ) ( 810.900, 315.760 )


SHORT: ( Metal Short ) Special Wire of Net VSS & Blockage of Cell MainMemory_data_sram  ( met3 )
Bounds : ( 807.900, 323.640 ) ( 810.900, 324.040 )


SHORT: ( Metal Short ) Special Wire of Net VDD & Blockage of Cell MainMemory_data_sram  ( met3 )
Bounds : ( 834.900, 286.380 ) ( 837.900, 286.780 )


SHORT: ( Metal Short ) Special Wire of Net VDD & Blockage of Cell MainMemory_data_sram  ( met3 )
Bounds : ( 834.900, 294.660 ) ( 837.900, 295.060 )


SHORT: ( Metal Short ) Special Wire of Net VDD & Blockage of Cell MainMemory_data_sram  ( met3 )
Bounds : ( 834.900, 302.940 ) ( 837.900, 303.340 )


SHORT: ( Metal Short ) Special Wire of Net VDD & Blockage of Cell MainMemory_data_sram  ( met3 )
Bounds : ( 834.900, 311.220 ) ( 837.900, 311.620 )


SHORT: ( Metal Short ) Special Wire of Net VDD & Blockage of Cell MainMemory_data_sram  ( met3 )
Bounds : ( 834.900, 319.500 ) ( 837.900, 319.900 )


SHORT: ( Metal Short ) Special Wire of Net VSS & Blockage of Cell MainMemory_data_sram  ( met2 )
Bounds : ( 757.900, 290.520 ) ( 760.900, 290.920 )


SHORT: ( Metal Short ) Special Wire of Net VSS & Blockage of Cell MainMemory_data_sram  ( met2 )
Bounds : ( 757.900, 298.800 ) ( 760.900, 299.200 )


SHORT: ( Metal Short ) Special Wire of Net VSS & Blockage of Cell MainMemory_data_sram  ( met2 )
Bounds : ( 757.900, 307.080 ) ( 760.900, 307.480 )


SHORT: ( Metal Short ) Special Wire of Net VSS & Blockage of Cell MainMemory_data_sram  ( met2 )
Bounds : ( 757.900, 315.360 ) ( 760.900, 315.760 )


SHORT: ( Metal Short ) Special Wire of Net VSS & Blockage of Cell MainMemory_data_sram  ( met2 )
Bounds : ( 757.900, 323.640 ) ( 760.900, 324.040 )


SHORT: ( Metal Short ) Special Wire of Net VDD & Blockage of Cell MainMemory_data_sram  ( met2 )
Bounds : ( 784.900, 286.380 ) ( 787.900, 286.780 )


SHORT: ( Metal Short ) Special Wire of Net VDD & Blockage of Cell MainMemory_data_sram  ( met2 )
Bounds : ( 784.900, 294.660 ) ( 787.900, 295.060 )


SHORT: ( Metal Short ) Special Wire of Net VDD & Blockage of Cell MainMemory_data_sram  ( met2 )
Bounds : ( 784.900, 302.940 ) ( 787.900, 303.340 )


SHORT: ( Metal Short ) Special Wire of Net VDD & Blockage of Cell MainMemory_data_sram  ( met2 )
Bounds : ( 784.900, 311.220 ) ( 787.900, 311.620 )


SHORT: ( Metal Short ) Special Wire of Net VDD & Blockage of Cell MainMemory_data_sram  ( met2 )
Bounds : ( 784.900, 319.500 ) ( 787.900, 319.900 )


SHORT: ( Metal Short ) Special Wire of Net VSS & Blockage of Cell MainMemory_data_sram  ( met3 )
Bounds : ( 757.900, 290.520 ) ( 760.900, 290.920 )


SHORT: ( Metal Short ) Special Wire of Net VSS & Blockage of Cell MainMemory_data_sram  ( met3 )
Bounds : ( 757.900, 298.800 ) ( 760.900, 299.200 )


SHORT: ( Metal Short ) Special Wire of Net VSS & Blockage of Cell MainMemory_data_sram  ( met3 )
Bounds : ( 757.900, 307.080 ) ( 760.900, 307.480 )


SHORT: ( Metal Short ) Special Wire of Net VSS & Blockage of Cell MainMemory_data_sram  ( met3 )
Bounds : ( 757.900, 315.360 ) ( 760.900, 315.760 )


SHORT: ( Metal Short ) Special Wire of Net VSS & Blockage of Cell MainMemory_data_sram  ( met3 )
Bounds : ( 757.900, 323.640 ) ( 760.900, 324.040 )


SHORT: ( Metal Short ) Special Wire of Net VDD & Blockage of Cell MainMemory_data_sram  ( met3 )
Bounds : ( 784.900, 286.380 ) ( 787.900, 286.780 )


SHORT: ( Metal Short ) Special Wire of Net VDD & Blockage of Cell MainMemory_data_sram  ( met3 )
Bounds : ( 784.900, 294.660 ) ( 787.900, 295.060 )


SHORT: ( Metal Short ) Special Wire of Net VDD & Blockage of Cell MainMemory_data_sram  ( met3 )
Bounds : ( 784.900, 302.940 ) ( 787.900, 303.340 )


SHORT: ( Metal Short ) Special Wire of Net VDD & Blockage of Cell MainMemory_data_sram  ( met3 )
Bounds : ( 784.900, 311.220 ) ( 787.900, 311.620 )


SHORT: ( Metal Short ) Special Wire of Net VDD & Blockage of Cell MainMemory_data_sram  ( met3 )
Bounds : ( 784.900, 319.500 ) ( 787.900, 319.900 )


SHORT: ( Metal Short ) Special Wire of Net VSS & Blockage of Cell MainMemory_data_sram  ( met2 )
Bounds : ( 807.900, 249.120 ) ( 810.900, 249.520 )


SHORT: ( Metal Short ) Special Wire of Net VSS & Blockage of Cell MainMemory_data_sram  ( met2 )
Bounds : ( 807.900, 257.400 ) ( 810.900, 257.800 )


SHORT: ( Metal Short ) Special Wire of Net VSS & Blockage of Cell MainMemory_data_sram  ( met2 )
Bounds : ( 807.900, 265.680 ) ( 810.900, 266.080 )


SHORT: ( Metal Short ) Special Wire of Net VSS & Blockage of Cell MainMemory_data_sram  ( met2 )
Bounds : ( 807.900, 273.960 ) ( 810.900, 274.360 )


SHORT: ( Metal Short ) Special Wire of Net VSS & Blockage of Cell MainMemory_data_sram  ( met2 )
Bounds : ( 807.900, 282.240 ) ( 810.900, 282.640 )


SHORT: ( Metal Short ) Special Wire of Net VDD & Blockage of Cell MainMemory_data_sram  ( met2 )
Bounds : ( 834.900, 244.980 ) ( 837.900, 245.380 )


SHORT: ( Metal Short ) Special Wire of Net VDD & Blockage of Cell MainMemory_data_sram  ( met2 )
Bounds : ( 834.900, 253.260 ) ( 837.900, 253.660 )


SHORT: ( Metal Short ) Special Wire of Net VDD & Blockage of Cell MainMemory_data_sram  ( met2 )
Bounds : ( 834.900, 261.540 ) ( 837.900, 261.940 )


SHORT: ( Metal Short ) Special Wire of Net VDD & Blockage of Cell MainMemory_data_sram  ( met2 )
Bounds : ( 834.900, 269.820 ) ( 837.900, 270.220 )


SHORT: ( Metal Short ) Special Wire of Net VDD & Blockage of Cell MainMemory_data_sram  ( met2 )
Bounds : ( 834.900, 278.100 ) ( 837.900, 278.500 )


SHORT: ( Metal Short ) Special Wire of Net VSS & Blockage of Cell MainMemory_data_sram  ( met3 )
Bounds : ( 807.900, 249.120 ) ( 810.900, 249.520 )


SHORT: ( Metal Short ) Special Wire of Net VSS & Blockage of Cell MainMemory_data_sram  ( met3 )
Bounds : ( 807.900, 257.400 ) ( 810.900, 257.800 )


SHORT: ( Metal Short ) Special Wire of Net VSS & Blockage of Cell MainMemory_data_sram  ( met3 )
Bounds : ( 807.900, 265.680 ) ( 810.900, 266.080 )


SHORT: ( Metal Short ) Special Wire of Net VSS & Blockage of Cell MainMemory_data_sram  ( met3 )
Bounds : ( 807.900, 273.960 ) ( 810.900, 274.360 )


SHORT: ( Metal Short ) Special Wire of Net VSS & Blockage of Cell MainMemory_data_sram  ( met3 )
Bounds : ( 807.900, 282.240 ) ( 810.900, 282.640 )


SHORT: ( Metal Short ) Special Wire of Net VDD & Blockage of Cell MainMemory_data_sram  ( met3 )
Bounds : ( 834.900, 244.980 ) ( 837.900, 245.380 )


SHORT: ( Metal Short ) Special Wire of Net VDD & Blockage of Cell MainMemory_data_sram  ( met3 )
Bounds : ( 834.900, 253.260 ) ( 837.900, 253.660 )


SHORT: ( Metal Short ) Special Wire of Net VDD & Blockage of Cell MainMemory_data_sram  ( met3 )
Bounds : ( 834.900, 261.540 ) ( 837.900, 261.940 )


SHORT: ( Metal Short ) Special Wire of Net VDD & Blockage of Cell MainMemory_data_sram  ( met3 )
Bounds : ( 834.900, 269.820 ) ( 837.900, 270.220 )


SHORT: ( Metal Short ) Special Wire of Net VDD & Blockage of Cell MainMemory_data_sram  ( met3 )
Bounds : ( 834.900, 278.100 ) ( 837.900, 278.500 )


SHORT: ( Metal Short ) Special Wire of Net VSS & Blockage of Cell MainMemory_data_sram  ( met2 )
Bounds : ( 757.900, 249.120 ) ( 760.900, 249.520 )


SHORT: ( Metal Short ) Special Wire of Net VSS & Blockage of Cell MainMemory_data_sram  ( met2 )
Bounds : ( 757.900, 257.400 ) ( 760.900, 257.800 )


SHORT: ( Metal Short ) Special Wire of Net VSS & Blockage of Cell MainMemory_data_sram  ( met2 )
Bounds : ( 757.900, 265.680 ) ( 760.900, 266.080 )


SHORT: ( Metal Short ) Special Wire of Net VSS & Blockage of Cell MainMemory_data_sram  ( met2 )
Bounds : ( 757.900, 273.960 ) ( 760.900, 274.360 )


SHORT: ( Metal Short ) Special Wire of Net VSS & Blockage of Cell MainMemory_data_sram  ( met2 )
Bounds : ( 757.900, 282.240 ) ( 760.900, 282.640 )


SHORT: ( Metal Short ) Special Wire of Net VDD & Blockage of Cell MainMemory_data_sram  ( met2 )
Bounds : ( 784.900, 244.980 ) ( 787.900, 245.380 )


SHORT: ( Metal Short ) Special Wire of Net VDD & Blockage of Cell MainMemory_data_sram  ( met2 )
Bounds : ( 784.900, 253.260 ) ( 787.900, 253.660 )


SHORT: ( Metal Short ) Special Wire of Net VDD & Blockage of Cell MainMemory_data_sram  ( met2 )
Bounds : ( 784.900, 261.540 ) ( 787.900, 261.940 )


SHORT: ( Metal Short ) Special Wire of Net VDD & Blockage of Cell MainMemory_data_sram  ( met2 )
Bounds : ( 784.900, 269.820 ) ( 787.900, 270.220 )


SHORT: ( Metal Short ) Special Wire of Net VDD & Blockage of Cell MainMemory_data_sram  ( met2 )
Bounds : ( 784.900, 278.100 ) ( 787.900, 278.500 )


SHORT: ( Metal Short ) Special Wire of Net VSS & Blockage of Cell MainMemory_data_sram  ( met3 )
Bounds : ( 757.900, 249.120 ) ( 760.900, 249.520 )


SHORT: ( Metal Short ) Special Wire of Net VSS & Blockage of Cell MainMemory_data_sram  ( met3 )
Bounds : ( 757.900, 257.400 ) ( 760.900, 257.800 )


SHORT: ( Metal Short ) Special Wire of Net VSS & Blockage of Cell MainMemory_data_sram  ( met3 )
Bounds : ( 757.900, 265.680 ) ( 760.900, 266.080 )


SHORT: ( Metal Short ) Special Wire of Net VSS & Blockage of Cell MainMemory_data_sram  ( met3 )
Bounds : ( 757.900, 273.960 ) ( 760.900, 274.360 )


SHORT: ( Metal Short ) Special Wire of Net VSS & Blockage of Cell MainMemory_data_sram  ( met3 )
Bounds : ( 757.900, 282.240 ) ( 760.900, 282.640 )


SHORT: ( Metal Short ) Special Wire of Net VDD & Blockage of Cell MainMemory_data_sram  ( met3 )
Bounds : ( 784.900, 244.980 ) ( 787.900, 245.380 )


SHORT: ( Metal Short ) Special Wire of Net VDD & Blockage of Cell MainMemory_data_sram  ( met3 )
Bounds : ( 784.900, 253.260 ) ( 787.900, 253.660 )


SHORT: ( Metal Short ) Special Wire of Net VDD & Blockage of Cell MainMemory_data_sram  ( met3 )
Bounds : ( 784.900, 261.540 ) ( 787.900, 261.940 )


SHORT: ( Metal Short ) Special Wire of Net VDD & Blockage of Cell MainMemory_data_sram  ( met3 )
Bounds : ( 784.900, 269.820 ) ( 787.900, 270.220 )


SHORT: ( Metal Short ) Special Wire of Net VDD & Blockage of Cell MainMemory_data_sram  ( met3 )
Bounds : ( 784.900, 278.100 ) ( 787.900, 278.500 )


SHORT: ( Metal Short ) Special Wire of Net VDD & Blockage of Cell MainMemory_data_sram  ( met2 )
Bounds : ( 734.900, 286.380 ) ( 737.900, 286.780 )


SHORT: ( Metal Short ) Special Wire of Net VDD & Blockage of Cell MainMemory_data_sram  ( met2 )
Bounds : ( 734.900, 294.660 ) ( 737.900, 295.060 )


SHORT: ( Metal Short ) Special Wire of Net VDD & Blockage of Cell MainMemory_data_sram  ( met2 )
Bounds : ( 734.900, 302.940 ) ( 737.900, 303.340 )


SHORT: ( Metal Short ) Special Wire of Net VDD & Blockage of Cell MainMemory_data_sram  ( met2 )
Bounds : ( 734.900, 311.220 ) ( 737.900, 311.620 )


SHORT: ( Metal Short ) Special Wire of Net VDD & Blockage of Cell MainMemory_data_sram  ( met2 )
Bounds : ( 734.900, 319.500 ) ( 737.900, 319.900 )


SHORT: ( Metal Short ) Special Wire of Net VDD & Blockage of Cell MainMemory_data_sram  ( met3 )
Bounds : ( 734.900, 286.380 ) ( 737.900, 286.780 )


SHORT: ( Metal Short ) Special Wire of Net VDD & Blockage of Cell MainMemory_data_sram  ( met3 )
Bounds : ( 734.900, 294.660 ) ( 737.900, 295.060 )


SHORT: ( Metal Short ) Special Wire of Net VDD & Blockage of Cell MainMemory_data_sram  ( met3 )
Bounds : ( 734.900, 302.940 ) ( 737.900, 303.340 )


SHORT: ( Metal Short ) Special Wire of Net VDD & Blockage of Cell MainMemory_data_sram  ( met3 )
Bounds : ( 734.900, 311.220 ) ( 737.900, 311.620 )


SHORT: ( Metal Short ) Special Wire of Net VDD & Blockage of Cell MainMemory_data_sram  ( met3 )
Bounds : ( 734.900, 319.500 ) ( 737.900, 319.900 )


SHORT: ( Metal Short ) Special Wire of Net VDD & Blockage of Cell MainMemory_data_sram  ( met2 )
Bounds : ( 684.900, 286.380 ) ( 687.900, 286.780 )


SHORT: ( Metal Short ) Special Wire of Net VDD & Blockage of Cell MainMemory_data_sram  ( met2 )
Bounds : ( 684.900, 294.660 ) ( 687.900, 295.060 )


SHORT: ( Metal Short ) Special Wire of Net VDD & Blockage of Cell MainMemory_data_sram  ( met2 )
Bounds : ( 684.900, 302.940 ) ( 687.900, 303.340 )


SHORT: ( Metal Short ) Special Wire of Net VDD & Blockage of Cell MainMemory_data_sram  ( met2 )
Bounds : ( 684.900, 311.220 ) ( 687.900, 311.620 )


SHORT: ( Metal Short ) Special Wire of Net VDD & Blockage of Cell MainMemory_data_sram  ( met2 )
Bounds : ( 684.900, 319.500 ) ( 687.900, 319.900 )


SHORT: ( Metal Short ) Special Wire of Net VDD & Blockage of Cell MainMemory_data_sram  ( met3 )
Bounds : ( 684.900, 286.380 ) ( 687.900, 286.780 )


SHORT: ( Metal Short ) Special Wire of Net VDD & Blockage of Cell MainMemory_data_sram  ( met3 )
Bounds : ( 684.900, 294.660 ) ( 687.900, 295.060 )


SHORT: ( Metal Short ) Special Wire of Net VDD & Blockage of Cell MainMemory_data_sram  ( met3 )
Bounds : ( 684.900, 302.940 ) ( 687.900, 303.340 )


SHORT: ( Metal Short ) Special Wire of Net VDD & Blockage of Cell MainMemory_data_sram  ( met3 )
Bounds : ( 684.900, 311.220 ) ( 687.900, 311.620 )


SHORT: ( Metal Short ) Special Wire of Net VDD & Blockage of Cell MainMemory_data_sram  ( met3 )
Bounds : ( 684.900, 319.500 ) ( 687.900, 319.900 )


SHORT: ( Metal Short ) Special Wire of Net VSS & Blockage of Cell MainMemory_data_sram  ( met2 )
Bounds : ( 707.900, 290.520 ) ( 710.900, 290.920 )


SHORT: ( Metal Short ) Special Wire of Net VSS & Blockage of Cell MainMemory_data_sram  ( met2 )
Bounds : ( 707.900, 298.800 ) ( 710.900, 299.200 )


SHORT: ( Metal Short ) Special Wire of Net VSS & Blockage of Cell MainMemory_data_sram  ( met2 )
Bounds : ( 707.900, 307.080 ) ( 710.900, 307.480 )


SHORT: ( Metal Short ) Special Wire of Net VSS & Blockage of Cell MainMemory_data_sram  ( met2 )
Bounds : ( 707.900, 315.360 ) ( 710.900, 315.760 )


SHORT: ( Metal Short ) Special Wire of Net VSS & Blockage of Cell MainMemory_data_sram  ( met2 )
Bounds : ( 707.900, 323.640 ) ( 710.900, 324.040 )


SHORT: ( Metal Short ) Special Wire of Net VSS & Blockage of Cell MainMemory_data_sram  ( met3 )
Bounds : ( 707.900, 290.520 ) ( 710.900, 290.920 )


SHORT: ( Metal Short ) Special Wire of Net VSS & Blockage of Cell MainMemory_data_sram  ( met3 )
Bounds : ( 707.900, 298.800 ) ( 710.900, 299.200 )


SHORT: ( Metal Short ) Special Wire of Net VSS & Blockage of Cell MainMemory_data_sram  ( met3 )
Bounds : ( 707.900, 307.080 ) ( 710.900, 307.480 )


SHORT: ( Metal Short ) Special Wire of Net VSS & Blockage of Cell MainMemory_data_sram  ( met3 )
Bounds : ( 707.900, 315.360 ) ( 710.900, 315.760 )


SHORT: ( Metal Short ) Special Wire of Net VSS & Blockage of Cell MainMemory_data_sram  ( met3 )
Bounds : ( 707.900, 323.640 ) ( 710.900, 324.040 )


SHORT: ( Metal Short ) Special Wire of Net VDD & Blockage of Cell MainMemory_data_sram  ( met2 )
Bounds : ( 734.900, 244.980 ) ( 737.900, 245.380 )


SHORT: ( Metal Short ) Special Wire of Net VDD & Blockage of Cell MainMemory_data_sram  ( met2 )
Bounds : ( 734.900, 253.260 ) ( 737.900, 253.660 )


SHORT: ( Metal Short ) Special Wire of Net VDD & Blockage of Cell MainMemory_data_sram  ( met2 )
Bounds : ( 734.900, 261.540 ) ( 737.900, 261.940 )


SHORT: ( Metal Short ) Special Wire of Net VDD & Blockage of Cell MainMemory_data_sram  ( met2 )
Bounds : ( 734.900, 269.820 ) ( 737.900, 270.220 )


SHORT: ( Metal Short ) Special Wire of Net VDD & Blockage of Cell MainMemory_data_sram  ( met2 )
Bounds : ( 734.900, 278.100 ) ( 737.900, 278.500 )


SHORT: ( Metal Short ) Special Wire of Net VDD & Blockage of Cell MainMemory_data_sram  ( met3 )
Bounds : ( 734.900, 244.980 ) ( 737.900, 245.380 )


SHORT: ( Metal Short ) Special Wire of Net VDD & Blockage of Cell MainMemory_data_sram  ( met3 )
Bounds : ( 734.900, 253.260 ) ( 737.900, 253.660 )


SHORT: ( Metal Short ) Special Wire of Net VDD & Blockage of Cell MainMemory_data_sram  ( met3 )
Bounds : ( 734.900, 261.540 ) ( 737.900, 261.940 )


SHORT: ( Metal Short ) Special Wire of Net VDD & Blockage of Cell MainMemory_data_sram  ( met3 )
Bounds : ( 734.900, 269.820 ) ( 737.900, 270.220 )


SHORT: ( Metal Short ) Special Wire of Net VDD & Blockage of Cell MainMemory_data_sram  ( met3 )
Bounds : ( 734.900, 278.100 ) ( 737.900, 278.500 )


SHORT: ( Metal Short ) Special Wire of Net VDD & Blockage of Cell MainMemory_data_sram  ( met2 )
Bounds : ( 684.900, 244.980 ) ( 687.900, 245.380 )


SHORT: ( Metal Short ) Special Wire of Net VDD & Blockage of Cell MainMemory_data_sram  ( met2 )
Bounds : ( 684.900, 253.260 ) ( 687.900, 253.660 )


SHORT: ( Metal Short ) Special Wire of Net VDD & Blockage of Cell MainMemory_data_sram  ( met2 )
Bounds : ( 684.900, 261.540 ) ( 687.900, 261.940 )


SHORT: ( Metal Short ) Special Wire of Net VDD & Blockage of Cell MainMemory_data_sram  ( met2 )
Bounds : ( 684.900, 269.820 ) ( 687.900, 270.220 )


SHORT: ( Metal Short ) Special Wire of Net VDD & Blockage of Cell MainMemory_data_sram  ( met2 )
Bounds : ( 684.900, 278.100 ) ( 687.900, 278.500 )


SHORT: ( Metal Short ) Special Wire of Net VDD & Blockage of Cell MainMemory_data_sram  ( met3 )
Bounds : ( 684.900, 244.980 ) ( 687.900, 245.380 )


SHORT: ( Metal Short ) Special Wire of Net VDD & Blockage of Cell MainMemory_data_sram  ( met3 )
Bounds : ( 684.900, 253.260 ) ( 687.900, 253.660 )


SHORT: ( Metal Short ) Special Wire of Net VDD & Blockage of Cell MainMemory_data_sram  ( met3 )
Bounds : ( 684.900, 261.540 ) ( 687.900, 261.940 )


SHORT: ( Metal Short ) Special Wire of Net VDD & Blockage of Cell MainMemory_data_sram  ( met3 )
Bounds : ( 684.900, 269.820 ) ( 687.900, 270.220 )


SHORT: ( Metal Short ) Special Wire of Net VDD & Blockage of Cell MainMemory_data_sram  ( met3 )
Bounds : ( 684.900, 278.100 ) ( 687.900, 278.500 )


SHORT: ( Metal Short ) Special Wire of Net VSS & Blockage of Cell MainMemory_data_sram  ( met2 )
Bounds : ( 707.900, 249.120 ) ( 710.900, 249.520 )


SHORT: ( Metal Short ) Special Wire of Net VSS & Blockage of Cell MainMemory_data_sram  ( met2 )
Bounds : ( 707.900, 257.400 ) ( 710.900, 257.800 )


SHORT: ( Metal Short ) Special Wire of Net VSS & Blockage of Cell MainMemory_data_sram  ( met2 )
Bounds : ( 707.900, 265.680 ) ( 710.900, 266.080 )


SHORT: ( Metal Short ) Special Wire of Net VSS & Blockage of Cell MainMemory_data_sram  ( met2 )
Bounds : ( 707.900, 273.960 ) ( 710.900, 274.360 )


SHORT: ( Metal Short ) Special Wire of Net VSS & Blockage of Cell MainMemory_data_sram  ( met2 )
Bounds : ( 707.900, 282.240 ) ( 710.900, 282.640 )


SHORT: ( Metal Short ) Special Wire of Net VSS & Blockage of Cell MainMemory_data_sram  ( met3 )
Bounds : ( 707.900, 249.120 ) ( 710.900, 249.520 )


SHORT: ( Metal Short ) Special Wire of Net VSS & Blockage of Cell MainMemory_data_sram  ( met3 )
Bounds : ( 707.900, 257.400 ) ( 710.900, 257.800 )


SHORT: ( Metal Short ) Special Wire of Net VSS & Blockage of Cell MainMemory_data_sram  ( met3 )
Bounds : ( 707.900, 265.680 ) ( 710.900, 266.080 )


SHORT: ( Metal Short ) Special Wire of Net VSS & Blockage of Cell MainMemory_data_sram  ( met3 )
Bounds : ( 707.900, 273.960 ) ( 710.900, 274.360 )


SHORT: ( Metal Short ) Special Wire of Net VSS & Blockage of Cell MainMemory_data_sram  ( met3 )
Bounds : ( 707.900, 282.240 ) ( 710.900, 282.640 )


SHORT: ( Metal Short ) Special Wire of Net VSS & Blockage of Cell MainMemory_data_sram  ( met2 )
Bounds : ( 807.900, 207.720 ) ( 810.900, 208.120 )


SHORT: ( Metal Short ) Special Wire of Net VSS & Blockage of Cell MainMemory_data_sram  ( met2 )
Bounds : ( 807.900, 216.000 ) ( 810.900, 216.400 )


SHORT: ( Metal Short ) Special Wire of Net VSS & Blockage of Cell MainMemory_data_sram  ( met2 )
Bounds : ( 807.900, 224.280 ) ( 810.900, 224.680 )


SHORT: ( Metal Short ) Special Wire of Net VSS & Blockage of Cell MainMemory_data_sram  ( met2 )
Bounds : ( 807.900, 232.560 ) ( 810.900, 232.960 )


SHORT: ( Metal Short ) Special Wire of Net VSS & Blockage of Cell MainMemory_data_sram  ( met2 )
Bounds : ( 807.900, 240.840 ) ( 810.900, 241.240 )


SHORT: ( Metal Short ) Special Wire of Net VDD & Blockage of Cell MainMemory_data_sram  ( met2 )
Bounds : ( 834.900, 203.580 ) ( 837.900, 203.980 )


SHORT: ( Metal Short ) Special Wire of Net VDD & Blockage of Cell MainMemory_data_sram  ( met2 )
Bounds : ( 834.900, 211.860 ) ( 837.900, 212.260 )


SHORT: ( Metal Short ) Special Wire of Net VDD & Blockage of Cell MainMemory_data_sram  ( met2 )
Bounds : ( 834.900, 220.140 ) ( 837.900, 220.540 )


SHORT: ( Metal Short ) Special Wire of Net VDD & Blockage of Cell MainMemory_data_sram  ( met2 )
Bounds : ( 834.900, 228.420 ) ( 837.900, 228.820 )


SHORT: ( Metal Short ) Special Wire of Net VDD & Blockage of Cell MainMemory_data_sram  ( met2 )
Bounds : ( 834.900, 236.700 ) ( 837.900, 237.100 )


SHORT: ( Metal Short ) Special Wire of Net VSS & Blockage of Cell MainMemory_data_sram  ( met3 )
Bounds : ( 807.900, 207.720 ) ( 810.900, 208.120 )


SHORT: ( Metal Short ) Special Wire of Net VSS & Blockage of Cell MainMemory_data_sram  ( met3 )
Bounds : ( 807.900, 216.000 ) ( 810.900, 216.400 )


SHORT: ( Metal Short ) Special Wire of Net VSS & Blockage of Cell MainMemory_data_sram  ( met3 )
Bounds : ( 807.900, 224.280 ) ( 810.900, 224.680 )


SHORT: ( Metal Short ) Special Wire of Net VSS & Blockage of Cell MainMemory_data_sram  ( met3 )
Bounds : ( 807.900, 232.560 ) ( 810.900, 232.960 )


SHORT: ( Metal Short ) Special Wire of Net VSS & Blockage of Cell MainMemory_data_sram  ( met3 )
Bounds : ( 807.900, 240.840 ) ( 810.900, 241.240 )


SHORT: ( Metal Short ) Special Wire of Net VDD & Blockage of Cell MainMemory_data_sram  ( met3 )
Bounds : ( 834.900, 203.580 ) ( 837.900, 203.980 )


SHORT: ( Metal Short ) Special Wire of Net VDD & Blockage of Cell MainMemory_data_sram  ( met3 )
Bounds : ( 834.900, 211.860 ) ( 837.900, 212.260 )


SHORT: ( Metal Short ) Special Wire of Net VDD & Blockage of Cell MainMemory_data_sram  ( met3 )
Bounds : ( 834.900, 220.140 ) ( 837.900, 220.540 )


SHORT: ( Metal Short ) Special Wire of Net VDD & Blockage of Cell MainMemory_data_sram  ( met3 )
Bounds : ( 834.900, 228.420 ) ( 837.900, 228.820 )


SHORT: ( Metal Short ) Special Wire of Net VDD & Blockage of Cell MainMemory_data_sram  ( met3 )
Bounds : ( 834.900, 236.700 ) ( 837.900, 237.100 )


SHORT: ( Metal Short ) Special Wire of Net VSS & Blockage of Cell MainMemory_data_sram  ( met2 )
Bounds : ( 757.900, 207.720 ) ( 760.900, 208.120 )


SHORT: ( Metal Short ) Special Wire of Net VSS & Blockage of Cell MainMemory_data_sram  ( met2 )
Bounds : ( 757.900, 216.000 ) ( 760.900, 216.400 )


SHORT: ( Metal Short ) Special Wire of Net VSS & Blockage of Cell MainMemory_data_sram  ( met2 )
Bounds : ( 757.900, 224.280 ) ( 760.900, 224.680 )


SHORT: ( Metal Short ) Special Wire of Net VSS & Blockage of Cell MainMemory_data_sram  ( met2 )
Bounds : ( 757.900, 232.560 ) ( 760.900, 232.960 )


SHORT: ( Metal Short ) Special Wire of Net VSS & Blockage of Cell MainMemory_data_sram  ( met2 )
Bounds : ( 757.900, 240.840 ) ( 760.900, 241.240 )


SHORT: ( Metal Short ) Special Wire of Net VDD & Blockage of Cell MainMemory_data_sram  ( met2 )
Bounds : ( 784.900, 203.580 ) ( 787.900, 203.980 )


SHORT: ( Metal Short ) Special Wire of Net VDD & Blockage of Cell MainMemory_data_sram  ( met2 )
Bounds : ( 784.900, 211.860 ) ( 787.900, 212.260 )


SHORT: ( Metal Short ) Special Wire of Net VDD & Blockage of Cell MainMemory_data_sram  ( met2 )
Bounds : ( 784.900, 220.140 ) ( 787.900, 220.540 )


SHORT: ( Metal Short ) Special Wire of Net VDD & Blockage of Cell MainMemory_data_sram  ( met2 )
Bounds : ( 784.900, 228.420 ) ( 787.900, 228.820 )


SHORT: ( Metal Short ) Special Wire of Net VDD & Blockage of Cell MainMemory_data_sram  ( met2 )
Bounds : ( 784.900, 236.700 ) ( 787.900, 237.100 )


SHORT: ( Metal Short ) Special Wire of Net VSS & Blockage of Cell MainMemory_data_sram  ( met3 )
Bounds : ( 757.900, 207.720 ) ( 760.900, 208.120 )


SHORT: ( Metal Short ) Special Wire of Net VSS & Blockage of Cell MainMemory_data_sram  ( met3 )
Bounds : ( 757.900, 216.000 ) ( 760.900, 216.400 )


SHORT: ( Metal Short ) Special Wire of Net VSS & Blockage of Cell MainMemory_data_sram  ( met3 )
Bounds : ( 757.900, 224.280 ) ( 760.900, 224.680 )


SHORT: ( Metal Short ) Special Wire of Net VSS & Blockage of Cell MainMemory_data_sram  ( met3 )
Bounds : ( 757.900, 232.560 ) ( 760.900, 232.960 )


SHORT: ( Metal Short ) Special Wire of Net VSS & Blockage of Cell MainMemory_data_sram  ( met3 )
Bounds : ( 757.900, 240.840 ) ( 760.900, 241.240 )


SHORT: ( Metal Short ) Special Wire of Net VDD & Blockage of Cell MainMemory_data_sram  ( met3 )
Bounds : ( 784.900, 203.580 ) ( 787.900, 203.980 )


SHORT: ( Metal Short ) Special Wire of Net VDD & Blockage of Cell MainMemory_data_sram  ( met3 )
Bounds : ( 784.900, 211.860 ) ( 787.900, 212.260 )


SHORT: ( Metal Short ) Special Wire of Net VDD & Blockage of Cell MainMemory_data_sram  ( met3 )
Bounds : ( 784.900, 220.140 ) ( 787.900, 220.540 )


SHORT: ( Metal Short ) Special Wire of Net VDD & Blockage of Cell MainMemory_data_sram  ( met3 )
Bounds : ( 784.900, 228.420 ) ( 787.900, 228.820 )


SHORT: ( Metal Short ) Special Wire of Net VDD & Blockage of Cell MainMemory_data_sram  ( met3 )
Bounds : ( 784.900, 236.700 ) ( 787.900, 237.100 )


SHORT: ( Metal Short ) Special Wire of Net VSS & Blockage of Cell MainMemory_data_sram  ( met2 )
Bounds : ( 807.900, 166.320 ) ( 810.900, 166.720 )


SHORT: ( Metal Short ) Special Wire of Net VSS & Blockage of Cell MainMemory_data_sram  ( met2 )
Bounds : ( 807.900, 174.600 ) ( 810.900, 175.000 )


SHORT: ( Metal Short ) Special Wire of Net VSS & Blockage of Cell MainMemory_data_sram  ( met2 )
Bounds : ( 807.900, 182.880 ) ( 810.900, 183.280 )


SHORT: ( Metal Short ) Special Wire of Net VDD & Blockage of Cell MainMemory_data_sram  ( met2 )
Bounds : ( 834.900, 170.460 ) ( 837.900, 170.860 )


SHORT: ( Metal Short ) Special Wire of Net VDD & Blockage of Cell MainMemory_data_sram  ( met2 )
Bounds : ( 834.900, 178.740 ) ( 837.900, 179.140 )


SHORT: ( Metal Short ) Special Wire of Net VDD & Blockage of Cell MainMemory_data_sram  ( met2 )
Bounds : ( 834.900, 187.020 ) ( 837.900, 187.420 )


SHORT: ( Metal Short ) Special Wire of Net VSS & Blockage of Cell MainMemory_data_sram  ( met3 )
Bounds : ( 807.900, 166.320 ) ( 810.900, 166.720 )


SHORT: ( Metal Short ) Special Wire of Net VSS & Blockage of Cell MainMemory_data_sram  ( met3 )
Bounds : ( 807.900, 174.600 ) ( 810.900, 175.000 )


SHORT: ( Metal Short ) Special Wire of Net VSS & Blockage of Cell MainMemory_data_sram  ( met3 )
Bounds : ( 807.900, 182.880 ) ( 810.900, 183.280 )


SHORT: ( Metal Short ) Special Wire of Net VDD & Blockage of Cell MainMemory_data_sram  ( met3 )
Bounds : ( 834.900, 170.460 ) ( 837.900, 170.860 )


SHORT: ( Metal Short ) Special Wire of Net VDD & Blockage of Cell MainMemory_data_sram  ( met3 )
Bounds : ( 834.900, 178.740 ) ( 837.900, 179.140 )


SHORT: ( Metal Short ) Special Wire of Net VDD & Blockage of Cell MainMemory_data_sram  ( met3 )
Bounds : ( 834.900, 187.020 ) ( 837.900, 187.420 )


SHORT: ( Metal Short ) Special Wire of Net VSS & Blockage of Cell MainMemory_data_sram  ( met2 )
Bounds : ( 807.900, 191.160 ) ( 810.900, 191.560 )


SHORT: ( Metal Short ) Special Wire of Net VSS & Blockage of Cell MainMemory_data_sram  ( met2 )
Bounds : ( 807.900, 199.440 ) ( 810.900, 199.840 )


SHORT: ( Metal Short ) Special Wire of Net VDD & Blockage of Cell MainMemory_data_sram  ( met2 )
Bounds : ( 834.900, 195.300 ) ( 837.900, 195.700 )


SHORT: ( Metal Short ) Special Wire of Net VSS & Blockage of Cell MainMemory_data_sram  ( met3 )
Bounds : ( 807.900, 191.160 ) ( 810.900, 191.560 )


SHORT: ( Metal Short ) Special Wire of Net VSS & Blockage of Cell MainMemory_data_sram  ( met3 )
Bounds : ( 807.900, 199.440 ) ( 810.900, 199.840 )


SHORT: ( Metal Short ) Special Wire of Net VDD & Blockage of Cell MainMemory_data_sram  ( met3 )
Bounds : ( 834.900, 195.300 ) ( 837.900, 195.700 )


SHORT: ( Metal Short ) Special Wire of Net VSS & Blockage of Cell MainMemory_data_sram  ( met2 )
Bounds : ( 757.900, 166.320 ) ( 760.900, 166.720 )


SHORT: ( Metal Short ) Special Wire of Net VSS & Blockage of Cell MainMemory_data_sram  ( met2 )
Bounds : ( 757.900, 174.600 ) ( 760.900, 175.000 )


SHORT: ( Metal Short ) Special Wire of Net VSS & Blockage of Cell MainMemory_data_sram  ( met2 )
Bounds : ( 757.900, 182.880 ) ( 760.900, 183.280 )


SHORT: ( Metal Short ) Special Wire of Net VDD & Blockage of Cell MainMemory_data_sram  ( met2 )
Bounds : ( 784.900, 170.460 ) ( 787.900, 170.860 )


SHORT: ( Metal Short ) Special Wire of Net VDD & Blockage of Cell MainMemory_data_sram  ( met2 )
Bounds : ( 784.900, 178.740 ) ( 787.900, 179.140 )


SHORT: ( Metal Short ) Special Wire of Net VDD & Blockage of Cell MainMemory_data_sram  ( met2 )
Bounds : ( 784.900, 187.020 ) ( 787.900, 187.420 )


SHORT: ( Metal Short ) Special Wire of Net VSS & Blockage of Cell MainMemory_data_sram  ( met3 )
Bounds : ( 757.900, 166.320 ) ( 760.900, 166.720 )


SHORT: ( Metal Short ) Special Wire of Net VSS & Blockage of Cell MainMemory_data_sram  ( met3 )
Bounds : ( 757.900, 174.600 ) ( 760.900, 175.000 )


SHORT: ( Metal Short ) Special Wire of Net VSS & Blockage of Cell MainMemory_data_sram  ( met3 )
Bounds : ( 757.900, 182.880 ) ( 760.900, 183.280 )


SHORT: ( Metal Short ) Special Wire of Net VDD & Blockage of Cell MainMemory_data_sram  ( met3 )
Bounds : ( 784.900, 170.460 ) ( 787.900, 170.860 )


SHORT: ( Metal Short ) Special Wire of Net VDD & Blockage of Cell MainMemory_data_sram  ( met3 )
Bounds : ( 784.900, 178.740 ) ( 787.900, 179.140 )


SHORT: ( Metal Short ) Special Wire of Net VDD & Blockage of Cell MainMemory_data_sram  ( met3 )
Bounds : ( 784.900, 187.020 ) ( 787.900, 187.420 )


SHORT: ( Metal Short ) Special Wire of Net VSS & Blockage of Cell MainMemory_data_sram  ( met2 )
Bounds : ( 757.900, 191.160 ) ( 760.900, 191.560 )


SHORT: ( Metal Short ) Special Wire of Net VSS & Blockage of Cell MainMemory_data_sram  ( met2 )
Bounds : ( 757.900, 199.440 ) ( 760.900, 199.840 )


SHORT: ( Metal Short ) Special Wire of Net VDD & Blockage of Cell MainMemory_data_sram  ( met2 )
Bounds : ( 784.900, 195.300 ) ( 787.900, 195.700 )


SHORT: ( Metal Short ) Special Wire of Net VSS & Blockage of Cell MainMemory_data_sram  ( met3 )
Bounds : ( 757.900, 191.160 ) ( 760.900, 191.560 )


SHORT: ( Metal Short ) Special Wire of Net VSS & Blockage of Cell MainMemory_data_sram  ( met3 )
Bounds : ( 757.900, 199.440 ) ( 760.900, 199.840 )


SHORT: ( Metal Short ) Special Wire of Net VDD & Blockage of Cell MainMemory_data_sram  ( met3 )
Bounds : ( 784.900, 195.300 ) ( 787.900, 195.700 )


SHORT: ( Metal Short ) Special Wire of Net VDD & Blockage of Cell MainMemory_data_sram  ( met2 )
Bounds : ( 734.900, 203.580 ) ( 737.900, 203.980 )


SHORT: ( Metal Short ) Special Wire of Net VDD & Blockage of Cell MainMemory_data_sram  ( met2 )
Bounds : ( 734.900, 211.860 ) ( 737.900, 212.260 )


SHORT: ( Metal Short ) Special Wire of Net VDD & Blockage of Cell MainMemory_data_sram  ( met2 )
Bounds : ( 734.900, 220.140 ) ( 737.900, 220.540 )


SHORT: ( Metal Short ) Special Wire of Net VDD & Blockage of Cell MainMemory_data_sram  ( met2 )
Bounds : ( 734.900, 228.420 ) ( 737.900, 228.820 )


SHORT: ( Metal Short ) Special Wire of Net VDD & Blockage of Cell MainMemory_data_sram  ( met2 )
Bounds : ( 734.900, 236.700 ) ( 737.900, 237.100 )


SHORT: ( Metal Short ) Special Wire of Net VDD & Blockage of Cell MainMemory_data_sram  ( met3 )
Bounds : ( 734.900, 203.580 ) ( 737.900, 203.980 )


SHORT: ( Metal Short ) Special Wire of Net VDD & Blockage of Cell MainMemory_data_sram  ( met3 )
Bounds : ( 734.900, 211.860 ) ( 737.900, 212.260 )


SHORT: ( Metal Short ) Special Wire of Net VDD & Blockage of Cell MainMemory_data_sram  ( met3 )
Bounds : ( 734.900, 220.140 ) ( 737.900, 220.540 )


SHORT: ( Metal Short ) Special Wire of Net VDD & Blockage of Cell MainMemory_data_sram  ( met3 )
Bounds : ( 734.900, 228.420 ) ( 737.900, 228.820 )


SHORT: ( Metal Short ) Special Wire of Net VDD & Blockage of Cell MainMemory_data_sram  ( met3 )
Bounds : ( 734.900, 236.700 ) ( 737.900, 237.100 )


SHORT: ( Metal Short ) Special Wire of Net VDD & Blockage of Cell MainMemory_data_sram  ( met2 )
Bounds : ( 684.900, 203.580 ) ( 687.900, 203.980 )


SHORT: ( Metal Short ) Special Wire of Net VDD & Blockage of Cell MainMemory_data_sram  ( met2 )
Bounds : ( 684.900, 211.860 ) ( 687.900, 212.260 )


SHORT: ( Metal Short ) Special Wire of Net VDD & Blockage of Cell MainMemory_data_sram  ( met2 )
Bounds : ( 684.900, 220.140 ) ( 687.900, 220.540 )


SHORT: ( Metal Short ) Special Wire of Net VDD & Blockage of Cell MainMemory_data_sram  ( met2 )
Bounds : ( 684.900, 228.420 ) ( 687.900, 228.820 )


SHORT: ( Metal Short ) Special Wire of Net VDD & Blockage of Cell MainMemory_data_sram  ( met2 )
Bounds : ( 684.900, 236.700 ) ( 687.900, 237.100 )


SHORT: ( Metal Short ) Special Wire of Net VDD & Blockage of Cell MainMemory_data_sram  ( met3 )
Bounds : ( 684.900, 203.580 ) ( 687.900, 203.980 )


SHORT: ( Metal Short ) Special Wire of Net VDD & Blockage of Cell MainMemory_data_sram  ( met3 )
Bounds : ( 684.900, 211.860 ) ( 687.900, 212.260 )


SHORT: ( Metal Short ) Special Wire of Net VDD & Blockage of Cell MainMemory_data_sram  ( met3 )
Bounds : ( 684.900, 220.140 ) ( 687.900, 220.540 )


SHORT: ( Metal Short ) Special Wire of Net VDD & Blockage of Cell MainMemory_data_sram  ( met3 )
Bounds : ( 684.900, 228.420 ) ( 687.900, 228.820 )


SHORT: ( Metal Short ) Special Wire of Net VDD & Blockage of Cell MainMemory_data_sram  ( met3 )
Bounds : ( 684.900, 236.700 ) ( 687.900, 237.100 )


SHORT: ( Metal Short ) Special Wire of Net VSS & Blockage of Cell MainMemory_data_sram  ( met2 )
Bounds : ( 707.900, 207.720 ) ( 710.900, 208.120 )


SHORT: ( Metal Short ) Special Wire of Net VSS & Blockage of Cell MainMemory_data_sram  ( met2 )
Bounds : ( 707.900, 216.000 ) ( 710.900, 216.400 )


SHORT: ( Metal Short ) Special Wire of Net VSS & Blockage of Cell MainMemory_data_sram  ( met2 )
Bounds : ( 707.900, 224.280 ) ( 710.900, 224.680 )


SHORT: ( Metal Short ) Special Wire of Net VSS & Blockage of Cell MainMemory_data_sram  ( met2 )
Bounds : ( 707.900, 232.560 ) ( 710.900, 232.960 )


SHORT: ( Metal Short ) Special Wire of Net VSS & Blockage of Cell MainMemory_data_sram  ( met2 )
Bounds : ( 707.900, 240.840 ) ( 710.900, 241.240 )


SHORT: ( Metal Short ) Special Wire of Net VSS & Blockage of Cell MainMemory_data_sram  ( met3 )
Bounds : ( 707.900, 207.720 ) ( 710.900, 208.120 )


SHORT: ( Metal Short ) Special Wire of Net VSS & Blockage of Cell MainMemory_data_sram  ( met3 )
Bounds : ( 707.900, 216.000 ) ( 710.900, 216.400 )


SHORT: ( Metal Short ) Special Wire of Net VSS & Blockage of Cell MainMemory_data_sram  ( met3 )
Bounds : ( 707.900, 224.280 ) ( 710.900, 224.680 )


SHORT: ( Metal Short ) Special Wire of Net VSS & Blockage of Cell MainMemory_data_sram  ( met3 )
Bounds : ( 707.900, 232.560 ) ( 710.900, 232.960 )


SHORT: ( Metal Short ) Special Wire of Net VSS & Blockage of Cell MainMemory_data_sram  ( met3 )
Bounds : ( 707.900, 240.840 ) ( 710.900, 241.240 )


SHORT: ( Metal Short ) Special Wire of Net VDD & Blockage of Cell MainMemory_data_sram  ( met2 )
Bounds : ( 684.900, 170.460 ) ( 687.900, 170.860 )


SHORT: ( Metal Short ) Special Wire of Net VDD & Blockage of Cell MainMemory_data_sram  ( met2 )
Bounds : ( 684.900, 178.740 ) ( 687.900, 179.140 )


SHORT: ( Metal Short ) Special Wire of Net VDD & Blockage of Cell MainMemory_data_sram  ( met2 )
Bounds : ( 684.900, 187.020 ) ( 687.900, 187.420 )


SHORT: ( Metal Short ) Special Wire of Net VDD & Blockage of Cell MainMemory_data_sram  ( met3 )
Bounds : ( 684.900, 170.460 ) ( 687.900, 170.860 )


SHORT: ( Metal Short ) Special Wire of Net VDD & Blockage of Cell MainMemory_data_sram  ( met3 )
Bounds : ( 684.900, 178.740 ) ( 687.900, 179.140 )


SHORT: ( Metal Short ) Special Wire of Net VDD & Blockage of Cell MainMemory_data_sram  ( met3 )
Bounds : ( 684.900, 187.020 ) ( 687.900, 187.420 )


SHORT: ( Metal Short ) Special Wire of Net VSS & Blockage of Cell MainMemory_data_sram  ( met2 )
Bounds : ( 707.900, 166.320 ) ( 710.900, 166.720 )


SHORT: ( Metal Short ) Special Wire of Net VSS & Blockage of Cell MainMemory_data_sram  ( met2 )
Bounds : ( 707.900, 174.600 ) ( 710.900, 175.000 )


SHORT: ( Metal Short ) Special Wire of Net VSS & Blockage of Cell MainMemory_data_sram  ( met2 )
Bounds : ( 707.900, 182.880 ) ( 710.900, 183.280 )


SHORT: ( Metal Short ) Special Wire of Net VDD & Blockage of Cell MainMemory_data_sram  ( met2 )
Bounds : ( 734.900, 170.460 ) ( 737.900, 170.860 )


SHORT: ( Metal Short ) Special Wire of Net VDD & Blockage of Cell MainMemory_data_sram  ( met2 )
Bounds : ( 734.900, 178.740 ) ( 737.900, 179.140 )


SHORT: ( Metal Short ) Special Wire of Net VDD & Blockage of Cell MainMemory_data_sram  ( met2 )
Bounds : ( 734.900, 187.020 ) ( 737.900, 187.420 )


SHORT: ( Metal Short ) Special Wire of Net VSS & Blockage of Cell MainMemory_data_sram  ( met3 )
Bounds : ( 707.900, 166.320 ) ( 710.900, 166.720 )


SHORT: ( Metal Short ) Special Wire of Net VSS & Blockage of Cell MainMemory_data_sram  ( met3 )
Bounds : ( 707.900, 174.600 ) ( 710.900, 175.000 )


SHORT: ( Metal Short ) Special Wire of Net VSS & Blockage of Cell MainMemory_data_sram  ( met3 )
Bounds : ( 707.900, 182.880 ) ( 710.900, 183.280 )


SHORT: ( Metal Short ) Special Wire of Net VDD & Blockage of Cell MainMemory_data_sram  ( met3 )
Bounds : ( 734.900, 170.460 ) ( 737.900, 170.860 )


SHORT: ( Metal Short ) Special Wire of Net VDD & Blockage of Cell MainMemory_data_sram  ( met3 )
Bounds : ( 734.900, 178.740 ) ( 737.900, 179.140 )


SHORT: ( Metal Short ) Special Wire of Net VDD & Blockage of Cell MainMemory_data_sram  ( met3 )
Bounds : ( 734.900, 187.020 ) ( 737.900, 187.420 )


SHORT: ( Metal Short ) Special Wire of Net VDD & Blockage of Cell MainMemory_data_sram  ( met2 )
Bounds : ( 684.900, 195.300 ) ( 687.900, 195.700 )


SHORT: ( Metal Short ) Special Wire of Net VDD & Blockage of Cell MainMemory_data_sram  ( met3 )
Bounds : ( 684.900, 195.300 ) ( 687.900, 195.700 )


SHORT: ( Metal Short ) Special Wire of Net VSS & Blockage of Cell MainMemory_data_sram  ( met2 )
Bounds : ( 707.900, 191.160 ) ( 710.900, 191.560 )


SHORT: ( Metal Short ) Special Wire of Net VSS & Blockage of Cell MainMemory_data_sram  ( met2 )
Bounds : ( 707.900, 199.440 ) ( 710.900, 199.840 )


SHORT: ( Metal Short ) Special Wire of Net VDD & Blockage of Cell MainMemory_data_sram  ( met2 )
Bounds : ( 734.900, 195.300 ) ( 737.900, 195.700 )


SHORT: ( Metal Short ) Special Wire of Net VSS & Blockage of Cell MainMemory_data_sram  ( met3 )
Bounds : ( 707.900, 191.160 ) ( 710.900, 191.560 )


SHORT: ( Metal Short ) Special Wire of Net VSS & Blockage of Cell MainMemory_data_sram  ( met3 )
Bounds : ( 707.900, 199.440 ) ( 710.900, 199.840 )


SHORT: ( Metal Short ) Special Wire of Net VDD & Blockage of Cell MainMemory_data_sram  ( met3 )
Bounds : ( 734.900, 195.300 ) ( 737.900, 195.700 )


SHORT: ( Metal Short ) Special Wire of Net VSS & Blockage of Cell MainMemory_data_sram  ( met2 )
Bounds : ( 657.900, 290.520 ) ( 660.900, 290.920 )


SHORT: ( Metal Short ) Special Wire of Net VSS & Blockage of Cell MainMemory_data_sram  ( met2 )
Bounds : ( 657.900, 298.800 ) ( 660.900, 299.200 )


SHORT: ( Metal Short ) Special Wire of Net VSS & Blockage of Cell MainMemory_data_sram  ( met2 )
Bounds : ( 657.900, 307.080 ) ( 660.900, 307.480 )


SHORT: ( Metal Short ) Special Wire of Net VSS & Blockage of Cell MainMemory_data_sram  ( met2 )
Bounds : ( 657.900, 315.360 ) ( 660.900, 315.760 )


SHORT: ( Metal Short ) Special Wire of Net VSS & Blockage of Cell MainMemory_data_sram  ( met2 )
Bounds : ( 657.900, 323.640 ) ( 660.900, 324.040 )


SHORT: ( Metal Short ) Special Wire of Net VSS & Blockage of Cell MainMemory_data_sram  ( met3 )
Bounds : ( 657.900, 290.520 ) ( 660.900, 290.920 )


SHORT: ( Metal Short ) Special Wire of Net VSS & Blockage of Cell MainMemory_data_sram  ( met3 )
Bounds : ( 657.900, 298.800 ) ( 660.900, 299.200 )


SHORT: ( Metal Short ) Special Wire of Net VSS & Blockage of Cell MainMemory_data_sram  ( met3 )
Bounds : ( 657.900, 307.080 ) ( 660.900, 307.480 )


SHORT: ( Metal Short ) Special Wire of Net VSS & Blockage of Cell MainMemory_data_sram  ( met3 )
Bounds : ( 657.900, 315.360 ) ( 660.900, 315.760 )


SHORT: ( Metal Short ) Special Wire of Net VSS & Blockage of Cell MainMemory_data_sram  ( met3 )
Bounds : ( 657.900, 323.640 ) ( 660.900, 324.040 )


SHORT: ( Metal Short ) Special Wire of Net VSS & Blockage of Cell MainMemory_data_sram  ( met2 )
Bounds : ( 607.900, 290.520 ) ( 610.900, 290.920 )


SHORT: ( Metal Short ) Special Wire of Net VSS & Blockage of Cell MainMemory_data_sram  ( met2 )
Bounds : ( 607.900, 298.800 ) ( 610.900, 299.200 )


SHORT: ( Metal Short ) Special Wire of Net VSS & Blockage of Cell MainMemory_data_sram  ( met2 )
Bounds : ( 607.900, 307.080 ) ( 610.900, 307.480 )


SHORT: ( Metal Short ) Special Wire of Net VSS & Blockage of Cell MainMemory_data_sram  ( met2 )
Bounds : ( 607.900, 315.360 ) ( 610.900, 315.760 )


SHORT: ( Metal Short ) Special Wire of Net VSS & Blockage of Cell MainMemory_data_sram  ( met2 )
Bounds : ( 607.900, 323.640 ) ( 610.900, 324.040 )


SHORT: ( Metal Short ) Special Wire of Net VSS & Blockage of Cell MainMemory_data_sram  ( met3 )
Bounds : ( 607.900, 290.520 ) ( 610.900, 290.920 )


SHORT: ( Metal Short ) Special Wire of Net VSS & Blockage of Cell MainMemory_data_sram  ( met3 )
Bounds : ( 607.900, 298.800 ) ( 610.900, 299.200 )


SHORT: ( Metal Short ) Special Wire of Net VSS & Blockage of Cell MainMemory_data_sram  ( met3 )
Bounds : ( 607.900, 307.080 ) ( 610.900, 307.480 )


SHORT: ( Metal Short ) Special Wire of Net VSS & Blockage of Cell MainMemory_data_sram  ( met3 )
Bounds : ( 607.900, 315.360 ) ( 610.900, 315.760 )


SHORT: ( Metal Short ) Special Wire of Net VSS & Blockage of Cell MainMemory_data_sram  ( met3 )
Bounds : ( 607.900, 323.640 ) ( 610.900, 324.040 )


SHORT: ( Metal Short ) Special Wire of Net VDD & Blockage of Cell MainMemory_data_sram  ( met2 )
Bounds : ( 634.900, 286.380 ) ( 637.900, 286.780 )


SHORT: ( Metal Short ) Special Wire of Net VDD & Blockage of Cell MainMemory_data_sram  ( met2 )
Bounds : ( 634.900, 294.660 ) ( 637.900, 295.060 )


SHORT: ( Metal Short ) Special Wire of Net VDD & Blockage of Cell MainMemory_data_sram  ( met2 )
Bounds : ( 634.900, 302.940 ) ( 637.900, 303.340 )


SHORT: ( Metal Short ) Special Wire of Net VDD & Blockage of Cell MainMemory_data_sram  ( met2 )
Bounds : ( 634.900, 311.220 ) ( 637.900, 311.620 )


SHORT: ( Metal Short ) Special Wire of Net VDD & Blockage of Cell MainMemory_data_sram  ( met2 )
Bounds : ( 634.900, 319.500 ) ( 637.900, 319.900 )


SHORT: ( Metal Short ) Special Wire of Net VDD & Blockage of Cell MainMemory_data_sram  ( met3 )
Bounds : ( 634.900, 286.380 ) ( 637.900, 286.780 )


SHORT: ( Metal Short ) Special Wire of Net VDD & Blockage of Cell MainMemory_data_sram  ( met3 )
Bounds : ( 634.900, 294.660 ) ( 637.900, 295.060 )


SHORT: ( Metal Short ) Special Wire of Net VDD & Blockage of Cell MainMemory_data_sram  ( met3 )
Bounds : ( 634.900, 302.940 ) ( 637.900, 303.340 )


SHORT: ( Metal Short ) Special Wire of Net VDD & Blockage of Cell MainMemory_data_sram  ( met3 )
Bounds : ( 634.900, 311.220 ) ( 637.900, 311.620 )


SHORT: ( Metal Short ) Special Wire of Net VDD & Blockage of Cell MainMemory_data_sram  ( met3 )
Bounds : ( 634.900, 319.500 ) ( 637.900, 319.900 )


SHORT: ( Metal Short ) Special Wire of Net VSS & Blockage of Cell MainMemory_data_sram  ( met2 )
Bounds : ( 657.900, 249.120 ) ( 660.900, 249.520 )


SHORT: ( Metal Short ) Special Wire of Net VSS & Blockage of Cell MainMemory_data_sram  ( met2 )
Bounds : ( 657.900, 257.400 ) ( 660.900, 257.800 )


SHORT: ( Metal Short ) Special Wire of Net VSS & Blockage of Cell MainMemory_data_sram  ( met2 )
Bounds : ( 657.900, 265.680 ) ( 660.900, 266.080 )


SHORT: ( Metal Short ) Special Wire of Net VSS & Blockage of Cell MainMemory_data_sram  ( met2 )
Bounds : ( 657.900, 273.960 ) ( 660.900, 274.360 )


SHORT: ( Metal Short ) Special Wire of Net VSS & Blockage of Cell MainMemory_data_sram  ( met2 )
Bounds : ( 657.900, 282.240 ) ( 660.900, 282.640 )


SHORT: ( Metal Short ) Special Wire of Net VSS & Blockage of Cell MainMemory_data_sram  ( met3 )
Bounds : ( 657.900, 249.120 ) ( 660.900, 249.520 )


SHORT: ( Metal Short ) Special Wire of Net VSS & Blockage of Cell MainMemory_data_sram  ( met3 )
Bounds : ( 657.900, 257.400 ) ( 660.900, 257.800 )


SHORT: ( Metal Short ) Special Wire of Net VSS & Blockage of Cell MainMemory_data_sram  ( met3 )
Bounds : ( 657.900, 265.680 ) ( 660.900, 266.080 )


SHORT: ( Metal Short ) Special Wire of Net VSS & Blockage of Cell MainMemory_data_sram  ( met3 )
Bounds : ( 657.900, 273.960 ) ( 660.900, 274.360 )


SHORT: ( Metal Short ) Special Wire of Net VSS & Blockage of Cell MainMemory_data_sram  ( met3 )
Bounds : ( 657.900, 282.240 ) ( 660.900, 282.640 )


SHORT: ( Metal Short ) Special Wire of Net VSS & Blockage of Cell MainMemory_data_sram  ( met2 )
Bounds : ( 607.900, 249.120 ) ( 610.900, 249.520 )


SHORT: ( Metal Short ) Special Wire of Net VSS & Blockage of Cell MainMemory_data_sram  ( met2 )
Bounds : ( 607.900, 257.400 ) ( 610.900, 257.800 )


SHORT: ( Metal Short ) Special Wire of Net VSS & Blockage of Cell MainMemory_data_sram  ( met2 )
Bounds : ( 607.900, 265.680 ) ( 610.900, 266.080 )


SHORT: ( Metal Short ) Special Wire of Net VSS & Blockage of Cell MainMemory_data_sram  ( met2 )
Bounds : ( 607.900, 273.960 ) ( 610.900, 274.360 )


SHORT: ( Metal Short ) Special Wire of Net VSS & Blockage of Cell MainMemory_data_sram  ( met2 )
Bounds : ( 607.900, 282.240 ) ( 610.900, 282.640 )


SHORT: ( Metal Short ) Special Wire of Net VSS & Blockage of Cell MainMemory_data_sram  ( met3 )
Bounds : ( 607.900, 249.120 ) ( 610.900, 249.520 )


SHORT: ( Metal Short ) Special Wire of Net VSS & Blockage of Cell MainMemory_data_sram  ( met3 )
Bounds : ( 607.900, 257.400 ) ( 610.900, 257.800 )


SHORT: ( Metal Short ) Special Wire of Net VSS & Blockage of Cell MainMemory_data_sram  ( met3 )
Bounds : ( 607.900, 265.680 ) ( 610.900, 266.080 )


SHORT: ( Metal Short ) Special Wire of Net VSS & Blockage of Cell MainMemory_data_sram  ( met3 )
Bounds : ( 607.900, 273.960 ) ( 610.900, 274.360 )


SHORT: ( Metal Short ) Special Wire of Net VSS & Blockage of Cell MainMemory_data_sram  ( met3 )
Bounds : ( 607.900, 282.240 ) ( 610.900, 282.640 )


SHORT: ( Metal Short ) Special Wire of Net VDD & Blockage of Cell MainMemory_data_sram  ( met2 )
Bounds : ( 634.900, 244.980 ) ( 637.900, 245.380 )


SHORT: ( Metal Short ) Special Wire of Net VDD & Blockage of Cell MainMemory_data_sram  ( met2 )
Bounds : ( 634.900, 253.260 ) ( 637.900, 253.660 )


SHORT: ( Metal Short ) Special Wire of Net VDD & Blockage of Cell MainMemory_data_sram  ( met2 )
Bounds : ( 634.900, 261.540 ) ( 637.900, 261.940 )


SHORT: ( Metal Short ) Special Wire of Net VDD & Blockage of Cell MainMemory_data_sram  ( met2 )
Bounds : ( 634.900, 269.820 ) ( 637.900, 270.220 )


SHORT: ( Metal Short ) Special Wire of Net VDD & Blockage of Cell MainMemory_data_sram  ( met2 )
Bounds : ( 634.900, 278.100 ) ( 637.900, 278.500 )


SHORT: ( Metal Short ) Special Wire of Net VDD & Blockage of Cell MainMemory_data_sram  ( met3 )
Bounds : ( 634.900, 244.980 ) ( 637.900, 245.380 )


SHORT: ( Metal Short ) Special Wire of Net VDD & Blockage of Cell MainMemory_data_sram  ( met3 )
Bounds : ( 634.900, 253.260 ) ( 637.900, 253.660 )


SHORT: ( Metal Short ) Special Wire of Net VDD & Blockage of Cell MainMemory_data_sram  ( met3 )
Bounds : ( 634.900, 261.540 ) ( 637.900, 261.940 )


SHORT: ( Metal Short ) Special Wire of Net VDD & Blockage of Cell MainMemory_data_sram  ( met3 )
Bounds : ( 634.900, 269.820 ) ( 637.900, 270.220 )


SHORT: ( Metal Short ) Special Wire of Net VDD & Blockage of Cell MainMemory_data_sram  ( met3 )
Bounds : ( 634.900, 278.100 ) ( 637.900, 278.500 )


SHORT: ( Metal Short ) Special Wire of Net VSS & Blockage of Cell MainMemory_data_sram  ( met2 )
Bounds : ( 557.900, 290.520 ) ( 560.900, 290.920 )


SHORT: ( Metal Short ) Special Wire of Net VSS & Blockage of Cell MainMemory_data_sram  ( met2 )
Bounds : ( 557.900, 298.800 ) ( 560.900, 299.200 )


SHORT: ( Metal Short ) Special Wire of Net VSS & Blockage of Cell MainMemory_data_sram  ( met2 )
Bounds : ( 557.900, 307.080 ) ( 560.900, 307.480 )


SHORT: ( Metal Short ) Special Wire of Net VSS & Blockage of Cell MainMemory_data_sram  ( met2 )
Bounds : ( 557.900, 315.360 ) ( 560.900, 315.760 )


SHORT: ( Metal Short ) Special Wire of Net VSS & Blockage of Cell MainMemory_data_sram  ( met2 )
Bounds : ( 557.900, 323.640 ) ( 560.900, 324.040 )


SHORT: ( Metal Short ) Special Wire of Net VDD & Blockage of Cell MainMemory_data_sram  ( met2 )
Bounds : ( 584.900, 286.380 ) ( 587.900, 286.780 )


SHORT: ( Metal Short ) Special Wire of Net VDD & Blockage of Cell MainMemory_data_sram  ( met2 )
Bounds : ( 584.900, 294.660 ) ( 587.900, 295.060 )


SHORT: ( Metal Short ) Special Wire of Net VDD & Blockage of Cell MainMemory_data_sram  ( met2 )
Bounds : ( 584.900, 302.940 ) ( 587.900, 303.340 )


SHORT: ( Metal Short ) Special Wire of Net VDD & Blockage of Cell MainMemory_data_sram  ( met2 )
Bounds : ( 584.900, 311.220 ) ( 587.900, 311.620 )


SHORT: ( Metal Short ) Special Wire of Net VDD & Blockage of Cell MainMemory_data_sram  ( met2 )
Bounds : ( 584.900, 319.500 ) ( 587.900, 319.900 )


SHORT: ( Metal Short ) Special Wire of Net VSS & Blockage of Cell MainMemory_data_sram  ( met3 )
Bounds : ( 557.900, 290.520 ) ( 560.900, 290.920 )


SHORT: ( Metal Short ) Special Wire of Net VSS & Blockage of Cell MainMemory_data_sram  ( met3 )
Bounds : ( 557.900, 298.800 ) ( 560.900, 299.200 )


SHORT: ( Metal Short ) Special Wire of Net VSS & Blockage of Cell MainMemory_data_sram  ( met3 )
Bounds : ( 557.900, 307.080 ) ( 560.900, 307.480 )


SHORT: ( Metal Short ) Special Wire of Net VSS & Blockage of Cell MainMemory_data_sram  ( met3 )
Bounds : ( 557.900, 315.360 ) ( 560.900, 315.760 )


SHORT: ( Metal Short ) Special Wire of Net VSS & Blockage of Cell MainMemory_data_sram  ( met3 )
Bounds : ( 557.900, 323.640 ) ( 560.900, 324.040 )


SHORT: ( Metal Short ) Special Wire of Net VDD & Blockage of Cell MainMemory_data_sram  ( met3 )
Bounds : ( 584.900, 286.380 ) ( 587.900, 286.780 )


SHORT: ( Metal Short ) Special Wire of Net VDD & Blockage of Cell MainMemory_data_sram  ( met3 )
Bounds : ( 584.900, 294.660 ) ( 587.900, 295.060 )


SHORT: ( Metal Short ) Special Wire of Net VDD & Blockage of Cell MainMemory_data_sram  ( met3 )
Bounds : ( 584.900, 302.940 ) ( 587.900, 303.340 )


SHORT: ( Metal Short ) Special Wire of Net VDD & Blockage of Cell MainMemory_data_sram  ( met3 )
Bounds : ( 584.900, 311.220 ) ( 587.900, 311.620 )


SHORT: ( Metal Short ) Special Wire of Net VDD & Blockage of Cell MainMemory_data_sram  ( met3 )
Bounds : ( 584.900, 319.500 ) ( 587.900, 319.900 )


SHORT: ( Metal Short ) Special Wire of Net VDD & Blockage of Cell MainMemory_data_sram  ( met2 )
Bounds : ( 534.900, 286.380 ) ( 537.900, 286.780 )


SHORT: ( Metal Short ) Special Wire of Net VDD & Blockage of Cell MainMemory_data_sram  ( met2 )
Bounds : ( 534.900, 294.660 ) ( 537.900, 295.060 )


SHORT: ( Metal Short ) Special Wire of Net VDD & Blockage of Cell MainMemory_data_sram  ( met2 )
Bounds : ( 534.900, 302.940 ) ( 537.900, 303.340 )


SHORT: ( Metal Short ) Special Wire of Net VDD & Blockage of Cell MainMemory_data_sram  ( met2 )
Bounds : ( 534.900, 311.220 ) ( 537.900, 311.620 )


SHORT: ( Metal Short ) Special Wire of Net VDD & Blockage of Cell MainMemory_data_sram  ( met2 )
Bounds : ( 534.900, 319.500 ) ( 537.900, 319.900 )


SHORT: ( Metal Short ) Special Wire of Net VDD & Blockage of Cell MainMemory_data_sram  ( met3 )
Bounds : ( 534.900, 286.380 ) ( 537.900, 286.780 )


SHORT: ( Metal Short ) Special Wire of Net VDD & Blockage of Cell MainMemory_data_sram  ( met3 )
Bounds : ( 534.900, 294.660 ) ( 537.900, 295.060 )


SHORT: ( Metal Short ) Special Wire of Net VDD & Blockage of Cell MainMemory_data_sram  ( met3 )
Bounds : ( 534.900, 302.940 ) ( 537.900, 303.340 )


SHORT: ( Metal Short ) Special Wire of Net VDD & Blockage of Cell MainMemory_data_sram  ( met3 )
Bounds : ( 534.900, 311.220 ) ( 537.900, 311.620 )


SHORT: ( Metal Short ) Special Wire of Net VDD & Blockage of Cell MainMemory_data_sram  ( met3 )
Bounds : ( 534.900, 319.500 ) ( 537.900, 319.900 )


SHORT: ( Metal Short ) Special Wire of Net VSS & Blockage of Cell MainMemory_data_sram  ( met2 )
Bounds : ( 557.900, 249.120 ) ( 560.900, 249.520 )


SHORT: ( Metal Short ) Special Wire of Net VSS & Blockage of Cell MainMemory_data_sram  ( met2 )
Bounds : ( 557.900, 257.400 ) ( 560.900, 257.800 )


SHORT: ( Metal Short ) Special Wire of Net VSS & Blockage of Cell MainMemory_data_sram  ( met2 )
Bounds : ( 557.900, 265.680 ) ( 560.900, 266.080 )


SHORT: ( Metal Short ) Special Wire of Net VSS & Blockage of Cell MainMemory_data_sram  ( met2 )
Bounds : ( 557.900, 273.960 ) ( 560.900, 274.360 )


SHORT: ( Metal Short ) Special Wire of Net VSS & Blockage of Cell MainMemory_data_sram  ( met2 )
Bounds : ( 557.900, 282.240 ) ( 560.900, 282.640 )


SHORT: ( Metal Short ) Special Wire of Net VDD & Blockage of Cell MainMemory_data_sram  ( met2 )
Bounds : ( 584.900, 244.980 ) ( 587.900, 245.380 )


SHORT: ( Metal Short ) Special Wire of Net VDD & Blockage of Cell MainMemory_data_sram  ( met2 )
Bounds : ( 584.900, 253.260 ) ( 587.900, 253.660 )


SHORT: ( Metal Short ) Special Wire of Net VDD & Blockage of Cell MainMemory_data_sram  ( met2 )
Bounds : ( 584.900, 261.540 ) ( 587.900, 261.940 )


SHORT: ( Metal Short ) Special Wire of Net VDD & Blockage of Cell MainMemory_data_sram  ( met2 )
Bounds : ( 584.900, 269.820 ) ( 587.900, 270.220 )


SHORT: ( Metal Short ) Special Wire of Net VDD & Blockage of Cell MainMemory_data_sram  ( met2 )
Bounds : ( 584.900, 278.100 ) ( 587.900, 278.500 )


SHORT: ( Metal Short ) Special Wire of Net VSS & Blockage of Cell MainMemory_data_sram  ( met3 )
Bounds : ( 557.900, 249.120 ) ( 560.900, 249.520 )


SHORT: ( Metal Short ) Special Wire of Net VSS & Blockage of Cell MainMemory_data_sram  ( met3 )
Bounds : ( 557.900, 257.400 ) ( 560.900, 257.800 )


SHORT: ( Metal Short ) Special Wire of Net VSS & Blockage of Cell MainMemory_data_sram  ( met3 )
Bounds : ( 557.900, 265.680 ) ( 560.900, 266.080 )


SHORT: ( Metal Short ) Special Wire of Net VSS & Blockage of Cell MainMemory_data_sram  ( met3 )
Bounds : ( 557.900, 273.960 ) ( 560.900, 274.360 )


SHORT: ( Metal Short ) Special Wire of Net VSS & Blockage of Cell MainMemory_data_sram  ( met3 )
Bounds : ( 557.900, 282.240 ) ( 560.900, 282.640 )


SHORT: ( Metal Short ) Special Wire of Net VDD & Blockage of Cell MainMemory_data_sram  ( met3 )
Bounds : ( 584.900, 244.980 ) ( 587.900, 245.380 )


SHORT: ( Metal Short ) Special Wire of Net VDD & Blockage of Cell MainMemory_data_sram  ( met3 )
Bounds : ( 584.900, 253.260 ) ( 587.900, 253.660 )


SHORT: ( Metal Short ) Special Wire of Net VDD & Blockage of Cell MainMemory_data_sram  ( met3 )
Bounds : ( 584.900, 261.540 ) ( 587.900, 261.940 )


SHORT: ( Metal Short ) Special Wire of Net VDD & Blockage of Cell MainMemory_data_sram  ( met3 )
Bounds : ( 584.900, 269.820 ) ( 587.900, 270.220 )


SHORT: ( Metal Short ) Special Wire of Net VDD & Blockage of Cell MainMemory_data_sram  ( met3 )
Bounds : ( 584.900, 278.100 ) ( 587.900, 278.500 )


SHORT: ( Metal Short ) Special Wire of Net VDD & Blockage of Cell MainMemory_data_sram  ( met2 )
Bounds : ( 534.900, 244.980 ) ( 537.900, 245.380 )


SHORT: ( Metal Short ) Special Wire of Net VDD & Blockage of Cell MainMemory_data_sram  ( met2 )
Bounds : ( 534.900, 253.260 ) ( 537.900, 253.660 )


SHORT: ( Metal Short ) Special Wire of Net VDD & Blockage of Cell MainMemory_data_sram  ( met2 )
Bounds : ( 534.900, 261.540 ) ( 537.900, 261.940 )


SHORT: ( Metal Short ) Special Wire of Net VDD & Blockage of Cell MainMemory_data_sram  ( met2 )
Bounds : ( 534.900, 269.820 ) ( 537.900, 270.220 )


SHORT: ( Metal Short ) Special Wire of Net VDD & Blockage of Cell MainMemory_data_sram  ( met2 )
Bounds : ( 534.900, 278.100 ) ( 537.900, 278.500 )


SHORT: ( Metal Short ) Special Wire of Net VDD & Blockage of Cell MainMemory_data_sram  ( met3 )
Bounds : ( 534.900, 244.980 ) ( 537.900, 245.380 )


SHORT: ( Metal Short ) Special Wire of Net VDD & Blockage of Cell MainMemory_data_sram  ( met3 )
Bounds : ( 534.900, 253.260 ) ( 537.900, 253.660 )


SHORT: ( Metal Short ) Special Wire of Net VDD & Blockage of Cell MainMemory_data_sram  ( met3 )
Bounds : ( 534.900, 261.540 ) ( 537.900, 261.940 )


SHORT: ( Metal Short ) Special Wire of Net VDD & Blockage of Cell MainMemory_data_sram  ( met3 )
Bounds : ( 534.900, 269.820 ) ( 537.900, 270.220 )


SHORT: ( Metal Short ) Special Wire of Net VDD & Blockage of Cell MainMemory_data_sram  ( met3 )
Bounds : ( 534.900, 278.100 ) ( 537.900, 278.500 )


SHORT: ( Metal Short ) Special Wire of Net VSS & Blockage of Cell MainMemory_data_sram  ( met2 )
Bounds : ( 657.900, 207.720 ) ( 660.900, 208.120 )


SHORT: ( Metal Short ) Special Wire of Net VSS & Blockage of Cell MainMemory_data_sram  ( met2 )
Bounds : ( 657.900, 216.000 ) ( 660.900, 216.400 )


SHORT: ( Metal Short ) Special Wire of Net VSS & Blockage of Cell MainMemory_data_sram  ( met2 )
Bounds : ( 657.900, 224.280 ) ( 660.900, 224.680 )


SHORT: ( Metal Short ) Special Wire of Net VSS & Blockage of Cell MainMemory_data_sram  ( met2 )
Bounds : ( 657.900, 232.560 ) ( 660.900, 232.960 )


SHORT: ( Metal Short ) Special Wire of Net VSS & Blockage of Cell MainMemory_data_sram  ( met2 )
Bounds : ( 657.900, 240.840 ) ( 660.900, 241.240 )


SHORT: ( Metal Short ) Special Wire of Net VSS & Blockage of Cell MainMemory_data_sram  ( met3 )
Bounds : ( 657.900, 207.720 ) ( 660.900, 208.120 )


SHORT: ( Metal Short ) Special Wire of Net VSS & Blockage of Cell MainMemory_data_sram  ( met3 )
Bounds : ( 657.900, 216.000 ) ( 660.900, 216.400 )


SHORT: ( Metal Short ) Special Wire of Net VSS & Blockage of Cell MainMemory_data_sram  ( met3 )
Bounds : ( 657.900, 224.280 ) ( 660.900, 224.680 )


SHORT: ( Metal Short ) Special Wire of Net VSS & Blockage of Cell MainMemory_data_sram  ( met3 )
Bounds : ( 657.900, 232.560 ) ( 660.900, 232.960 )


SHORT: ( Metal Short ) Special Wire of Net VSS & Blockage of Cell MainMemory_data_sram  ( met3 )
Bounds : ( 657.900, 240.840 ) ( 660.900, 241.240 )


SHORT: ( Metal Short ) Special Wire of Net VSS & Blockage of Cell MainMemory_data_sram  ( met2 )
Bounds : ( 607.900, 207.720 ) ( 610.900, 208.120 )


SHORT: ( Metal Short ) Special Wire of Net VSS & Blockage of Cell MainMemory_data_sram  ( met2 )
Bounds : ( 607.900, 216.000 ) ( 610.900, 216.400 )


SHORT: ( Metal Short ) Special Wire of Net VSS & Blockage of Cell MainMemory_data_sram  ( met2 )
Bounds : ( 607.900, 224.280 ) ( 610.900, 224.680 )


SHORT: ( Metal Short ) Special Wire of Net VSS & Blockage of Cell MainMemory_data_sram  ( met2 )
Bounds : ( 607.900, 232.560 ) ( 610.900, 232.960 )


SHORT: ( Metal Short ) Special Wire of Net VSS & Blockage of Cell MainMemory_data_sram  ( met2 )
Bounds : ( 607.900, 240.840 ) ( 610.900, 241.240 )


SHORT: ( Metal Short ) Special Wire of Net VSS & Blockage of Cell MainMemory_data_sram  ( met3 )
Bounds : ( 607.900, 207.720 ) ( 610.900, 208.120 )


SHORT: ( Metal Short ) Special Wire of Net VSS & Blockage of Cell MainMemory_data_sram  ( met3 )
Bounds : ( 607.900, 216.000 ) ( 610.900, 216.400 )


SHORT: ( Metal Short ) Special Wire of Net VSS & Blockage of Cell MainMemory_data_sram  ( met3 )
Bounds : ( 607.900, 224.280 ) ( 610.900, 224.680 )


SHORT: ( Metal Short ) Special Wire of Net VSS & Blockage of Cell MainMemory_data_sram  ( met3 )
Bounds : ( 607.900, 232.560 ) ( 610.900, 232.960 )


SHORT: ( Metal Short ) Special Wire of Net VSS & Blockage of Cell MainMemory_data_sram  ( met3 )
Bounds : ( 607.900, 240.840 ) ( 610.900, 241.240 )


SHORT: ( Metal Short ) Special Wire of Net VDD & Blockage of Cell MainMemory_data_sram  ( met2 )
Bounds : ( 634.900, 203.580 ) ( 637.900, 203.980 )


SHORT: ( Metal Short ) Special Wire of Net VDD & Blockage of Cell MainMemory_data_sram  ( met2 )
Bounds : ( 634.900, 211.860 ) ( 637.900, 212.260 )


SHORT: ( Metal Short ) Special Wire of Net VDD & Blockage of Cell MainMemory_data_sram  ( met2 )
Bounds : ( 634.900, 220.140 ) ( 637.900, 220.540 )


SHORT: ( Metal Short ) Special Wire of Net VDD & Blockage of Cell MainMemory_data_sram  ( met2 )
Bounds : ( 634.900, 228.420 ) ( 637.900, 228.820 )


SHORT: ( Metal Short ) Special Wire of Net VDD & Blockage of Cell MainMemory_data_sram  ( met2 )
Bounds : ( 634.900, 236.700 ) ( 637.900, 237.100 )


SHORT: ( Metal Short ) Special Wire of Net VDD & Blockage of Cell MainMemory_data_sram  ( met3 )
Bounds : ( 634.900, 203.580 ) ( 637.900, 203.980 )


SHORT: ( Metal Short ) Special Wire of Net VDD & Blockage of Cell MainMemory_data_sram  ( met3 )
Bounds : ( 634.900, 211.860 ) ( 637.900, 212.260 )


SHORT: ( Metal Short ) Special Wire of Net VDD & Blockage of Cell MainMemory_data_sram  ( met3 )
Bounds : ( 634.900, 220.140 ) ( 637.900, 220.540 )


SHORT: ( Metal Short ) Special Wire of Net VDD & Blockage of Cell MainMemory_data_sram  ( met3 )
Bounds : ( 634.900, 228.420 ) ( 637.900, 228.820 )


SHORT: ( Metal Short ) Special Wire of Net VDD & Blockage of Cell MainMemory_data_sram  ( met3 )
Bounds : ( 634.900, 236.700 ) ( 637.900, 237.100 )


SHORT: ( Metal Short ) Special Wire of Net VSS & Blockage of Cell MainMemory_data_sram  ( met2 )
Bounds : ( 607.900, 166.320 ) ( 610.900, 166.720 )


SHORT: ( Metal Short ) Special Wire of Net VSS & Blockage of Cell MainMemory_data_sram  ( met2 )
Bounds : ( 607.900, 174.600 ) ( 610.900, 175.000 )


SHORT: ( Metal Short ) Special Wire of Net VSS & Blockage of Cell MainMemory_data_sram  ( met2 )
Bounds : ( 607.900, 182.880 ) ( 610.900, 183.280 )


SHORT: ( Metal Short ) Special Wire of Net VDD & Blockage of Cell MainMemory_data_sram  ( met2 )
Bounds : ( 634.900, 170.460 ) ( 637.900, 170.860 )


SHORT: ( Metal Short ) Special Wire of Net VDD & Blockage of Cell MainMemory_data_sram  ( met2 )
Bounds : ( 634.900, 178.740 ) ( 637.900, 179.140 )


SHORT: ( Metal Short ) Special Wire of Net VDD & Blockage of Cell MainMemory_data_sram  ( met2 )
Bounds : ( 634.900, 187.020 ) ( 637.900, 187.420 )


SHORT: ( Metal Short ) Special Wire of Net VSS & Blockage of Cell MainMemory_data_sram  ( met2 )
Bounds : ( 657.900, 166.320 ) ( 660.900, 166.720 )


SHORT: ( Metal Short ) Special Wire of Net VSS & Blockage of Cell MainMemory_data_sram  ( met2 )
Bounds : ( 657.900, 174.600 ) ( 660.900, 175.000 )


SHORT: ( Metal Short ) Special Wire of Net VSS & Blockage of Cell MainMemory_data_sram  ( met2 )
Bounds : ( 657.900, 182.880 ) ( 660.900, 183.280 )


SHORT: ( Metal Short ) Special Wire of Net VSS & Blockage of Cell MainMemory_data_sram  ( met3 )
Bounds : ( 607.900, 166.320 ) ( 610.900, 166.720 )


SHORT: ( Metal Short ) Special Wire of Net VSS & Blockage of Cell MainMemory_data_sram  ( met3 )
Bounds : ( 607.900, 174.600 ) ( 610.900, 175.000 )


SHORT: ( Metal Short ) Special Wire of Net VSS & Blockage of Cell MainMemory_data_sram  ( met3 )
Bounds : ( 607.900, 182.880 ) ( 610.900, 183.280 )


SHORT: ( Metal Short ) Special Wire of Net VDD & Blockage of Cell MainMemory_data_sram  ( met3 )
Bounds : ( 634.900, 170.460 ) ( 637.900, 170.860 )


SHORT: ( Metal Short ) Special Wire of Net VDD & Blockage of Cell MainMemory_data_sram  ( met3 )
Bounds : ( 634.900, 178.740 ) ( 637.900, 179.140 )


SHORT: ( Metal Short ) Special Wire of Net VDD & Blockage of Cell MainMemory_data_sram  ( met3 )
Bounds : ( 634.900, 187.020 ) ( 637.900, 187.420 )


SHORT: ( Metal Short ) Special Wire of Net VSS & Blockage of Cell MainMemory_data_sram  ( met3 )
Bounds : ( 657.900, 166.320 ) ( 660.900, 166.720 )


SHORT: ( Metal Short ) Special Wire of Net VSS & Blockage of Cell MainMemory_data_sram  ( met3 )
Bounds : ( 657.900, 174.600 ) ( 660.900, 175.000 )


SHORT: ( Metal Short ) Special Wire of Net VSS & Blockage of Cell MainMemory_data_sram  ( met3 )
Bounds : ( 657.900, 182.880 ) ( 660.900, 183.280 )


SHORT: ( Metal Short ) Special Wire of Net VSS & Blockage of Cell MainMemory_data_sram  ( met2 )
Bounds : ( 607.900, 191.160 ) ( 610.900, 191.560 )


SHORT: ( Metal Short ) Special Wire of Net VSS & Blockage of Cell MainMemory_data_sram  ( met2 )
Bounds : ( 607.900, 199.440 ) ( 610.900, 199.840 )


SHORT: ( Metal Short ) Special Wire of Net VDD & Blockage of Cell MainMemory_data_sram  ( met2 )
Bounds : ( 634.900, 195.300 ) ( 637.900, 195.700 )


SHORT: ( Metal Short ) Special Wire of Net VSS & Blockage of Cell MainMemory_data_sram  ( met2 )
Bounds : ( 657.900, 191.160 ) ( 660.900, 191.560 )


SHORT: ( Metal Short ) Special Wire of Net VSS & Blockage of Cell MainMemory_data_sram  ( met2 )
Bounds : ( 657.900, 199.440 ) ( 660.900, 199.840 )


SHORT: ( Metal Short ) Special Wire of Net VSS & Blockage of Cell MainMemory_data_sram  ( met3 )
Bounds : ( 607.900, 191.160 ) ( 610.900, 191.560 )


SHORT: ( Metal Short ) Special Wire of Net VSS & Blockage of Cell MainMemory_data_sram  ( met3 )
Bounds : ( 607.900, 199.440 ) ( 610.900, 199.840 )


SHORT: ( Metal Short ) Special Wire of Net VDD & Blockage of Cell MainMemory_data_sram  ( met3 )
Bounds : ( 634.900, 195.300 ) ( 637.900, 195.700 )


SHORT: ( Metal Short ) Special Wire of Net VSS & Blockage of Cell MainMemory_data_sram  ( met3 )
Bounds : ( 657.900, 191.160 ) ( 660.900, 191.560 )


SHORT: ( Metal Short ) Special Wire of Net VSS & Blockage of Cell MainMemory_data_sram  ( met3 )
Bounds : ( 657.900, 199.440 ) ( 660.900, 199.840 )


SHORT: ( Metal Short ) Special Wire of Net VSS & Blockage of Cell MainMemory_data_sram  ( met2 )
Bounds : ( 557.900, 207.720 ) ( 560.900, 208.120 )


SHORT: ( Metal Short ) Special Wire of Net VSS & Blockage of Cell MainMemory_data_sram  ( met2 )
Bounds : ( 557.900, 216.000 ) ( 560.900, 216.400 )


SHORT: ( Metal Short ) Special Wire of Net VSS & Blockage of Cell MainMemory_data_sram  ( met2 )
Bounds : ( 557.900, 224.280 ) ( 560.900, 224.680 )


SHORT: ( Metal Short ) Special Wire of Net VSS & Blockage of Cell MainMemory_data_sram  ( met2 )
Bounds : ( 557.900, 232.560 ) ( 560.900, 232.960 )


SHORT: ( Metal Short ) Special Wire of Net VSS & Blockage of Cell MainMemory_data_sram  ( met2 )
Bounds : ( 557.900, 240.840 ) ( 560.900, 241.240 )


SHORT: ( Metal Short ) Special Wire of Net VDD & Blockage of Cell MainMemory_data_sram  ( met2 )
Bounds : ( 584.900, 203.580 ) ( 587.900, 203.980 )


SHORT: ( Metal Short ) Special Wire of Net VDD & Blockage of Cell MainMemory_data_sram  ( met2 )
Bounds : ( 584.900, 211.860 ) ( 587.900, 212.260 )


SHORT: ( Metal Short ) Special Wire of Net VDD & Blockage of Cell MainMemory_data_sram  ( met2 )
Bounds : ( 584.900, 220.140 ) ( 587.900, 220.540 )


SHORT: ( Metal Short ) Special Wire of Net VDD & Blockage of Cell MainMemory_data_sram  ( met2 )
Bounds : ( 584.900, 228.420 ) ( 587.900, 228.820 )


SHORT: ( Metal Short ) Special Wire of Net VDD & Blockage of Cell MainMemory_data_sram  ( met2 )
Bounds : ( 584.900, 236.700 ) ( 587.900, 237.100 )


SHORT: ( Metal Short ) Special Wire of Net VSS & Blockage of Cell MainMemory_data_sram  ( met3 )
Bounds : ( 557.900, 207.720 ) ( 560.900, 208.120 )


SHORT: ( Metal Short ) Special Wire of Net VSS & Blockage of Cell MainMemory_data_sram  ( met3 )
Bounds : ( 557.900, 216.000 ) ( 560.900, 216.400 )


SHORT: ( Metal Short ) Special Wire of Net VSS & Blockage of Cell MainMemory_data_sram  ( met3 )
Bounds : ( 557.900, 224.280 ) ( 560.900, 224.680 )


SHORT: ( Metal Short ) Special Wire of Net VSS & Blockage of Cell MainMemory_data_sram  ( met3 )
Bounds : ( 557.900, 232.560 ) ( 560.900, 232.960 )


SHORT: ( Metal Short ) Special Wire of Net VSS & Blockage of Cell MainMemory_data_sram  ( met3 )
Bounds : ( 557.900, 240.840 ) ( 560.900, 241.240 )


SHORT: ( Metal Short ) Special Wire of Net VDD & Blockage of Cell MainMemory_data_sram  ( met3 )
Bounds : ( 584.900, 203.580 ) ( 587.900, 203.980 )


SHORT: ( Metal Short ) Special Wire of Net VDD & Blockage of Cell MainMemory_data_sram  ( met3 )
Bounds : ( 584.900, 211.860 ) ( 587.900, 212.260 )


SHORT: ( Metal Short ) Special Wire of Net VDD & Blockage of Cell MainMemory_data_sram  ( met3 )
Bounds : ( 584.900, 220.140 ) ( 587.900, 220.540 )


SHORT: ( Metal Short ) Special Wire of Net VDD & Blockage of Cell MainMemory_data_sram  ( met3 )
Bounds : ( 584.900, 228.420 ) ( 587.900, 228.820 )


SHORT: ( Metal Short ) Special Wire of Net VDD & Blockage of Cell MainMemory_data_sram  ( met3 )
Bounds : ( 584.900, 236.700 ) ( 587.900, 237.100 )


SHORT: ( Metal Short ) Special Wire of Net VDD & Blockage of Cell MainMemory_data_sram  ( met2 )
Bounds : ( 534.900, 203.580 ) ( 537.900, 203.980 )


SHORT: ( Metal Short ) Special Wire of Net VDD & Blockage of Cell MainMemory_data_sram  ( met2 )
Bounds : ( 534.900, 211.860 ) ( 537.900, 212.260 )


SHORT: ( Metal Short ) Special Wire of Net VDD & Blockage of Cell MainMemory_data_sram  ( met2 )
Bounds : ( 534.900, 220.140 ) ( 537.900, 220.540 )


SHORT: ( Metal Short ) Special Wire of Net VDD & Blockage of Cell MainMemory_data_sram  ( met2 )
Bounds : ( 534.900, 228.420 ) ( 537.900, 228.820 )


SHORT: ( Metal Short ) Special Wire of Net VDD & Blockage of Cell MainMemory_data_sram  ( met2 )
Bounds : ( 534.900, 236.700 ) ( 537.900, 237.100 )


SHORT: ( Metal Short ) Special Wire of Net VDD & Blockage of Cell MainMemory_data_sram  ( met3 )
Bounds : ( 534.900, 203.580 ) ( 537.900, 203.980 )


SHORT: ( Metal Short ) Special Wire of Net VDD & Blockage of Cell MainMemory_data_sram  ( met3 )
Bounds : ( 534.900, 211.860 ) ( 537.900, 212.260 )


SHORT: ( Metal Short ) Special Wire of Net VDD & Blockage of Cell MainMemory_data_sram  ( met3 )
Bounds : ( 534.900, 220.140 ) ( 537.900, 220.540 )


SHORT: ( Metal Short ) Special Wire of Net VDD & Blockage of Cell MainMemory_data_sram  ( met3 )
Bounds : ( 534.900, 228.420 ) ( 537.900, 228.820 )


SHORT: ( Metal Short ) Special Wire of Net VDD & Blockage of Cell MainMemory_data_sram  ( met3 )
Bounds : ( 534.900, 236.700 ) ( 537.900, 237.100 )


SHORT: ( Metal Short ) Special Wire of Net VDD & Blockage of Cell MainMemory_data_sram  ( met2 )
Bounds : ( 534.900, 170.460 ) ( 537.900, 170.860 )


SHORT: ( Metal Short ) Special Wire of Net VDD & Blockage of Cell MainMemory_data_sram  ( met2 )
Bounds : ( 534.900, 178.740 ) ( 537.900, 179.140 )


SHORT: ( Metal Short ) Special Wire of Net VDD & Blockage of Cell MainMemory_data_sram  ( met2 )
Bounds : ( 534.900, 187.020 ) ( 537.900, 187.420 )


SHORT: ( Metal Short ) Special Wire of Net VSS & Blockage of Cell MainMemory_data_sram  ( met2 )
Bounds : ( 557.900, 166.320 ) ( 560.900, 166.720 )


SHORT: ( Metal Short ) Special Wire of Net VSS & Blockage of Cell MainMemory_data_sram  ( met2 )
Bounds : ( 557.900, 174.600 ) ( 560.900, 175.000 )


SHORT: ( Metal Short ) Special Wire of Net VSS & Blockage of Cell MainMemory_data_sram  ( met2 )
Bounds : ( 557.900, 182.880 ) ( 560.900, 183.280 )


SHORT: ( Metal Short ) Special Wire of Net VDD & Blockage of Cell MainMemory_data_sram  ( met2 )
Bounds : ( 584.900, 170.460 ) ( 587.900, 170.860 )


SHORT: ( Metal Short ) Special Wire of Net VDD & Blockage of Cell MainMemory_data_sram  ( met2 )
Bounds : ( 584.900, 178.740 ) ( 587.900, 179.140 )


SHORT: ( Metal Short ) Special Wire of Net VDD & Blockage of Cell MainMemory_data_sram  ( met2 )
Bounds : ( 584.900, 187.020 ) ( 587.900, 187.420 )


SHORT: ( Metal Short ) Special Wire of Net VDD & Blockage of Cell MainMemory_data_sram  ( met3 )
Bounds : ( 534.900, 170.460 ) ( 537.900, 170.860 )


SHORT: ( Metal Short ) Special Wire of Net VDD & Blockage of Cell MainMemory_data_sram  ( met3 )
Bounds : ( 534.900, 178.740 ) ( 537.900, 179.140 )


SHORT: ( Metal Short ) Special Wire of Net VDD & Blockage of Cell MainMemory_data_sram  ( met3 )
Bounds : ( 534.900, 187.020 ) ( 537.900, 187.420 )


SHORT: ( Metal Short ) Special Wire of Net VSS & Blockage of Cell MainMemory_data_sram  ( met3 )
Bounds : ( 557.900, 166.320 ) ( 560.900, 166.720 )


SHORT: ( Metal Short ) Special Wire of Net VSS & Blockage of Cell MainMemory_data_sram  ( met3 )
Bounds : ( 557.900, 174.600 ) ( 560.900, 175.000 )


SHORT: ( Metal Short ) Special Wire of Net VSS & Blockage of Cell MainMemory_data_sram  ( met3 )
Bounds : ( 557.900, 182.880 ) ( 560.900, 183.280 )


SHORT: ( Metal Short ) Special Wire of Net VDD & Blockage of Cell MainMemory_data_sram  ( met3 )
Bounds : ( 584.900, 170.460 ) ( 587.900, 170.860 )


SHORT: ( Metal Short ) Special Wire of Net VDD & Blockage of Cell MainMemory_data_sram  ( met3 )
Bounds : ( 584.900, 178.740 ) ( 587.900, 179.140 )


SHORT: ( Metal Short ) Special Wire of Net VDD & Blockage of Cell MainMemory_data_sram  ( met3 )
Bounds : ( 584.900, 187.020 ) ( 587.900, 187.420 )


SHORT: ( Metal Short ) Special Wire of Net VDD & Blockage of Cell MainMemory_data_sram  ( met2 )
Bounds : ( 534.900, 195.300 ) ( 537.900, 195.700 )


SHORT: ( Metal Short ) Special Wire of Net VSS & Blockage of Cell MainMemory_data_sram  ( met2 )
Bounds : ( 557.900, 191.160 ) ( 560.900, 191.560 )


SHORT: ( Metal Short ) Special Wire of Net VSS & Blockage of Cell MainMemory_data_sram  ( met2 )
Bounds : ( 557.900, 199.440 ) ( 560.900, 199.840 )


SHORT: ( Metal Short ) Special Wire of Net VDD & Blockage of Cell MainMemory_data_sram  ( met2 )
Bounds : ( 584.900, 195.300 ) ( 587.900, 195.700 )


SHORT: ( Metal Short ) Special Wire of Net VDD & Blockage of Cell MainMemory_data_sram  ( met3 )
Bounds : ( 534.900, 195.300 ) ( 537.900, 195.700 )


SHORT: ( Metal Short ) Special Wire of Net VSS & Blockage of Cell MainMemory_data_sram  ( met3 )
Bounds : ( 557.900, 191.160 ) ( 560.900, 191.560 )


SHORT: ( Metal Short ) Special Wire of Net VSS & Blockage of Cell MainMemory_data_sram  ( met3 )
Bounds : ( 557.900, 199.440 ) ( 560.900, 199.840 )


SHORT: ( Metal Short ) Special Wire of Net VDD & Blockage of Cell MainMemory_data_sram  ( met3 )
Bounds : ( 584.900, 195.300 ) ( 587.900, 195.700 )


SHORT: ( Metal Short ) Special Wire of Net VSS & Blockage of Cell MainMemory_data_sram  ( met2 )
Bounds : ( 807.900, 141.480 ) ( 810.900, 141.880 )


SHORT: ( Metal Short ) Special Wire of Net VSS & Blockage of Cell MainMemory_data_sram  ( met2 )
Bounds : ( 807.900, 149.760 ) ( 810.900, 150.160 )


SHORT: ( Metal Short ) Special Wire of Net VSS & Blockage of Cell MainMemory_data_sram  ( met2 )
Bounds : ( 807.900, 158.040 ) ( 810.900, 158.440 )


SHORT: ( Metal Short ) Special Wire of Net VDD & Blockage of Cell MainMemory_data_sram  ( met2 )
Bounds : ( 834.900, 137.340 ) ( 837.900, 137.740 )


SHORT: ( Metal Short ) Special Wire of Net VDD & Blockage of Cell MainMemory_data_sram  ( met2 )
Bounds : ( 834.900, 145.620 ) ( 837.900, 146.020 )


SHORT: ( Metal Short ) Special Wire of Net VDD & Blockage of Cell MainMemory_data_sram  ( met2 )
Bounds : ( 834.900, 153.900 ) ( 837.900, 154.300 )


SHORT: ( Metal Short ) Special Wire of Net VDD & Blockage of Cell MainMemory_data_sram  ( met2 )
Bounds : ( 834.900, 162.180 ) ( 837.900, 162.580 )


SHORT: ( Metal Short ) Special Wire of Net VSS & Blockage of Cell MainMemory_data_sram  ( met3 )
Bounds : ( 807.900, 141.480 ) ( 810.900, 141.880 )


SHORT: ( Metal Short ) Special Wire of Net VSS & Blockage of Cell MainMemory_data_sram  ( met3 )
Bounds : ( 807.900, 149.760 ) ( 810.900, 150.160 )


SHORT: ( Metal Short ) Special Wire of Net VSS & Blockage of Cell MainMemory_data_sram  ( met3 )
Bounds : ( 807.900, 158.040 ) ( 810.900, 158.440 )


SHORT: ( Metal Short ) Special Wire of Net VDD & Blockage of Cell MainMemory_data_sram  ( met3 )
Bounds : ( 834.900, 137.340 ) ( 837.900, 137.560 )


SHORT: ( Metal Short ) Special Wire of Net VDD & Blockage of Cell MainMemory_data_sram  ( met3 )
Bounds : ( 834.900, 145.620 ) ( 837.900, 146.020 )


SHORT: ( Metal Short ) Special Wire of Net VDD & Blockage of Cell MainMemory_data_sram  ( met3 )
Bounds : ( 834.900, 153.900 ) ( 837.900, 154.300 )


SHORT: ( Metal Short ) Special Wire of Net VDD & Blockage of Cell MainMemory_data_sram  ( met3 )
Bounds : ( 834.900, 162.180 ) ( 837.900, 162.580 )


SHORT: ( Metal Short ) Special Wire of Net VSS & Blockage of Cell MainMemory_data_sram  ( met2 )
Bounds : ( 757.900, 141.480 ) ( 760.900, 141.880 )


SHORT: ( Metal Short ) Special Wire of Net VSS & Blockage of Cell MainMemory_data_sram  ( met2 )
Bounds : ( 757.900, 149.760 ) ( 760.900, 150.160 )


SHORT: ( Metal Short ) Special Wire of Net VSS & Blockage of Cell MainMemory_data_sram  ( met2 )
Bounds : ( 757.900, 158.040 ) ( 760.900, 158.440 )


SHORT: ( Metal Short ) Special Wire of Net VDD & Blockage of Cell MainMemory_data_sram  ( met2 )
Bounds : ( 784.900, 137.340 ) ( 787.900, 137.740 )


SHORT: ( Metal Short ) Special Wire of Net VDD & Blockage of Cell MainMemory_data_sram  ( met2 )
Bounds : ( 784.900, 145.620 ) ( 787.900, 146.020 )


SHORT: ( Metal Short ) Special Wire of Net VDD & Blockage of Cell MainMemory_data_sram  ( met2 )
Bounds : ( 784.900, 153.900 ) ( 787.900, 154.300 )


SHORT: ( Metal Short ) Special Wire of Net VDD & Blockage of Cell MainMemory_data_sram  ( met2 )
Bounds : ( 784.900, 162.180 ) ( 787.900, 162.580 )


SHORT: ( Metal Short ) Special Wire of Net VSS & Blockage of Cell MainMemory_data_sram  ( met3 )
Bounds : ( 757.900, 141.480 ) ( 760.900, 141.880 )


SHORT: ( Metal Short ) Special Wire of Net VSS & Blockage of Cell MainMemory_data_sram  ( met3 )
Bounds : ( 757.900, 149.760 ) ( 760.900, 150.160 )


SHORT: ( Metal Short ) Special Wire of Net VSS & Blockage of Cell MainMemory_data_sram  ( met3 )
Bounds : ( 757.900, 158.040 ) ( 760.900, 158.440 )


SHORT: ( Metal Short ) Special Wire of Net VDD & Blockage of Cell MainMemory_data_sram  ( met3 )
Bounds : ( 784.900, 137.340 ) ( 787.900, 137.560 )


SHORT: ( Metal Short ) Special Wire of Net VDD & Blockage of Cell MainMemory_data_sram  ( met3 )
Bounds : ( 784.900, 145.620 ) ( 787.900, 146.020 )


SHORT: ( Metal Short ) Special Wire of Net VDD & Blockage of Cell MainMemory_data_sram  ( met3 )
Bounds : ( 784.900, 153.900 ) ( 787.900, 154.300 )


SHORT: ( Metal Short ) Special Wire of Net VDD & Blockage of Cell MainMemory_data_sram  ( met3 )
Bounds : ( 784.900, 162.180 ) ( 787.900, 162.580 )


SHORT: ( Metal Short ) Regular Wire of Net FE_OFN4892_n & Special Wire of Net VDD  ( met4 )
Bounds : ( 787.200, 133.400 ) ( 787.580, 134.460 )


SHORT: ( Metal Short ) Special Wire of Net VDD & Pin of Cell MainMemory_data_sram  ( met4 )
Bounds : ( 787.880, 133.400 ) ( 787.900, 134.460 )


SPACING: ( ParallelRunLength Spacing ) Regular Wire of Net FE_OFN4892_n & Blockage of Cell MainMemory_data_sram  ( met3 )
Bounds : ( 787.120, 133.760 ) ( 787.580, 134.020 )


SPACING: ( ParallelRunLength Spacing ) Regular Wire of Net FE_OFN4894_n & Blockage of Cell MainMemory_data_sram  ( met3 )
Bounds : ( 787.880, 133.760 ) ( 788.260, 134.020 )


SHORT: ( Metal Short ) Special Wire of Net VDD & Blockage of Cell MainMemory_data_sram  ( met2 )
Bounds : ( 684.900, 137.340 ) ( 687.900, 137.740 )


SHORT: ( Metal Short ) Special Wire of Net VDD & Blockage of Cell MainMemory_data_sram  ( met2 )
Bounds : ( 684.900, 145.620 ) ( 687.900, 146.020 )


SHORT: ( Metal Short ) Special Wire of Net VDD & Blockage of Cell MainMemory_data_sram  ( met2 )
Bounds : ( 684.900, 153.900 ) ( 687.900, 154.300 )


SHORT: ( Metal Short ) Special Wire of Net VDD & Blockage of Cell MainMemory_data_sram  ( met2 )
Bounds : ( 684.900, 162.180 ) ( 687.900, 162.580 )


SHORT: ( Metal Short ) Special Wire of Net VDD & Blockage of Cell MainMemory_data_sram  ( met3 )
Bounds : ( 684.900, 137.340 ) ( 687.900, 137.560 )


SHORT: ( Metal Short ) Special Wire of Net VDD & Blockage of Cell MainMemory_data_sram  ( met3 )
Bounds : ( 684.900, 145.620 ) ( 687.900, 146.020 )


SHORT: ( Metal Short ) Special Wire of Net VDD & Blockage of Cell MainMemory_data_sram  ( met3 )
Bounds : ( 684.900, 153.900 ) ( 687.900, 154.300 )


SHORT: ( Metal Short ) Special Wire of Net VDD & Blockage of Cell MainMemory_data_sram  ( met3 )
Bounds : ( 684.900, 162.180 ) ( 687.900, 162.580 )


SPACING: ( ParallelRunLength Spacing ) Special Wire of Net VDD & Pin of Cell MainMemory_data_sram  ( met4 )
Bounds : ( 687.900, 133.400 ) ( 687.920, 134.460 )


SHORT: ( Metal Short ) Special Wire of Net VSS & Blockage of Cell MainMemory_data_sram  ( met2 )
Bounds : ( 707.900, 141.480 ) ( 710.900, 141.880 )


SHORT: ( Metal Short ) Special Wire of Net VSS & Blockage of Cell MainMemory_data_sram  ( met2 )
Bounds : ( 707.900, 149.760 ) ( 710.900, 150.160 )


SHORT: ( Metal Short ) Special Wire of Net VSS & Blockage of Cell MainMemory_data_sram  ( met2 )
Bounds : ( 707.900, 158.040 ) ( 710.900, 158.440 )


SHORT: ( Metal Short ) Special Wire of Net VDD & Blockage of Cell MainMemory_data_sram  ( met2 )
Bounds : ( 734.900, 137.340 ) ( 737.900, 137.740 )


SHORT: ( Metal Short ) Special Wire of Net VDD & Blockage of Cell MainMemory_data_sram  ( met2 )
Bounds : ( 734.900, 145.620 ) ( 737.900, 146.020 )


SHORT: ( Metal Short ) Special Wire of Net VDD & Blockage of Cell MainMemory_data_sram  ( met2 )
Bounds : ( 734.900, 153.900 ) ( 737.900, 154.300 )


SHORT: ( Metal Short ) Special Wire of Net VDD & Blockage of Cell MainMemory_data_sram  ( met2 )
Bounds : ( 734.900, 162.180 ) ( 737.900, 162.580 )


SHORT: ( Metal Short ) Special Wire of Net VSS & Blockage of Cell MainMemory_data_sram  ( met3 )
Bounds : ( 707.900, 141.480 ) ( 710.900, 141.880 )


SHORT: ( Metal Short ) Special Wire of Net VSS & Blockage of Cell MainMemory_data_sram  ( met3 )
Bounds : ( 707.900, 149.760 ) ( 710.900, 150.160 )


SHORT: ( Metal Short ) Special Wire of Net VSS & Blockage of Cell MainMemory_data_sram  ( met3 )
Bounds : ( 707.900, 158.040 ) ( 710.900, 158.440 )


SHORT: ( Metal Short ) Special Wire of Net VDD & Blockage of Cell MainMemory_data_sram  ( met3 )
Bounds : ( 734.900, 137.340 ) ( 737.900, 137.560 )


SHORT: ( Metal Short ) Special Wire of Net VDD & Blockage of Cell MainMemory_data_sram  ( met3 )
Bounds : ( 734.900, 145.620 ) ( 737.900, 146.020 )


SHORT: ( Metal Short ) Special Wire of Net VDD & Blockage of Cell MainMemory_data_sram  ( met3 )
Bounds : ( 734.900, 153.900 ) ( 737.900, 154.300 )


SHORT: ( Metal Short ) Special Wire of Net VDD & Blockage of Cell MainMemory_data_sram  ( met3 )
Bounds : ( 734.900, 162.180 ) ( 737.900, 162.580 )


SHORT: ( Metal Short ) Special Wire of Net VSS & Blockage of Cell MainMemory_data_sram  ( met2 )
Bounds : ( 607.900, 141.480 ) ( 610.900, 141.880 )


SHORT: ( Metal Short ) Special Wire of Net VSS & Blockage of Cell MainMemory_data_sram  ( met2 )
Bounds : ( 607.900, 149.760 ) ( 610.900, 150.160 )


SHORT: ( Metal Short ) Special Wire of Net VSS & Blockage of Cell MainMemory_data_sram  ( met2 )
Bounds : ( 607.900, 158.040 ) ( 610.900, 158.440 )


SHORT: ( Metal Short ) Special Wire of Net VDD & Blockage of Cell MainMemory_data_sram  ( met2 )
Bounds : ( 634.900, 137.340 ) ( 637.900, 137.740 )


SHORT: ( Metal Short ) Special Wire of Net VDD & Blockage of Cell MainMemory_data_sram  ( met2 )
Bounds : ( 634.900, 145.620 ) ( 637.900, 146.020 )


SHORT: ( Metal Short ) Special Wire of Net VDD & Blockage of Cell MainMemory_data_sram  ( met2 )
Bounds : ( 634.900, 153.900 ) ( 637.900, 154.300 )


SHORT: ( Metal Short ) Special Wire of Net VDD & Blockage of Cell MainMemory_data_sram  ( met2 )
Bounds : ( 634.900, 162.180 ) ( 637.900, 162.580 )


SHORT: ( Metal Short ) Special Wire of Net VSS & Blockage of Cell MainMemory_data_sram  ( met2 )
Bounds : ( 657.900, 141.480 ) ( 660.900, 141.880 )


SHORT: ( Metal Short ) Special Wire of Net VSS & Blockage of Cell MainMemory_data_sram  ( met2 )
Bounds : ( 657.900, 149.760 ) ( 660.900, 150.160 )


SHORT: ( Metal Short ) Special Wire of Net VSS & Blockage of Cell MainMemory_data_sram  ( met2 )
Bounds : ( 657.900, 158.040 ) ( 660.900, 158.440 )


SHORT: ( Metal Short ) Special Wire of Net VSS & Blockage of Cell MainMemory_data_sram  ( met3 )
Bounds : ( 607.900, 141.480 ) ( 610.900, 141.880 )


SHORT: ( Metal Short ) Special Wire of Net VSS & Blockage of Cell MainMemory_data_sram  ( met3 )
Bounds : ( 607.900, 149.760 ) ( 610.900, 150.160 )


SHORT: ( Metal Short ) Special Wire of Net VSS & Blockage of Cell MainMemory_data_sram  ( met3 )
Bounds : ( 607.900, 158.040 ) ( 610.900, 158.440 )


SHORT: ( Metal Short ) Special Wire of Net VDD & Blockage of Cell MainMemory_data_sram  ( met3 )
Bounds : ( 634.900, 137.340 ) ( 637.900, 137.560 )


SHORT: ( Metal Short ) Special Wire of Net VDD & Blockage of Cell MainMemory_data_sram  ( met3 )
Bounds : ( 634.900, 145.620 ) ( 637.900, 146.020 )


SHORT: ( Metal Short ) Special Wire of Net VDD & Blockage of Cell MainMemory_data_sram  ( met3 )
Bounds : ( 634.900, 153.900 ) ( 637.900, 154.300 )


SHORT: ( Metal Short ) Special Wire of Net VDD & Blockage of Cell MainMemory_data_sram  ( met3 )
Bounds : ( 634.900, 162.180 ) ( 637.900, 162.580 )


SHORT: ( Metal Short ) Special Wire of Net VSS & Blockage of Cell MainMemory_data_sram  ( met3 )
Bounds : ( 657.900, 141.480 ) ( 660.900, 141.880 )


SHORT: ( Metal Short ) Special Wire of Net VSS & Blockage of Cell MainMemory_data_sram  ( met3 )
Bounds : ( 657.900, 149.760 ) ( 660.900, 150.160 )


SHORT: ( Metal Short ) Special Wire of Net VSS & Blockage of Cell MainMemory_data_sram  ( met3 )
Bounds : ( 657.900, 158.040 ) ( 660.900, 158.440 )


SHORT: ( Metal Short ) Special Wire of Net VDD & Blockage of Cell MainMemory_data_sram  ( met2 )
Bounds : ( 534.900, 137.340 ) ( 537.900, 137.740 )


SHORT: ( Metal Short ) Special Wire of Net VDD & Blockage of Cell MainMemory_data_sram  ( met2 )
Bounds : ( 534.900, 145.620 ) ( 537.900, 146.020 )


SHORT: ( Metal Short ) Special Wire of Net VDD & Blockage of Cell MainMemory_data_sram  ( met2 )
Bounds : ( 534.900, 153.900 ) ( 537.900, 154.300 )


SHORT: ( Metal Short ) Special Wire of Net VDD & Blockage of Cell MainMemory_data_sram  ( met2 )
Bounds : ( 534.900, 162.180 ) ( 537.900, 162.580 )


SHORT: ( Metal Short ) Special Wire of Net VSS & Blockage of Cell MainMemory_data_sram  ( met2 )
Bounds : ( 557.900, 141.480 ) ( 560.900, 141.880 )


SHORT: ( Metal Short ) Special Wire of Net VSS & Blockage of Cell MainMemory_data_sram  ( met2 )
Bounds : ( 557.900, 149.760 ) ( 560.900, 150.160 )


SHORT: ( Metal Short ) Special Wire of Net VSS & Blockage of Cell MainMemory_data_sram  ( met2 )
Bounds : ( 557.900, 158.040 ) ( 560.900, 158.440 )


SHORT: ( Metal Short ) Special Wire of Net VDD & Blockage of Cell MainMemory_data_sram  ( met2 )
Bounds : ( 584.900, 137.340 ) ( 587.900, 137.740 )


SHORT: ( Metal Short ) Special Wire of Net VDD & Blockage of Cell MainMemory_data_sram  ( met2 )
Bounds : ( 584.900, 145.620 ) ( 587.900, 146.020 )


SHORT: ( Metal Short ) Special Wire of Net VDD & Blockage of Cell MainMemory_data_sram  ( met2 )
Bounds : ( 584.900, 153.900 ) ( 587.900, 154.300 )


SHORT: ( Metal Short ) Special Wire of Net VDD & Blockage of Cell MainMemory_data_sram  ( met2 )
Bounds : ( 584.900, 162.180 ) ( 587.900, 162.580 )


SHORT: ( Metal Short ) Special Wire of Net VDD & Blockage of Cell MainMemory_data_sram  ( met3 )
Bounds : ( 534.900, 137.340 ) ( 537.900, 137.560 )


SHORT: ( Metal Short ) Special Wire of Net VDD & Blockage of Cell MainMemory_data_sram  ( met3 )
Bounds : ( 534.900, 145.620 ) ( 537.900, 146.020 )


SHORT: ( Metal Short ) Special Wire of Net VDD & Blockage of Cell MainMemory_data_sram  ( met3 )
Bounds : ( 534.900, 153.900 ) ( 537.900, 154.300 )


SHORT: ( Metal Short ) Special Wire of Net VDD & Blockage of Cell MainMemory_data_sram  ( met3 )
Bounds : ( 534.900, 162.180 ) ( 537.900, 162.580 )


SHORT: ( Metal Short ) Special Wire of Net VSS & Blockage of Cell MainMemory_data_sram  ( met3 )
Bounds : ( 557.900, 141.480 ) ( 560.900, 141.880 )


SHORT: ( Metal Short ) Special Wire of Net VSS & Blockage of Cell MainMemory_data_sram  ( met3 )
Bounds : ( 557.900, 149.760 ) ( 560.900, 150.160 )


SHORT: ( Metal Short ) Special Wire of Net VSS & Blockage of Cell MainMemory_data_sram  ( met3 )
Bounds : ( 557.900, 158.040 ) ( 560.900, 158.440 )


SHORT: ( Metal Short ) Special Wire of Net VDD & Blockage of Cell MainMemory_data_sram  ( met3 )
Bounds : ( 584.900, 137.340 ) ( 587.900, 137.560 )


SHORT: ( Metal Short ) Special Wire of Net VDD & Blockage of Cell MainMemory_data_sram  ( met3 )
Bounds : ( 584.900, 145.620 ) ( 587.900, 146.020 )


SHORT: ( Metal Short ) Special Wire of Net VDD & Blockage of Cell MainMemory_data_sram  ( met3 )
Bounds : ( 584.900, 153.900 ) ( 587.900, 154.300 )


SHORT: ( Metal Short ) Special Wire of Net VDD & Blockage of Cell MainMemory_data_sram  ( met3 )
Bounds : ( 584.900, 162.180 ) ( 587.900, 162.580 )


SHORT: ( Metal Short ) Special Wire of Net VDD & Blockage of Cell MainMemory_data_sram  ( met4 )
Bounds : ( 534.900, 134.020 ) ( 537.720, 549.320 )


SHORT: ( Metal Short ) Special Wire of Net VDD & Blockage of Cell MainMemory_data_sram  ( met4 )
Bounds : ( 534.900, 135.060 ) ( 537.900, 549.320 )


SHORT: ( Metal Short ) Special Wire of Net VSS & Blockage of Cell MainMemory_data_sram  ( met4 )
Bounds : ( 557.900, 134.020 ) ( 560.900, 549.320 )


SHORT: ( Metal Short ) Special Wire of Net VDD & Blockage of Cell MainMemory_data_sram  ( met4 )
Bounds : ( 584.900, 134.020 ) ( 587.900, 549.320 )


SHORT: ( Metal Short ) Special Wire of Net VSS & Blockage of Cell MainMemory_data_sram  ( met4 )
Bounds : ( 607.900, 134.020 ) ( 610.900, 549.320 )


SHORT: ( Metal Short ) Special Wire of Net VDD & Blockage of Cell MainMemory_data_sram  ( met4 )
Bounds : ( 634.900, 134.020 ) ( 637.680, 549.320 )


SHORT: ( Metal Short ) Special Wire of Net VDD & Blockage of Cell MainMemory_data_sram  ( met4 )
Bounds : ( 634.900, 135.060 ) ( 637.900, 549.320 )


SHORT: ( Metal Short ) Special Wire of Net VSS & Blockage of Cell MainMemory_data_sram  ( met4 )
Bounds : ( 657.900, 134.020 ) ( 660.900, 549.320 )


SHORT: ( Metal Short ) Special Wire of Net VDD & Blockage of Cell MainMemory_data_sram  ( met4 )
Bounds : ( 684.900, 134.020 ) ( 687.320, 549.320 )


SHORT: ( Metal Short ) Special Wire of Net VDD & Blockage of Cell MainMemory_data_sram  ( met4 )
Bounds : ( 684.900, 135.060 ) ( 687.900, 548.280 )


SHORT: ( Metal Short ) Special Wire of Net VSS & Blockage of Cell MainMemory_data_sram  ( met4 )
Bounds : ( 707.900, 134.020 ) ( 710.900, 549.320 )


SHORT: ( Metal Short ) Special Wire of Net VDD & Blockage of Cell MainMemory_data_sram  ( met4 )
Bounds : ( 734.900, 134.020 ) ( 737.900, 549.320 )


SHORT: ( Metal Short ) Special Wire of Net VSS & Blockage of Cell MainMemory_data_sram  ( met4 )
Bounds : ( 757.900, 134.020 ) ( 760.900, 549.320 )


SHORT: ( Metal Short ) Special Wire of Net VDD & Blockage of Cell MainMemory_data_sram  ( met4 )
Bounds : ( 784.900, 134.020 ) ( 786.600, 549.320 )


SHORT: ( Metal Short ) Special Wire of Net VDD & Blockage of Cell MainMemory_data_sram  ( met4 )
Bounds : ( 784.900, 135.060 ) ( 787.900, 549.320 )


SHORT: ( Metal Short ) Special Wire of Net VSS & Blockage of Cell MainMemory_data_sram  ( met4 )
Bounds : ( 807.900, 134.020 ) ( 810.900, 549.320 )


SHORT: ( Metal Short ) Special Wire of Net VDD & Blockage of Cell MainMemory_data_sram  ( met4 )
Bounds : ( 834.900, 134.020 ) ( 837.900, 549.320 )


SHORT: ( Metal Short ) Special Wire of Net VDD & Blockage of Cell MainMemory_data_sram  ( met2 )
Bounds : ( 434.900, 534.780 ) ( 437.900, 535.180 )


SHORT: ( Metal Short ) Special Wire of Net VDD & Blockage of Cell MainMemory_data_sram  ( met2 )
Bounds : ( 434.900, 543.060 ) ( 437.900, 543.460 )


SHORT: ( Metal Short ) Special Wire of Net VSS & Blockage of Cell MainMemory_data_sram  ( met2 )
Bounds : ( 457.900, 530.640 ) ( 460.900, 531.040 )


SHORT: ( Metal Short ) Special Wire of Net VSS & Blockage of Cell MainMemory_data_sram  ( met2 )
Bounds : ( 457.900, 538.920 ) ( 460.900, 539.320 )


SHORT: ( Metal Short ) Special Wire of Net VSS & Blockage of Cell MainMemory_data_sram  ( met2 )
Bounds : ( 457.900, 547.200 ) ( 460.900, 547.600 )


SHORT: ( Metal Short ) Special Wire of Net VDD & Blockage of Cell MainMemory_data_sram  ( met2 )
Bounds : ( 484.900, 534.780 ) ( 487.900, 535.180 )


SHORT: ( Metal Short ) Special Wire of Net VDD & Blockage of Cell MainMemory_data_sram  ( met2 )
Bounds : ( 484.900, 543.060 ) ( 487.900, 543.460 )


SHORT: ( Metal Short ) Special Wire of Net VSS & Blockage of Cell MainMemory_data_sram  ( met2 )
Bounds : ( 507.900, 530.640 ) ( 510.900, 531.040 )


SHORT: ( Metal Short ) Special Wire of Net VSS & Blockage of Cell MainMemory_data_sram  ( met2 )
Bounds : ( 507.900, 538.920 ) ( 510.900, 539.320 )


SHORT: ( Metal Short ) Special Wire of Net VSS & Blockage of Cell MainMemory_data_sram  ( met2 )
Bounds : ( 507.900, 547.200 ) ( 510.900, 547.600 )


SHORT: ( Metal Short ) Special Wire of Net VDD & Blockage of Cell MainMemory_data_sram  ( met3 )
Bounds : ( 434.900, 534.780 ) ( 437.900, 535.180 )


SHORT: ( Metal Short ) Special Wire of Net VSS & Blockage of Cell MainMemory_data_sram  ( met3 )
Bounds : ( 457.900, 530.640 ) ( 460.900, 531.040 )


SHORT: ( Metal Short ) Special Wire of Net VSS & Blockage of Cell MainMemory_data_sram  ( met3 )
Bounds : ( 457.900, 538.920 ) ( 460.900, 539.320 )


SHORT: ( Metal Short ) Special Wire of Net VDD & Blockage of Cell MainMemory_data_sram  ( met3 )
Bounds : ( 484.900, 534.780 ) ( 487.900, 535.180 )


SHORT: ( Metal Short ) Special Wire of Net VSS & Blockage of Cell MainMemory_data_sram  ( met3 )
Bounds : ( 507.900, 530.640 ) ( 510.900, 531.040 )


SHORT: ( Metal Short ) Special Wire of Net VSS & Blockage of Cell MainMemory_data_sram  ( met3 )
Bounds : ( 507.900, 538.920 ) ( 510.900, 539.320 )


SPACING: ( ParallelRunLength Spacing ) Special Wire of Net VDD & Blockage of Cell MainMemory_data_sram  ( met3 )
Bounds : ( 434.900, 542.840 ) ( 437.900, 543.060 )


SPACING: ( ParallelRunLength Spacing ) Special Wire of Net VDD & Blockage of Cell MainMemory_data_sram  ( met3 )
Bounds : ( 484.900, 542.840 ) ( 487.900, 543.060 )


SHORT: ( Metal Short ) Special Wire of Net VDD & Blockage of Cell MainMemory_data_sram  ( met2 )
Bounds : ( 484.900, 493.380 ) ( 487.900, 493.780 )


SHORT: ( Metal Short ) Special Wire of Net VDD & Blockage of Cell MainMemory_data_sram  ( met2 )
Bounds : ( 484.900, 501.660 ) ( 487.900, 502.060 )


SHORT: ( Metal Short ) Special Wire of Net VDD & Blockage of Cell MainMemory_data_sram  ( met2 )
Bounds : ( 484.900, 509.940 ) ( 487.900, 510.340 )


SHORT: ( Metal Short ) Special Wire of Net VDD & Blockage of Cell MainMemory_data_sram  ( met2 )
Bounds : ( 484.900, 518.220 ) ( 487.900, 518.620 )


SHORT: ( Metal Short ) Special Wire of Net VDD & Blockage of Cell MainMemory_data_sram  ( met2 )
Bounds : ( 484.900, 526.500 ) ( 487.900, 526.900 )


SHORT: ( Metal Short ) Special Wire of Net VSS & Blockage of Cell MainMemory_data_sram  ( met2 )
Bounds : ( 507.900, 489.240 ) ( 510.900, 489.640 )


SHORT: ( Metal Short ) Special Wire of Net VSS & Blockage of Cell MainMemory_data_sram  ( met2 )
Bounds : ( 507.900, 497.520 ) ( 510.900, 497.920 )


SHORT: ( Metal Short ) Special Wire of Net VSS & Blockage of Cell MainMemory_data_sram  ( met2 )
Bounds : ( 507.900, 505.800 ) ( 510.900, 506.200 )


SHORT: ( Metal Short ) Special Wire of Net VSS & Blockage of Cell MainMemory_data_sram  ( met2 )
Bounds : ( 507.900, 514.080 ) ( 510.900, 514.480 )


SHORT: ( Metal Short ) Special Wire of Net VSS & Blockage of Cell MainMemory_data_sram  ( met2 )
Bounds : ( 507.900, 522.360 ) ( 510.900, 522.760 )


SHORT: ( Metal Short ) Special Wire of Net VDD & Blockage of Cell MainMemory_data_sram  ( met3 )
Bounds : ( 484.900, 493.380 ) ( 487.900, 493.780 )


SHORT: ( Metal Short ) Special Wire of Net VDD & Blockage of Cell MainMemory_data_sram  ( met3 )
Bounds : ( 484.900, 501.660 ) ( 487.900, 502.060 )


SHORT: ( Metal Short ) Special Wire of Net VDD & Blockage of Cell MainMemory_data_sram  ( met3 )
Bounds : ( 484.900, 509.940 ) ( 487.900, 510.340 )


SHORT: ( Metal Short ) Special Wire of Net VDD & Blockage of Cell MainMemory_data_sram  ( met3 )
Bounds : ( 484.900, 518.220 ) ( 487.900, 518.620 )


SHORT: ( Metal Short ) Special Wire of Net VDD & Blockage of Cell MainMemory_data_sram  ( met3 )
Bounds : ( 484.900, 526.500 ) ( 487.900, 526.900 )


SHORT: ( Metal Short ) Special Wire of Net VSS & Blockage of Cell MainMemory_data_sram  ( met3 )
Bounds : ( 507.900, 489.240 ) ( 510.900, 489.640 )


SHORT: ( Metal Short ) Special Wire of Net VSS & Blockage of Cell MainMemory_data_sram  ( met3 )
Bounds : ( 507.900, 497.520 ) ( 510.900, 497.920 )


SHORT: ( Metal Short ) Special Wire of Net VSS & Blockage of Cell MainMemory_data_sram  ( met3 )
Bounds : ( 507.900, 505.800 ) ( 510.900, 506.200 )


SHORT: ( Metal Short ) Special Wire of Net VSS & Blockage of Cell MainMemory_data_sram  ( met3 )
Bounds : ( 507.900, 514.080 ) ( 510.900, 514.480 )


SHORT: ( Metal Short ) Special Wire of Net VSS & Blockage of Cell MainMemory_data_sram  ( met3 )
Bounds : ( 507.900, 522.360 ) ( 510.900, 522.760 )


SHORT: ( Metal Short ) Special Wire of Net VDD & Blockage of Cell MainMemory_data_sram  ( met2 )
Bounds : ( 434.900, 493.380 ) ( 437.900, 493.780 )


SHORT: ( Metal Short ) Special Wire of Net VDD & Blockage of Cell MainMemory_data_sram  ( met2 )
Bounds : ( 434.900, 501.660 ) ( 437.900, 502.060 )


SHORT: ( Metal Short ) Special Wire of Net VDD & Blockage of Cell MainMemory_data_sram  ( met2 )
Bounds : ( 434.900, 509.940 ) ( 437.900, 510.340 )


SHORT: ( Metal Short ) Special Wire of Net VDD & Blockage of Cell MainMemory_data_sram  ( met2 )
Bounds : ( 434.900, 518.220 ) ( 437.900, 518.620 )


SHORT: ( Metal Short ) Special Wire of Net VDD & Blockage of Cell MainMemory_data_sram  ( met2 )
Bounds : ( 434.900, 526.500 ) ( 437.900, 526.900 )


SHORT: ( Metal Short ) Special Wire of Net VSS & Blockage of Cell MainMemory_data_sram  ( met2 )
Bounds : ( 457.900, 489.240 ) ( 460.900, 489.640 )


SHORT: ( Metal Short ) Special Wire of Net VSS & Blockage of Cell MainMemory_data_sram  ( met2 )
Bounds : ( 457.900, 497.520 ) ( 460.900, 497.920 )


SHORT: ( Metal Short ) Special Wire of Net VSS & Blockage of Cell MainMemory_data_sram  ( met2 )
Bounds : ( 457.900, 505.800 ) ( 460.900, 506.200 )


SHORT: ( Metal Short ) Special Wire of Net VSS & Blockage of Cell MainMemory_data_sram  ( met2 )
Bounds : ( 457.900, 514.080 ) ( 460.900, 514.480 )


SHORT: ( Metal Short ) Special Wire of Net VSS & Blockage of Cell MainMemory_data_sram  ( met2 )
Bounds : ( 457.900, 522.360 ) ( 460.900, 522.760 )


SHORT: ( Metal Short ) Special Wire of Net VDD & Blockage of Cell MainMemory_data_sram  ( met3 )
Bounds : ( 434.900, 493.380 ) ( 437.900, 493.780 )


SHORT: ( Metal Short ) Special Wire of Net VDD & Blockage of Cell MainMemory_data_sram  ( met3 )
Bounds : ( 434.900, 501.660 ) ( 437.900, 502.060 )


SHORT: ( Metal Short ) Special Wire of Net VDD & Blockage of Cell MainMemory_data_sram  ( met3 )
Bounds : ( 434.900, 509.940 ) ( 437.900, 510.340 )


SHORT: ( Metal Short ) Special Wire of Net VDD & Blockage of Cell MainMemory_data_sram  ( met3 )
Bounds : ( 434.900, 518.220 ) ( 437.900, 518.620 )


SHORT: ( Metal Short ) Special Wire of Net VDD & Blockage of Cell MainMemory_data_sram  ( met3 )
Bounds : ( 434.900, 526.500 ) ( 437.900, 526.900 )


SHORT: ( Metal Short ) Special Wire of Net VSS & Blockage of Cell MainMemory_data_sram  ( met3 )
Bounds : ( 457.900, 489.240 ) ( 460.900, 489.640 )


SHORT: ( Metal Short ) Special Wire of Net VSS & Blockage of Cell MainMemory_data_sram  ( met3 )
Bounds : ( 457.900, 497.520 ) ( 460.900, 497.920 )


SHORT: ( Metal Short ) Special Wire of Net VSS & Blockage of Cell MainMemory_data_sram  ( met3 )
Bounds : ( 457.900, 505.800 ) ( 460.900, 506.200 )


SHORT: ( Metal Short ) Special Wire of Net VSS & Blockage of Cell MainMemory_data_sram  ( met3 )
Bounds : ( 457.900, 514.080 ) ( 460.900, 514.480 )


SHORT: ( Metal Short ) Special Wire of Net VSS & Blockage of Cell MainMemory_data_sram  ( met3 )
Bounds : ( 457.900, 522.360 ) ( 460.900, 522.760 )


SHORT: ( Metal Short ) Special Wire of Net VSS & Blockage of Cell MainMemory_data_sram  ( met2 )
Bounds : ( 357.900, 530.640 ) ( 360.900, 531.040 )


SHORT: ( Metal Short ) Special Wire of Net VSS & Blockage of Cell MainMemory_data_sram  ( met2 )
Bounds : ( 357.900, 538.920 ) ( 360.900, 539.320 )


SHORT: ( Metal Short ) Special Wire of Net VSS & Blockage of Cell MainMemory_data_sram  ( met2 )
Bounds : ( 357.900, 547.200 ) ( 360.900, 547.600 )


SHORT: ( Metal Short ) Special Wire of Net VDD & Blockage of Cell MainMemory_data_sram  ( met2 )
Bounds : ( 384.900, 534.780 ) ( 387.900, 535.180 )


SHORT: ( Metal Short ) Special Wire of Net VDD & Blockage of Cell MainMemory_data_sram  ( met2 )
Bounds : ( 384.900, 543.060 ) ( 387.900, 543.460 )


SHORT: ( Metal Short ) Special Wire of Net VSS & Blockage of Cell MainMemory_data_sram  ( met2 )
Bounds : ( 407.900, 530.640 ) ( 410.900, 531.040 )


SHORT: ( Metal Short ) Special Wire of Net VSS & Blockage of Cell MainMemory_data_sram  ( met2 )
Bounds : ( 407.900, 538.920 ) ( 410.900, 539.320 )


SHORT: ( Metal Short ) Special Wire of Net VSS & Blockage of Cell MainMemory_data_sram  ( met2 )
Bounds : ( 407.900, 547.200 ) ( 410.900, 547.600 )


SHORT: ( Metal Short ) Special Wire of Net VSS & Blockage of Cell MainMemory_data_sram  ( met3 )
Bounds : ( 357.900, 530.640 ) ( 360.900, 531.040 )


SHORT: ( Metal Short ) Special Wire of Net VSS & Blockage of Cell MainMemory_data_sram  ( met3 )
Bounds : ( 357.900, 538.920 ) ( 360.900, 539.320 )


SHORT: ( Metal Short ) Special Wire of Net VDD & Blockage of Cell MainMemory_data_sram  ( met3 )
Bounds : ( 384.900, 534.780 ) ( 387.900, 535.180 )


SHORT: ( Metal Short ) Special Wire of Net VSS & Blockage of Cell MainMemory_data_sram  ( met3 )
Bounds : ( 407.900, 530.640 ) ( 410.900, 531.040 )


SHORT: ( Metal Short ) Special Wire of Net VSS & Blockage of Cell MainMemory_data_sram  ( met3 )
Bounds : ( 407.900, 538.920 ) ( 410.900, 539.320 )


SPACING: ( ParallelRunLength Spacing ) Special Wire of Net VDD & Blockage of Cell MainMemory_data_sram  ( met3 )
Bounds : ( 384.900, 542.840 ) ( 387.900, 543.060 )


SHORT: ( Metal Short ) Special Wire of Net VSS & Blockage of Cell MainMemory_data_sram  ( met2 )
Bounds : ( 407.900, 489.240 ) ( 410.900, 489.640 )


SHORT: ( Metal Short ) Special Wire of Net VSS & Blockage of Cell MainMemory_data_sram  ( met2 )
Bounds : ( 407.900, 497.520 ) ( 410.900, 497.920 )


SHORT: ( Metal Short ) Special Wire of Net VSS & Blockage of Cell MainMemory_data_sram  ( met2 )
Bounds : ( 407.900, 505.800 ) ( 410.900, 506.200 )


SHORT: ( Metal Short ) Special Wire of Net VSS & Blockage of Cell MainMemory_data_sram  ( met2 )
Bounds : ( 407.900, 514.080 ) ( 410.900, 514.480 )


SHORT: ( Metal Short ) Special Wire of Net VSS & Blockage of Cell MainMemory_data_sram  ( met2 )
Bounds : ( 407.900, 522.360 ) ( 410.900, 522.760 )


SHORT: ( Metal Short ) Special Wire of Net VSS & Blockage of Cell MainMemory_data_sram  ( met3 )
Bounds : ( 407.900, 489.240 ) ( 410.900, 489.640 )


SHORT: ( Metal Short ) Special Wire of Net VSS & Blockage of Cell MainMemory_data_sram  ( met3 )
Bounds : ( 407.900, 497.520 ) ( 410.900, 497.920 )


SHORT: ( Metal Short ) Special Wire of Net VSS & Blockage of Cell MainMemory_data_sram  ( met3 )
Bounds : ( 407.900, 505.800 ) ( 410.900, 506.200 )


SHORT: ( Metal Short ) Special Wire of Net VSS & Blockage of Cell MainMemory_data_sram  ( met3 )
Bounds : ( 407.900, 514.080 ) ( 410.900, 514.480 )


SHORT: ( Metal Short ) Special Wire of Net VSS & Blockage of Cell MainMemory_data_sram  ( met3 )
Bounds : ( 407.900, 522.360 ) ( 410.900, 522.760 )


SHORT: ( Metal Short ) Special Wire of Net VSS & Blockage of Cell MainMemory_data_sram  ( met2 )
Bounds : ( 357.900, 489.240 ) ( 360.900, 489.640 )


SHORT: ( Metal Short ) Special Wire of Net VSS & Blockage of Cell MainMemory_data_sram  ( met2 )
Bounds : ( 357.900, 497.520 ) ( 360.900, 497.920 )


SHORT: ( Metal Short ) Special Wire of Net VSS & Blockage of Cell MainMemory_data_sram  ( met2 )
Bounds : ( 357.900, 505.800 ) ( 360.900, 506.200 )


SHORT: ( Metal Short ) Special Wire of Net VSS & Blockage of Cell MainMemory_data_sram  ( met2 )
Bounds : ( 357.900, 514.080 ) ( 360.900, 514.480 )


SHORT: ( Metal Short ) Special Wire of Net VSS & Blockage of Cell MainMemory_data_sram  ( met2 )
Bounds : ( 357.900, 522.360 ) ( 360.900, 522.760 )


SHORT: ( Metal Short ) Special Wire of Net VDD & Blockage of Cell MainMemory_data_sram  ( met2 )
Bounds : ( 384.900, 493.380 ) ( 387.900, 493.780 )


SHORT: ( Metal Short ) Special Wire of Net VDD & Blockage of Cell MainMemory_data_sram  ( met2 )
Bounds : ( 384.900, 501.660 ) ( 387.900, 502.060 )


SHORT: ( Metal Short ) Special Wire of Net VDD & Blockage of Cell MainMemory_data_sram  ( met2 )
Bounds : ( 384.900, 509.940 ) ( 387.900, 510.340 )


SHORT: ( Metal Short ) Special Wire of Net VDD & Blockage of Cell MainMemory_data_sram  ( met2 )
Bounds : ( 384.900, 518.220 ) ( 387.900, 518.620 )


SHORT: ( Metal Short ) Special Wire of Net VDD & Blockage of Cell MainMemory_data_sram  ( met2 )
Bounds : ( 384.900, 526.500 ) ( 387.900, 526.900 )


SHORT: ( Metal Short ) Special Wire of Net VSS & Blockage of Cell MainMemory_data_sram  ( met3 )
Bounds : ( 357.900, 489.240 ) ( 360.900, 489.640 )


SHORT: ( Metal Short ) Special Wire of Net VSS & Blockage of Cell MainMemory_data_sram  ( met3 )
Bounds : ( 357.900, 497.520 ) ( 360.900, 497.920 )


SHORT: ( Metal Short ) Special Wire of Net VSS & Blockage of Cell MainMemory_data_sram  ( met3 )
Bounds : ( 357.900, 505.800 ) ( 360.900, 506.200 )


SHORT: ( Metal Short ) Special Wire of Net VSS & Blockage of Cell MainMemory_data_sram  ( met3 )
Bounds : ( 357.900, 514.080 ) ( 360.900, 514.480 )


SHORT: ( Metal Short ) Special Wire of Net VSS & Blockage of Cell MainMemory_data_sram  ( met3 )
Bounds : ( 357.900, 522.360 ) ( 360.900, 522.760 )


SHORT: ( Metal Short ) Special Wire of Net VDD & Blockage of Cell MainMemory_data_sram  ( met3 )
Bounds : ( 384.900, 493.380 ) ( 387.900, 493.780 )


SHORT: ( Metal Short ) Special Wire of Net VDD & Blockage of Cell MainMemory_data_sram  ( met3 )
Bounds : ( 384.900, 501.660 ) ( 387.900, 502.060 )


SHORT: ( Metal Short ) Special Wire of Net VDD & Blockage of Cell MainMemory_data_sram  ( met3 )
Bounds : ( 384.900, 509.940 ) ( 387.900, 510.340 )


SHORT: ( Metal Short ) Special Wire of Net VDD & Blockage of Cell MainMemory_data_sram  ( met3 )
Bounds : ( 384.900, 518.220 ) ( 387.900, 518.620 )


SHORT: ( Metal Short ) Special Wire of Net VDD & Blockage of Cell MainMemory_data_sram  ( met3 )
Bounds : ( 384.900, 526.500 ) ( 387.900, 526.900 )


SHORT: ( Metal Short ) Special Wire of Net VDD & Blockage of Cell MainMemory_data_sram  ( met2 )
Bounds : ( 284.900, 534.780 ) ( 287.900, 535.180 )


SHORT: ( Metal Short ) Special Wire of Net VDD & Blockage of Cell MainMemory_data_sram  ( met2 )
Bounds : ( 284.900, 543.060 ) ( 287.900, 543.460 )


SHORT: ( Metal Short ) Special Wire of Net VSS & Blockage of Cell MainMemory_data_sram  ( met2 )
Bounds : ( 307.900, 530.640 ) ( 310.900, 531.040 )


SHORT: ( Metal Short ) Special Wire of Net VSS & Blockage of Cell MainMemory_data_sram  ( met2 )
Bounds : ( 307.900, 538.920 ) ( 310.900, 539.320 )


SHORT: ( Metal Short ) Special Wire of Net VSS & Blockage of Cell MainMemory_data_sram  ( met2 )
Bounds : ( 307.900, 547.200 ) ( 310.900, 547.600 )


SHORT: ( Metal Short ) Special Wire of Net VDD & Blockage of Cell MainMemory_data_sram  ( met2 )
Bounds : ( 334.900, 534.780 ) ( 337.900, 535.180 )


SHORT: ( Metal Short ) Special Wire of Net VDD & Blockage of Cell MainMemory_data_sram  ( met2 )
Bounds : ( 334.900, 543.060 ) ( 337.900, 543.460 )


SHORT: ( Metal Short ) Special Wire of Net VDD & Blockage of Cell MainMemory_data_sram  ( met3 )
Bounds : ( 284.900, 534.780 ) ( 287.900, 535.180 )


SHORT: ( Metal Short ) Special Wire of Net VSS & Blockage of Cell MainMemory_data_sram  ( met3 )
Bounds : ( 307.900, 530.640 ) ( 310.900, 531.040 )


SHORT: ( Metal Short ) Special Wire of Net VSS & Blockage of Cell MainMemory_data_sram  ( met3 )
Bounds : ( 307.900, 538.920 ) ( 310.900, 539.320 )


SHORT: ( Metal Short ) Special Wire of Net VDD & Blockage of Cell MainMemory_data_sram  ( met3 )
Bounds : ( 334.900, 534.780 ) ( 337.900, 535.180 )


SPACING: ( ParallelRunLength Spacing ) Special Wire of Net VDD & Blockage of Cell MainMemory_data_sram  ( met3 )
Bounds : ( 284.900, 542.840 ) ( 287.900, 543.060 )


SPACING: ( ParallelRunLength Spacing ) Special Wire of Net VDD & Blockage of Cell MainMemory_data_sram  ( met3 )
Bounds : ( 334.900, 542.840 ) ( 337.900, 543.060 )


SHORT: ( Metal Short ) Special Wire of Net VDD & Blockage of Cell MainMemory_data_sram  ( met2 )
Bounds : ( 334.900, 493.380 ) ( 337.900, 493.780 )


SHORT: ( Metal Short ) Special Wire of Net VDD & Blockage of Cell MainMemory_data_sram  ( met2 )
Bounds : ( 334.900, 501.660 ) ( 337.900, 502.060 )


SHORT: ( Metal Short ) Special Wire of Net VDD & Blockage of Cell MainMemory_data_sram  ( met2 )
Bounds : ( 334.900, 509.940 ) ( 337.900, 510.340 )


SHORT: ( Metal Short ) Special Wire of Net VDD & Blockage of Cell MainMemory_data_sram  ( met2 )
Bounds : ( 334.900, 518.220 ) ( 337.900, 518.620 )


SHORT: ( Metal Short ) Special Wire of Net VDD & Blockage of Cell MainMemory_data_sram  ( met2 )
Bounds : ( 334.900, 526.500 ) ( 337.900, 526.900 )


SHORT: ( Metal Short ) Special Wire of Net VDD & Blockage of Cell MainMemory_data_sram  ( met3 )
Bounds : ( 334.900, 493.380 ) ( 337.900, 493.780 )


SHORT: ( Metal Short ) Special Wire of Net VDD & Blockage of Cell MainMemory_data_sram  ( met3 )
Bounds : ( 334.900, 501.660 ) ( 337.900, 502.060 )


SHORT: ( Metal Short ) Special Wire of Net VDD & Blockage of Cell MainMemory_data_sram  ( met3 )
Bounds : ( 334.900, 509.940 ) ( 337.900, 510.340 )


SHORT: ( Metal Short ) Special Wire of Net VDD & Blockage of Cell MainMemory_data_sram  ( met3 )
Bounds : ( 334.900, 518.220 ) ( 337.900, 518.620 )


SHORT: ( Metal Short ) Special Wire of Net VDD & Blockage of Cell MainMemory_data_sram  ( met3 )
Bounds : ( 334.900, 526.500 ) ( 337.900, 526.900 )


SHORT: ( Metal Short ) Special Wire of Net VDD & Blockage of Cell MainMemory_data_sram  ( met2 )
Bounds : ( 284.900, 493.380 ) ( 287.900, 493.780 )


SHORT: ( Metal Short ) Special Wire of Net VDD & Blockage of Cell MainMemory_data_sram  ( met2 )
Bounds : ( 284.900, 501.660 ) ( 287.900, 502.060 )


SHORT: ( Metal Short ) Special Wire of Net VDD & Blockage of Cell MainMemory_data_sram  ( met2 )
Bounds : ( 284.900, 509.940 ) ( 287.900, 510.340 )


SHORT: ( Metal Short ) Special Wire of Net VDD & Blockage of Cell MainMemory_data_sram  ( met2 )
Bounds : ( 284.900, 518.220 ) ( 287.900, 518.620 )


SHORT: ( Metal Short ) Special Wire of Net VDD & Blockage of Cell MainMemory_data_sram  ( met2 )
Bounds : ( 284.900, 526.500 ) ( 287.900, 526.900 )


SHORT: ( Metal Short ) Special Wire of Net VDD & Blockage of Cell MainMemory_data_sram  ( met3 )
Bounds : ( 284.900, 493.380 ) ( 287.900, 493.780 )


SHORT: ( Metal Short ) Special Wire of Net VDD & Blockage of Cell MainMemory_data_sram  ( met3 )
Bounds : ( 284.900, 501.660 ) ( 287.900, 502.060 )


SHORT: ( Metal Short ) Special Wire of Net VDD & Blockage of Cell MainMemory_data_sram  ( met3 )
Bounds : ( 284.900, 509.940 ) ( 287.900, 510.340 )


SHORT: ( Metal Short ) Special Wire of Net VDD & Blockage of Cell MainMemory_data_sram  ( met3 )
Bounds : ( 284.900, 518.220 ) ( 287.900, 518.620 )


SHORT: ( Metal Short ) Special Wire of Net VDD & Blockage of Cell MainMemory_data_sram  ( met3 )
Bounds : ( 284.900, 526.500 ) ( 287.900, 526.900 )


SHORT: ( Metal Short ) Special Wire of Net VSS & Blockage of Cell MainMemory_data_sram  ( met2 )
Bounds : ( 307.900, 489.240 ) ( 310.900, 489.640 )


SHORT: ( Metal Short ) Special Wire of Net VSS & Blockage of Cell MainMemory_data_sram  ( met2 )
Bounds : ( 307.900, 497.520 ) ( 310.900, 497.920 )


SHORT: ( Metal Short ) Special Wire of Net VSS & Blockage of Cell MainMemory_data_sram  ( met2 )
Bounds : ( 307.900, 505.800 ) ( 310.900, 506.200 )


SHORT: ( Metal Short ) Special Wire of Net VSS & Blockage of Cell MainMemory_data_sram  ( met2 )
Bounds : ( 307.900, 514.080 ) ( 310.900, 514.480 )


SHORT: ( Metal Short ) Special Wire of Net VSS & Blockage of Cell MainMemory_data_sram  ( met2 )
Bounds : ( 307.900, 522.360 ) ( 310.900, 522.760 )


SHORT: ( Metal Short ) Special Wire of Net VSS & Blockage of Cell MainMemory_data_sram  ( met3 )
Bounds : ( 307.900, 489.240 ) ( 310.900, 489.640 )


SHORT: ( Metal Short ) Special Wire of Net VSS & Blockage of Cell MainMemory_data_sram  ( met3 )
Bounds : ( 307.900, 497.520 ) ( 310.900, 497.920 )


SHORT: ( Metal Short ) Special Wire of Net VSS & Blockage of Cell MainMemory_data_sram  ( met3 )
Bounds : ( 307.900, 505.800 ) ( 310.900, 506.200 )


SHORT: ( Metal Short ) Special Wire of Net VSS & Blockage of Cell MainMemory_data_sram  ( met3 )
Bounds : ( 307.900, 514.080 ) ( 310.900, 514.480 )


SHORT: ( Metal Short ) Special Wire of Net VSS & Blockage of Cell MainMemory_data_sram  ( met3 )
Bounds : ( 307.900, 522.360 ) ( 310.900, 522.760 )


SHORT: ( Metal Short ) Special Wire of Net VSS & Blockage of Cell MainMemory_data_sram  ( met2 )
Bounds : ( 207.900, 530.640 ) ( 210.900, 531.040 )


SHORT: ( Metal Short ) Special Wire of Net VSS & Blockage of Cell MainMemory_data_sram  ( met2 )
Bounds : ( 207.900, 538.920 ) ( 210.900, 539.320 )


SHORT: ( Metal Short ) Special Wire of Net VSS & Blockage of Cell MainMemory_data_sram  ( met2 )
Bounds : ( 207.900, 547.200 ) ( 210.900, 547.600 )


SHORT: ( Metal Short ) Special Wire of Net VDD & Blockage of Cell MainMemory_data_sram  ( met2 )
Bounds : ( 234.900, 534.780 ) ( 237.900, 535.180 )


SHORT: ( Metal Short ) Special Wire of Net VDD & Blockage of Cell MainMemory_data_sram  ( met2 )
Bounds : ( 234.900, 543.060 ) ( 237.900, 543.460 )


SHORT: ( Metal Short ) Special Wire of Net VSS & Blockage of Cell MainMemory_data_sram  ( met2 )
Bounds : ( 257.900, 530.640 ) ( 260.900, 531.040 )


SHORT: ( Metal Short ) Special Wire of Net VSS & Blockage of Cell MainMemory_data_sram  ( met2 )
Bounds : ( 257.900, 538.920 ) ( 260.900, 539.320 )


SHORT: ( Metal Short ) Special Wire of Net VSS & Blockage of Cell MainMemory_data_sram  ( met2 )
Bounds : ( 257.900, 547.200 ) ( 260.900, 547.600 )


SHORT: ( Metal Short ) Special Wire of Net VSS & Blockage of Cell MainMemory_data_sram  ( met3 )
Bounds : ( 207.900, 530.640 ) ( 210.900, 531.040 )


SHORT: ( Metal Short ) Special Wire of Net VSS & Blockage of Cell MainMemory_data_sram  ( met3 )
Bounds : ( 207.900, 538.920 ) ( 210.900, 539.320 )


SHORT: ( Metal Short ) Special Wire of Net VDD & Blockage of Cell MainMemory_data_sram  ( met3 )
Bounds : ( 234.900, 534.780 ) ( 237.900, 535.180 )


SHORT: ( Metal Short ) Special Wire of Net VSS & Blockage of Cell MainMemory_data_sram  ( met3 )
Bounds : ( 257.900, 530.640 ) ( 260.900, 531.040 )


SHORT: ( Metal Short ) Special Wire of Net VSS & Blockage of Cell MainMemory_data_sram  ( met3 )
Bounds : ( 257.900, 538.920 ) ( 260.900, 539.320 )


SPACING: ( ParallelRunLength Spacing ) Special Wire of Net VDD & Blockage of Cell MainMemory_data_sram  ( met3 )
Bounds : ( 234.900, 542.840 ) ( 237.900, 543.060 )


SHORT: ( Metal Short ) Special Wire of Net VDD & Blockage of Cell MainMemory_data_sram  ( met2 )
Bounds : ( 234.900, 493.380 ) ( 237.900, 493.780 )


SHORT: ( Metal Short ) Special Wire of Net VDD & Blockage of Cell MainMemory_data_sram  ( met2 )
Bounds : ( 234.900, 501.660 ) ( 237.900, 502.060 )


SHORT: ( Metal Short ) Special Wire of Net VDD & Blockage of Cell MainMemory_data_sram  ( met2 )
Bounds : ( 234.900, 509.940 ) ( 237.900, 510.340 )


SHORT: ( Metal Short ) Special Wire of Net VDD & Blockage of Cell MainMemory_data_sram  ( met2 )
Bounds : ( 234.900, 518.220 ) ( 237.900, 518.620 )


SHORT: ( Metal Short ) Special Wire of Net VDD & Blockage of Cell MainMemory_data_sram  ( met2 )
Bounds : ( 234.900, 526.500 ) ( 237.900, 526.900 )


SHORT: ( Metal Short ) Special Wire of Net VSS & Blockage of Cell MainMemory_data_sram  ( met2 )
Bounds : ( 257.900, 489.240 ) ( 260.900, 489.640 )


SHORT: ( Metal Short ) Special Wire of Net VSS & Blockage of Cell MainMemory_data_sram  ( met2 )
Bounds : ( 257.900, 497.520 ) ( 260.900, 497.920 )


SHORT: ( Metal Short ) Special Wire of Net VSS & Blockage of Cell MainMemory_data_sram  ( met2 )
Bounds : ( 257.900, 505.800 ) ( 260.900, 506.200 )


SHORT: ( Metal Short ) Special Wire of Net VSS & Blockage of Cell MainMemory_data_sram  ( met2 )
Bounds : ( 257.900, 514.080 ) ( 260.900, 514.480 )


SHORT: ( Metal Short ) Special Wire of Net VSS & Blockage of Cell MainMemory_data_sram  ( met2 )
Bounds : ( 257.900, 522.360 ) ( 260.900, 522.760 )


SHORT: ( Metal Short ) Special Wire of Net VDD & Blockage of Cell MainMemory_data_sram  ( met3 )
Bounds : ( 234.900, 493.380 ) ( 237.900, 493.780 )


SHORT: ( Metal Short ) Special Wire of Net VDD & Blockage of Cell MainMemory_data_sram  ( met3 )
Bounds : ( 234.900, 501.660 ) ( 237.900, 502.060 )


SHORT: ( Metal Short ) Special Wire of Net VDD & Blockage of Cell MainMemory_data_sram  ( met3 )
Bounds : ( 234.900, 509.940 ) ( 237.900, 510.340 )


SHORT: ( Metal Short ) Special Wire of Net VDD & Blockage of Cell MainMemory_data_sram  ( met3 )
Bounds : ( 234.900, 518.220 ) ( 237.900, 518.620 )


SHORT: ( Metal Short ) Special Wire of Net VDD & Blockage of Cell MainMemory_data_sram  ( met3 )
Bounds : ( 234.900, 526.500 ) ( 237.900, 526.900 )


SHORT: ( Metal Short ) Special Wire of Net VSS & Blockage of Cell MainMemory_data_sram  ( met3 )
Bounds : ( 257.900, 489.240 ) ( 260.900, 489.640 )


SHORT: ( Metal Short ) Special Wire of Net VSS & Blockage of Cell MainMemory_data_sram  ( met3 )
Bounds : ( 257.900, 497.520 ) ( 260.900, 497.920 )


SHORT: ( Metal Short ) Special Wire of Net VSS & Blockage of Cell MainMemory_data_sram  ( met3 )
Bounds : ( 257.900, 505.800 ) ( 260.900, 506.200 )


SHORT: ( Metal Short ) Special Wire of Net VSS & Blockage of Cell MainMemory_data_sram  ( met3 )
Bounds : ( 257.900, 514.080 ) ( 260.900, 514.480 )


SHORT: ( Metal Short ) Special Wire of Net VSS & Blockage of Cell MainMemory_data_sram  ( met3 )
Bounds : ( 257.900, 522.360 ) ( 260.900, 522.760 )


SHORT: ( Metal Short ) Special Wire of Net VSS & Blockage of Cell MainMemory_data_sram  ( met2 )
Bounds : ( 207.900, 489.240 ) ( 210.900, 489.640 )


SHORT: ( Metal Short ) Special Wire of Net VSS & Blockage of Cell MainMemory_data_sram  ( met2 )
Bounds : ( 207.900, 497.520 ) ( 210.900, 497.920 )


SHORT: ( Metal Short ) Special Wire of Net VSS & Blockage of Cell MainMemory_data_sram  ( met2 )
Bounds : ( 207.900, 505.800 ) ( 210.900, 506.200 )


SHORT: ( Metal Short ) Special Wire of Net VSS & Blockage of Cell MainMemory_data_sram  ( met2 )
Bounds : ( 207.900, 514.080 ) ( 210.900, 514.480 )


SHORT: ( Metal Short ) Special Wire of Net VSS & Blockage of Cell MainMemory_data_sram  ( met2 )
Bounds : ( 207.900, 522.360 ) ( 210.900, 522.760 )


SHORT: ( Metal Short ) Special Wire of Net VSS & Blockage of Cell MainMemory_data_sram  ( met3 )
Bounds : ( 207.900, 489.240 ) ( 210.900, 489.640 )


SHORT: ( Metal Short ) Special Wire of Net VSS & Blockage of Cell MainMemory_data_sram  ( met3 )
Bounds : ( 207.900, 497.520 ) ( 210.900, 497.920 )


SHORT: ( Metal Short ) Special Wire of Net VSS & Blockage of Cell MainMemory_data_sram  ( met3 )
Bounds : ( 207.900, 505.800 ) ( 210.900, 506.200 )


SHORT: ( Metal Short ) Special Wire of Net VSS & Blockage of Cell MainMemory_data_sram  ( met3 )
Bounds : ( 207.900, 514.080 ) ( 210.900, 514.480 )


SHORT: ( Metal Short ) Special Wire of Net VSS & Blockage of Cell MainMemory_data_sram  ( met3 )
Bounds : ( 207.900, 522.360 ) ( 210.900, 522.760 )


SHORT: ( Metal Short ) Special Wire of Net VDD & Blockage of Cell MainMemory_data_sram  ( met2 )
Bounds : ( 484.900, 451.980 ) ( 487.900, 452.380 )


SHORT: ( Metal Short ) Special Wire of Net VDD & Blockage of Cell MainMemory_data_sram  ( met2 )
Bounds : ( 484.900, 460.260 ) ( 487.900, 460.660 )


SHORT: ( Metal Short ) Special Wire of Net VDD & Blockage of Cell MainMemory_data_sram  ( met2 )
Bounds : ( 484.900, 468.540 ) ( 487.900, 468.940 )


SHORT: ( Metal Short ) Special Wire of Net VDD & Blockage of Cell MainMemory_data_sram  ( met2 )
Bounds : ( 484.900, 476.820 ) ( 487.900, 477.220 )


SHORT: ( Metal Short ) Special Wire of Net VDD & Blockage of Cell MainMemory_data_sram  ( met2 )
Bounds : ( 484.900, 485.100 ) ( 487.900, 485.500 )


SHORT: ( Metal Short ) Special Wire of Net VSS & Blockage of Cell MainMemory_data_sram  ( met2 )
Bounds : ( 507.900, 447.840 ) ( 510.900, 448.240 )


SHORT: ( Metal Short ) Special Wire of Net VSS & Blockage of Cell MainMemory_data_sram  ( met2 )
Bounds : ( 507.900, 456.120 ) ( 510.900, 456.520 )


SHORT: ( Metal Short ) Special Wire of Net VSS & Blockage of Cell MainMemory_data_sram  ( met2 )
Bounds : ( 507.900, 464.400 ) ( 510.900, 464.800 )


SHORT: ( Metal Short ) Special Wire of Net VSS & Blockage of Cell MainMemory_data_sram  ( met2 )
Bounds : ( 507.900, 472.680 ) ( 510.900, 473.080 )


SHORT: ( Metal Short ) Special Wire of Net VSS & Blockage of Cell MainMemory_data_sram  ( met2 )
Bounds : ( 507.900, 480.960 ) ( 510.900, 481.360 )


SHORT: ( Metal Short ) Special Wire of Net VDD & Blockage of Cell MainMemory_data_sram  ( met3 )
Bounds : ( 484.900, 451.980 ) ( 487.900, 452.380 )


SHORT: ( Metal Short ) Special Wire of Net VDD & Blockage of Cell MainMemory_data_sram  ( met3 )
Bounds : ( 484.900, 460.260 ) ( 487.900, 460.660 )


SHORT: ( Metal Short ) Special Wire of Net VDD & Blockage of Cell MainMemory_data_sram  ( met3 )
Bounds : ( 484.900, 468.540 ) ( 487.900, 468.940 )


SHORT: ( Metal Short ) Special Wire of Net VDD & Blockage of Cell MainMemory_data_sram  ( met3 )
Bounds : ( 484.900, 476.820 ) ( 487.900, 477.220 )


SHORT: ( Metal Short ) Special Wire of Net VDD & Blockage of Cell MainMemory_data_sram  ( met3 )
Bounds : ( 484.900, 485.100 ) ( 487.900, 485.500 )


SHORT: ( Metal Short ) Special Wire of Net VSS & Blockage of Cell MainMemory_data_sram  ( met3 )
Bounds : ( 507.900, 447.840 ) ( 510.900, 448.240 )


SHORT: ( Metal Short ) Special Wire of Net VSS & Blockage of Cell MainMemory_data_sram  ( met3 )
Bounds : ( 507.900, 456.120 ) ( 510.900, 456.520 )


SHORT: ( Metal Short ) Special Wire of Net VSS & Blockage of Cell MainMemory_data_sram  ( met3 )
Bounds : ( 507.900, 464.400 ) ( 510.900, 464.800 )


SHORT: ( Metal Short ) Special Wire of Net VSS & Blockage of Cell MainMemory_data_sram  ( met3 )
Bounds : ( 507.900, 472.680 ) ( 510.900, 473.080 )


SHORT: ( Metal Short ) Special Wire of Net VSS & Blockage of Cell MainMemory_data_sram  ( met3 )
Bounds : ( 507.900, 480.960 ) ( 510.900, 481.360 )


SHORT: ( Metal Short ) Special Wire of Net VDD & Blockage of Cell MainMemory_data_sram  ( met2 )
Bounds : ( 434.900, 451.980 ) ( 437.900, 452.380 )


SHORT: ( Metal Short ) Special Wire of Net VDD & Blockage of Cell MainMemory_data_sram  ( met2 )
Bounds : ( 434.900, 460.260 ) ( 437.900, 460.660 )


SHORT: ( Metal Short ) Special Wire of Net VDD & Blockage of Cell MainMemory_data_sram  ( met2 )
Bounds : ( 434.900, 468.540 ) ( 437.900, 468.940 )


SHORT: ( Metal Short ) Special Wire of Net VDD & Blockage of Cell MainMemory_data_sram  ( met2 )
Bounds : ( 434.900, 476.820 ) ( 437.900, 477.220 )


SHORT: ( Metal Short ) Special Wire of Net VDD & Blockage of Cell MainMemory_data_sram  ( met2 )
Bounds : ( 434.900, 485.100 ) ( 437.900, 485.500 )


SHORT: ( Metal Short ) Special Wire of Net VSS & Blockage of Cell MainMemory_data_sram  ( met2 )
Bounds : ( 457.900, 447.840 ) ( 460.900, 448.240 )


SHORT: ( Metal Short ) Special Wire of Net VSS & Blockage of Cell MainMemory_data_sram  ( met2 )
Bounds : ( 457.900, 456.120 ) ( 460.900, 456.520 )


SHORT: ( Metal Short ) Special Wire of Net VSS & Blockage of Cell MainMemory_data_sram  ( met2 )
Bounds : ( 457.900, 464.400 ) ( 460.900, 464.800 )


SHORT: ( Metal Short ) Special Wire of Net VSS & Blockage of Cell MainMemory_data_sram  ( met2 )
Bounds : ( 457.900, 472.680 ) ( 460.900, 473.080 )


SHORT: ( Metal Short ) Special Wire of Net VSS & Blockage of Cell MainMemory_data_sram  ( met2 )
Bounds : ( 457.900, 480.960 ) ( 460.900, 481.360 )


SHORT: ( Metal Short ) Special Wire of Net VDD & Blockage of Cell MainMemory_data_sram  ( met3 )
Bounds : ( 434.900, 451.980 ) ( 437.900, 452.380 )


SHORT: ( Metal Short ) Special Wire of Net VDD & Blockage of Cell MainMemory_data_sram  ( met3 )
Bounds : ( 434.900, 460.260 ) ( 437.900, 460.660 )


SHORT: ( Metal Short ) Special Wire of Net VDD & Blockage of Cell MainMemory_data_sram  ( met3 )
Bounds : ( 434.900, 468.540 ) ( 437.900, 468.940 )


SHORT: ( Metal Short ) Special Wire of Net VDD & Blockage of Cell MainMemory_data_sram  ( met3 )
Bounds : ( 434.900, 476.820 ) ( 437.900, 477.220 )


SHORT: ( Metal Short ) Special Wire of Net VDD & Blockage of Cell MainMemory_data_sram  ( met3 )
Bounds : ( 434.900, 485.100 ) ( 437.900, 485.500 )


SHORT: ( Metal Short ) Special Wire of Net VSS & Blockage of Cell MainMemory_data_sram  ( met3 )
Bounds : ( 457.900, 447.840 ) ( 460.900, 448.240 )


SHORT: ( Metal Short ) Special Wire of Net VSS & Blockage of Cell MainMemory_data_sram  ( met3 )
Bounds : ( 457.900, 456.120 ) ( 460.900, 456.520 )


SHORT: ( Metal Short ) Special Wire of Net VSS & Blockage of Cell MainMemory_data_sram  ( met3 )
Bounds : ( 457.900, 464.400 ) ( 460.900, 464.800 )


SHORT: ( Metal Short ) Special Wire of Net VSS & Blockage of Cell MainMemory_data_sram  ( met3 )
Bounds : ( 457.900, 472.680 ) ( 460.900, 473.080 )


SHORT: ( Metal Short ) Special Wire of Net VSS & Blockage of Cell MainMemory_data_sram  ( met3 )
Bounds : ( 457.900, 480.960 ) ( 460.900, 481.360 )


SHORT: ( Metal Short ) Special Wire of Net VDD & Blockage of Cell MainMemory_data_sram  ( met2 )
Bounds : ( 484.900, 410.580 ) ( 487.900, 410.980 )


SHORT: ( Metal Short ) Special Wire of Net VDD & Blockage of Cell MainMemory_data_sram  ( met2 )
Bounds : ( 484.900, 418.860 ) ( 487.900, 419.260 )


SHORT: ( Metal Short ) Special Wire of Net VDD & Blockage of Cell MainMemory_data_sram  ( met2 )
Bounds : ( 484.900, 427.140 ) ( 487.900, 427.540 )


SHORT: ( Metal Short ) Special Wire of Net VDD & Blockage of Cell MainMemory_data_sram  ( met2 )
Bounds : ( 484.900, 435.420 ) ( 487.900, 435.820 )


SHORT: ( Metal Short ) Special Wire of Net VDD & Blockage of Cell MainMemory_data_sram  ( met2 )
Bounds : ( 484.900, 443.700 ) ( 487.900, 444.100 )


SHORT: ( Metal Short ) Special Wire of Net VSS & Blockage of Cell MainMemory_data_sram  ( met2 )
Bounds : ( 507.900, 414.720 ) ( 510.900, 415.120 )


SHORT: ( Metal Short ) Special Wire of Net VSS & Blockage of Cell MainMemory_data_sram  ( met2 )
Bounds : ( 507.900, 423.000 ) ( 510.900, 423.400 )


SHORT: ( Metal Short ) Special Wire of Net VSS & Blockage of Cell MainMemory_data_sram  ( met2 )
Bounds : ( 507.900, 431.280 ) ( 510.900, 431.680 )


SHORT: ( Metal Short ) Special Wire of Net VSS & Blockage of Cell MainMemory_data_sram  ( met2 )
Bounds : ( 507.900, 439.560 ) ( 510.900, 439.960 )


SHORT: ( Metal Short ) Special Wire of Net VDD & Blockage of Cell MainMemory_data_sram  ( met3 )
Bounds : ( 484.900, 410.580 ) ( 487.900, 410.980 )


SHORT: ( Metal Short ) Special Wire of Net VDD & Blockage of Cell MainMemory_data_sram  ( met3 )
Bounds : ( 484.900, 418.860 ) ( 487.900, 419.260 )


SHORT: ( Metal Short ) Special Wire of Net VDD & Blockage of Cell MainMemory_data_sram  ( met3 )
Bounds : ( 484.900, 427.140 ) ( 487.900, 427.540 )


SHORT: ( Metal Short ) Special Wire of Net VDD & Blockage of Cell MainMemory_data_sram  ( met3 )
Bounds : ( 484.900, 435.420 ) ( 487.900, 435.820 )


SHORT: ( Metal Short ) Special Wire of Net VDD & Blockage of Cell MainMemory_data_sram  ( met3 )
Bounds : ( 484.900, 443.700 ) ( 487.900, 444.100 )


SHORT: ( Metal Short ) Special Wire of Net VSS & Blockage of Cell MainMemory_data_sram  ( met3 )
Bounds : ( 507.900, 414.720 ) ( 510.900, 415.120 )


SHORT: ( Metal Short ) Special Wire of Net VSS & Blockage of Cell MainMemory_data_sram  ( met3 )
Bounds : ( 507.900, 423.000 ) ( 510.900, 423.400 )


SHORT: ( Metal Short ) Special Wire of Net VSS & Blockage of Cell MainMemory_data_sram  ( met3 )
Bounds : ( 507.900, 431.280 ) ( 510.900, 431.680 )


SHORT: ( Metal Short ) Special Wire of Net VSS & Blockage of Cell MainMemory_data_sram  ( met3 )
Bounds : ( 507.900, 439.560 ) ( 510.900, 439.960 )


SHORT: ( Metal Short ) Special Wire of Net VDD & Blockage of Cell MainMemory_data_sram  ( met2 )
Bounds : ( 434.900, 410.580 ) ( 437.900, 410.980 )


SHORT: ( Metal Short ) Special Wire of Net VDD & Blockage of Cell MainMemory_data_sram  ( met2 )
Bounds : ( 434.900, 418.860 ) ( 437.900, 419.260 )


SHORT: ( Metal Short ) Special Wire of Net VDD & Blockage of Cell MainMemory_data_sram  ( met2 )
Bounds : ( 434.900, 427.140 ) ( 437.900, 427.540 )


SHORT: ( Metal Short ) Special Wire of Net VDD & Blockage of Cell MainMemory_data_sram  ( met2 )
Bounds : ( 434.900, 435.420 ) ( 437.900, 435.820 )


SHORT: ( Metal Short ) Special Wire of Net VDD & Blockage of Cell MainMemory_data_sram  ( met2 )
Bounds : ( 434.900, 443.700 ) ( 437.900, 444.100 )


SHORT: ( Metal Short ) Special Wire of Net VSS & Blockage of Cell MainMemory_data_sram  ( met2 )
Bounds : ( 457.900, 414.720 ) ( 460.900, 415.120 )


SHORT: ( Metal Short ) Special Wire of Net VSS & Blockage of Cell MainMemory_data_sram  ( met2 )
Bounds : ( 457.900, 423.000 ) ( 460.900, 423.400 )


SHORT: ( Metal Short ) Special Wire of Net VSS & Blockage of Cell MainMemory_data_sram  ( met2 )
Bounds : ( 457.900, 431.280 ) ( 460.900, 431.680 )


SHORT: ( Metal Short ) Special Wire of Net VSS & Blockage of Cell MainMemory_data_sram  ( met2 )
Bounds : ( 457.900, 439.560 ) ( 460.900, 439.960 )


SHORT: ( Metal Short ) Special Wire of Net VDD & Blockage of Cell MainMemory_data_sram  ( met3 )
Bounds : ( 434.900, 410.580 ) ( 437.900, 410.980 )


SHORT: ( Metal Short ) Special Wire of Net VDD & Blockage of Cell MainMemory_data_sram  ( met3 )
Bounds : ( 434.900, 418.860 ) ( 437.900, 419.260 )


SHORT: ( Metal Short ) Special Wire of Net VDD & Blockage of Cell MainMemory_data_sram  ( met3 )
Bounds : ( 434.900, 427.140 ) ( 437.900, 427.540 )


SHORT: ( Metal Short ) Special Wire of Net VDD & Blockage of Cell MainMemory_data_sram  ( met3 )
Bounds : ( 434.900, 435.420 ) ( 437.900, 435.820 )


SHORT: ( Metal Short ) Special Wire of Net VDD & Blockage of Cell MainMemory_data_sram  ( met3 )
Bounds : ( 434.900, 443.700 ) ( 437.900, 444.100 )


SHORT: ( Metal Short ) Special Wire of Net VSS & Blockage of Cell MainMemory_data_sram  ( met3 )
Bounds : ( 457.900, 414.720 ) ( 460.900, 415.120 )


SHORT: ( Metal Short ) Special Wire of Net VSS & Blockage of Cell MainMemory_data_sram  ( met3 )
Bounds : ( 457.900, 423.000 ) ( 460.900, 423.400 )


SHORT: ( Metal Short ) Special Wire of Net VSS & Blockage of Cell MainMemory_data_sram  ( met3 )
Bounds : ( 457.900, 431.280 ) ( 460.900, 431.680 )


SHORT: ( Metal Short ) Special Wire of Net VSS & Blockage of Cell MainMemory_data_sram  ( met3 )
Bounds : ( 457.900, 439.560 ) ( 460.900, 439.960 )


SHORT: ( Metal Short ) Special Wire of Net VSS & Blockage of Cell MainMemory_data_sram  ( met2 )
Bounds : ( 407.900, 447.840 ) ( 410.900, 448.240 )


SHORT: ( Metal Short ) Special Wire of Net VSS & Blockage of Cell MainMemory_data_sram  ( met2 )
Bounds : ( 407.900, 456.120 ) ( 410.900, 456.520 )


SHORT: ( Metal Short ) Special Wire of Net VSS & Blockage of Cell MainMemory_data_sram  ( met2 )
Bounds : ( 407.900, 464.400 ) ( 410.900, 464.800 )


SHORT: ( Metal Short ) Special Wire of Net VSS & Blockage of Cell MainMemory_data_sram  ( met2 )
Bounds : ( 407.900, 472.680 ) ( 410.900, 473.080 )


SHORT: ( Metal Short ) Special Wire of Net VSS & Blockage of Cell MainMemory_data_sram  ( met2 )
Bounds : ( 407.900, 480.960 ) ( 410.900, 481.360 )


SHORT: ( Metal Short ) Special Wire of Net VSS & Blockage of Cell MainMemory_data_sram  ( met3 )
Bounds : ( 407.900, 447.840 ) ( 410.900, 448.240 )


SHORT: ( Metal Short ) Special Wire of Net VSS & Blockage of Cell MainMemory_data_sram  ( met3 )
Bounds : ( 407.900, 456.120 ) ( 410.900, 456.520 )


SHORT: ( Metal Short ) Special Wire of Net VSS & Blockage of Cell MainMemory_data_sram  ( met3 )
Bounds : ( 407.900, 464.400 ) ( 410.900, 464.800 )


SHORT: ( Metal Short ) Special Wire of Net VSS & Blockage of Cell MainMemory_data_sram  ( met3 )
Bounds : ( 407.900, 472.680 ) ( 410.900, 473.080 )


SHORT: ( Metal Short ) Special Wire of Net VSS & Blockage of Cell MainMemory_data_sram  ( met3 )
Bounds : ( 407.900, 480.960 ) ( 410.900, 481.360 )


SHORT: ( Metal Short ) Special Wire of Net VSS & Blockage of Cell MainMemory_data_sram  ( met2 )
Bounds : ( 357.900, 447.840 ) ( 360.900, 448.240 )


SHORT: ( Metal Short ) Special Wire of Net VSS & Blockage of Cell MainMemory_data_sram  ( met2 )
Bounds : ( 357.900, 456.120 ) ( 360.900, 456.520 )


SHORT: ( Metal Short ) Special Wire of Net VSS & Blockage of Cell MainMemory_data_sram  ( met2 )
Bounds : ( 357.900, 464.400 ) ( 360.900, 464.800 )


SHORT: ( Metal Short ) Special Wire of Net VSS & Blockage of Cell MainMemory_data_sram  ( met2 )
Bounds : ( 357.900, 472.680 ) ( 360.900, 473.080 )


SHORT: ( Metal Short ) Special Wire of Net VSS & Blockage of Cell MainMemory_data_sram  ( met2 )
Bounds : ( 357.900, 480.960 ) ( 360.900, 481.360 )


SHORT: ( Metal Short ) Special Wire of Net VDD & Blockage of Cell MainMemory_data_sram  ( met2 )
Bounds : ( 384.900, 451.980 ) ( 387.900, 452.380 )


SHORT: ( Metal Short ) Special Wire of Net VDD & Blockage of Cell MainMemory_data_sram  ( met2 )
Bounds : ( 384.900, 460.260 ) ( 387.900, 460.660 )


SHORT: ( Metal Short ) Special Wire of Net VDD & Blockage of Cell MainMemory_data_sram  ( met2 )
Bounds : ( 384.900, 468.540 ) ( 387.900, 468.940 )


SHORT: ( Metal Short ) Special Wire of Net VDD & Blockage of Cell MainMemory_data_sram  ( met2 )
Bounds : ( 384.900, 476.820 ) ( 387.900, 477.220 )


SHORT: ( Metal Short ) Special Wire of Net VDD & Blockage of Cell MainMemory_data_sram  ( met2 )
Bounds : ( 384.900, 485.100 ) ( 387.900, 485.500 )


SHORT: ( Metal Short ) Special Wire of Net VSS & Blockage of Cell MainMemory_data_sram  ( met3 )
Bounds : ( 357.900, 447.840 ) ( 360.900, 448.240 )


SHORT: ( Metal Short ) Special Wire of Net VSS & Blockage of Cell MainMemory_data_sram  ( met3 )
Bounds : ( 357.900, 456.120 ) ( 360.900, 456.520 )


SHORT: ( Metal Short ) Special Wire of Net VSS & Blockage of Cell MainMemory_data_sram  ( met3 )
Bounds : ( 357.900, 464.400 ) ( 360.900, 464.800 )


SHORT: ( Metal Short ) Special Wire of Net VSS & Blockage of Cell MainMemory_data_sram  ( met3 )
Bounds : ( 357.900, 472.680 ) ( 360.900, 473.080 )


SHORT: ( Metal Short ) Special Wire of Net VSS & Blockage of Cell MainMemory_data_sram  ( met3 )
Bounds : ( 357.900, 480.960 ) ( 360.900, 481.360 )


SHORT: ( Metal Short ) Special Wire of Net VDD & Blockage of Cell MainMemory_data_sram  ( met3 )
Bounds : ( 384.900, 451.980 ) ( 387.900, 452.380 )


SHORT: ( Metal Short ) Special Wire of Net VDD & Blockage of Cell MainMemory_data_sram  ( met3 )
Bounds : ( 384.900, 460.260 ) ( 387.900, 460.660 )


SHORT: ( Metal Short ) Special Wire of Net VDD & Blockage of Cell MainMemory_data_sram  ( met3 )
Bounds : ( 384.900, 468.540 ) ( 387.900, 468.940 )


SHORT: ( Metal Short ) Special Wire of Net VDD & Blockage of Cell MainMemory_data_sram  ( met3 )
Bounds : ( 384.900, 476.820 ) ( 387.900, 477.220 )


SHORT: ( Metal Short ) Special Wire of Net VDD & Blockage of Cell MainMemory_data_sram  ( met3 )
Bounds : ( 384.900, 485.100 ) ( 387.900, 485.500 )


SHORT: ( Metal Short ) Special Wire of Net VSS & Blockage of Cell MainMemory_data_sram  ( met2 )
Bounds : ( 357.900, 414.720 ) ( 360.900, 415.120 )


SHORT: ( Metal Short ) Special Wire of Net VSS & Blockage of Cell MainMemory_data_sram  ( met2 )
Bounds : ( 357.900, 423.000 ) ( 360.900, 423.400 )


SHORT: ( Metal Short ) Special Wire of Net VSS & Blockage of Cell MainMemory_data_sram  ( met2 )
Bounds : ( 357.900, 431.280 ) ( 360.900, 431.680 )


SHORT: ( Metal Short ) Special Wire of Net VSS & Blockage of Cell MainMemory_data_sram  ( met2 )
Bounds : ( 357.900, 439.560 ) ( 360.900, 439.960 )


SHORT: ( Metal Short ) Special Wire of Net VDD & Blockage of Cell MainMemory_data_sram  ( met2 )
Bounds : ( 384.900, 410.580 ) ( 387.900, 410.980 )


SHORT: ( Metal Short ) Special Wire of Net VDD & Blockage of Cell MainMemory_data_sram  ( met2 )
Bounds : ( 384.900, 418.860 ) ( 387.900, 419.260 )


SHORT: ( Metal Short ) Special Wire of Net VDD & Blockage of Cell MainMemory_data_sram  ( met2 )
Bounds : ( 384.900, 427.140 ) ( 387.900, 427.540 )


SHORT: ( Metal Short ) Special Wire of Net VDD & Blockage of Cell MainMemory_data_sram  ( met2 )
Bounds : ( 384.900, 435.420 ) ( 387.900, 435.820 )


SHORT: ( Metal Short ) Special Wire of Net VDD & Blockage of Cell MainMemory_data_sram  ( met2 )
Bounds : ( 384.900, 443.700 ) ( 387.900, 444.100 )


SHORT: ( Metal Short ) Special Wire of Net VSS & Blockage of Cell MainMemory_data_sram  ( met2 )
Bounds : ( 407.900, 414.720 ) ( 410.900, 415.120 )


SHORT: ( Metal Short ) Special Wire of Net VSS & Blockage of Cell MainMemory_data_sram  ( met2 )
Bounds : ( 407.900, 423.000 ) ( 410.900, 423.400 )


SHORT: ( Metal Short ) Special Wire of Net VSS & Blockage of Cell MainMemory_data_sram  ( met2 )
Bounds : ( 407.900, 431.280 ) ( 410.900, 431.680 )


SHORT: ( Metal Short ) Special Wire of Net VSS & Blockage of Cell MainMemory_data_sram  ( met2 )
Bounds : ( 407.900, 439.560 ) ( 410.900, 439.960 )


SHORT: ( Metal Short ) Special Wire of Net VSS & Blockage of Cell MainMemory_data_sram  ( met3 )
Bounds : ( 357.900, 414.720 ) ( 360.900, 415.120 )


SHORT: ( Metal Short ) Special Wire of Net VSS & Blockage of Cell MainMemory_data_sram  ( met3 )
Bounds : ( 357.900, 423.000 ) ( 360.900, 423.400 )


SHORT: ( Metal Short ) Special Wire of Net VSS & Blockage of Cell MainMemory_data_sram  ( met3 )
Bounds : ( 357.900, 431.280 ) ( 360.900, 431.680 )


SHORT: ( Metal Short ) Special Wire of Net VSS & Blockage of Cell MainMemory_data_sram  ( met3 )
Bounds : ( 357.900, 439.560 ) ( 360.900, 439.960 )


SHORT: ( Metal Short ) Special Wire of Net VDD & Blockage of Cell MainMemory_data_sram  ( met3 )
Bounds : ( 384.900, 410.580 ) ( 387.900, 410.980 )


SHORT: ( Metal Short ) Special Wire of Net VDD & Blockage of Cell MainMemory_data_sram  ( met3 )
Bounds : ( 384.900, 418.860 ) ( 387.900, 419.260 )


SHORT: ( Metal Short ) Special Wire of Net VDD & Blockage of Cell MainMemory_data_sram  ( met3 )
Bounds : ( 384.900, 427.140 ) ( 387.900, 427.540 )


SHORT: ( Metal Short ) Special Wire of Net VDD & Blockage of Cell MainMemory_data_sram  ( met3 )
Bounds : ( 384.900, 435.420 ) ( 387.900, 435.820 )


SHORT: ( Metal Short ) Special Wire of Net VDD & Blockage of Cell MainMemory_data_sram  ( met3 )
Bounds : ( 384.900, 443.700 ) ( 387.900, 444.100 )


SHORT: ( Metal Short ) Special Wire of Net VSS & Blockage of Cell MainMemory_data_sram  ( met3 )
Bounds : ( 407.900, 414.720 ) ( 410.900, 415.120 )


SHORT: ( Metal Short ) Special Wire of Net VSS & Blockage of Cell MainMemory_data_sram  ( met3 )
Bounds : ( 407.900, 423.000 ) ( 410.900, 423.400 )


SHORT: ( Metal Short ) Special Wire of Net VSS & Blockage of Cell MainMemory_data_sram  ( met3 )
Bounds : ( 407.900, 431.280 ) ( 410.900, 431.680 )


SHORT: ( Metal Short ) Special Wire of Net VSS & Blockage of Cell MainMemory_data_sram  ( met3 )
Bounds : ( 407.900, 439.560 ) ( 410.900, 439.960 )


SHORT: ( Metal Short ) Special Wire of Net VDD & Blockage of Cell MainMemory_data_sram  ( met2 )
Bounds : ( 484.900, 369.180 ) ( 487.900, 369.580 )


SHORT: ( Metal Short ) Special Wire of Net VSS & Blockage of Cell MainMemory_data_sram  ( met2 )
Bounds : ( 507.900, 373.320 ) ( 510.900, 373.720 )


SHORT: ( Metal Short ) Special Wire of Net VDD & Blockage of Cell MainMemory_data_sram  ( met3 )
Bounds : ( 484.900, 369.180 ) ( 487.900, 369.580 )


SHORT: ( Metal Short ) Special Wire of Net VSS & Blockage of Cell MainMemory_data_sram  ( met3 )
Bounds : ( 507.900, 373.320 ) ( 510.900, 373.720 )


SHORT: ( Metal Short ) Special Wire of Net VDD & Blockage of Cell MainMemory_data_sram  ( met2 )
Bounds : ( 484.900, 377.460 ) ( 487.900, 377.860 )


SHORT: ( Metal Short ) Special Wire of Net VDD & Blockage of Cell MainMemory_data_sram  ( met2 )
Bounds : ( 484.900, 385.740 ) ( 487.900, 386.140 )


SHORT: ( Metal Short ) Special Wire of Net VDD & Blockage of Cell MainMemory_data_sram  ( met2 )
Bounds : ( 484.900, 394.020 ) ( 487.900, 394.420 )


SHORT: ( Metal Short ) Special Wire of Net VDD & Blockage of Cell MainMemory_data_sram  ( met2 )
Bounds : ( 484.900, 402.300 ) ( 487.900, 402.700 )


SHORT: ( Metal Short ) Special Wire of Net VSS & Blockage of Cell MainMemory_data_sram  ( met2 )
Bounds : ( 507.900, 381.600 ) ( 510.900, 382.000 )


SHORT: ( Metal Short ) Special Wire of Net VSS & Blockage of Cell MainMemory_data_sram  ( met2 )
Bounds : ( 507.900, 389.880 ) ( 510.900, 390.280 )


SHORT: ( Metal Short ) Special Wire of Net VSS & Blockage of Cell MainMemory_data_sram  ( met2 )
Bounds : ( 507.900, 398.160 ) ( 510.900, 398.560 )


SHORT: ( Metal Short ) Special Wire of Net VDD & Blockage of Cell MainMemory_data_sram  ( met3 )
Bounds : ( 484.900, 377.460 ) ( 487.900, 377.860 )


SHORT: ( Metal Short ) Special Wire of Net VDD & Blockage of Cell MainMemory_data_sram  ( met3 )
Bounds : ( 484.900, 385.740 ) ( 487.900, 386.140 )


SHORT: ( Metal Short ) Special Wire of Net VDD & Blockage of Cell MainMemory_data_sram  ( met3 )
Bounds : ( 484.900, 394.020 ) ( 487.900, 394.420 )


SHORT: ( Metal Short ) Special Wire of Net VDD & Blockage of Cell MainMemory_data_sram  ( met3 )
Bounds : ( 484.900, 402.300 ) ( 487.900, 402.700 )


SHORT: ( Metal Short ) Special Wire of Net VSS & Blockage of Cell MainMemory_data_sram  ( met3 )
Bounds : ( 507.900, 381.600 ) ( 510.900, 382.000 )


SHORT: ( Metal Short ) Special Wire of Net VSS & Blockage of Cell MainMemory_data_sram  ( met3 )
Bounds : ( 507.900, 389.880 ) ( 510.900, 390.280 )


SHORT: ( Metal Short ) Special Wire of Net VSS & Blockage of Cell MainMemory_data_sram  ( met3 )
Bounds : ( 507.900, 398.160 ) ( 510.900, 398.560 )


SHORT: ( Metal Short ) Special Wire of Net VDD & Blockage of Cell MainMemory_data_sram  ( met2 )
Bounds : ( 434.900, 369.180 ) ( 437.900, 369.580 )


SHORT: ( Metal Short ) Special Wire of Net VSS & Blockage of Cell MainMemory_data_sram  ( met2 )
Bounds : ( 457.900, 373.320 ) ( 460.900, 373.720 )


SHORT: ( Metal Short ) Special Wire of Net VDD & Blockage of Cell MainMemory_data_sram  ( met3 )
Bounds : ( 434.900, 369.180 ) ( 437.900, 369.580 )


SHORT: ( Metal Short ) Special Wire of Net VSS & Blockage of Cell MainMemory_data_sram  ( met3 )
Bounds : ( 457.900, 373.320 ) ( 460.900, 373.720 )


SHORT: ( Metal Short ) Special Wire of Net VDD & Blockage of Cell MainMemory_data_sram  ( met2 )
Bounds : ( 434.900, 377.460 ) ( 437.900, 377.860 )


SHORT: ( Metal Short ) Special Wire of Net VDD & Blockage of Cell MainMemory_data_sram  ( met2 )
Bounds : ( 434.900, 385.740 ) ( 437.900, 386.140 )


SHORT: ( Metal Short ) Special Wire of Net VDD & Blockage of Cell MainMemory_data_sram  ( met2 )
Bounds : ( 434.900, 394.020 ) ( 437.900, 394.420 )


SHORT: ( Metal Short ) Special Wire of Net VDD & Blockage of Cell MainMemory_data_sram  ( met2 )
Bounds : ( 434.900, 402.300 ) ( 437.900, 402.700 )


SHORT: ( Metal Short ) Special Wire of Net VSS & Blockage of Cell MainMemory_data_sram  ( met2 )
Bounds : ( 457.900, 381.600 ) ( 460.900, 382.000 )


SHORT: ( Metal Short ) Special Wire of Net VSS & Blockage of Cell MainMemory_data_sram  ( met2 )
Bounds : ( 457.900, 389.880 ) ( 460.900, 390.280 )


SHORT: ( Metal Short ) Special Wire of Net VSS & Blockage of Cell MainMemory_data_sram  ( met2 )
Bounds : ( 457.900, 398.160 ) ( 460.900, 398.560 )


SHORT: ( Metal Short ) Special Wire of Net VDD & Blockage of Cell MainMemory_data_sram  ( met3 )
Bounds : ( 434.900, 377.460 ) ( 437.900, 377.860 )


SHORT: ( Metal Short ) Special Wire of Net VDD & Blockage of Cell MainMemory_data_sram  ( met3 )
Bounds : ( 434.900, 385.740 ) ( 437.900, 386.140 )


SHORT: ( Metal Short ) Special Wire of Net VDD & Blockage of Cell MainMemory_data_sram  ( met3 )
Bounds : ( 434.900, 394.020 ) ( 437.900, 394.420 )


SHORT: ( Metal Short ) Special Wire of Net VDD & Blockage of Cell MainMemory_data_sram  ( met3 )
Bounds : ( 434.900, 402.300 ) ( 437.900, 402.700 )


SHORT: ( Metal Short ) Special Wire of Net VSS & Blockage of Cell MainMemory_data_sram  ( met3 )
Bounds : ( 457.900, 381.600 ) ( 460.900, 382.000 )


SHORT: ( Metal Short ) Special Wire of Net VSS & Blockage of Cell MainMemory_data_sram  ( met3 )
Bounds : ( 457.900, 389.880 ) ( 460.900, 390.280 )


SHORT: ( Metal Short ) Special Wire of Net VSS & Blockage of Cell MainMemory_data_sram  ( met3 )
Bounds : ( 457.900, 398.160 ) ( 460.900, 398.560 )


SHORT: ( Metal Short ) Special Wire of Net VDD & Blockage of Cell MainMemory_data_sram  ( met2 )
Bounds : ( 484.900, 327.780 ) ( 487.900, 328.180 )


SHORT: ( Metal Short ) Special Wire of Net VDD & Blockage of Cell MainMemory_data_sram  ( met2 )
Bounds : ( 484.900, 336.060 ) ( 487.900, 336.460 )


SHORT: ( Metal Short ) Special Wire of Net VDD & Blockage of Cell MainMemory_data_sram  ( met2 )
Bounds : ( 484.900, 344.340 ) ( 487.900, 344.740 )


SHORT: ( Metal Short ) Special Wire of Net VDD & Blockage of Cell MainMemory_data_sram  ( met2 )
Bounds : ( 484.900, 352.620 ) ( 487.900, 353.020 )


SHORT: ( Metal Short ) Special Wire of Net VDD & Blockage of Cell MainMemory_data_sram  ( met2 )
Bounds : ( 484.900, 360.900 ) ( 487.900, 361.300 )


SHORT: ( Metal Short ) Special Wire of Net VSS & Blockage of Cell MainMemory_data_sram  ( met2 )
Bounds : ( 507.900, 331.920 ) ( 510.900, 332.320 )


SHORT: ( Metal Short ) Special Wire of Net VSS & Blockage of Cell MainMemory_data_sram  ( met2 )
Bounds : ( 507.900, 340.200 ) ( 510.900, 340.600 )


SHORT: ( Metal Short ) Special Wire of Net VSS & Blockage of Cell MainMemory_data_sram  ( met2 )
Bounds : ( 507.900, 348.480 ) ( 510.900, 348.880 )


SHORT: ( Metal Short ) Special Wire of Net VSS & Blockage of Cell MainMemory_data_sram  ( met2 )
Bounds : ( 507.900, 356.760 ) ( 510.900, 357.160 )


SHORT: ( Metal Short ) Special Wire of Net VSS & Blockage of Cell MainMemory_data_sram  ( met2 )
Bounds : ( 507.900, 365.040 ) ( 510.900, 365.440 )


SHORT: ( Metal Short ) Special Wire of Net VDD & Blockage of Cell MainMemory_data_sram  ( met3 )
Bounds : ( 484.900, 327.780 ) ( 487.900, 328.180 )


SHORT: ( Metal Short ) Special Wire of Net VDD & Blockage of Cell MainMemory_data_sram  ( met3 )
Bounds : ( 484.900, 336.060 ) ( 487.900, 336.460 )


SHORT: ( Metal Short ) Special Wire of Net VDD & Blockage of Cell MainMemory_data_sram  ( met3 )
Bounds : ( 484.900, 344.340 ) ( 487.900, 344.740 )


SHORT: ( Metal Short ) Special Wire of Net VDD & Blockage of Cell MainMemory_data_sram  ( met3 )
Bounds : ( 484.900, 352.620 ) ( 487.900, 353.020 )


SHORT: ( Metal Short ) Special Wire of Net VDD & Blockage of Cell MainMemory_data_sram  ( met3 )
Bounds : ( 484.900, 360.900 ) ( 487.900, 361.300 )


SHORT: ( Metal Short ) Special Wire of Net VSS & Blockage of Cell MainMemory_data_sram  ( met3 )
Bounds : ( 507.900, 331.920 ) ( 510.900, 332.320 )


SHORT: ( Metal Short ) Special Wire of Net VSS & Blockage of Cell MainMemory_data_sram  ( met3 )
Bounds : ( 507.900, 340.200 ) ( 510.900, 340.600 )


SHORT: ( Metal Short ) Special Wire of Net VSS & Blockage of Cell MainMemory_data_sram  ( met3 )
Bounds : ( 507.900, 348.480 ) ( 510.900, 348.880 )


SHORT: ( Metal Short ) Special Wire of Net VSS & Blockage of Cell MainMemory_data_sram  ( met3 )
Bounds : ( 507.900, 356.760 ) ( 510.900, 357.160 )


SHORT: ( Metal Short ) Special Wire of Net VSS & Blockage of Cell MainMemory_data_sram  ( met3 )
Bounds : ( 507.900, 365.040 ) ( 510.900, 365.440 )


SHORT: ( Metal Short ) Special Wire of Net VDD & Blockage of Cell MainMemory_data_sram  ( met2 )
Bounds : ( 434.900, 327.780 ) ( 437.900, 328.180 )


SHORT: ( Metal Short ) Special Wire of Net VDD & Blockage of Cell MainMemory_data_sram  ( met2 )
Bounds : ( 434.900, 336.060 ) ( 437.900, 336.460 )


SHORT: ( Metal Short ) Special Wire of Net VDD & Blockage of Cell MainMemory_data_sram  ( met2 )
Bounds : ( 434.900, 344.340 ) ( 437.900, 344.740 )


SHORT: ( Metal Short ) Special Wire of Net VDD & Blockage of Cell MainMemory_data_sram  ( met2 )
Bounds : ( 434.900, 352.620 ) ( 437.900, 353.020 )


SHORT: ( Metal Short ) Special Wire of Net VDD & Blockage of Cell MainMemory_data_sram  ( met2 )
Bounds : ( 434.900, 360.900 ) ( 437.900, 361.300 )


SHORT: ( Metal Short ) Special Wire of Net VSS & Blockage of Cell MainMemory_data_sram  ( met2 )
Bounds : ( 457.900, 331.920 ) ( 460.900, 332.320 )


SHORT: ( Metal Short ) Special Wire of Net VSS & Blockage of Cell MainMemory_data_sram  ( met2 )
Bounds : ( 457.900, 340.200 ) ( 460.900, 340.600 )


SHORT: ( Metal Short ) Special Wire of Net VSS & Blockage of Cell MainMemory_data_sram  ( met2 )
Bounds : ( 457.900, 348.480 ) ( 460.900, 348.880 )


SHORT: ( Metal Short ) Special Wire of Net VSS & Blockage of Cell MainMemory_data_sram  ( met2 )
Bounds : ( 457.900, 356.760 ) ( 460.900, 357.160 )


SHORT: ( Metal Short ) Special Wire of Net VSS & Blockage of Cell MainMemory_data_sram  ( met2 )
Bounds : ( 457.900, 365.040 ) ( 460.900, 365.440 )


SHORT: ( Metal Short ) Special Wire of Net VDD & Blockage of Cell MainMemory_data_sram  ( met3 )
Bounds : ( 434.900, 327.780 ) ( 437.900, 328.180 )


SHORT: ( Metal Short ) Special Wire of Net VDD & Blockage of Cell MainMemory_data_sram  ( met3 )
Bounds : ( 434.900, 336.060 ) ( 437.900, 336.460 )


SHORT: ( Metal Short ) Special Wire of Net VDD & Blockage of Cell MainMemory_data_sram  ( met3 )
Bounds : ( 434.900, 344.340 ) ( 437.900, 344.740 )


SHORT: ( Metal Short ) Special Wire of Net VDD & Blockage of Cell MainMemory_data_sram  ( met3 )
Bounds : ( 434.900, 352.620 ) ( 437.900, 353.020 )


SHORT: ( Metal Short ) Special Wire of Net VDD & Blockage of Cell MainMemory_data_sram  ( met3 )
Bounds : ( 434.900, 360.900 ) ( 437.900, 361.300 )


SHORT: ( Metal Short ) Special Wire of Net VSS & Blockage of Cell MainMemory_data_sram  ( met3 )
Bounds : ( 457.900, 331.920 ) ( 460.900, 332.320 )


SHORT: ( Metal Short ) Special Wire of Net VSS & Blockage of Cell MainMemory_data_sram  ( met3 )
Bounds : ( 457.900, 340.200 ) ( 460.900, 340.600 )


SHORT: ( Metal Short ) Special Wire of Net VSS & Blockage of Cell MainMemory_data_sram  ( met3 )
Bounds : ( 457.900, 348.480 ) ( 460.900, 348.880 )


SHORT: ( Metal Short ) Special Wire of Net VSS & Blockage of Cell MainMemory_data_sram  ( met3 )
Bounds : ( 457.900, 356.760 ) ( 460.900, 357.160 )


SHORT: ( Metal Short ) Special Wire of Net VSS & Blockage of Cell MainMemory_data_sram  ( met3 )
Bounds : ( 457.900, 365.040 ) ( 460.900, 365.440 )


SHORT: ( Metal Short ) Special Wire of Net VSS & Blockage of Cell MainMemory_data_sram  ( met2 )
Bounds : ( 357.900, 373.320 ) ( 360.900, 373.720 )


SHORT: ( Metal Short ) Special Wire of Net VDD & Blockage of Cell MainMemory_data_sram  ( met2 )
Bounds : ( 384.900, 369.180 ) ( 387.900, 369.580 )


SHORT: ( Metal Short ) Special Wire of Net VSS & Blockage of Cell MainMemory_data_sram  ( met2 )
Bounds : ( 407.900, 373.320 ) ( 410.900, 373.720 )


SHORT: ( Metal Short ) Special Wire of Net VSS & Blockage of Cell MainMemory_data_sram  ( met3 )
Bounds : ( 357.900, 373.320 ) ( 360.900, 373.720 )


SHORT: ( Metal Short ) Special Wire of Net VDD & Blockage of Cell MainMemory_data_sram  ( met3 )
Bounds : ( 384.900, 369.180 ) ( 387.900, 369.580 )


SHORT: ( Metal Short ) Special Wire of Net VSS & Blockage of Cell MainMemory_data_sram  ( met3 )
Bounds : ( 407.900, 373.320 ) ( 410.900, 373.720 )


SHORT: ( Metal Short ) Special Wire of Net VSS & Blockage of Cell MainMemory_data_sram  ( met2 )
Bounds : ( 357.900, 381.600 ) ( 360.900, 382.000 )


SHORT: ( Metal Short ) Special Wire of Net VSS & Blockage of Cell MainMemory_data_sram  ( met2 )
Bounds : ( 357.900, 389.880 ) ( 360.900, 390.280 )


SHORT: ( Metal Short ) Special Wire of Net VSS & Blockage of Cell MainMemory_data_sram  ( met2 )
Bounds : ( 357.900, 398.160 ) ( 360.900, 398.560 )


SHORT: ( Metal Short ) Special Wire of Net VDD & Blockage of Cell MainMemory_data_sram  ( met2 )
Bounds : ( 384.900, 377.460 ) ( 387.900, 377.860 )


SHORT: ( Metal Short ) Special Wire of Net VDD & Blockage of Cell MainMemory_data_sram  ( met2 )
Bounds : ( 384.900, 385.740 ) ( 387.900, 386.140 )


SHORT: ( Metal Short ) Special Wire of Net VDD & Blockage of Cell MainMemory_data_sram  ( met2 )
Bounds : ( 384.900, 394.020 ) ( 387.900, 394.420 )


SHORT: ( Metal Short ) Special Wire of Net VDD & Blockage of Cell MainMemory_data_sram  ( met2 )
Bounds : ( 384.900, 402.300 ) ( 387.900, 402.700 )


SHORT: ( Metal Short ) Special Wire of Net VSS & Blockage of Cell MainMemory_data_sram  ( met2 )
Bounds : ( 407.900, 381.600 ) ( 410.900, 382.000 )


SHORT: ( Metal Short ) Special Wire of Net VSS & Blockage of Cell MainMemory_data_sram  ( met2 )
Bounds : ( 407.900, 389.880 ) ( 410.900, 390.280 )


SHORT: ( Metal Short ) Special Wire of Net VSS & Blockage of Cell MainMemory_data_sram  ( met2 )
Bounds : ( 407.900, 398.160 ) ( 410.900, 398.560 )


SHORT: ( Metal Short ) Special Wire of Net VSS & Blockage of Cell MainMemory_data_sram  ( met3 )
Bounds : ( 357.900, 381.600 ) ( 360.900, 382.000 )


SHORT: ( Metal Short ) Special Wire of Net VSS & Blockage of Cell MainMemory_data_sram  ( met3 )
Bounds : ( 357.900, 389.880 ) ( 360.900, 390.280 )


SHORT: ( Metal Short ) Special Wire of Net VSS & Blockage of Cell MainMemory_data_sram  ( met3 )
Bounds : ( 357.900, 398.160 ) ( 360.900, 398.560 )


SHORT: ( Metal Short ) Special Wire of Net VDD & Blockage of Cell MainMemory_data_sram  ( met3 )
Bounds : ( 384.900, 377.460 ) ( 387.900, 377.860 )


SHORT: ( Metal Short ) Special Wire of Net VDD & Blockage of Cell MainMemory_data_sram  ( met3 )
Bounds : ( 384.900, 385.740 ) ( 387.900, 386.140 )


SHORT: ( Metal Short ) Special Wire of Net VDD & Blockage of Cell MainMemory_data_sram  ( met3 )
Bounds : ( 384.900, 394.020 ) ( 387.900, 394.420 )


SHORT: ( Metal Short ) Special Wire of Net VDD & Blockage of Cell MainMemory_data_sram  ( met3 )
Bounds : ( 384.900, 402.300 ) ( 387.900, 402.700 )


SHORT: ( Metal Short ) Special Wire of Net VSS & Blockage of Cell MainMemory_data_sram  ( met3 )
Bounds : ( 407.900, 381.600 ) ( 410.900, 382.000 )


SHORT: ( Metal Short ) Special Wire of Net VSS & Blockage of Cell MainMemory_data_sram  ( met3 )
Bounds : ( 407.900, 389.880 ) ( 410.900, 390.280 )


SHORT: ( Metal Short ) Special Wire of Net VSS & Blockage of Cell MainMemory_data_sram  ( met3 )
Bounds : ( 407.900, 398.160 ) ( 410.900, 398.560 )


SHORT: ( Metal Short ) Special Wire of Net VSS & Blockage of Cell MainMemory_data_sram  ( met2 )
Bounds : ( 407.900, 331.920 ) ( 410.900, 332.320 )


SHORT: ( Metal Short ) Special Wire of Net VSS & Blockage of Cell MainMemory_data_sram  ( met2 )
Bounds : ( 407.900, 340.200 ) ( 410.900, 340.600 )


SHORT: ( Metal Short ) Special Wire of Net VSS & Blockage of Cell MainMemory_data_sram  ( met2 )
Bounds : ( 407.900, 348.480 ) ( 410.900, 348.880 )


SHORT: ( Metal Short ) Special Wire of Net VSS & Blockage of Cell MainMemory_data_sram  ( met2 )
Bounds : ( 407.900, 356.760 ) ( 410.900, 357.160 )


SHORT: ( Metal Short ) Special Wire of Net VSS & Blockage of Cell MainMemory_data_sram  ( met2 )
Bounds : ( 407.900, 365.040 ) ( 410.900, 365.440 )


SHORT: ( Metal Short ) Special Wire of Net VSS & Blockage of Cell MainMemory_data_sram  ( met3 )
Bounds : ( 407.900, 331.920 ) ( 410.900, 332.320 )


SHORT: ( Metal Short ) Special Wire of Net VSS & Blockage of Cell MainMemory_data_sram  ( met3 )
Bounds : ( 407.900, 340.200 ) ( 410.900, 340.600 )


SHORT: ( Metal Short ) Special Wire of Net VSS & Blockage of Cell MainMemory_data_sram  ( met3 )
Bounds : ( 407.900, 348.480 ) ( 410.900, 348.880 )


SHORT: ( Metal Short ) Special Wire of Net VSS & Blockage of Cell MainMemory_data_sram  ( met3 )
Bounds : ( 407.900, 356.760 ) ( 410.900, 357.160 )


SHORT: ( Metal Short ) Special Wire of Net VSS & Blockage of Cell MainMemory_data_sram  ( met3 )
Bounds : ( 407.900, 365.040 ) ( 410.900, 365.440 )


SHORT: ( Metal Short ) Special Wire of Net VSS & Blockage of Cell MainMemory_data_sram  ( met2 )
Bounds : ( 357.900, 331.920 ) ( 360.900, 332.320 )


SHORT: ( Metal Short ) Special Wire of Net VSS & Blockage of Cell MainMemory_data_sram  ( met2 )
Bounds : ( 357.900, 340.200 ) ( 360.900, 340.600 )


SHORT: ( Metal Short ) Special Wire of Net VSS & Blockage of Cell MainMemory_data_sram  ( met2 )
Bounds : ( 357.900, 348.480 ) ( 360.900, 348.880 )


SHORT: ( Metal Short ) Special Wire of Net VSS & Blockage of Cell MainMemory_data_sram  ( met2 )
Bounds : ( 357.900, 356.760 ) ( 360.900, 357.160 )


SHORT: ( Metal Short ) Special Wire of Net VSS & Blockage of Cell MainMemory_data_sram  ( met2 )
Bounds : ( 357.900, 365.040 ) ( 360.900, 365.440 )


SHORT: ( Metal Short ) Special Wire of Net VDD & Blockage of Cell MainMemory_data_sram  ( met2 )
Bounds : ( 384.900, 327.780 ) ( 387.900, 328.180 )


SHORT: ( Metal Short ) Special Wire of Net VDD & Blockage of Cell MainMemory_data_sram  ( met2 )
Bounds : ( 384.900, 336.060 ) ( 387.900, 336.460 )


SHORT: ( Metal Short ) Special Wire of Net VDD & Blockage of Cell MainMemory_data_sram  ( met2 )
Bounds : ( 384.900, 344.340 ) ( 387.900, 344.740 )


SHORT: ( Metal Short ) Special Wire of Net VDD & Blockage of Cell MainMemory_data_sram  ( met2 )
Bounds : ( 384.900, 352.620 ) ( 387.900, 353.020 )


SHORT: ( Metal Short ) Special Wire of Net VDD & Blockage of Cell MainMemory_data_sram  ( met2 )
Bounds : ( 384.900, 360.900 ) ( 387.900, 361.300 )


SHORT: ( Metal Short ) Special Wire of Net VSS & Blockage of Cell MainMemory_data_sram  ( met3 )
Bounds : ( 357.900, 331.920 ) ( 360.900, 332.320 )


SHORT: ( Metal Short ) Special Wire of Net VSS & Blockage of Cell MainMemory_data_sram  ( met3 )
Bounds : ( 357.900, 340.200 ) ( 360.900, 340.600 )


SHORT: ( Metal Short ) Special Wire of Net VSS & Blockage of Cell MainMemory_data_sram  ( met3 )
Bounds : ( 357.900, 348.480 ) ( 360.900, 348.880 )


SHORT: ( Metal Short ) Special Wire of Net VSS & Blockage of Cell MainMemory_data_sram  ( met3 )
Bounds : ( 357.900, 356.760 ) ( 360.900, 357.160 )


SHORT: ( Metal Short ) Special Wire of Net VSS & Blockage of Cell MainMemory_data_sram  ( met3 )
Bounds : ( 357.900, 365.040 ) ( 360.900, 365.440 )


SHORT: ( Metal Short ) Special Wire of Net VDD & Blockage of Cell MainMemory_data_sram  ( met3 )
Bounds : ( 384.900, 327.780 ) ( 387.900, 328.180 )


SHORT: ( Metal Short ) Special Wire of Net VDD & Blockage of Cell MainMemory_data_sram  ( met3 )
Bounds : ( 384.900, 336.060 ) ( 387.900, 336.460 )


SHORT: ( Metal Short ) Special Wire of Net VDD & Blockage of Cell MainMemory_data_sram  ( met3 )
Bounds : ( 384.900, 344.340 ) ( 387.900, 344.740 )


SHORT: ( Metal Short ) Special Wire of Net VDD & Blockage of Cell MainMemory_data_sram  ( met3 )
Bounds : ( 384.900, 352.620 ) ( 387.900, 353.020 )


SHORT: ( Metal Short ) Special Wire of Net VDD & Blockage of Cell MainMemory_data_sram  ( met3 )
Bounds : ( 384.900, 360.900 ) ( 387.900, 361.300 )


SHORT: ( Metal Short ) Special Wire of Net VSS & Blockage of Cell MainMemory_data_sram  ( met2 )
Bounds : ( 357.900, 406.440 ) ( 360.900, 406.840 )


SHORT: ( Metal Short ) Special Wire of Net VSS & Blockage of Cell MainMemory_data_sram  ( met2 )
Bounds : ( 407.900, 406.440 ) ( 410.900, 406.840 )


SHORT: ( Metal Short ) Special Wire of Net VSS & Blockage of Cell MainMemory_data_sram  ( met2 )
Bounds : ( 457.900, 406.440 ) ( 460.900, 406.840 )


SHORT: ( Metal Short ) Special Wire of Net VSS & Blockage of Cell MainMemory_data_sram  ( met2 )
Bounds : ( 507.900, 406.440 ) ( 510.900, 406.840 )


SHORT: ( Metal Short ) Special Wire of Net VSS & Blockage of Cell MainMemory_data_sram  ( met3 )
Bounds : ( 357.900, 406.440 ) ( 360.900, 406.840 )


SHORT: ( Metal Short ) Special Wire of Net VSS & Blockage of Cell MainMemory_data_sram  ( met3 )
Bounds : ( 407.900, 406.440 ) ( 410.900, 406.840 )


SHORT: ( Metal Short ) Special Wire of Net VSS & Blockage of Cell MainMemory_data_sram  ( met3 )
Bounds : ( 457.900, 406.440 ) ( 460.900, 406.840 )


SHORT: ( Metal Short ) Special Wire of Net VSS & Blockage of Cell MainMemory_data_sram  ( met3 )
Bounds : ( 507.900, 406.440 ) ( 510.900, 406.840 )


SHORT: ( Metal Short ) Special Wire of Net VDD & Blockage of Cell MainMemory_data_sram  ( met2 )
Bounds : ( 334.900, 451.980 ) ( 337.900, 452.380 )


SHORT: ( Metal Short ) Special Wire of Net VDD & Blockage of Cell MainMemory_data_sram  ( met2 )
Bounds : ( 334.900, 460.260 ) ( 337.900, 460.660 )


SHORT: ( Metal Short ) Special Wire of Net VDD & Blockage of Cell MainMemory_data_sram  ( met2 )
Bounds : ( 334.900, 468.540 ) ( 337.900, 468.940 )


SHORT: ( Metal Short ) Special Wire of Net VDD & Blockage of Cell MainMemory_data_sram  ( met2 )
Bounds : ( 334.900, 476.820 ) ( 337.900, 477.220 )


SHORT: ( Metal Short ) Special Wire of Net VDD & Blockage of Cell MainMemory_data_sram  ( met2 )
Bounds : ( 334.900, 485.100 ) ( 337.900, 485.500 )


SHORT: ( Metal Short ) Special Wire of Net VDD & Blockage of Cell MainMemory_data_sram  ( met3 )
Bounds : ( 334.900, 451.980 ) ( 337.900, 452.380 )


SHORT: ( Metal Short ) Special Wire of Net VDD & Blockage of Cell MainMemory_data_sram  ( met3 )
Bounds : ( 334.900, 460.260 ) ( 337.900, 460.660 )


SHORT: ( Metal Short ) Special Wire of Net VDD & Blockage of Cell MainMemory_data_sram  ( met3 )
Bounds : ( 334.900, 468.540 ) ( 337.900, 468.940 )


SHORT: ( Metal Short ) Special Wire of Net VDD & Blockage of Cell MainMemory_data_sram  ( met3 )
Bounds : ( 334.900, 476.820 ) ( 337.900, 477.220 )


SHORT: ( Metal Short ) Special Wire of Net VDD & Blockage of Cell MainMemory_data_sram  ( met3 )
Bounds : ( 334.900, 485.100 ) ( 337.900, 485.500 )


SHORT: ( Metal Short ) Special Wire of Net VDD & Blockage of Cell MainMemory_data_sram  ( met2 )
Bounds : ( 284.900, 451.980 ) ( 287.900, 452.380 )


SHORT: ( Metal Short ) Special Wire of Net VDD & Blockage of Cell MainMemory_data_sram  ( met2 )
Bounds : ( 284.900, 460.260 ) ( 287.900, 460.660 )


SHORT: ( Metal Short ) Special Wire of Net VDD & Blockage of Cell MainMemory_data_sram  ( met2 )
Bounds : ( 284.900, 468.540 ) ( 287.900, 468.940 )


SHORT: ( Metal Short ) Special Wire of Net VDD & Blockage of Cell MainMemory_data_sram  ( met2 )
Bounds : ( 284.900, 476.820 ) ( 287.900, 477.220 )


SHORT: ( Metal Short ) Special Wire of Net VDD & Blockage of Cell MainMemory_data_sram  ( met2 )
Bounds : ( 284.900, 485.100 ) ( 287.900, 485.500 )


SHORT: ( Metal Short ) Special Wire of Net VDD & Blockage of Cell MainMemory_data_sram  ( met3 )
Bounds : ( 284.900, 451.980 ) ( 287.900, 452.380 )


SHORT: ( Metal Short ) Special Wire of Net VDD & Blockage of Cell MainMemory_data_sram  ( met3 )
Bounds : ( 284.900, 460.260 ) ( 287.900, 460.660 )


SHORT: ( Metal Short ) Special Wire of Net VDD & Blockage of Cell MainMemory_data_sram  ( met3 )
Bounds : ( 284.900, 468.540 ) ( 287.900, 468.940 )


SHORT: ( Metal Short ) Special Wire of Net VDD & Blockage of Cell MainMemory_data_sram  ( met3 )
Bounds : ( 284.900, 476.820 ) ( 287.900, 477.220 )


SHORT: ( Metal Short ) Special Wire of Net VDD & Blockage of Cell MainMemory_data_sram  ( met3 )
Bounds : ( 284.900, 485.100 ) ( 287.900, 485.500 )


SHORT: ( Metal Short ) Special Wire of Net VSS & Blockage of Cell MainMemory_data_sram  ( met2 )
Bounds : ( 307.900, 447.840 ) ( 310.900, 448.240 )


SHORT: ( Metal Short ) Special Wire of Net VSS & Blockage of Cell MainMemory_data_sram  ( met2 )
Bounds : ( 307.900, 456.120 ) ( 310.900, 456.520 )


SHORT: ( Metal Short ) Special Wire of Net VSS & Blockage of Cell MainMemory_data_sram  ( met2 )
Bounds : ( 307.900, 464.400 ) ( 310.900, 464.800 )


SHORT: ( Metal Short ) Special Wire of Net VSS & Blockage of Cell MainMemory_data_sram  ( met2 )
Bounds : ( 307.900, 472.680 ) ( 310.900, 473.080 )


SHORT: ( Metal Short ) Special Wire of Net VSS & Blockage of Cell MainMemory_data_sram  ( met2 )
Bounds : ( 307.900, 480.960 ) ( 310.900, 481.360 )


SHORT: ( Metal Short ) Special Wire of Net VSS & Blockage of Cell MainMemory_data_sram  ( met3 )
Bounds : ( 307.900, 447.840 ) ( 310.900, 448.240 )


SHORT: ( Metal Short ) Special Wire of Net VSS & Blockage of Cell MainMemory_data_sram  ( met3 )
Bounds : ( 307.900, 456.120 ) ( 310.900, 456.520 )


SHORT: ( Metal Short ) Special Wire of Net VSS & Blockage of Cell MainMemory_data_sram  ( met3 )
Bounds : ( 307.900, 464.400 ) ( 310.900, 464.800 )


SHORT: ( Metal Short ) Special Wire of Net VSS & Blockage of Cell MainMemory_data_sram  ( met3 )
Bounds : ( 307.900, 472.680 ) ( 310.900, 473.080 )


SHORT: ( Metal Short ) Special Wire of Net VSS & Blockage of Cell MainMemory_data_sram  ( met3 )
Bounds : ( 307.900, 480.960 ) ( 310.900, 481.360 )


SHORT: ( Metal Short ) Special Wire of Net VDD & Blockage of Cell MainMemory_data_sram  ( met2 )
Bounds : ( 284.900, 410.580 ) ( 287.900, 410.980 )


SHORT: ( Metal Short ) Special Wire of Net VDD & Blockage of Cell MainMemory_data_sram  ( met2 )
Bounds : ( 284.900, 418.860 ) ( 287.900, 419.260 )


SHORT: ( Metal Short ) Special Wire of Net VDD & Blockage of Cell MainMemory_data_sram  ( met2 )
Bounds : ( 284.900, 427.140 ) ( 287.900, 427.540 )


SHORT: ( Metal Short ) Special Wire of Net VDD & Blockage of Cell MainMemory_data_sram  ( met2 )
Bounds : ( 284.900, 435.420 ) ( 287.900, 435.820 )


SHORT: ( Metal Short ) Special Wire of Net VDD & Blockage of Cell MainMemory_data_sram  ( met2 )
Bounds : ( 284.900, 443.700 ) ( 287.900, 444.100 )


SHORT: ( Metal Short ) Special Wire of Net VSS & Blockage of Cell MainMemory_data_sram  ( met2 )
Bounds : ( 307.900, 414.720 ) ( 310.900, 415.120 )


SHORT: ( Metal Short ) Special Wire of Net VSS & Blockage of Cell MainMemory_data_sram  ( met2 )
Bounds : ( 307.900, 423.000 ) ( 310.900, 423.400 )


SHORT: ( Metal Short ) Special Wire of Net VSS & Blockage of Cell MainMemory_data_sram  ( met2 )
Bounds : ( 307.900, 431.280 ) ( 310.900, 431.680 )


SHORT: ( Metal Short ) Special Wire of Net VSS & Blockage of Cell MainMemory_data_sram  ( met2 )
Bounds : ( 307.900, 439.560 ) ( 310.900, 439.960 )


SHORT: ( Metal Short ) Special Wire of Net VDD & Blockage of Cell MainMemory_data_sram  ( met2 )
Bounds : ( 334.900, 410.580 ) ( 337.900, 410.980 )


SHORT: ( Metal Short ) Special Wire of Net VDD & Blockage of Cell MainMemory_data_sram  ( met2 )
Bounds : ( 334.900, 418.860 ) ( 337.900, 419.260 )


SHORT: ( Metal Short ) Special Wire of Net VDD & Blockage of Cell MainMemory_data_sram  ( met2 )
Bounds : ( 334.900, 427.140 ) ( 337.900, 427.540 )


SHORT: ( Metal Short ) Special Wire of Net VDD & Blockage of Cell MainMemory_data_sram  ( met2 )
Bounds : ( 334.900, 435.420 ) ( 337.900, 435.820 )


SHORT: ( Metal Short ) Special Wire of Net VDD & Blockage of Cell MainMemory_data_sram  ( met2 )
Bounds : ( 334.900, 443.700 ) ( 337.900, 444.100 )


SHORT: ( Metal Short ) Special Wire of Net VDD & Blockage of Cell MainMemory_data_sram  ( met3 )
Bounds : ( 284.900, 410.580 ) ( 287.900, 410.980 )


SHORT: ( Metal Short ) Special Wire of Net VDD & Blockage of Cell MainMemory_data_sram  ( met3 )
Bounds : ( 284.900, 418.860 ) ( 287.900, 419.260 )


SHORT: ( Metal Short ) Special Wire of Net VDD & Blockage of Cell MainMemory_data_sram  ( met3 )
Bounds : ( 284.900, 427.140 ) ( 287.900, 427.540 )


SHORT: ( Metal Short ) Special Wire of Net VDD & Blockage of Cell MainMemory_data_sram  ( met3 )
Bounds : ( 284.900, 435.420 ) ( 287.900, 435.820 )


SHORT: ( Metal Short ) Special Wire of Net VDD & Blockage of Cell MainMemory_data_sram  ( met3 )
Bounds : ( 284.900, 443.700 ) ( 287.900, 444.100 )


SHORT: ( Metal Short ) Special Wire of Net VSS & Blockage of Cell MainMemory_data_sram  ( met3 )
Bounds : ( 307.900, 414.720 ) ( 310.900, 415.120 )


SHORT: ( Metal Short ) Special Wire of Net VSS & Blockage of Cell MainMemory_data_sram  ( met3 )
Bounds : ( 307.900, 423.000 ) ( 310.900, 423.400 )


SHORT: ( Metal Short ) Special Wire of Net VSS & Blockage of Cell MainMemory_data_sram  ( met3 )
Bounds : ( 307.900, 431.280 ) ( 310.900, 431.680 )


SHORT: ( Metal Short ) Special Wire of Net VSS & Blockage of Cell MainMemory_data_sram  ( met3 )
Bounds : ( 307.900, 439.560 ) ( 310.900, 439.960 )


SHORT: ( Metal Short ) Special Wire of Net VDD & Blockage of Cell MainMemory_data_sram  ( met3 )
Bounds : ( 334.900, 410.580 ) ( 337.900, 410.980 )


SHORT: ( Metal Short ) Special Wire of Net VDD & Blockage of Cell MainMemory_data_sram  ( met3 )
Bounds : ( 334.900, 418.860 ) ( 337.900, 419.260 )


SHORT: ( Metal Short ) Special Wire of Net VDD & Blockage of Cell MainMemory_data_sram  ( met3 )
Bounds : ( 334.900, 427.140 ) ( 337.900, 427.540 )


SHORT: ( Metal Short ) Special Wire of Net VDD & Blockage of Cell MainMemory_data_sram  ( met3 )
Bounds : ( 334.900, 435.420 ) ( 337.900, 435.820 )


SHORT: ( Metal Short ) Special Wire of Net VDD & Blockage of Cell MainMemory_data_sram  ( met3 )
Bounds : ( 334.900, 443.700 ) ( 337.900, 444.100 )


SHORT: ( Metal Short ) Special Wire of Net VDD & Blockage of Cell MainMemory_data_sram  ( met2 )
Bounds : ( 234.900, 451.980 ) ( 237.900, 452.380 )


SHORT: ( Metal Short ) Special Wire of Net VDD & Blockage of Cell MainMemory_data_sram  ( met2 )
Bounds : ( 234.900, 460.260 ) ( 237.900, 460.660 )


SHORT: ( Metal Short ) Special Wire of Net VDD & Blockage of Cell MainMemory_data_sram  ( met2 )
Bounds : ( 234.900, 468.540 ) ( 237.900, 468.940 )


SHORT: ( Metal Short ) Special Wire of Net VDD & Blockage of Cell MainMemory_data_sram  ( met2 )
Bounds : ( 234.900, 476.820 ) ( 237.900, 477.220 )


SHORT: ( Metal Short ) Special Wire of Net VDD & Blockage of Cell MainMemory_data_sram  ( met2 )
Bounds : ( 234.900, 485.100 ) ( 237.900, 485.500 )


SHORT: ( Metal Short ) Special Wire of Net VSS & Blockage of Cell MainMemory_data_sram  ( met2 )
Bounds : ( 257.900, 447.840 ) ( 260.900, 448.240 )


SHORT: ( Metal Short ) Special Wire of Net VSS & Blockage of Cell MainMemory_data_sram  ( met2 )
Bounds : ( 257.900, 456.120 ) ( 260.900, 456.520 )


SHORT: ( Metal Short ) Special Wire of Net VSS & Blockage of Cell MainMemory_data_sram  ( met2 )
Bounds : ( 257.900, 464.400 ) ( 260.900, 464.800 )


SHORT: ( Metal Short ) Special Wire of Net VSS & Blockage of Cell MainMemory_data_sram  ( met2 )
Bounds : ( 257.900, 472.680 ) ( 260.900, 473.080 )


SHORT: ( Metal Short ) Special Wire of Net VSS & Blockage of Cell MainMemory_data_sram  ( met2 )
Bounds : ( 257.900, 480.960 ) ( 260.900, 481.360 )


SHORT: ( Metal Short ) Special Wire of Net VDD & Blockage of Cell MainMemory_data_sram  ( met3 )
Bounds : ( 234.900, 451.980 ) ( 237.900, 452.380 )


SHORT: ( Metal Short ) Special Wire of Net VDD & Blockage of Cell MainMemory_data_sram  ( met3 )
Bounds : ( 234.900, 460.260 ) ( 237.900, 460.660 )


SHORT: ( Metal Short ) Special Wire of Net VDD & Blockage of Cell MainMemory_data_sram  ( met3 )
Bounds : ( 234.900, 468.540 ) ( 237.900, 468.940 )


SHORT: ( Metal Short ) Special Wire of Net VDD & Blockage of Cell MainMemory_data_sram  ( met3 )
Bounds : ( 234.900, 476.820 ) ( 237.900, 477.220 )


SHORT: ( Metal Short ) Special Wire of Net VDD & Blockage of Cell MainMemory_data_sram  ( met3 )
Bounds : ( 234.900, 485.100 ) ( 237.900, 485.500 )


SHORT: ( Metal Short ) Special Wire of Net VSS & Blockage of Cell MainMemory_data_sram  ( met3 )
Bounds : ( 257.900, 447.840 ) ( 260.900, 448.240 )


SHORT: ( Metal Short ) Special Wire of Net VSS & Blockage of Cell MainMemory_data_sram  ( met3 )
Bounds : ( 257.900, 456.120 ) ( 260.900, 456.520 )


SHORT: ( Metal Short ) Special Wire of Net VSS & Blockage of Cell MainMemory_data_sram  ( met3 )
Bounds : ( 257.900, 464.400 ) ( 260.900, 464.800 )


SHORT: ( Metal Short ) Special Wire of Net VSS & Blockage of Cell MainMemory_data_sram  ( met3 )
Bounds : ( 257.900, 472.680 ) ( 260.900, 473.080 )


SHORT: ( Metal Short ) Special Wire of Net VSS & Blockage of Cell MainMemory_data_sram  ( met3 )
Bounds : ( 257.900, 480.960 ) ( 260.900, 481.360 )


SHORT: ( Metal Short ) Special Wire of Net VSS & Blockage of Cell MainMemory_data_sram  ( met2 )
Bounds : ( 207.900, 447.840 ) ( 210.900, 448.240 )


SHORT: ( Metal Short ) Special Wire of Net VSS & Blockage of Cell MainMemory_data_sram  ( met2 )
Bounds : ( 207.900, 456.120 ) ( 210.900, 456.520 )


SHORT: ( Metal Short ) Special Wire of Net VSS & Blockage of Cell MainMemory_data_sram  ( met2 )
Bounds : ( 207.900, 464.400 ) ( 210.900, 464.800 )


SHORT: ( Metal Short ) Special Wire of Net VSS & Blockage of Cell MainMemory_data_sram  ( met2 )
Bounds : ( 207.900, 472.680 ) ( 210.900, 473.080 )


SHORT: ( Metal Short ) Special Wire of Net VSS & Blockage of Cell MainMemory_data_sram  ( met2 )
Bounds : ( 207.900, 480.960 ) ( 210.900, 481.360 )


SHORT: ( Metal Short ) Special Wire of Net VSS & Blockage of Cell MainMemory_data_sram  ( met3 )
Bounds : ( 207.900, 447.840 ) ( 210.900, 448.240 )


SHORT: ( Metal Short ) Special Wire of Net VSS & Blockage of Cell MainMemory_data_sram  ( met3 )
Bounds : ( 207.900, 456.120 ) ( 210.900, 456.520 )


SHORT: ( Metal Short ) Special Wire of Net VSS & Blockage of Cell MainMemory_data_sram  ( met3 )
Bounds : ( 207.900, 464.400 ) ( 210.900, 464.800 )


SHORT: ( Metal Short ) Special Wire of Net VSS & Blockage of Cell MainMemory_data_sram  ( met3 )
Bounds : ( 207.900, 472.680 ) ( 210.900, 473.080 )


SHORT: ( Metal Short ) Special Wire of Net VSS & Blockage of Cell MainMemory_data_sram  ( met3 )
Bounds : ( 207.900, 480.960 ) ( 210.900, 481.360 )


SHORT: ( Metal Short ) Special Wire of Net VSS & Blockage of Cell MainMemory_data_sram  ( met2 )
Bounds : ( 207.900, 414.720 ) ( 210.900, 415.120 )


SHORT: ( Metal Short ) Special Wire of Net VSS & Blockage of Cell MainMemory_data_sram  ( met2 )
Bounds : ( 207.900, 423.000 ) ( 210.900, 423.400 )


SHORT: ( Metal Short ) Special Wire of Net VSS & Blockage of Cell MainMemory_data_sram  ( met2 )
Bounds : ( 207.900, 431.280 ) ( 210.900, 431.680 )


SHORT: ( Metal Short ) Special Wire of Net VSS & Blockage of Cell MainMemory_data_sram  ( met2 )
Bounds : ( 207.900, 439.560 ) ( 210.900, 439.960 )


SHORT: ( Metal Short ) Special Wire of Net VDD & Blockage of Cell MainMemory_data_sram  ( met2 )
Bounds : ( 234.900, 410.580 ) ( 237.900, 410.980 )


SHORT: ( Metal Short ) Special Wire of Net VDD & Blockage of Cell MainMemory_data_sram  ( met2 )
Bounds : ( 234.900, 418.860 ) ( 237.900, 419.260 )


SHORT: ( Metal Short ) Special Wire of Net VDD & Blockage of Cell MainMemory_data_sram  ( met2 )
Bounds : ( 234.900, 427.140 ) ( 237.900, 427.540 )


SHORT: ( Metal Short ) Special Wire of Net VDD & Blockage of Cell MainMemory_data_sram  ( met2 )
Bounds : ( 234.900, 435.420 ) ( 237.900, 435.820 )


SHORT: ( Metal Short ) Special Wire of Net VDD & Blockage of Cell MainMemory_data_sram  ( met2 )
Bounds : ( 234.900, 443.700 ) ( 237.900, 444.100 )


SHORT: ( Metal Short ) Special Wire of Net VSS & Blockage of Cell MainMemory_data_sram  ( met2 )
Bounds : ( 257.900, 414.720 ) ( 260.900, 415.120 )


SHORT: ( Metal Short ) Special Wire of Net VSS & Blockage of Cell MainMemory_data_sram  ( met2 )
Bounds : ( 257.900, 423.000 ) ( 260.900, 423.400 )


SHORT: ( Metal Short ) Special Wire of Net VSS & Blockage of Cell MainMemory_data_sram  ( met2 )
Bounds : ( 257.900, 431.280 ) ( 260.900, 431.680 )


SHORT: ( Metal Short ) Special Wire of Net VSS & Blockage of Cell MainMemory_data_sram  ( met2 )
Bounds : ( 257.900, 439.560 ) ( 260.900, 439.960 )


SHORT: ( Metal Short ) Special Wire of Net VSS & Blockage of Cell MainMemory_data_sram  ( met3 )
Bounds : ( 207.900, 414.720 ) ( 210.900, 415.120 )


SHORT: ( Metal Short ) Special Wire of Net VSS & Blockage of Cell MainMemory_data_sram  ( met3 )
Bounds : ( 207.900, 423.000 ) ( 210.900, 423.400 )


SHORT: ( Metal Short ) Special Wire of Net VSS & Blockage of Cell MainMemory_data_sram  ( met3 )
Bounds : ( 207.900, 431.280 ) ( 210.900, 431.680 )


SHORT: ( Metal Short ) Special Wire of Net VSS & Blockage of Cell MainMemory_data_sram  ( met3 )
Bounds : ( 207.900, 439.560 ) ( 210.900, 439.960 )


SHORT: ( Metal Short ) Special Wire of Net VDD & Blockage of Cell MainMemory_data_sram  ( met3 )
Bounds : ( 234.900, 410.580 ) ( 237.900, 410.980 )


SHORT: ( Metal Short ) Special Wire of Net VDD & Blockage of Cell MainMemory_data_sram  ( met3 )
Bounds : ( 234.900, 418.860 ) ( 237.900, 419.260 )


SHORT: ( Metal Short ) Special Wire of Net VDD & Blockage of Cell MainMemory_data_sram  ( met3 )
Bounds : ( 234.900, 427.140 ) ( 237.900, 427.540 )


SHORT: ( Metal Short ) Special Wire of Net VDD & Blockage of Cell MainMemory_data_sram  ( met3 )
Bounds : ( 234.900, 435.420 ) ( 237.900, 435.820 )


SHORT: ( Metal Short ) Special Wire of Net VDD & Blockage of Cell MainMemory_data_sram  ( met3 )
Bounds : ( 234.900, 443.700 ) ( 237.900, 444.100 )


SHORT: ( Metal Short ) Special Wire of Net VSS & Blockage of Cell MainMemory_data_sram  ( met3 )
Bounds : ( 257.900, 414.720 ) ( 260.900, 415.120 )


SHORT: ( Metal Short ) Special Wire of Net VSS & Blockage of Cell MainMemory_data_sram  ( met3 )
Bounds : ( 257.900, 423.000 ) ( 260.900, 423.400 )


SHORT: ( Metal Short ) Special Wire of Net VSS & Blockage of Cell MainMemory_data_sram  ( met3 )
Bounds : ( 257.900, 431.280 ) ( 260.900, 431.680 )


SHORT: ( Metal Short ) Special Wire of Net VSS & Blockage of Cell MainMemory_data_sram  ( met3 )
Bounds : ( 257.900, 439.560 ) ( 260.900, 439.960 )


SHORT: ( Metal Short ) Special Wire of Net VDD & Blockage of Cell MainMemory_data_sram  ( met2 )
Bounds : ( 284.900, 369.180 ) ( 287.900, 369.580 )


SHORT: ( Metal Short ) Special Wire of Net VSS & Blockage of Cell MainMemory_data_sram  ( met2 )
Bounds : ( 307.900, 373.320 ) ( 310.900, 373.720 )


SHORT: ( Metal Short ) Special Wire of Net VDD & Blockage of Cell MainMemory_data_sram  ( met2 )
Bounds : ( 334.900, 369.180 ) ( 337.900, 369.580 )


SHORT: ( Metal Short ) Special Wire of Net VDD & Blockage of Cell MainMemory_data_sram  ( met3 )
Bounds : ( 284.900, 369.180 ) ( 287.900, 369.580 )


SHORT: ( Metal Short ) Special Wire of Net VSS & Blockage of Cell MainMemory_data_sram  ( met3 )
Bounds : ( 307.900, 373.320 ) ( 310.900, 373.720 )


SHORT: ( Metal Short ) Special Wire of Net VDD & Blockage of Cell MainMemory_data_sram  ( met3 )
Bounds : ( 334.900, 369.180 ) ( 337.900, 369.580 )


SHORT: ( Metal Short ) Special Wire of Net VDD & Blockage of Cell MainMemory_data_sram  ( met2 )
Bounds : ( 284.900, 377.460 ) ( 287.900, 377.860 )


SHORT: ( Metal Short ) Special Wire of Net VDD & Blockage of Cell MainMemory_data_sram  ( met2 )
Bounds : ( 284.900, 385.740 ) ( 287.900, 386.140 )


SHORT: ( Metal Short ) Special Wire of Net VDD & Blockage of Cell MainMemory_data_sram  ( met2 )
Bounds : ( 284.900, 394.020 ) ( 287.900, 394.420 )


SHORT: ( Metal Short ) Special Wire of Net VDD & Blockage of Cell MainMemory_data_sram  ( met2 )
Bounds : ( 284.900, 402.300 ) ( 287.900, 402.700 )


SHORT: ( Metal Short ) Special Wire of Net VSS & Blockage of Cell MainMemory_data_sram  ( met2 )
Bounds : ( 307.900, 381.600 ) ( 310.900, 382.000 )


SHORT: ( Metal Short ) Special Wire of Net VSS & Blockage of Cell MainMemory_data_sram  ( met2 )
Bounds : ( 307.900, 389.880 ) ( 310.900, 390.280 )


SHORT: ( Metal Short ) Special Wire of Net VSS & Blockage of Cell MainMemory_data_sram  ( met2 )
Bounds : ( 307.900, 398.160 ) ( 310.900, 398.560 )


SHORT: ( Metal Short ) Special Wire of Net VDD & Blockage of Cell MainMemory_data_sram  ( met2 )
Bounds : ( 334.900, 377.460 ) ( 337.900, 377.860 )


SHORT: ( Metal Short ) Special Wire of Net VDD & Blockage of Cell MainMemory_data_sram  ( met2 )
Bounds : ( 334.900, 385.740 ) ( 337.900, 386.140 )


SHORT: ( Metal Short ) Special Wire of Net VDD & Blockage of Cell MainMemory_data_sram  ( met2 )
Bounds : ( 334.900, 394.020 ) ( 337.900, 394.420 )


SHORT: ( Metal Short ) Special Wire of Net VDD & Blockage of Cell MainMemory_data_sram  ( met2 )
Bounds : ( 334.900, 402.300 ) ( 337.900, 402.700 )


SHORT: ( Metal Short ) Special Wire of Net VDD & Blockage of Cell MainMemory_data_sram  ( met3 )
Bounds : ( 284.900, 377.460 ) ( 287.900, 377.860 )


SHORT: ( Metal Short ) Special Wire of Net VDD & Blockage of Cell MainMemory_data_sram  ( met3 )
Bounds : ( 284.900, 385.740 ) ( 287.900, 386.140 )


SHORT: ( Metal Short ) Special Wire of Net VDD & Blockage of Cell MainMemory_data_sram  ( met3 )
Bounds : ( 284.900, 394.020 ) ( 287.900, 394.420 )


SHORT: ( Metal Short ) Special Wire of Net VDD & Blockage of Cell MainMemory_data_sram  ( met3 )
Bounds : ( 284.900, 402.300 ) ( 287.900, 402.700 )


SHORT: ( Metal Short ) Special Wire of Net VSS & Blockage of Cell MainMemory_data_sram  ( met3 )
Bounds : ( 307.900, 381.600 ) ( 310.900, 382.000 )


SHORT: ( Metal Short ) Special Wire of Net VSS & Blockage of Cell MainMemory_data_sram  ( met3 )
Bounds : ( 307.900, 389.880 ) ( 310.900, 390.280 )


SHORT: ( Metal Short ) Special Wire of Net VSS & Blockage of Cell MainMemory_data_sram  ( met3 )
Bounds : ( 307.900, 398.160 ) ( 310.900, 398.560 )


SHORT: ( Metal Short ) Special Wire of Net VDD & Blockage of Cell MainMemory_data_sram  ( met3 )
Bounds : ( 334.900, 377.460 ) ( 337.900, 377.860 )


SHORT: ( Metal Short ) Special Wire of Net VDD & Blockage of Cell MainMemory_data_sram  ( met3 )
Bounds : ( 334.900, 385.740 ) ( 337.900, 386.140 )


SHORT: ( Metal Short ) Special Wire of Net VDD & Blockage of Cell MainMemory_data_sram  ( met3 )
Bounds : ( 334.900, 394.020 ) ( 337.900, 394.420 )


SHORT: ( Metal Short ) Special Wire of Net VDD & Blockage of Cell MainMemory_data_sram  ( met3 )
Bounds : ( 334.900, 402.300 ) ( 337.900, 402.700 )


SHORT: ( Metal Short ) Special Wire of Net VDD & Blockage of Cell MainMemory_data_sram  ( met2 )
Bounds : ( 334.900, 327.780 ) ( 337.900, 328.180 )


SHORT: ( Metal Short ) Special Wire of Net VDD & Blockage of Cell MainMemory_data_sram  ( met2 )
Bounds : ( 334.900, 336.060 ) ( 337.900, 336.460 )


SHORT: ( Metal Short ) Special Wire of Net VDD & Blockage of Cell MainMemory_data_sram  ( met2 )
Bounds : ( 334.900, 344.340 ) ( 337.900, 344.740 )


SHORT: ( Metal Short ) Special Wire of Net VDD & Blockage of Cell MainMemory_data_sram  ( met2 )
Bounds : ( 334.900, 352.620 ) ( 337.900, 353.020 )


SHORT: ( Metal Short ) Special Wire of Net VDD & Blockage of Cell MainMemory_data_sram  ( met2 )
Bounds : ( 334.900, 360.900 ) ( 337.900, 361.300 )


SHORT: ( Metal Short ) Special Wire of Net VDD & Blockage of Cell MainMemory_data_sram  ( met3 )
Bounds : ( 334.900, 327.780 ) ( 337.900, 328.180 )


SHORT: ( Metal Short ) Special Wire of Net VDD & Blockage of Cell MainMemory_data_sram  ( met3 )
Bounds : ( 334.900, 336.060 ) ( 337.900, 336.460 )


SHORT: ( Metal Short ) Special Wire of Net VDD & Blockage of Cell MainMemory_data_sram  ( met3 )
Bounds : ( 334.900, 344.340 ) ( 337.900, 344.740 )


SHORT: ( Metal Short ) Special Wire of Net VDD & Blockage of Cell MainMemory_data_sram  ( met3 )
Bounds : ( 334.900, 352.620 ) ( 337.900, 353.020 )


SHORT: ( Metal Short ) Special Wire of Net VDD & Blockage of Cell MainMemory_data_sram  ( met3 )
Bounds : ( 334.900, 360.900 ) ( 337.900, 361.300 )


SHORT: ( Metal Short ) Special Wire of Net VDD & Blockage of Cell MainMemory_data_sram  ( met2 )
Bounds : ( 284.900, 327.780 ) ( 287.900, 328.180 )


SHORT: ( Metal Short ) Special Wire of Net VDD & Blockage of Cell MainMemory_data_sram  ( met2 )
Bounds : ( 284.900, 336.060 ) ( 287.900, 336.460 )


SHORT: ( Metal Short ) Special Wire of Net VDD & Blockage of Cell MainMemory_data_sram  ( met2 )
Bounds : ( 284.900, 344.340 ) ( 287.900, 344.740 )


SHORT: ( Metal Short ) Special Wire of Net VDD & Blockage of Cell MainMemory_data_sram  ( met2 )
Bounds : ( 284.900, 352.620 ) ( 287.900, 353.020 )


SHORT: ( Metal Short ) Special Wire of Net VDD & Blockage of Cell MainMemory_data_sram  ( met2 )
Bounds : ( 284.900, 360.900 ) ( 287.900, 361.300 )


SHORT: ( Metal Short ) Special Wire of Net VDD & Blockage of Cell MainMemory_data_sram  ( met3 )
Bounds : ( 284.900, 327.780 ) ( 287.900, 328.180 )


SHORT: ( Metal Short ) Special Wire of Net VDD & Blockage of Cell MainMemory_data_sram  ( met3 )
Bounds : ( 284.900, 336.060 ) ( 287.900, 336.460 )


SHORT: ( Metal Short ) Special Wire of Net VDD & Blockage of Cell MainMemory_data_sram  ( met3 )
Bounds : ( 284.900, 344.340 ) ( 287.900, 344.740 )


SHORT: ( Metal Short ) Special Wire of Net VDD & Blockage of Cell MainMemory_data_sram  ( met3 )
Bounds : ( 284.900, 352.620 ) ( 287.900, 353.020 )


SHORT: ( Metal Short ) Special Wire of Net VDD & Blockage of Cell MainMemory_data_sram  ( met3 )
Bounds : ( 284.900, 360.900 ) ( 287.900, 361.300 )


SHORT: ( Metal Short ) Special Wire of Net VSS & Blockage of Cell MainMemory_data_sram  ( met2 )
Bounds : ( 307.900, 331.920 ) ( 310.900, 332.320 )


SHORT: ( Metal Short ) Special Wire of Net VSS & Blockage of Cell MainMemory_data_sram  ( met2 )
Bounds : ( 307.900, 340.200 ) ( 310.900, 340.600 )


SHORT: ( Metal Short ) Special Wire of Net VSS & Blockage of Cell MainMemory_data_sram  ( met2 )
Bounds : ( 307.900, 348.480 ) ( 310.900, 348.880 )


SHORT: ( Metal Short ) Special Wire of Net VSS & Blockage of Cell MainMemory_data_sram  ( met2 )
Bounds : ( 307.900, 356.760 ) ( 310.900, 357.160 )


SHORT: ( Metal Short ) Special Wire of Net VSS & Blockage of Cell MainMemory_data_sram  ( met2 )
Bounds : ( 307.900, 365.040 ) ( 310.900, 365.440 )


SHORT: ( Metal Short ) Special Wire of Net VSS & Blockage of Cell MainMemory_data_sram  ( met3 )
Bounds : ( 307.900, 331.920 ) ( 310.900, 332.320 )


SHORT: ( Metal Short ) Special Wire of Net VSS & Blockage of Cell MainMemory_data_sram  ( met3 )
Bounds : ( 307.900, 340.200 ) ( 310.900, 340.600 )


SHORT: ( Metal Short ) Special Wire of Net VSS & Blockage of Cell MainMemory_data_sram  ( met3 )
Bounds : ( 307.900, 348.480 ) ( 310.900, 348.880 )


SHORT: ( Metal Short ) Special Wire of Net VSS & Blockage of Cell MainMemory_data_sram  ( met3 )
Bounds : ( 307.900, 356.760 ) ( 310.900, 357.160 )


SHORT: ( Metal Short ) Special Wire of Net VSS & Blockage of Cell MainMemory_data_sram  ( met3 )
Bounds : ( 307.900, 365.040 ) ( 310.900, 365.440 )


SHORT: ( Metal Short ) Special Wire of Net VSS & Blockage of Cell MainMemory_data_sram  ( met2 )
Bounds : ( 207.900, 373.320 ) ( 210.900, 373.720 )


SHORT: ( Metal Short ) Special Wire of Net VDD & Blockage of Cell MainMemory_data_sram  ( met2 )
Bounds : ( 234.900, 369.180 ) ( 237.900, 369.580 )


SHORT: ( Metal Short ) Special Wire of Net VSS & Blockage of Cell MainMemory_data_sram  ( met2 )
Bounds : ( 257.900, 373.320 ) ( 260.900, 373.720 )


SHORT: ( Metal Short ) Special Wire of Net VSS & Blockage of Cell MainMemory_data_sram  ( met3 )
Bounds : ( 207.900, 373.320 ) ( 210.900, 373.720 )


SHORT: ( Metal Short ) Special Wire of Net VDD & Blockage of Cell MainMemory_data_sram  ( met3 )
Bounds : ( 234.900, 369.180 ) ( 237.900, 369.580 )


SHORT: ( Metal Short ) Special Wire of Net VSS & Blockage of Cell MainMemory_data_sram  ( met3 )
Bounds : ( 257.900, 373.320 ) ( 260.900, 373.720 )


SHORT: ( Metal Short ) Special Wire of Net VSS & Blockage of Cell MainMemory_data_sram  ( met2 )
Bounds : ( 207.900, 381.600 ) ( 210.900, 382.000 )


SHORT: ( Metal Short ) Special Wire of Net VSS & Blockage of Cell MainMemory_data_sram  ( met2 )
Bounds : ( 207.900, 389.880 ) ( 210.900, 390.280 )


SHORT: ( Metal Short ) Special Wire of Net VSS & Blockage of Cell MainMemory_data_sram  ( met2 )
Bounds : ( 207.900, 398.160 ) ( 210.900, 398.560 )


SHORT: ( Metal Short ) Special Wire of Net VDD & Blockage of Cell MainMemory_data_sram  ( met2 )
Bounds : ( 234.900, 377.460 ) ( 237.900, 377.860 )


SHORT: ( Metal Short ) Special Wire of Net VDD & Blockage of Cell MainMemory_data_sram  ( met2 )
Bounds : ( 234.900, 385.740 ) ( 237.900, 386.140 )


SHORT: ( Metal Short ) Special Wire of Net VDD & Blockage of Cell MainMemory_data_sram  ( met2 )
Bounds : ( 234.900, 394.020 ) ( 237.900, 394.420 )


SHORT: ( Metal Short ) Special Wire of Net VDD & Blockage of Cell MainMemory_data_sram  ( met2 )
Bounds : ( 234.900, 402.300 ) ( 237.900, 402.700 )


SHORT: ( Metal Short ) Special Wire of Net VSS & Blockage of Cell MainMemory_data_sram  ( met2 )
Bounds : ( 257.900, 381.600 ) ( 260.900, 382.000 )


SHORT: ( Metal Short ) Special Wire of Net VSS & Blockage of Cell MainMemory_data_sram  ( met2 )
Bounds : ( 257.900, 389.880 ) ( 260.900, 390.280 )


SHORT: ( Metal Short ) Special Wire of Net VSS & Blockage of Cell MainMemory_data_sram  ( met2 )
Bounds : ( 257.900, 398.160 ) ( 260.900, 398.560 )


SHORT: ( Metal Short ) Special Wire of Net VSS & Blockage of Cell MainMemory_data_sram  ( met3 )
Bounds : ( 207.900, 381.600 ) ( 210.900, 382.000 )


SHORT: ( Metal Short ) Special Wire of Net VSS & Blockage of Cell MainMemory_data_sram  ( met3 )
Bounds : ( 207.900, 389.880 ) ( 210.900, 390.280 )


SHORT: ( Metal Short ) Special Wire of Net VSS & Blockage of Cell MainMemory_data_sram  ( met3 )
Bounds : ( 207.900, 398.160 ) ( 210.900, 398.560 )


SHORT: ( Metal Short ) Special Wire of Net VDD & Blockage of Cell MainMemory_data_sram  ( met3 )
Bounds : ( 234.900, 377.460 ) ( 237.900, 377.860 )


SHORT: ( Metal Short ) Special Wire of Net VDD & Blockage of Cell MainMemory_data_sram  ( met3 )
Bounds : ( 234.900, 385.740 ) ( 237.900, 386.140 )


SHORT: ( Metal Short ) Special Wire of Net VDD & Blockage of Cell MainMemory_data_sram  ( met3 )
Bounds : ( 234.900, 394.020 ) ( 237.900, 394.420 )


SHORT: ( Metal Short ) Special Wire of Net VDD & Blockage of Cell MainMemory_data_sram  ( met3 )
Bounds : ( 234.900, 402.300 ) ( 237.900, 402.700 )


SHORT: ( Metal Short ) Special Wire of Net VSS & Blockage of Cell MainMemory_data_sram  ( met3 )
Bounds : ( 257.900, 381.600 ) ( 260.900, 382.000 )


SHORT: ( Metal Short ) Special Wire of Net VSS & Blockage of Cell MainMemory_data_sram  ( met3 )
Bounds : ( 257.900, 389.880 ) ( 260.900, 390.280 )


SHORT: ( Metal Short ) Special Wire of Net VSS & Blockage of Cell MainMemory_data_sram  ( met3 )
Bounds : ( 257.900, 398.160 ) ( 260.900, 398.560 )


SHORT: ( Metal Short ) Special Wire of Net VDD & Blockage of Cell MainMemory_data_sram  ( met2 )
Bounds : ( 234.900, 327.780 ) ( 237.900, 328.180 )


SHORT: ( Metal Short ) Special Wire of Net VDD & Blockage of Cell MainMemory_data_sram  ( met2 )
Bounds : ( 234.900, 336.060 ) ( 237.900, 336.460 )


SHORT: ( Metal Short ) Special Wire of Net VDD & Blockage of Cell MainMemory_data_sram  ( met2 )
Bounds : ( 234.900, 344.340 ) ( 237.900, 344.740 )


SHORT: ( Metal Short ) Special Wire of Net VDD & Blockage of Cell MainMemory_data_sram  ( met2 )
Bounds : ( 234.900, 352.620 ) ( 237.900, 353.020 )


SHORT: ( Metal Short ) Special Wire of Net VDD & Blockage of Cell MainMemory_data_sram  ( met2 )
Bounds : ( 234.900, 360.900 ) ( 237.900, 361.300 )


SHORT: ( Metal Short ) Special Wire of Net VSS & Blockage of Cell MainMemory_data_sram  ( met2 )
Bounds : ( 257.900, 331.920 ) ( 260.900, 332.320 )


SHORT: ( Metal Short ) Special Wire of Net VSS & Blockage of Cell MainMemory_data_sram  ( met2 )
Bounds : ( 257.900, 340.200 ) ( 260.900, 340.600 )


SHORT: ( Metal Short ) Special Wire of Net VSS & Blockage of Cell MainMemory_data_sram  ( met2 )
Bounds : ( 257.900, 348.480 ) ( 260.900, 348.880 )


SHORT: ( Metal Short ) Special Wire of Net VSS & Blockage of Cell MainMemory_data_sram  ( met2 )
Bounds : ( 257.900, 356.760 ) ( 260.900, 357.160 )


SHORT: ( Metal Short ) Special Wire of Net VSS & Blockage of Cell MainMemory_data_sram  ( met2 )
Bounds : ( 257.900, 365.040 ) ( 260.900, 365.440 )


SHORT: ( Metal Short ) Special Wire of Net VDD & Blockage of Cell MainMemory_data_sram  ( met3 )
Bounds : ( 234.900, 327.780 ) ( 237.900, 328.180 )


SHORT: ( Metal Short ) Special Wire of Net VDD & Blockage of Cell MainMemory_data_sram  ( met3 )
Bounds : ( 234.900, 336.060 ) ( 237.900, 336.460 )


SHORT: ( Metal Short ) Special Wire of Net VDD & Blockage of Cell MainMemory_data_sram  ( met3 )
Bounds : ( 234.900, 344.340 ) ( 237.900, 344.740 )


SHORT: ( Metal Short ) Special Wire of Net VDD & Blockage of Cell MainMemory_data_sram  ( met3 )
Bounds : ( 234.900, 352.620 ) ( 237.900, 353.020 )


SHORT: ( Metal Short ) Special Wire of Net VDD & Blockage of Cell MainMemory_data_sram  ( met3 )
Bounds : ( 234.900, 360.900 ) ( 237.900, 361.300 )


SHORT: ( Metal Short ) Special Wire of Net VSS & Blockage of Cell MainMemory_data_sram  ( met3 )
Bounds : ( 257.900, 331.920 ) ( 260.900, 332.320 )


SHORT: ( Metal Short ) Special Wire of Net VSS & Blockage of Cell MainMemory_data_sram  ( met3 )
Bounds : ( 257.900, 340.200 ) ( 260.900, 340.600 )


SHORT: ( Metal Short ) Special Wire of Net VSS & Blockage of Cell MainMemory_data_sram  ( met3 )
Bounds : ( 257.900, 348.480 ) ( 260.900, 348.880 )


SHORT: ( Metal Short ) Special Wire of Net VSS & Blockage of Cell MainMemory_data_sram  ( met3 )
Bounds : ( 257.900, 356.760 ) ( 260.900, 357.160 )


SHORT: ( Metal Short ) Special Wire of Net VSS & Blockage of Cell MainMemory_data_sram  ( met3 )
Bounds : ( 257.900, 365.040 ) ( 260.900, 365.440 )


SHORT: ( Metal Short ) Special Wire of Net VSS & Blockage of Cell MainMemory_data_sram  ( met2 )
Bounds : ( 207.900, 331.920 ) ( 210.900, 332.320 )


SHORT: ( Metal Short ) Special Wire of Net VSS & Blockage of Cell MainMemory_data_sram  ( met2 )
Bounds : ( 207.900, 340.200 ) ( 210.900, 340.600 )


SHORT: ( Metal Short ) Special Wire of Net VSS & Blockage of Cell MainMemory_data_sram  ( met2 )
Bounds : ( 207.900, 348.480 ) ( 210.900, 348.880 )


SHORT: ( Metal Short ) Special Wire of Net VSS & Blockage of Cell MainMemory_data_sram  ( met2 )
Bounds : ( 207.900, 356.760 ) ( 210.900, 357.160 )


SHORT: ( Metal Short ) Special Wire of Net VSS & Blockage of Cell MainMemory_data_sram  ( met2 )
Bounds : ( 207.900, 365.040 ) ( 210.900, 365.440 )


SHORT: ( Metal Short ) Special Wire of Net VSS & Blockage of Cell MainMemory_data_sram  ( met3 )
Bounds : ( 207.900, 331.920 ) ( 210.900, 332.320 )


SHORT: ( Metal Short ) Special Wire of Net VSS & Blockage of Cell MainMemory_data_sram  ( met3 )
Bounds : ( 207.900, 340.200 ) ( 210.900, 340.600 )


SHORT: ( Metal Short ) Special Wire of Net VSS & Blockage of Cell MainMemory_data_sram  ( met3 )
Bounds : ( 207.900, 348.480 ) ( 210.900, 348.880 )


SHORT: ( Metal Short ) Special Wire of Net VSS & Blockage of Cell MainMemory_data_sram  ( met3 )
Bounds : ( 207.900, 356.760 ) ( 210.900, 357.160 )


SHORT: ( Metal Short ) Special Wire of Net VSS & Blockage of Cell MainMemory_data_sram  ( met3 )
Bounds : ( 207.900, 365.040 ) ( 210.900, 365.440 )


SHORT: ( Metal Short ) Special Wire of Net VSS & Blockage of Cell MainMemory_data_sram  ( met2 )
Bounds : ( 207.900, 406.440 ) ( 210.900, 406.840 )


SHORT: ( Metal Short ) Special Wire of Net VSS & Blockage of Cell MainMemory_data_sram  ( met2 )
Bounds : ( 257.900, 406.440 ) ( 260.900, 406.840 )


SHORT: ( Metal Short ) Special Wire of Net VSS & Blockage of Cell MainMemory_data_sram  ( met2 )
Bounds : ( 307.900, 406.440 ) ( 310.900, 406.840 )


SHORT: ( Metal Short ) Special Wire of Net VSS & Blockage of Cell MainMemory_data_sram  ( met3 )
Bounds : ( 207.900, 406.440 ) ( 210.900, 406.840 )


SHORT: ( Metal Short ) Special Wire of Net VSS & Blockage of Cell MainMemory_data_sram  ( met3 )
Bounds : ( 257.900, 406.440 ) ( 260.900, 406.840 )


SHORT: ( Metal Short ) Special Wire of Net VSS & Blockage of Cell MainMemory_data_sram  ( met3 )
Bounds : ( 307.900, 406.440 ) ( 310.900, 406.840 )


SHORT: ( Metal Short ) Special Wire of Net VDD & Blockage of Cell MainMemory_data_sram  ( met2 )
Bounds : ( 184.900, 493.380 ) ( 187.900, 493.780 )


SHORT: ( Metal Short ) Special Wire of Net VDD & Blockage of Cell MainMemory_data_sram  ( met2 )
Bounds : ( 184.900, 501.660 ) ( 187.900, 502.060 )


SHORT: ( Metal Short ) Special Wire of Net VDD & Blockage of Cell MainMemory_data_sram  ( met2 )
Bounds : ( 184.900, 509.940 ) ( 187.900, 510.340 )


SHORT: ( Metal Short ) Special Wire of Net VDD & Blockage of Cell MainMemory_data_sram  ( met2 )
Bounds : ( 184.900, 518.220 ) ( 187.900, 518.620 )


SHORT: ( Metal Short ) Special Wire of Net VDD & Blockage of Cell MainMemory_data_sram  ( met2 )
Bounds : ( 184.900, 526.500 ) ( 187.900, 526.900 )


SHORT: ( Metal Short ) Special Wire of Net VDD & Blockage of Cell MainMemory_data_sram  ( met2 )
Bounds : ( 184.900, 534.780 ) ( 187.900, 535.180 )


SHORT: ( Metal Short ) Special Wire of Net VDD & Blockage of Cell MainMemory_data_sram  ( met2 )
Bounds : ( 184.900, 543.060 ) ( 187.900, 543.460 )


SHORT: ( Metal Short ) Special Wire of Net VDD & Blockage of Cell MainMemory_data_sram  ( met3 )
Bounds : ( 184.900, 493.380 ) ( 187.900, 493.780 )


SHORT: ( Metal Short ) Special Wire of Net VDD & Blockage of Cell MainMemory_data_sram  ( met3 )
Bounds : ( 184.900, 501.660 ) ( 187.900, 502.060 )


SHORT: ( Metal Short ) Special Wire of Net VDD & Blockage of Cell MainMemory_data_sram  ( met3 )
Bounds : ( 184.900, 509.940 ) ( 187.900, 510.340 )


SHORT: ( Metal Short ) Special Wire of Net VDD & Blockage of Cell MainMemory_data_sram  ( met3 )
Bounds : ( 184.900, 518.220 ) ( 187.900, 518.620 )


SHORT: ( Metal Short ) Special Wire of Net VDD & Blockage of Cell MainMemory_data_sram  ( met3 )
Bounds : ( 184.900, 526.500 ) ( 187.900, 526.900 )


SHORT: ( Metal Short ) Special Wire of Net VDD & Blockage of Cell MainMemory_data_sram  ( met3 )
Bounds : ( 184.900, 534.780 ) ( 187.900, 535.180 )


SPACING: ( ParallelRunLength Spacing ) Special Wire of Net VDD & Blockage of Cell MainMemory_data_sram  ( met3 )
Bounds : ( 184.900, 542.840 ) ( 187.900, 543.060 )


SHORT: ( Metal Short ) Special Wire of Net VDD & Blockage of Cell MainMemory_data_sram  ( met2 )
Bounds : ( 184.900, 410.580 ) ( 187.900, 410.980 )


SHORT: ( Metal Short ) Special Wire of Net VDD & Blockage of Cell MainMemory_data_sram  ( met2 )
Bounds : ( 184.900, 418.860 ) ( 187.900, 419.260 )


SHORT: ( Metal Short ) Special Wire of Net VDD & Blockage of Cell MainMemory_data_sram  ( met2 )
Bounds : ( 184.900, 427.140 ) ( 187.900, 427.540 )


SHORT: ( Metal Short ) Special Wire of Net VDD & Blockage of Cell MainMemory_data_sram  ( met2 )
Bounds : ( 184.900, 435.420 ) ( 187.900, 435.820 )


SHORT: ( Metal Short ) Special Wire of Net VDD & Blockage of Cell MainMemory_data_sram  ( met2 )
Bounds : ( 184.900, 443.700 ) ( 187.900, 444.100 )


SHORT: ( Metal Short ) Special Wire of Net VDD & Blockage of Cell MainMemory_data_sram  ( met2 )
Bounds : ( 184.900, 451.980 ) ( 187.900, 452.380 )


SHORT: ( Metal Short ) Special Wire of Net VDD & Blockage of Cell MainMemory_data_sram  ( met2 )
Bounds : ( 184.900, 460.260 ) ( 187.900, 460.660 )


SHORT: ( Metal Short ) Special Wire of Net VDD & Blockage of Cell MainMemory_data_sram  ( met2 )
Bounds : ( 184.900, 468.540 ) ( 187.900, 468.940 )


SHORT: ( Metal Short ) Special Wire of Net VDD & Blockage of Cell MainMemory_data_sram  ( met2 )
Bounds : ( 184.900, 476.820 ) ( 187.900, 477.220 )


SHORT: ( Metal Short ) Special Wire of Net VDD & Blockage of Cell MainMemory_data_sram  ( met2 )
Bounds : ( 184.900, 485.100 ) ( 187.900, 485.500 )


SHORT: ( Metal Short ) Special Wire of Net VDD & Blockage of Cell MainMemory_data_sram  ( met3 )
Bounds : ( 184.900, 410.580 ) ( 187.900, 410.980 )


SHORT: ( Metal Short ) Special Wire of Net VDD & Blockage of Cell MainMemory_data_sram  ( met3 )
Bounds : ( 184.900, 418.860 ) ( 187.900, 419.260 )


SHORT: ( Metal Short ) Special Wire of Net VDD & Blockage of Cell MainMemory_data_sram  ( met3 )
Bounds : ( 184.900, 427.140 ) ( 187.900, 427.540 )


SHORT: ( Metal Short ) Special Wire of Net VDD & Blockage of Cell MainMemory_data_sram  ( met3 )
Bounds : ( 184.900, 435.420 ) ( 187.900, 435.820 )


SHORT: ( Metal Short ) Special Wire of Net VDD & Blockage of Cell MainMemory_data_sram  ( met3 )
Bounds : ( 184.900, 443.700 ) ( 187.900, 444.100 )


SHORT: ( Metal Short ) Special Wire of Net VDD & Blockage of Cell MainMemory_data_sram  ( met3 )
Bounds : ( 184.900, 451.980 ) ( 187.900, 452.380 )


SHORT: ( Metal Short ) Special Wire of Net VDD & Blockage of Cell MainMemory_data_sram  ( met3 )
Bounds : ( 184.900, 460.260 ) ( 187.900, 460.660 )


SHORT: ( Metal Short ) Special Wire of Net VDD & Blockage of Cell MainMemory_data_sram  ( met3 )
Bounds : ( 184.900, 468.540 ) ( 187.900, 468.940 )


SHORT: ( Metal Short ) Special Wire of Net VDD & Blockage of Cell MainMemory_data_sram  ( met3 )
Bounds : ( 184.900, 476.820 ) ( 187.900, 477.220 )


SHORT: ( Metal Short ) Special Wire of Net VDD & Blockage of Cell MainMemory_data_sram  ( met3 )
Bounds : ( 184.900, 485.100 ) ( 187.900, 485.500 )


SHORT: ( Metal Short ) Special Wire of Net VDD & Blockage of Cell MainMemory_data_sram  ( met2 )
Bounds : ( 184.900, 327.780 ) ( 187.900, 328.180 )


SHORT: ( Metal Short ) Special Wire of Net VDD & Blockage of Cell MainMemory_data_sram  ( met2 )
Bounds : ( 184.900, 336.060 ) ( 187.900, 336.460 )


SHORT: ( Metal Short ) Special Wire of Net VDD & Blockage of Cell MainMemory_data_sram  ( met2 )
Bounds : ( 184.900, 344.340 ) ( 187.900, 344.740 )


SHORT: ( Metal Short ) Special Wire of Net VDD & Blockage of Cell MainMemory_data_sram  ( met2 )
Bounds : ( 184.900, 352.620 ) ( 187.900, 353.020 )


SHORT: ( Metal Short ) Special Wire of Net VDD & Blockage of Cell MainMemory_data_sram  ( met2 )
Bounds : ( 184.900, 360.900 ) ( 187.900, 361.300 )


SHORT: ( Metal Short ) Special Wire of Net VDD & Blockage of Cell MainMemory_data_sram  ( met2 )
Bounds : ( 184.900, 369.180 ) ( 187.900, 369.580 )


SHORT: ( Metal Short ) Special Wire of Net VDD & Blockage of Cell MainMemory_data_sram  ( met3 )
Bounds : ( 184.900, 327.780 ) ( 187.900, 328.180 )


SHORT: ( Metal Short ) Special Wire of Net VDD & Blockage of Cell MainMemory_data_sram  ( met3 )
Bounds : ( 184.900, 336.060 ) ( 187.900, 336.460 )


SHORT: ( Metal Short ) Special Wire of Net VDD & Blockage of Cell MainMemory_data_sram  ( met3 )
Bounds : ( 184.900, 344.340 ) ( 187.900, 344.740 )


SHORT: ( Metal Short ) Special Wire of Net VDD & Blockage of Cell MainMemory_data_sram  ( met3 )
Bounds : ( 184.900, 352.620 ) ( 187.900, 353.020 )


SHORT: ( Metal Short ) Special Wire of Net VDD & Blockage of Cell MainMemory_data_sram  ( met3 )
Bounds : ( 184.900, 360.900 ) ( 187.900, 361.300 )


SHORT: ( Metal Short ) Special Wire of Net VDD & Blockage of Cell MainMemory_data_sram  ( met3 )
Bounds : ( 184.900, 369.180 ) ( 187.900, 369.580 )


SHORT: ( Metal Short ) Special Wire of Net VDD & Blockage of Cell MainMemory_data_sram  ( met2 )
Bounds : ( 184.900, 377.460 ) ( 187.900, 377.860 )


SHORT: ( Metal Short ) Special Wire of Net VDD & Blockage of Cell MainMemory_data_sram  ( met2 )
Bounds : ( 184.900, 385.740 ) ( 187.900, 386.140 )


SHORT: ( Metal Short ) Special Wire of Net VDD & Blockage of Cell MainMemory_data_sram  ( met2 )
Bounds : ( 184.900, 394.020 ) ( 187.900, 394.420 )


SHORT: ( Metal Short ) Special Wire of Net VDD & Blockage of Cell MainMemory_data_sram  ( met2 )
Bounds : ( 184.900, 402.300 ) ( 187.900, 402.700 )


SHORT: ( Metal Short ) Special Wire of Net VDD & Blockage of Cell MainMemory_data_sram  ( met3 )
Bounds : ( 184.900, 377.460 ) ( 187.900, 377.860 )


SHORT: ( Metal Short ) Special Wire of Net VDD & Blockage of Cell MainMemory_data_sram  ( met3 )
Bounds : ( 184.900, 385.740 ) ( 187.900, 386.140 )


SHORT: ( Metal Short ) Special Wire of Net VDD & Blockage of Cell MainMemory_data_sram  ( met3 )
Bounds : ( 184.900, 394.020 ) ( 187.900, 394.420 )


SHORT: ( Metal Short ) Special Wire of Net VDD & Blockage of Cell MainMemory_data_sram  ( met3 )
Bounds : ( 184.900, 402.300 ) ( 187.900, 402.700 )


SHORT: ( Metal Short ) Special Wire of Net VDD & Blockage of Cell MainMemory_data_sram  ( met2 )
Bounds : ( 484.900, 286.380 ) ( 487.900, 286.780 )


SHORT: ( Metal Short ) Special Wire of Net VDD & Blockage of Cell MainMemory_data_sram  ( met2 )
Bounds : ( 484.900, 294.660 ) ( 487.900, 295.060 )


SHORT: ( Metal Short ) Special Wire of Net VDD & Blockage of Cell MainMemory_data_sram  ( met2 )
Bounds : ( 484.900, 302.940 ) ( 487.900, 303.340 )


SHORT: ( Metal Short ) Special Wire of Net VDD & Blockage of Cell MainMemory_data_sram  ( met2 )
Bounds : ( 484.900, 311.220 ) ( 487.900, 311.620 )


SHORT: ( Metal Short ) Special Wire of Net VDD & Blockage of Cell MainMemory_data_sram  ( met2 )
Bounds : ( 484.900, 319.500 ) ( 487.900, 319.900 )


SHORT: ( Metal Short ) Special Wire of Net VSS & Blockage of Cell MainMemory_data_sram  ( met2 )
Bounds : ( 507.900, 290.520 ) ( 510.900, 290.920 )


SHORT: ( Metal Short ) Special Wire of Net VSS & Blockage of Cell MainMemory_data_sram  ( met2 )
Bounds : ( 507.900, 298.800 ) ( 510.900, 299.200 )


SHORT: ( Metal Short ) Special Wire of Net VSS & Blockage of Cell MainMemory_data_sram  ( met2 )
Bounds : ( 507.900, 307.080 ) ( 510.900, 307.480 )


SHORT: ( Metal Short ) Special Wire of Net VSS & Blockage of Cell MainMemory_data_sram  ( met2 )
Bounds : ( 507.900, 315.360 ) ( 510.900, 315.760 )


SHORT: ( Metal Short ) Special Wire of Net VSS & Blockage of Cell MainMemory_data_sram  ( met2 )
Bounds : ( 507.900, 323.640 ) ( 510.900, 324.040 )


SHORT: ( Metal Short ) Special Wire of Net VDD & Blockage of Cell MainMemory_data_sram  ( met3 )
Bounds : ( 484.900, 286.380 ) ( 487.900, 286.780 )


SHORT: ( Metal Short ) Special Wire of Net VDD & Blockage of Cell MainMemory_data_sram  ( met3 )
Bounds : ( 484.900, 294.660 ) ( 487.900, 295.060 )


SHORT: ( Metal Short ) Special Wire of Net VDD & Blockage of Cell MainMemory_data_sram  ( met3 )
Bounds : ( 484.900, 302.940 ) ( 487.900, 303.340 )


SHORT: ( Metal Short ) Special Wire of Net VDD & Blockage of Cell MainMemory_data_sram  ( met3 )
Bounds : ( 484.900, 311.220 ) ( 487.900, 311.620 )


SHORT: ( Metal Short ) Special Wire of Net VDD & Blockage of Cell MainMemory_data_sram  ( met3 )
Bounds : ( 484.900, 319.500 ) ( 487.900, 319.900 )


SHORT: ( Metal Short ) Special Wire of Net VSS & Blockage of Cell MainMemory_data_sram  ( met3 )
Bounds : ( 507.900, 290.520 ) ( 510.900, 290.920 )


SHORT: ( Metal Short ) Special Wire of Net VSS & Blockage of Cell MainMemory_data_sram  ( met3 )
Bounds : ( 507.900, 298.800 ) ( 510.900, 299.200 )


SHORT: ( Metal Short ) Special Wire of Net VSS & Blockage of Cell MainMemory_data_sram  ( met3 )
Bounds : ( 507.900, 307.080 ) ( 510.900, 307.480 )


SHORT: ( Metal Short ) Special Wire of Net VSS & Blockage of Cell MainMemory_data_sram  ( met3 )
Bounds : ( 507.900, 315.360 ) ( 510.900, 315.760 )


SHORT: ( Metal Short ) Special Wire of Net VSS & Blockage of Cell MainMemory_data_sram  ( met3 )
Bounds : ( 507.900, 323.640 ) ( 510.900, 324.040 )


SHORT: ( Metal Short ) Special Wire of Net VDD & Blockage of Cell MainMemory_data_sram  ( met2 )
Bounds : ( 434.900, 286.380 ) ( 437.900, 286.780 )


SHORT: ( Metal Short ) Special Wire of Net VDD & Blockage of Cell MainMemory_data_sram  ( met2 )
Bounds : ( 434.900, 294.660 ) ( 437.900, 295.060 )


SHORT: ( Metal Short ) Special Wire of Net VDD & Blockage of Cell MainMemory_data_sram  ( met2 )
Bounds : ( 434.900, 302.940 ) ( 437.900, 303.340 )


SHORT: ( Metal Short ) Special Wire of Net VDD & Blockage of Cell MainMemory_data_sram  ( met2 )
Bounds : ( 434.900, 311.220 ) ( 437.900, 311.620 )


SHORT: ( Metal Short ) Special Wire of Net VDD & Blockage of Cell MainMemory_data_sram  ( met2 )
Bounds : ( 434.900, 319.500 ) ( 437.900, 319.900 )


SHORT: ( Metal Short ) Special Wire of Net VSS & Blockage of Cell MainMemory_data_sram  ( met2 )
Bounds : ( 457.900, 290.520 ) ( 460.900, 290.920 )


SHORT: ( Metal Short ) Special Wire of Net VSS & Blockage of Cell MainMemory_data_sram  ( met2 )
Bounds : ( 457.900, 298.800 ) ( 460.900, 299.200 )


SHORT: ( Metal Short ) Special Wire of Net VSS & Blockage of Cell MainMemory_data_sram  ( met2 )
Bounds : ( 457.900, 307.080 ) ( 460.900, 307.480 )


SHORT: ( Metal Short ) Special Wire of Net VSS & Blockage of Cell MainMemory_data_sram  ( met2 )
Bounds : ( 457.900, 315.360 ) ( 460.900, 315.760 )


SHORT: ( Metal Short ) Special Wire of Net VSS & Blockage of Cell MainMemory_data_sram  ( met2 )
Bounds : ( 457.900, 323.640 ) ( 460.900, 324.040 )


SHORT: ( Metal Short ) Special Wire of Net VDD & Blockage of Cell MainMemory_data_sram  ( met3 )
Bounds : ( 434.900, 286.380 ) ( 437.900, 286.780 )


SHORT: ( Metal Short ) Special Wire of Net VDD & Blockage of Cell MainMemory_data_sram  ( met3 )
Bounds : ( 434.900, 294.660 ) ( 437.900, 295.060 )


SHORT: ( Metal Short ) Special Wire of Net VDD & Blockage of Cell MainMemory_data_sram  ( met3 )
Bounds : ( 434.900, 302.940 ) ( 437.900, 303.340 )


SHORT: ( Metal Short ) Special Wire of Net VDD & Blockage of Cell MainMemory_data_sram  ( met3 )
Bounds : ( 434.900, 311.220 ) ( 437.900, 311.620 )


SHORT: ( Metal Short ) Special Wire of Net VDD & Blockage of Cell MainMemory_data_sram  ( met3 )
Bounds : ( 434.900, 319.500 ) ( 437.900, 319.900 )


SHORT: ( Metal Short ) Special Wire of Net VSS & Blockage of Cell MainMemory_data_sram  ( met3 )
Bounds : ( 457.900, 290.520 ) ( 460.900, 290.920 )


SHORT: ( Metal Short ) Special Wire of Net VSS & Blockage of Cell MainMemory_data_sram  ( met3 )
Bounds : ( 457.900, 298.800 ) ( 460.900, 299.200 )


SHORT: ( Metal Short ) Special Wire of Net VSS & Blockage of Cell MainMemory_data_sram  ( met3 )
Bounds : ( 457.900, 307.080 ) ( 460.900, 307.480 )


SHORT: ( Metal Short ) Special Wire of Net VSS & Blockage of Cell MainMemory_data_sram  ( met3 )
Bounds : ( 457.900, 315.360 ) ( 460.900, 315.760 )


SHORT: ( Metal Short ) Special Wire of Net VSS & Blockage of Cell MainMemory_data_sram  ( met3 )
Bounds : ( 457.900, 323.640 ) ( 460.900, 324.040 )


SHORT: ( Metal Short ) Special Wire of Net VDD & Blockage of Cell MainMemory_data_sram  ( met2 )
Bounds : ( 484.900, 244.980 ) ( 487.900, 245.380 )


SHORT: ( Metal Short ) Special Wire of Net VDD & Blockage of Cell MainMemory_data_sram  ( met2 )
Bounds : ( 484.900, 253.260 ) ( 487.900, 253.660 )


SHORT: ( Metal Short ) Special Wire of Net VDD & Blockage of Cell MainMemory_data_sram  ( met2 )
Bounds : ( 484.900, 261.540 ) ( 487.900, 261.940 )


SHORT: ( Metal Short ) Special Wire of Net VDD & Blockage of Cell MainMemory_data_sram  ( met2 )
Bounds : ( 484.900, 269.820 ) ( 487.900, 270.220 )


SHORT: ( Metal Short ) Special Wire of Net VDD & Blockage of Cell MainMemory_data_sram  ( met2 )
Bounds : ( 484.900, 278.100 ) ( 487.900, 278.500 )


SHORT: ( Metal Short ) Special Wire of Net VSS & Blockage of Cell MainMemory_data_sram  ( met2 )
Bounds : ( 507.900, 249.120 ) ( 510.900, 249.520 )


SHORT: ( Metal Short ) Special Wire of Net VSS & Blockage of Cell MainMemory_data_sram  ( met2 )
Bounds : ( 507.900, 257.400 ) ( 510.900, 257.800 )


SHORT: ( Metal Short ) Special Wire of Net VSS & Blockage of Cell MainMemory_data_sram  ( met2 )
Bounds : ( 507.900, 265.680 ) ( 510.900, 266.080 )


SHORT: ( Metal Short ) Special Wire of Net VSS & Blockage of Cell MainMemory_data_sram  ( met2 )
Bounds : ( 507.900, 273.960 ) ( 510.900, 274.360 )


SHORT: ( Metal Short ) Special Wire of Net VSS & Blockage of Cell MainMemory_data_sram  ( met2 )
Bounds : ( 507.900, 282.240 ) ( 510.900, 282.640 )


SHORT: ( Metal Short ) Special Wire of Net VDD & Blockage of Cell MainMemory_data_sram  ( met3 )
Bounds : ( 484.900, 244.980 ) ( 487.900, 245.380 )


SHORT: ( Metal Short ) Special Wire of Net VDD & Blockage of Cell MainMemory_data_sram  ( met3 )
Bounds : ( 484.900, 253.260 ) ( 487.900, 253.660 )


SHORT: ( Metal Short ) Special Wire of Net VDD & Blockage of Cell MainMemory_data_sram  ( met3 )
Bounds : ( 484.900, 261.540 ) ( 487.900, 261.940 )


SHORT: ( Metal Short ) Special Wire of Net VDD & Blockage of Cell MainMemory_data_sram  ( met3 )
Bounds : ( 484.900, 269.820 ) ( 487.900, 270.220 )


SHORT: ( Metal Short ) Special Wire of Net VDD & Blockage of Cell MainMemory_data_sram  ( met3 )
Bounds : ( 484.900, 278.100 ) ( 487.900, 278.500 )


SHORT: ( Metal Short ) Special Wire of Net VSS & Blockage of Cell MainMemory_data_sram  ( met3 )
Bounds : ( 507.900, 249.120 ) ( 510.900, 249.520 )


SHORT: ( Metal Short ) Special Wire of Net VSS & Blockage of Cell MainMemory_data_sram  ( met3 )
Bounds : ( 507.900, 257.400 ) ( 510.900, 257.800 )


SHORT: ( Metal Short ) Special Wire of Net VSS & Blockage of Cell MainMemory_data_sram  ( met3 )
Bounds : ( 507.900, 265.680 ) ( 510.900, 266.080 )


SHORT: ( Metal Short ) Special Wire of Net VSS & Blockage of Cell MainMemory_data_sram  ( met3 )
Bounds : ( 507.900, 273.960 ) ( 510.900, 274.360 )


SHORT: ( Metal Short ) Special Wire of Net VSS & Blockage of Cell MainMemory_data_sram  ( met3 )
Bounds : ( 507.900, 282.240 ) ( 510.900, 282.640 )


SHORT: ( Metal Short ) Special Wire of Net VDD & Blockage of Cell MainMemory_data_sram  ( met2 )
Bounds : ( 434.900, 244.980 ) ( 437.900, 245.380 )


SHORT: ( Metal Short ) Special Wire of Net VDD & Blockage of Cell MainMemory_data_sram  ( met2 )
Bounds : ( 434.900, 253.260 ) ( 437.900, 253.660 )


SHORT: ( Metal Short ) Special Wire of Net VDD & Blockage of Cell MainMemory_data_sram  ( met2 )
Bounds : ( 434.900, 261.540 ) ( 437.900, 261.940 )


SHORT: ( Metal Short ) Special Wire of Net VDD & Blockage of Cell MainMemory_data_sram  ( met2 )
Bounds : ( 434.900, 269.820 ) ( 437.900, 270.220 )


SHORT: ( Metal Short ) Special Wire of Net VDD & Blockage of Cell MainMemory_data_sram  ( met2 )
Bounds : ( 434.900, 278.100 ) ( 437.900, 278.500 )


SHORT: ( Metal Short ) Special Wire of Net VSS & Blockage of Cell MainMemory_data_sram  ( met2 )
Bounds : ( 457.900, 249.120 ) ( 460.900, 249.520 )


SHORT: ( Metal Short ) Special Wire of Net VSS & Blockage of Cell MainMemory_data_sram  ( met2 )
Bounds : ( 457.900, 257.400 ) ( 460.900, 257.800 )


SHORT: ( Metal Short ) Special Wire of Net VSS & Blockage of Cell MainMemory_data_sram  ( met2 )
Bounds : ( 457.900, 265.680 ) ( 460.900, 266.080 )


SHORT: ( Metal Short ) Special Wire of Net VSS & Blockage of Cell MainMemory_data_sram  ( met2 )
Bounds : ( 457.900, 273.960 ) ( 460.900, 274.360 )


SHORT: ( Metal Short ) Special Wire of Net VSS & Blockage of Cell MainMemory_data_sram  ( met2 )
Bounds : ( 457.900, 282.240 ) ( 460.900, 282.640 )


SHORT: ( Metal Short ) Special Wire of Net VDD & Blockage of Cell MainMemory_data_sram  ( met3 )
Bounds : ( 434.900, 244.980 ) ( 437.900, 245.380 )


SHORT: ( Metal Short ) Special Wire of Net VDD & Blockage of Cell MainMemory_data_sram  ( met3 )
Bounds : ( 434.900, 253.260 ) ( 437.900, 253.660 )


SHORT: ( Metal Short ) Special Wire of Net VDD & Blockage of Cell MainMemory_data_sram  ( met3 )
Bounds : ( 434.900, 261.540 ) ( 437.900, 261.940 )


SHORT: ( Metal Short ) Special Wire of Net VDD & Blockage of Cell MainMemory_data_sram  ( met3 )
Bounds : ( 434.900, 269.820 ) ( 437.900, 270.220 )


SHORT: ( Metal Short ) Special Wire of Net VDD & Blockage of Cell MainMemory_data_sram  ( met3 )
Bounds : ( 434.900, 278.100 ) ( 437.900, 278.500 )


SHORT: ( Metal Short ) Special Wire of Net VSS & Blockage of Cell MainMemory_data_sram  ( met3 )
Bounds : ( 457.900, 249.120 ) ( 460.900, 249.520 )


SHORT: ( Metal Short ) Special Wire of Net VSS & Blockage of Cell MainMemory_data_sram  ( met3 )
Bounds : ( 457.900, 257.400 ) ( 460.900, 257.800 )


SHORT: ( Metal Short ) Special Wire of Net VSS & Blockage of Cell MainMemory_data_sram  ( met3 )
Bounds : ( 457.900, 265.680 ) ( 460.900, 266.080 )


SHORT: ( Metal Short ) Special Wire of Net VSS & Blockage of Cell MainMemory_data_sram  ( met3 )
Bounds : ( 457.900, 273.960 ) ( 460.900, 274.360 )


SHORT: ( Metal Short ) Special Wire of Net VSS & Blockage of Cell MainMemory_data_sram  ( met3 )
Bounds : ( 457.900, 282.240 ) ( 460.900, 282.640 )


SHORT: ( Metal Short ) Special Wire of Net VSS & Blockage of Cell MainMemory_data_sram  ( met2 )
Bounds : ( 407.900, 290.520 ) ( 410.900, 290.920 )


SHORT: ( Metal Short ) Special Wire of Net VSS & Blockage of Cell MainMemory_data_sram  ( met2 )
Bounds : ( 407.900, 298.800 ) ( 410.900, 299.200 )


SHORT: ( Metal Short ) Special Wire of Net VSS & Blockage of Cell MainMemory_data_sram  ( met2 )
Bounds : ( 407.900, 307.080 ) ( 410.900, 307.480 )


SHORT: ( Metal Short ) Special Wire of Net VSS & Blockage of Cell MainMemory_data_sram  ( met2 )
Bounds : ( 407.900, 315.360 ) ( 410.900, 315.760 )


SHORT: ( Metal Short ) Special Wire of Net VSS & Blockage of Cell MainMemory_data_sram  ( met2 )
Bounds : ( 407.900, 323.640 ) ( 410.900, 324.040 )


SHORT: ( Metal Short ) Special Wire of Net VSS & Blockage of Cell MainMemory_data_sram  ( met3 )
Bounds : ( 407.900, 290.520 ) ( 410.900, 290.920 )


SHORT: ( Metal Short ) Special Wire of Net VSS & Blockage of Cell MainMemory_data_sram  ( met3 )
Bounds : ( 407.900, 298.800 ) ( 410.900, 299.200 )


SHORT: ( Metal Short ) Special Wire of Net VSS & Blockage of Cell MainMemory_data_sram  ( met3 )
Bounds : ( 407.900, 307.080 ) ( 410.900, 307.480 )


SHORT: ( Metal Short ) Special Wire of Net VSS & Blockage of Cell MainMemory_data_sram  ( met3 )
Bounds : ( 407.900, 315.360 ) ( 410.900, 315.760 )


SHORT: ( Metal Short ) Special Wire of Net VSS & Blockage of Cell MainMemory_data_sram  ( met3 )
Bounds : ( 407.900, 323.640 ) ( 410.900, 324.040 )


SHORT: ( Metal Short ) Special Wire of Net VSS & Blockage of Cell MainMemory_data_sram  ( met2 )
Bounds : ( 357.900, 290.520 ) ( 360.900, 290.920 )


SHORT: ( Metal Short ) Special Wire of Net VSS & Blockage of Cell MainMemory_data_sram  ( met2 )
Bounds : ( 357.900, 298.800 ) ( 360.900, 299.200 )


SHORT: ( Metal Short ) Special Wire of Net VSS & Blockage of Cell MainMemory_data_sram  ( met2 )
Bounds : ( 357.900, 307.080 ) ( 360.900, 307.480 )


SHORT: ( Metal Short ) Special Wire of Net VSS & Blockage of Cell MainMemory_data_sram  ( met2 )
Bounds : ( 357.900, 315.360 ) ( 360.900, 315.760 )


SHORT: ( Metal Short ) Special Wire of Net VSS & Blockage of Cell MainMemory_data_sram  ( met2 )
Bounds : ( 357.900, 323.640 ) ( 360.900, 324.040 )


SHORT: ( Metal Short ) Special Wire of Net VDD & Blockage of Cell MainMemory_data_sram  ( met2 )
Bounds : ( 384.900, 286.380 ) ( 387.900, 286.780 )


SHORT: ( Metal Short ) Special Wire of Net VDD & Blockage of Cell MainMemory_data_sram  ( met2 )
Bounds : ( 384.900, 294.660 ) ( 387.900, 295.060 )


SHORT: ( Metal Short ) Special Wire of Net VDD & Blockage of Cell MainMemory_data_sram  ( met2 )
Bounds : ( 384.900, 302.940 ) ( 387.900, 303.340 )


SHORT: ( Metal Short ) Special Wire of Net VDD & Blockage of Cell MainMemory_data_sram  ( met2 )
Bounds : ( 384.900, 311.220 ) ( 387.900, 311.620 )


SHORT: ( Metal Short ) Special Wire of Net VDD & Blockage of Cell MainMemory_data_sram  ( met2 )
Bounds : ( 384.900, 319.500 ) ( 387.900, 319.900 )


SHORT: ( Metal Short ) Special Wire of Net VSS & Blockage of Cell MainMemory_data_sram  ( met3 )
Bounds : ( 357.900, 290.520 ) ( 360.900, 290.920 )


SHORT: ( Metal Short ) Special Wire of Net VSS & Blockage of Cell MainMemory_data_sram  ( met3 )
Bounds : ( 357.900, 298.800 ) ( 360.900, 299.200 )


SHORT: ( Metal Short ) Special Wire of Net VSS & Blockage of Cell MainMemory_data_sram  ( met3 )
Bounds : ( 357.900, 307.080 ) ( 360.900, 307.480 )


SHORT: ( Metal Short ) Special Wire of Net VSS & Blockage of Cell MainMemory_data_sram  ( met3 )
Bounds : ( 357.900, 315.360 ) ( 360.900, 315.760 )


SHORT: ( Metal Short ) Special Wire of Net VSS & Blockage of Cell MainMemory_data_sram  ( met3 )
Bounds : ( 357.900, 323.640 ) ( 360.900, 324.040 )


SHORT: ( Metal Short ) Special Wire of Net VDD & Blockage of Cell MainMemory_data_sram  ( met3 )
Bounds : ( 384.900, 286.380 ) ( 387.900, 286.780 )


SHORT: ( Metal Short ) Special Wire of Net VDD & Blockage of Cell MainMemory_data_sram  ( met3 )
Bounds : ( 384.900, 294.660 ) ( 387.900, 295.060 )


SHORT: ( Metal Short ) Special Wire of Net VDD & Blockage of Cell MainMemory_data_sram  ( met3 )
Bounds : ( 384.900, 302.940 ) ( 387.900, 303.340 )


SHORT: ( Metal Short ) Special Wire of Net VDD & Blockage of Cell MainMemory_data_sram  ( met3 )
Bounds : ( 384.900, 311.220 ) ( 387.900, 311.620 )


SHORT: ( Metal Short ) Special Wire of Net VDD & Blockage of Cell MainMemory_data_sram  ( met3 )
Bounds : ( 384.900, 319.500 ) ( 387.900, 319.900 )


SHORT: ( Metal Short ) Special Wire of Net VSS & Blockage of Cell MainMemory_data_sram  ( met2 )
Bounds : ( 407.900, 249.120 ) ( 410.900, 249.520 )


SHORT: ( Metal Short ) Special Wire of Net VSS & Blockage of Cell MainMemory_data_sram  ( met2 )
Bounds : ( 407.900, 257.400 ) ( 410.900, 257.800 )


SHORT: ( Metal Short ) Special Wire of Net VSS & Blockage of Cell MainMemory_data_sram  ( met2 )
Bounds : ( 407.900, 265.680 ) ( 410.900, 266.080 )


SHORT: ( Metal Short ) Special Wire of Net VSS & Blockage of Cell MainMemory_data_sram  ( met2 )
Bounds : ( 407.900, 273.960 ) ( 410.900, 274.360 )


SHORT: ( Metal Short ) Special Wire of Net VSS & Blockage of Cell MainMemory_data_sram  ( met2 )
Bounds : ( 407.900, 282.240 ) ( 410.900, 282.640 )


SHORT: ( Metal Short ) Special Wire of Net VSS & Blockage of Cell MainMemory_data_sram  ( met3 )
Bounds : ( 407.900, 249.120 ) ( 410.900, 249.520 )


SHORT: ( Metal Short ) Special Wire of Net VSS & Blockage of Cell MainMemory_data_sram  ( met3 )
Bounds : ( 407.900, 257.400 ) ( 410.900, 257.800 )


SHORT: ( Metal Short ) Special Wire of Net VSS & Blockage of Cell MainMemory_data_sram  ( met3 )
Bounds : ( 407.900, 265.680 ) ( 410.900, 266.080 )


SHORT: ( Metal Short ) Special Wire of Net VSS & Blockage of Cell MainMemory_data_sram  ( met3 )
Bounds : ( 407.900, 273.960 ) ( 410.900, 274.360 )


SHORT: ( Metal Short ) Special Wire of Net VSS & Blockage of Cell MainMemory_data_sram  ( met3 )
Bounds : ( 407.900, 282.240 ) ( 410.900, 282.640 )


SHORT: ( Metal Short ) Special Wire of Net VSS & Blockage of Cell MainMemory_data_sram  ( met2 )
Bounds : ( 357.900, 249.120 ) ( 360.900, 249.520 )


SHORT: ( Metal Short ) Special Wire of Net VSS & Blockage of Cell MainMemory_data_sram  ( met2 )
Bounds : ( 357.900, 257.400 ) ( 360.900, 257.800 )


SHORT: ( Metal Short ) Special Wire of Net VSS & Blockage of Cell MainMemory_data_sram  ( met2 )
Bounds : ( 357.900, 265.680 ) ( 360.900, 266.080 )


SHORT: ( Metal Short ) Special Wire of Net VSS & Blockage of Cell MainMemory_data_sram  ( met2 )
Bounds : ( 357.900, 273.960 ) ( 360.900, 274.360 )


SHORT: ( Metal Short ) Special Wire of Net VSS & Blockage of Cell MainMemory_data_sram  ( met2 )
Bounds : ( 357.900, 282.240 ) ( 360.900, 282.640 )


SHORT: ( Metal Short ) Special Wire of Net VDD & Blockage of Cell MainMemory_data_sram  ( met2 )
Bounds : ( 384.900, 244.980 ) ( 387.900, 245.380 )


SHORT: ( Metal Short ) Special Wire of Net VDD & Blockage of Cell MainMemory_data_sram  ( met2 )
Bounds : ( 384.900, 253.260 ) ( 387.900, 253.660 )


SHORT: ( Metal Short ) Special Wire of Net VDD & Blockage of Cell MainMemory_data_sram  ( met2 )
Bounds : ( 384.900, 261.540 ) ( 387.900, 261.940 )


SHORT: ( Metal Short ) Special Wire of Net VDD & Blockage of Cell MainMemory_data_sram  ( met2 )
Bounds : ( 384.900, 269.820 ) ( 387.900, 270.220 )


SHORT: ( Metal Short ) Special Wire of Net VDD & Blockage of Cell MainMemory_data_sram  ( met2 )
Bounds : ( 384.900, 278.100 ) ( 387.900, 278.500 )


SHORT: ( Metal Short ) Special Wire of Net VSS & Blockage of Cell MainMemory_data_sram  ( met3 )
Bounds : ( 357.900, 249.120 ) ( 360.900, 249.520 )


SHORT: ( Metal Short ) Special Wire of Net VSS & Blockage of Cell MainMemory_data_sram  ( met3 )
Bounds : ( 357.900, 257.400 ) ( 360.900, 257.800 )


SHORT: ( Metal Short ) Special Wire of Net VSS & Blockage of Cell MainMemory_data_sram  ( met3 )
Bounds : ( 357.900, 265.680 ) ( 360.900, 266.080 )


SHORT: ( Metal Short ) Special Wire of Net VSS & Blockage of Cell MainMemory_data_sram  ( met3 )
Bounds : ( 357.900, 273.960 ) ( 360.900, 274.360 )


SHORT: ( Metal Short ) Special Wire of Net VSS & Blockage of Cell MainMemory_data_sram  ( met3 )
Bounds : ( 357.900, 282.240 ) ( 360.900, 282.640 )


SHORT: ( Metal Short ) Special Wire of Net VDD & Blockage of Cell MainMemory_data_sram  ( met3 )
Bounds : ( 384.900, 244.980 ) ( 387.900, 245.380 )


SHORT: ( Metal Short ) Special Wire of Net VDD & Blockage of Cell MainMemory_data_sram  ( met3 )
Bounds : ( 384.900, 253.260 ) ( 387.900, 253.660 )


SHORT: ( Metal Short ) Special Wire of Net VDD & Blockage of Cell MainMemory_data_sram  ( met3 )
Bounds : ( 384.900, 261.540 ) ( 387.900, 261.940 )


SHORT: ( Metal Short ) Special Wire of Net VDD & Blockage of Cell MainMemory_data_sram  ( met3 )
Bounds : ( 384.900, 269.820 ) ( 387.900, 270.220 )


SHORT: ( Metal Short ) Special Wire of Net VDD & Blockage of Cell MainMemory_data_sram  ( met3 )
Bounds : ( 384.900, 278.100 ) ( 387.900, 278.500 )


SHORT: ( Metal Short ) Special Wire of Net VDD & Blockage of Cell MainMemory_data_sram  ( met2 )
Bounds : ( 484.900, 203.580 ) ( 487.900, 203.980 )


SHORT: ( Metal Short ) Special Wire of Net VDD & Blockage of Cell MainMemory_data_sram  ( met2 )
Bounds : ( 484.900, 211.860 ) ( 487.900, 212.260 )


SHORT: ( Metal Short ) Special Wire of Net VDD & Blockage of Cell MainMemory_data_sram  ( met2 )
Bounds : ( 484.900, 220.140 ) ( 487.900, 220.540 )


SHORT: ( Metal Short ) Special Wire of Net VDD & Blockage of Cell MainMemory_data_sram  ( met2 )
Bounds : ( 484.900, 228.420 ) ( 487.900, 228.820 )


SHORT: ( Metal Short ) Special Wire of Net VDD & Blockage of Cell MainMemory_data_sram  ( met2 )
Bounds : ( 484.900, 236.700 ) ( 487.900, 237.100 )


SHORT: ( Metal Short ) Special Wire of Net VSS & Blockage of Cell MainMemory_data_sram  ( met2 )
Bounds : ( 507.900, 207.720 ) ( 510.900, 208.120 )


SHORT: ( Metal Short ) Special Wire of Net VSS & Blockage of Cell MainMemory_data_sram  ( met2 )
Bounds : ( 507.900, 216.000 ) ( 510.900, 216.400 )


SHORT: ( Metal Short ) Special Wire of Net VSS & Blockage of Cell MainMemory_data_sram  ( met2 )
Bounds : ( 507.900, 224.280 ) ( 510.900, 224.680 )


SHORT: ( Metal Short ) Special Wire of Net VSS & Blockage of Cell MainMemory_data_sram  ( met2 )
Bounds : ( 507.900, 232.560 ) ( 510.900, 232.960 )


SHORT: ( Metal Short ) Special Wire of Net VSS & Blockage of Cell MainMemory_data_sram  ( met2 )
Bounds : ( 507.900, 240.840 ) ( 510.900, 241.240 )


SHORT: ( Metal Short ) Special Wire of Net VDD & Blockage of Cell MainMemory_data_sram  ( met3 )
Bounds : ( 484.900, 203.580 ) ( 487.900, 203.980 )


SHORT: ( Metal Short ) Special Wire of Net VDD & Blockage of Cell MainMemory_data_sram  ( met3 )
Bounds : ( 484.900, 211.860 ) ( 487.900, 212.260 )


SHORT: ( Metal Short ) Special Wire of Net VDD & Blockage of Cell MainMemory_data_sram  ( met3 )
Bounds : ( 484.900, 220.140 ) ( 487.900, 220.540 )


SHORT: ( Metal Short ) Special Wire of Net VDD & Blockage of Cell MainMemory_data_sram  ( met3 )
Bounds : ( 484.900, 228.420 ) ( 487.900, 228.820 )


SHORT: ( Metal Short ) Special Wire of Net VDD & Blockage of Cell MainMemory_data_sram  ( met3 )
Bounds : ( 484.900, 236.700 ) ( 487.900, 237.100 )


SHORT: ( Metal Short ) Special Wire of Net VSS & Blockage of Cell MainMemory_data_sram  ( met3 )
Bounds : ( 507.900, 207.720 ) ( 510.900, 208.120 )


SHORT: ( Metal Short ) Special Wire of Net VSS & Blockage of Cell MainMemory_data_sram  ( met3 )
Bounds : ( 507.900, 216.000 ) ( 510.900, 216.400 )


SHORT: ( Metal Short ) Special Wire of Net VSS & Blockage of Cell MainMemory_data_sram  ( met3 )
Bounds : ( 507.900, 224.280 ) ( 510.900, 224.680 )


SHORT: ( Metal Short ) Special Wire of Net VSS & Blockage of Cell MainMemory_data_sram  ( met3 )
Bounds : ( 507.900, 232.560 ) ( 510.900, 232.960 )


SHORT: ( Metal Short ) Special Wire of Net VSS & Blockage of Cell MainMemory_data_sram  ( met3 )
Bounds : ( 507.900, 240.840 ) ( 510.900, 241.240 )


SHORT: ( Metal Short ) Special Wire of Net VDD & Blockage of Cell MainMemory_data_sram  ( met2 )
Bounds : ( 434.900, 203.580 ) ( 437.900, 203.980 )


SHORT: ( Metal Short ) Special Wire of Net VDD & Blockage of Cell MainMemory_data_sram  ( met2 )
Bounds : ( 434.900, 211.860 ) ( 437.900, 212.260 )


SHORT: ( Metal Short ) Special Wire of Net VDD & Blockage of Cell MainMemory_data_sram  ( met2 )
Bounds : ( 434.900, 220.140 ) ( 437.900, 220.540 )


SHORT: ( Metal Short ) Special Wire of Net VDD & Blockage of Cell MainMemory_data_sram  ( met2 )
Bounds : ( 434.900, 228.420 ) ( 437.900, 228.820 )


SHORT: ( Metal Short ) Special Wire of Net VDD & Blockage of Cell MainMemory_data_sram  ( met2 )
Bounds : ( 434.900, 236.700 ) ( 437.900, 237.100 )


SHORT: ( Metal Short ) Special Wire of Net VSS & Blockage of Cell MainMemory_data_sram  ( met2 )
Bounds : ( 457.900, 207.720 ) ( 460.900, 208.120 )


SHORT: ( Metal Short ) Special Wire of Net VSS & Blockage of Cell MainMemory_data_sram  ( met2 )
Bounds : ( 457.900, 216.000 ) ( 460.900, 216.400 )


SHORT: ( Metal Short ) Special Wire of Net VSS & Blockage of Cell MainMemory_data_sram  ( met2 )
Bounds : ( 457.900, 224.280 ) ( 460.900, 224.680 )


SHORT: ( Metal Short ) Special Wire of Net VSS & Blockage of Cell MainMemory_data_sram  ( met2 )
Bounds : ( 457.900, 232.560 ) ( 460.900, 232.960 )


SHORT: ( Metal Short ) Special Wire of Net VSS & Blockage of Cell MainMemory_data_sram  ( met2 )
Bounds : ( 457.900, 240.840 ) ( 460.900, 241.240 )


SHORT: ( Metal Short ) Special Wire of Net VDD & Blockage of Cell MainMemory_data_sram  ( met3 )
Bounds : ( 434.900, 203.580 ) ( 437.900, 203.980 )


SHORT: ( Metal Short ) Special Wire of Net VDD & Blockage of Cell MainMemory_data_sram  ( met3 )
Bounds : ( 434.900, 211.860 ) ( 437.900, 212.260 )


SHORT: ( Metal Short ) Special Wire of Net VDD & Blockage of Cell MainMemory_data_sram  ( met3 )
Bounds : ( 434.900, 220.140 ) ( 437.900, 220.540 )


SHORT: ( Metal Short ) Special Wire of Net VDD & Blockage of Cell MainMemory_data_sram  ( met3 )
Bounds : ( 434.900, 228.420 ) ( 437.900, 228.820 )


SHORT: ( Metal Short ) Special Wire of Net VDD & Blockage of Cell MainMemory_data_sram  ( met3 )
Bounds : ( 434.900, 236.700 ) ( 437.900, 237.100 )


SHORT: ( Metal Short ) Special Wire of Net VSS & Blockage of Cell MainMemory_data_sram  ( met3 )
Bounds : ( 457.900, 207.720 ) ( 460.900, 208.120 )


SHORT: ( Metal Short ) Special Wire of Net VSS & Blockage of Cell MainMemory_data_sram  ( met3 )
Bounds : ( 457.900, 216.000 ) ( 460.900, 216.400 )


SHORT: ( Metal Short ) Special Wire of Net VSS & Blockage of Cell MainMemory_data_sram  ( met3 )
Bounds : ( 457.900, 224.280 ) ( 460.900, 224.680 )


SHORT: ( Metal Short ) Special Wire of Net VSS & Blockage of Cell MainMemory_data_sram  ( met3 )
Bounds : ( 457.900, 232.560 ) ( 460.900, 232.960 )


SHORT: ( Metal Short ) Special Wire of Net VSS & Blockage of Cell MainMemory_data_sram  ( met3 )
Bounds : ( 457.900, 240.840 ) ( 460.900, 241.240 )


SHORT: ( Metal Short ) Special Wire of Net VDD & Blockage of Cell MainMemory_data_sram  ( met2 )
Bounds : ( 484.900, 170.460 ) ( 487.900, 170.860 )


SHORT: ( Metal Short ) Special Wire of Net VDD & Blockage of Cell MainMemory_data_sram  ( met2 )
Bounds : ( 484.900, 178.740 ) ( 487.900, 179.140 )


SHORT: ( Metal Short ) Special Wire of Net VDD & Blockage of Cell MainMemory_data_sram  ( met2 )
Bounds : ( 484.900, 187.020 ) ( 487.900, 187.420 )


SHORT: ( Metal Short ) Special Wire of Net VSS & Blockage of Cell MainMemory_data_sram  ( met2 )
Bounds : ( 507.900, 166.320 ) ( 510.900, 166.720 )


SHORT: ( Metal Short ) Special Wire of Net VSS & Blockage of Cell MainMemory_data_sram  ( met2 )
Bounds : ( 507.900, 174.600 ) ( 510.900, 175.000 )


SHORT: ( Metal Short ) Special Wire of Net VSS & Blockage of Cell MainMemory_data_sram  ( met2 )
Bounds : ( 507.900, 182.880 ) ( 510.900, 183.280 )


SHORT: ( Metal Short ) Special Wire of Net VDD & Blockage of Cell MainMemory_data_sram  ( met3 )
Bounds : ( 484.900, 170.460 ) ( 487.900, 170.860 )


SHORT: ( Metal Short ) Special Wire of Net VDD & Blockage of Cell MainMemory_data_sram  ( met3 )
Bounds : ( 484.900, 178.740 ) ( 487.900, 179.140 )


SHORT: ( Metal Short ) Special Wire of Net VDD & Blockage of Cell MainMemory_data_sram  ( met3 )
Bounds : ( 484.900, 187.020 ) ( 487.900, 187.420 )


SHORT: ( Metal Short ) Special Wire of Net VSS & Blockage of Cell MainMemory_data_sram  ( met3 )
Bounds : ( 507.900, 166.320 ) ( 510.900, 166.720 )


SHORT: ( Metal Short ) Special Wire of Net VSS & Blockage of Cell MainMemory_data_sram  ( met3 )
Bounds : ( 507.900, 174.600 ) ( 510.900, 175.000 )


SHORT: ( Metal Short ) Special Wire of Net VSS & Blockage of Cell MainMemory_data_sram  ( met3 )
Bounds : ( 507.900, 182.880 ) ( 510.900, 183.280 )


SHORT: ( Metal Short ) Special Wire of Net VDD & Blockage of Cell MainMemory_data_sram  ( met2 )
Bounds : ( 484.900, 195.300 ) ( 487.900, 195.700 )


SHORT: ( Metal Short ) Special Wire of Net VSS & Blockage of Cell MainMemory_data_sram  ( met2 )
Bounds : ( 507.900, 191.160 ) ( 510.900, 191.560 )


SHORT: ( Metal Short ) Special Wire of Net VSS & Blockage of Cell MainMemory_data_sram  ( met2 )
Bounds : ( 507.900, 199.440 ) ( 510.900, 199.840 )


SHORT: ( Metal Short ) Special Wire of Net VDD & Blockage of Cell MainMemory_data_sram  ( met3 )
Bounds : ( 484.900, 195.300 ) ( 487.900, 195.700 )


SHORT: ( Metal Short ) Special Wire of Net VSS & Blockage of Cell MainMemory_data_sram  ( met3 )
Bounds : ( 507.900, 191.160 ) ( 510.900, 191.560 )


SHORT: ( Metal Short ) Special Wire of Net VSS & Blockage of Cell MainMemory_data_sram  ( met3 )
Bounds : ( 507.900, 199.440 ) ( 510.900, 199.840 )


SHORT: ( Metal Short ) Special Wire of Net VDD & Blockage of Cell MainMemory_data_sram  ( met2 )
Bounds : ( 434.900, 170.460 ) ( 437.900, 170.860 )


SHORT: ( Metal Short ) Special Wire of Net VDD & Blockage of Cell MainMemory_data_sram  ( met2 )
Bounds : ( 434.900, 178.740 ) ( 437.900, 179.140 )


SHORT: ( Metal Short ) Special Wire of Net VDD & Blockage of Cell MainMemory_data_sram  ( met2 )
Bounds : ( 434.900, 187.020 ) ( 437.900, 187.420 )


SHORT: ( Metal Short ) Special Wire of Net VSS & Blockage of Cell MainMemory_data_sram  ( met2 )
Bounds : ( 457.900, 166.320 ) ( 460.900, 166.720 )


SHORT: ( Metal Short ) Special Wire of Net VSS & Blockage of Cell MainMemory_data_sram  ( met2 )
Bounds : ( 457.900, 174.600 ) ( 460.900, 175.000 )


SHORT: ( Metal Short ) Special Wire of Net VSS & Blockage of Cell MainMemory_data_sram  ( met2 )
Bounds : ( 457.900, 182.880 ) ( 460.900, 183.280 )


SHORT: ( Metal Short ) Special Wire of Net VDD & Blockage of Cell MainMemory_data_sram  ( met3 )
Bounds : ( 434.900, 170.460 ) ( 437.900, 170.860 )


SHORT: ( Metal Short ) Special Wire of Net VDD & Blockage of Cell MainMemory_data_sram  ( met3 )
Bounds : ( 434.900, 178.740 ) ( 437.900, 179.140 )


SHORT: ( Metal Short ) Special Wire of Net VDD & Blockage of Cell MainMemory_data_sram  ( met3 )
Bounds : ( 434.900, 187.020 ) ( 437.900, 187.420 )


SHORT: ( Metal Short ) Special Wire of Net VSS & Blockage of Cell MainMemory_data_sram  ( met3 )
Bounds : ( 457.900, 166.320 ) ( 460.900, 166.720 )


SHORT: ( Metal Short ) Special Wire of Net VSS & Blockage of Cell MainMemory_data_sram  ( met3 )
Bounds : ( 457.900, 174.600 ) ( 460.900, 175.000 )


SHORT: ( Metal Short ) Special Wire of Net VSS & Blockage of Cell MainMemory_data_sram  ( met3 )
Bounds : ( 457.900, 182.880 ) ( 460.900, 183.280 )


SHORT: ( Metal Short ) Special Wire of Net VDD & Blockage of Cell MainMemory_data_sram  ( met2 )
Bounds : ( 434.900, 195.300 ) ( 437.900, 195.700 )


SHORT: ( Metal Short ) Special Wire of Net VSS & Blockage of Cell MainMemory_data_sram  ( met2 )
Bounds : ( 457.900, 191.160 ) ( 460.900, 191.560 )


SHORT: ( Metal Short ) Special Wire of Net VSS & Blockage of Cell MainMemory_data_sram  ( met2 )
Bounds : ( 457.900, 199.440 ) ( 460.900, 199.840 )


SHORT: ( Metal Short ) Special Wire of Net VDD & Blockage of Cell MainMemory_data_sram  ( met3 )
Bounds : ( 434.900, 195.300 ) ( 437.900, 195.700 )


SHORT: ( Metal Short ) Special Wire of Net VSS & Blockage of Cell MainMemory_data_sram  ( met3 )
Bounds : ( 457.900, 191.160 ) ( 460.900, 191.560 )


SHORT: ( Metal Short ) Special Wire of Net VSS & Blockage of Cell MainMemory_data_sram  ( met3 )
Bounds : ( 457.900, 199.440 ) ( 460.900, 199.840 )


SHORT: ( Metal Short ) Special Wire of Net VSS & Blockage of Cell MainMemory_data_sram  ( met2 )
Bounds : ( 407.900, 207.720 ) ( 410.900, 208.120 )


SHORT: ( Metal Short ) Special Wire of Net VSS & Blockage of Cell MainMemory_data_sram  ( met2 )
Bounds : ( 407.900, 216.000 ) ( 410.900, 216.400 )


SHORT: ( Metal Short ) Special Wire of Net VSS & Blockage of Cell MainMemory_data_sram  ( met2 )
Bounds : ( 407.900, 224.280 ) ( 410.900, 224.680 )


SHORT: ( Metal Short ) Special Wire of Net VSS & Blockage of Cell MainMemory_data_sram  ( met2 )
Bounds : ( 407.900, 232.560 ) ( 410.900, 232.960 )


SHORT: ( Metal Short ) Special Wire of Net VSS & Blockage of Cell MainMemory_data_sram  ( met2 )
Bounds : ( 407.900, 240.840 ) ( 410.900, 241.240 )


SHORT: ( Metal Short ) Special Wire of Net VSS & Blockage of Cell MainMemory_data_sram  ( met3 )
Bounds : ( 407.900, 207.720 ) ( 410.900, 208.120 )


SHORT: ( Metal Short ) Special Wire of Net VSS & Blockage of Cell MainMemory_data_sram  ( met3 )
Bounds : ( 407.900, 216.000 ) ( 410.900, 216.400 )


SHORT: ( Metal Short ) Special Wire of Net VSS & Blockage of Cell MainMemory_data_sram  ( met3 )
Bounds : ( 407.900, 224.280 ) ( 410.900, 224.680 )


SHORT: ( Metal Short ) Special Wire of Net VSS & Blockage of Cell MainMemory_data_sram  ( met3 )
Bounds : ( 407.900, 232.560 ) ( 410.900, 232.960 )


SHORT: ( Metal Short ) Special Wire of Net VSS & Blockage of Cell MainMemory_data_sram  ( met3 )
Bounds : ( 407.900, 240.840 ) ( 410.900, 241.240 )


SHORT: ( Metal Short ) Special Wire of Net VSS & Blockage of Cell MainMemory_data_sram  ( met2 )
Bounds : ( 357.900, 207.720 ) ( 360.900, 208.120 )


SHORT: ( Metal Short ) Special Wire of Net VSS & Blockage of Cell MainMemory_data_sram  ( met2 )
Bounds : ( 357.900, 216.000 ) ( 360.900, 216.400 )


SHORT: ( Metal Short ) Special Wire of Net VSS & Blockage of Cell MainMemory_data_sram  ( met2 )
Bounds : ( 357.900, 224.280 ) ( 360.900, 224.680 )


SHORT: ( Metal Short ) Special Wire of Net VSS & Blockage of Cell MainMemory_data_sram  ( met2 )
Bounds : ( 357.900, 232.560 ) ( 360.900, 232.960 )


SHORT: ( Metal Short ) Special Wire of Net VSS & Blockage of Cell MainMemory_data_sram  ( met2 )
Bounds : ( 357.900, 240.840 ) ( 360.900, 241.240 )


SHORT: ( Metal Short ) Special Wire of Net VDD & Blockage of Cell MainMemory_data_sram  ( met2 )
Bounds : ( 384.900, 203.580 ) ( 387.900, 203.980 )


SHORT: ( Metal Short ) Special Wire of Net VDD & Blockage of Cell MainMemory_data_sram  ( met2 )
Bounds : ( 384.900, 211.860 ) ( 387.900, 212.260 )


SHORT: ( Metal Short ) Special Wire of Net VDD & Blockage of Cell MainMemory_data_sram  ( met2 )
Bounds : ( 384.900, 220.140 ) ( 387.900, 220.540 )


SHORT: ( Metal Short ) Special Wire of Net VDD & Blockage of Cell MainMemory_data_sram  ( met2 )
Bounds : ( 384.900, 228.420 ) ( 387.900, 228.820 )


SHORT: ( Metal Short ) Special Wire of Net VDD & Blockage of Cell MainMemory_data_sram  ( met2 )
Bounds : ( 384.900, 236.700 ) ( 387.900, 237.100 )


SHORT: ( Metal Short ) Special Wire of Net VSS & Blockage of Cell MainMemory_data_sram  ( met3 )
Bounds : ( 357.900, 207.720 ) ( 360.900, 208.120 )


SHORT: ( Metal Short ) Special Wire of Net VSS & Blockage of Cell MainMemory_data_sram  ( met3 )
Bounds : ( 357.900, 216.000 ) ( 360.900, 216.400 )


SHORT: ( Metal Short ) Special Wire of Net VSS & Blockage of Cell MainMemory_data_sram  ( met3 )
Bounds : ( 357.900, 224.280 ) ( 360.900, 224.680 )


SHORT: ( Metal Short ) Special Wire of Net VSS & Blockage of Cell MainMemory_data_sram  ( met3 )
Bounds : ( 357.900, 232.560 ) ( 360.900, 232.960 )


SHORT: ( Metal Short ) Special Wire of Net VSS & Blockage of Cell MainMemory_data_sram  ( met3 )
Bounds : ( 357.900, 240.840 ) ( 360.900, 241.240 )


SHORT: ( Metal Short ) Special Wire of Net VDD & Blockage of Cell MainMemory_data_sram  ( met3 )
Bounds : ( 384.900, 203.580 ) ( 387.900, 203.980 )


SHORT: ( Metal Short ) Special Wire of Net VDD & Blockage of Cell MainMemory_data_sram  ( met3 )
Bounds : ( 384.900, 211.860 ) ( 387.900, 212.260 )


SHORT: ( Metal Short ) Special Wire of Net VDD & Blockage of Cell MainMemory_data_sram  ( met3 )
Bounds : ( 384.900, 220.140 ) ( 387.900, 220.540 )


SHORT: ( Metal Short ) Special Wire of Net VDD & Blockage of Cell MainMemory_data_sram  ( met3 )
Bounds : ( 384.900, 228.420 ) ( 387.900, 228.820 )


SHORT: ( Metal Short ) Special Wire of Net VDD & Blockage of Cell MainMemory_data_sram  ( met3 )
Bounds : ( 384.900, 236.700 ) ( 387.900, 237.100 )


SHORT: ( Metal Short ) Special Wire of Net VSS & Blockage of Cell MainMemory_data_sram  ( met2 )
Bounds : ( 357.900, 166.320 ) ( 360.900, 166.720 )


SHORT: ( Metal Short ) Special Wire of Net VSS & Blockage of Cell MainMemory_data_sram  ( met2 )
Bounds : ( 357.900, 174.600 ) ( 360.900, 175.000 )


SHORT: ( Metal Short ) Special Wire of Net VSS & Blockage of Cell MainMemory_data_sram  ( met2 )
Bounds : ( 357.900, 182.880 ) ( 360.900, 183.280 )


SHORT: ( Metal Short ) Special Wire of Net VDD & Blockage of Cell MainMemory_data_sram  ( met2 )
Bounds : ( 384.900, 170.460 ) ( 387.900, 170.860 )


SHORT: ( Metal Short ) Special Wire of Net VDD & Blockage of Cell MainMemory_data_sram  ( met2 )
Bounds : ( 384.900, 178.740 ) ( 387.900, 179.140 )


SHORT: ( Metal Short ) Special Wire of Net VDD & Blockage of Cell MainMemory_data_sram  ( met2 )
Bounds : ( 384.900, 187.020 ) ( 387.900, 187.420 )


SHORT: ( Metal Short ) Special Wire of Net VSS & Blockage of Cell MainMemory_data_sram  ( met2 )
Bounds : ( 407.900, 166.320 ) ( 410.900, 166.720 )


SHORT: ( Metal Short ) Special Wire of Net VSS & Blockage of Cell MainMemory_data_sram  ( met2 )
Bounds : ( 407.900, 174.600 ) ( 410.900, 175.000 )


SHORT: ( Metal Short ) Special Wire of Net VSS & Blockage of Cell MainMemory_data_sram  ( met2 )
Bounds : ( 407.900, 182.880 ) ( 410.900, 183.280 )


SHORT: ( Metal Short ) Special Wire of Net VSS & Blockage of Cell MainMemory_data_sram  ( met3 )
Bounds : ( 357.900, 166.320 ) ( 360.900, 166.720 )


SHORT: ( Metal Short ) Special Wire of Net VSS & Blockage of Cell MainMemory_data_sram  ( met3 )
Bounds : ( 357.900, 174.600 ) ( 360.900, 175.000 )


SHORT: ( Metal Short ) Special Wire of Net VSS & Blockage of Cell MainMemory_data_sram  ( met3 )
Bounds : ( 357.900, 182.880 ) ( 360.900, 183.280 )


SHORT: ( Metal Short ) Special Wire of Net VDD & Blockage of Cell MainMemory_data_sram  ( met3 )
Bounds : ( 384.900, 170.460 ) ( 387.900, 170.860 )


SHORT: ( Metal Short ) Special Wire of Net VDD & Blockage of Cell MainMemory_data_sram  ( met3 )
Bounds : ( 384.900, 178.740 ) ( 387.900, 179.140 )


SHORT: ( Metal Short ) Special Wire of Net VDD & Blockage of Cell MainMemory_data_sram  ( met3 )
Bounds : ( 384.900, 187.020 ) ( 387.900, 187.420 )


SHORT: ( Metal Short ) Special Wire of Net VSS & Blockage of Cell MainMemory_data_sram  ( met3 )
Bounds : ( 407.900, 166.320 ) ( 410.900, 166.720 )


SHORT: ( Metal Short ) Special Wire of Net VSS & Blockage of Cell MainMemory_data_sram  ( met3 )
Bounds : ( 407.900, 174.600 ) ( 410.900, 175.000 )


SHORT: ( Metal Short ) Special Wire of Net VSS & Blockage of Cell MainMemory_data_sram  ( met3 )
Bounds : ( 407.900, 182.880 ) ( 410.900, 183.280 )


SHORT: ( Metal Short ) Special Wire of Net VSS & Blockage of Cell MainMemory_data_sram  ( met2 )
Bounds : ( 357.900, 191.160 ) ( 360.900, 191.560 )


SHORT: ( Metal Short ) Special Wire of Net VSS & Blockage of Cell MainMemory_data_sram  ( met2 )
Bounds : ( 357.900, 199.440 ) ( 360.900, 199.840 )


SHORT: ( Metal Short ) Special Wire of Net VDD & Blockage of Cell MainMemory_data_sram  ( met2 )
Bounds : ( 384.900, 195.300 ) ( 387.900, 195.700 )


SHORT: ( Metal Short ) Special Wire of Net VSS & Blockage of Cell MainMemory_data_sram  ( met2 )
Bounds : ( 407.900, 191.160 ) ( 410.900, 191.560 )


SHORT: ( Metal Short ) Special Wire of Net VSS & Blockage of Cell MainMemory_data_sram  ( met2 )
Bounds : ( 407.900, 199.440 ) ( 410.900, 199.840 )


SHORT: ( Metal Short ) Special Wire of Net VSS & Blockage of Cell MainMemory_data_sram  ( met3 )
Bounds : ( 357.900, 191.160 ) ( 360.900, 191.560 )


SHORT: ( Metal Short ) Special Wire of Net VSS & Blockage of Cell MainMemory_data_sram  ( met3 )
Bounds : ( 357.900, 199.440 ) ( 360.900, 199.840 )


SHORT: ( Metal Short ) Special Wire of Net VDD & Blockage of Cell MainMemory_data_sram  ( met3 )
Bounds : ( 384.900, 195.300 ) ( 387.900, 195.700 )


SHORT: ( Metal Short ) Special Wire of Net VSS & Blockage of Cell MainMemory_data_sram  ( met3 )
Bounds : ( 407.900, 191.160 ) ( 410.900, 191.560 )


SHORT: ( Metal Short ) Special Wire of Net VSS & Blockage of Cell MainMemory_data_sram  ( met3 )
Bounds : ( 407.900, 199.440 ) ( 410.900, 199.840 )


SHORT: ( Metal Short ) Special Wire of Net VDD & Blockage of Cell MainMemory_data_sram  ( met2 )
Bounds : ( 334.900, 286.380 ) ( 337.900, 286.780 )


SHORT: ( Metal Short ) Special Wire of Net VDD & Blockage of Cell MainMemory_data_sram  ( met2 )
Bounds : ( 334.900, 294.660 ) ( 337.900, 295.060 )


SHORT: ( Metal Short ) Special Wire of Net VDD & Blockage of Cell MainMemory_data_sram  ( met2 )
Bounds : ( 334.900, 302.940 ) ( 337.900, 303.340 )


SHORT: ( Metal Short ) Special Wire of Net VDD & Blockage of Cell MainMemory_data_sram  ( met2 )
Bounds : ( 334.900, 311.220 ) ( 337.900, 311.620 )


SHORT: ( Metal Short ) Special Wire of Net VDD & Blockage of Cell MainMemory_data_sram  ( met2 )
Bounds : ( 334.900, 319.500 ) ( 337.900, 319.900 )


SHORT: ( Metal Short ) Special Wire of Net VDD & Blockage of Cell MainMemory_data_sram  ( met3 )
Bounds : ( 334.900, 286.380 ) ( 337.900, 286.780 )


SHORT: ( Metal Short ) Special Wire of Net VDD & Blockage of Cell MainMemory_data_sram  ( met3 )
Bounds : ( 334.900, 294.660 ) ( 337.900, 295.060 )


SHORT: ( Metal Short ) Special Wire of Net VDD & Blockage of Cell MainMemory_data_sram  ( met3 )
Bounds : ( 334.900, 302.940 ) ( 337.900, 303.340 )


SHORT: ( Metal Short ) Special Wire of Net VDD & Blockage of Cell MainMemory_data_sram  ( met3 )
Bounds : ( 334.900, 311.220 ) ( 337.900, 311.620 )


SHORT: ( Metal Short ) Special Wire of Net VDD & Blockage of Cell MainMemory_data_sram  ( met3 )
Bounds : ( 334.900, 319.500 ) ( 337.900, 319.900 )


SHORT: ( Metal Short ) Special Wire of Net VDD & Blockage of Cell MainMemory_data_sram  ( met2 )
Bounds : ( 284.900, 286.380 ) ( 287.900, 286.780 )


SHORT: ( Metal Short ) Special Wire of Net VDD & Blockage of Cell MainMemory_data_sram  ( met2 )
Bounds : ( 284.900, 294.660 ) ( 287.900, 295.060 )


SHORT: ( Metal Short ) Special Wire of Net VDD & Blockage of Cell MainMemory_data_sram  ( met2 )
Bounds : ( 284.900, 302.940 ) ( 287.900, 303.340 )


SHORT: ( Metal Short ) Special Wire of Net VDD & Blockage of Cell MainMemory_data_sram  ( met2 )
Bounds : ( 284.900, 311.220 ) ( 287.900, 311.620 )


SHORT: ( Metal Short ) Special Wire of Net VDD & Blockage of Cell MainMemory_data_sram  ( met2 )
Bounds : ( 284.900, 319.500 ) ( 287.900, 319.900 )


SHORT: ( Metal Short ) Special Wire of Net VDD & Blockage of Cell MainMemory_data_sram  ( met3 )
Bounds : ( 284.900, 286.380 ) ( 287.900, 286.780 )


SHORT: ( Metal Short ) Special Wire of Net VDD & Blockage of Cell MainMemory_data_sram  ( met3 )
Bounds : ( 284.900, 294.660 ) ( 287.900, 295.060 )


SHORT: ( Metal Short ) Special Wire of Net VDD & Blockage of Cell MainMemory_data_sram  ( met3 )
Bounds : ( 284.900, 302.940 ) ( 287.900, 303.340 )


SHORT: ( Metal Short ) Special Wire of Net VDD & Blockage of Cell MainMemory_data_sram  ( met3 )
Bounds : ( 284.900, 311.220 ) ( 287.900, 311.620 )


SHORT: ( Metal Short ) Special Wire of Net VDD & Blockage of Cell MainMemory_data_sram  ( met3 )
Bounds : ( 284.900, 319.500 ) ( 287.900, 319.900 )


SHORT: ( Metal Short ) Special Wire of Net VSS & Blockage of Cell MainMemory_data_sram  ( met2 )
Bounds : ( 307.900, 290.520 ) ( 310.900, 290.920 )


SHORT: ( Metal Short ) Special Wire of Net VSS & Blockage of Cell MainMemory_data_sram  ( met2 )
Bounds : ( 307.900, 298.800 ) ( 310.900, 299.200 )


SHORT: ( Metal Short ) Special Wire of Net VSS & Blockage of Cell MainMemory_data_sram  ( met2 )
Bounds : ( 307.900, 307.080 ) ( 310.900, 307.480 )


SHORT: ( Metal Short ) Special Wire of Net VSS & Blockage of Cell MainMemory_data_sram  ( met2 )
Bounds : ( 307.900, 315.360 ) ( 310.900, 315.760 )


SHORT: ( Metal Short ) Special Wire of Net VSS & Blockage of Cell MainMemory_data_sram  ( met2 )
Bounds : ( 307.900, 323.640 ) ( 310.900, 324.040 )


SHORT: ( Metal Short ) Special Wire of Net VSS & Blockage of Cell MainMemory_data_sram  ( met3 )
Bounds : ( 307.900, 290.520 ) ( 310.900, 290.920 )


SHORT: ( Metal Short ) Special Wire of Net VSS & Blockage of Cell MainMemory_data_sram  ( met3 )
Bounds : ( 307.900, 298.800 ) ( 310.900, 299.200 )


SHORT: ( Metal Short ) Special Wire of Net VSS & Blockage of Cell MainMemory_data_sram  ( met3 )
Bounds : ( 307.900, 307.080 ) ( 310.900, 307.480 )


SHORT: ( Metal Short ) Special Wire of Net VSS & Blockage of Cell MainMemory_data_sram  ( met3 )
Bounds : ( 307.900, 315.360 ) ( 310.900, 315.760 )


SHORT: ( Metal Short ) Special Wire of Net VSS & Blockage of Cell MainMemory_data_sram  ( met3 )
Bounds : ( 307.900, 323.640 ) ( 310.900, 324.040 )


SHORT: ( Metal Short ) Special Wire of Net VDD & Blockage of Cell MainMemory_data_sram  ( met2 )
Bounds : ( 334.900, 244.980 ) ( 337.900, 245.380 )


SHORT: ( Metal Short ) Special Wire of Net VDD & Blockage of Cell MainMemory_data_sram  ( met2 )
Bounds : ( 334.900, 253.260 ) ( 337.900, 253.660 )


SHORT: ( Metal Short ) Special Wire of Net VDD & Blockage of Cell MainMemory_data_sram  ( met2 )
Bounds : ( 334.900, 261.540 ) ( 337.900, 261.940 )


SHORT: ( Metal Short ) Special Wire of Net VDD & Blockage of Cell MainMemory_data_sram  ( met2 )
Bounds : ( 334.900, 269.820 ) ( 337.900, 270.220 )


SHORT: ( Metal Short ) Special Wire of Net VDD & Blockage of Cell MainMemory_data_sram  ( met2 )
Bounds : ( 334.900, 278.100 ) ( 337.900, 278.500 )


SHORT: ( Metal Short ) Special Wire of Net VDD & Blockage of Cell MainMemory_data_sram  ( met3 )
Bounds : ( 334.900, 244.980 ) ( 337.900, 245.380 )


SHORT: ( Metal Short ) Special Wire of Net VDD & Blockage of Cell MainMemory_data_sram  ( met3 )
Bounds : ( 334.900, 253.260 ) ( 337.900, 253.660 )


SHORT: ( Metal Short ) Special Wire of Net VDD & Blockage of Cell MainMemory_data_sram  ( met3 )
Bounds : ( 334.900, 261.540 ) ( 337.900, 261.940 )


SHORT: ( Metal Short ) Special Wire of Net VDD & Blockage of Cell MainMemory_data_sram  ( met3 )
Bounds : ( 334.900, 269.820 ) ( 337.900, 270.220 )


SHORT: ( Metal Short ) Special Wire of Net VDD & Blockage of Cell MainMemory_data_sram  ( met3 )
Bounds : ( 334.900, 278.100 ) ( 337.900, 278.500 )


SHORT: ( Metal Short ) Special Wire of Net VDD & Blockage of Cell MainMemory_data_sram  ( met2 )
Bounds : ( 284.900, 244.980 ) ( 287.900, 245.380 )


SHORT: ( Metal Short ) Special Wire of Net VDD & Blockage of Cell MainMemory_data_sram  ( met2 )
Bounds : ( 284.900, 253.260 ) ( 287.900, 253.660 )


SHORT: ( Metal Short ) Special Wire of Net VDD & Blockage of Cell MainMemory_data_sram  ( met2 )
Bounds : ( 284.900, 261.540 ) ( 287.900, 261.940 )


SHORT: ( Metal Short ) Special Wire of Net VDD & Blockage of Cell MainMemory_data_sram  ( met2 )
Bounds : ( 284.900, 269.820 ) ( 287.900, 270.220 )


SHORT: ( Metal Short ) Special Wire of Net VDD & Blockage of Cell MainMemory_data_sram  ( met2 )
Bounds : ( 284.900, 278.100 ) ( 287.900, 278.500 )


SHORT: ( Metal Short ) Special Wire of Net VDD & Blockage of Cell MainMemory_data_sram  ( met3 )
Bounds : ( 284.900, 244.980 ) ( 287.900, 245.380 )


SHORT: ( Metal Short ) Special Wire of Net VDD & Blockage of Cell MainMemory_data_sram  ( met3 )
Bounds : ( 284.900, 253.260 ) ( 287.900, 253.660 )


SHORT: ( Metal Short ) Special Wire of Net VDD & Blockage of Cell MainMemory_data_sram  ( met3 )
Bounds : ( 284.900, 261.540 ) ( 287.900, 261.940 )


SHORT: ( Metal Short ) Special Wire of Net VDD & Blockage of Cell MainMemory_data_sram  ( met3 )
Bounds : ( 284.900, 269.820 ) ( 287.900, 270.220 )


SHORT: ( Metal Short ) Special Wire of Net VDD & Blockage of Cell MainMemory_data_sram  ( met3 )
Bounds : ( 284.900, 278.100 ) ( 287.900, 278.500 )


SHORT: ( Metal Short ) Special Wire of Net VSS & Blockage of Cell MainMemory_data_sram  ( met2 )
Bounds : ( 307.900, 249.120 ) ( 310.900, 249.520 )


SHORT: ( Metal Short ) Special Wire of Net VSS & Blockage of Cell MainMemory_data_sram  ( met2 )
Bounds : ( 307.900, 257.400 ) ( 310.900, 257.800 )


SHORT: ( Metal Short ) Special Wire of Net VSS & Blockage of Cell MainMemory_data_sram  ( met2 )
Bounds : ( 307.900, 265.680 ) ( 310.900, 266.080 )


SHORT: ( Metal Short ) Special Wire of Net VSS & Blockage of Cell MainMemory_data_sram  ( met2 )
Bounds : ( 307.900, 273.960 ) ( 310.900, 274.360 )


SHORT: ( Metal Short ) Special Wire of Net VSS & Blockage of Cell MainMemory_data_sram  ( met2 )
Bounds : ( 307.900, 282.240 ) ( 310.900, 282.640 )


SHORT: ( Metal Short ) Special Wire of Net VSS & Blockage of Cell MainMemory_data_sram  ( met3 )
Bounds : ( 307.900, 249.120 ) ( 310.900, 249.520 )


SHORT: ( Metal Short ) Special Wire of Net VSS & Blockage of Cell MainMemory_data_sram  ( met3 )
Bounds : ( 307.900, 257.400 ) ( 310.900, 257.800 )


SHORT: ( Metal Short ) Special Wire of Net VSS & Blockage of Cell MainMemory_data_sram  ( met3 )
Bounds : ( 307.900, 265.680 ) ( 310.900, 266.080 )


SHORT: ( Metal Short ) Special Wire of Net VSS & Blockage of Cell MainMemory_data_sram  ( met3 )
Bounds : ( 307.900, 273.960 ) ( 310.900, 274.360 )


SHORT: ( Metal Short ) Special Wire of Net VSS & Blockage of Cell MainMemory_data_sram  ( met3 )
Bounds : ( 307.900, 282.240 ) ( 310.900, 282.640 )


SHORT: ( Metal Short ) Special Wire of Net VDD & Blockage of Cell MainMemory_data_sram  ( met2 )
Bounds : ( 234.900, 286.380 ) ( 237.900, 286.780 )


SHORT: ( Metal Short ) Special Wire of Net VDD & Blockage of Cell MainMemory_data_sram  ( met2 )
Bounds : ( 234.900, 294.660 ) ( 237.900, 295.060 )


SHORT: ( Metal Short ) Special Wire of Net VDD & Blockage of Cell MainMemory_data_sram  ( met2 )
Bounds : ( 234.900, 302.940 ) ( 237.900, 303.340 )


SHORT: ( Metal Short ) Special Wire of Net VDD & Blockage of Cell MainMemory_data_sram  ( met2 )
Bounds : ( 234.900, 311.220 ) ( 237.900, 311.620 )


SHORT: ( Metal Short ) Special Wire of Net VDD & Blockage of Cell MainMemory_data_sram  ( met2 )
Bounds : ( 234.900, 319.500 ) ( 237.900, 319.900 )


SHORT: ( Metal Short ) Special Wire of Net VSS & Blockage of Cell MainMemory_data_sram  ( met2 )
Bounds : ( 257.900, 290.520 ) ( 260.900, 290.920 )


SHORT: ( Metal Short ) Special Wire of Net VSS & Blockage of Cell MainMemory_data_sram  ( met2 )
Bounds : ( 257.900, 298.800 ) ( 260.900, 299.200 )


SHORT: ( Metal Short ) Special Wire of Net VSS & Blockage of Cell MainMemory_data_sram  ( met2 )
Bounds : ( 257.900, 307.080 ) ( 260.900, 307.480 )


SHORT: ( Metal Short ) Special Wire of Net VSS & Blockage of Cell MainMemory_data_sram  ( met2 )
Bounds : ( 257.900, 315.360 ) ( 260.900, 315.760 )


SHORT: ( Metal Short ) Special Wire of Net VSS & Blockage of Cell MainMemory_data_sram  ( met2 )
Bounds : ( 257.900, 323.640 ) ( 260.900, 324.040 )


SHORT: ( Metal Short ) Special Wire of Net VDD & Blockage of Cell MainMemory_data_sram  ( met3 )
Bounds : ( 234.900, 286.380 ) ( 237.900, 286.780 )


SHORT: ( Metal Short ) Special Wire of Net VDD & Blockage of Cell MainMemory_data_sram  ( met3 )
Bounds : ( 234.900, 294.660 ) ( 237.900, 295.060 )


SHORT: ( Metal Short ) Special Wire of Net VDD & Blockage of Cell MainMemory_data_sram  ( met3 )
Bounds : ( 234.900, 302.940 ) ( 237.900, 303.340 )


SHORT: ( Metal Short ) Special Wire of Net VDD & Blockage of Cell MainMemory_data_sram  ( met3 )
Bounds : ( 234.900, 311.220 ) ( 237.900, 311.620 )


SHORT: ( Metal Short ) Special Wire of Net VDD & Blockage of Cell MainMemory_data_sram  ( met3 )
Bounds : ( 234.900, 319.500 ) ( 237.900, 319.900 )


SHORT: ( Metal Short ) Special Wire of Net VSS & Blockage of Cell MainMemory_data_sram  ( met3 )
Bounds : ( 257.900, 290.520 ) ( 260.900, 290.920 )


SHORT: ( Metal Short ) Special Wire of Net VSS & Blockage of Cell MainMemory_data_sram  ( met3 )
Bounds : ( 257.900, 298.800 ) ( 260.900, 299.200 )


SHORT: ( Metal Short ) Special Wire of Net VSS & Blockage of Cell MainMemory_data_sram  ( met3 )
Bounds : ( 257.900, 307.080 ) ( 260.900, 307.480 )


SHORT: ( Metal Short ) Special Wire of Net VSS & Blockage of Cell MainMemory_data_sram  ( met3 )
Bounds : ( 257.900, 315.360 ) ( 260.900, 315.760 )


SHORT: ( Metal Short ) Special Wire of Net VSS & Blockage of Cell MainMemory_data_sram  ( met3 )
Bounds : ( 257.900, 323.640 ) ( 260.900, 324.040 )


SHORT: ( Metal Short ) Special Wire of Net VSS & Blockage of Cell MainMemory_data_sram  ( met2 )
Bounds : ( 207.900, 290.520 ) ( 210.900, 290.920 )


SHORT: ( Metal Short ) Special Wire of Net VSS & Blockage of Cell MainMemory_data_sram  ( met2 )
Bounds : ( 207.900, 298.800 ) ( 210.900, 299.200 )


SHORT: ( Metal Short ) Special Wire of Net VSS & Blockage of Cell MainMemory_data_sram  ( met2 )
Bounds : ( 207.900, 307.080 ) ( 210.900, 307.480 )


SHORT: ( Metal Short ) Special Wire of Net VSS & Blockage of Cell MainMemory_data_sram  ( met2 )
Bounds : ( 207.900, 315.360 ) ( 210.900, 315.760 )


SHORT: ( Metal Short ) Special Wire of Net VSS & Blockage of Cell MainMemory_data_sram  ( met2 )
Bounds : ( 207.900, 323.640 ) ( 210.900, 324.040 )


SHORT: ( Metal Short ) Special Wire of Net VSS & Blockage of Cell MainMemory_data_sram  ( met3 )
Bounds : ( 207.900, 290.520 ) ( 210.900, 290.920 )


SHORT: ( Metal Short ) Special Wire of Net VSS & Blockage of Cell MainMemory_data_sram  ( met3 )
Bounds : ( 207.900, 298.800 ) ( 210.900, 299.200 )


SHORT: ( Metal Short ) Special Wire of Net VSS & Blockage of Cell MainMemory_data_sram  ( met3 )
Bounds : ( 207.900, 307.080 ) ( 210.900, 307.480 )


SHORT: ( Metal Short ) Special Wire of Net VSS & Blockage of Cell MainMemory_data_sram  ( met3 )
Bounds : ( 207.900, 315.360 ) ( 210.900, 315.760 )


SHORT: ( Metal Short ) Special Wire of Net VSS & Blockage of Cell MainMemory_data_sram  ( met3 )
Bounds : ( 207.900, 323.640 ) ( 210.900, 324.040 )


SHORT: ( Metal Short ) Special Wire of Net VDD & Blockage of Cell MainMemory_data_sram  ( met2 )
Bounds : ( 234.900, 244.980 ) ( 237.900, 245.380 )


SHORT: ( Metal Short ) Special Wire of Net VDD & Blockage of Cell MainMemory_data_sram  ( met2 )
Bounds : ( 234.900, 253.260 ) ( 237.900, 253.660 )


SHORT: ( Metal Short ) Special Wire of Net VDD & Blockage of Cell MainMemory_data_sram  ( met2 )
Bounds : ( 234.900, 261.540 ) ( 237.900, 261.940 )


SHORT: ( Metal Short ) Special Wire of Net VDD & Blockage of Cell MainMemory_data_sram  ( met2 )
Bounds : ( 234.900, 269.820 ) ( 237.900, 270.220 )


SHORT: ( Metal Short ) Special Wire of Net VDD & Blockage of Cell MainMemory_data_sram  ( met2 )
Bounds : ( 234.900, 278.100 ) ( 237.900, 278.500 )


SHORT: ( Metal Short ) Special Wire of Net VSS & Blockage of Cell MainMemory_data_sram  ( met2 )
Bounds : ( 257.900, 249.120 ) ( 260.900, 249.520 )


SHORT: ( Metal Short ) Special Wire of Net VSS & Blockage of Cell MainMemory_data_sram  ( met2 )
Bounds : ( 257.900, 257.400 ) ( 260.900, 257.800 )


SHORT: ( Metal Short ) Special Wire of Net VSS & Blockage of Cell MainMemory_data_sram  ( met2 )
Bounds : ( 257.900, 265.680 ) ( 260.900, 266.080 )


SHORT: ( Metal Short ) Special Wire of Net VSS & Blockage of Cell MainMemory_data_sram  ( met2 )
Bounds : ( 257.900, 273.960 ) ( 260.900, 274.360 )


SHORT: ( Metal Short ) Special Wire of Net VSS & Blockage of Cell MainMemory_data_sram  ( met2 )
Bounds : ( 257.900, 282.240 ) ( 260.900, 282.640 )


SHORT: ( Metal Short ) Special Wire of Net VDD & Blockage of Cell MainMemory_data_sram  ( met3 )
Bounds : ( 234.900, 244.980 ) ( 237.900, 245.380 )


SHORT: ( Metal Short ) Special Wire of Net VDD & Blockage of Cell MainMemory_data_sram  ( met3 )
Bounds : ( 234.900, 253.260 ) ( 237.900, 253.660 )


SHORT: ( Metal Short ) Special Wire of Net VDD & Blockage of Cell MainMemory_data_sram  ( met3 )
Bounds : ( 234.900, 261.540 ) ( 237.900, 261.940 )


SHORT: ( Metal Short ) Special Wire of Net VDD & Blockage of Cell MainMemory_data_sram  ( met3 )
Bounds : ( 234.900, 269.820 ) ( 237.900, 270.220 )


SHORT: ( Metal Short ) Special Wire of Net VDD & Blockage of Cell MainMemory_data_sram  ( met3 )
Bounds : ( 234.900, 278.100 ) ( 237.900, 278.500 )


SHORT: ( Metal Short ) Special Wire of Net VSS & Blockage of Cell MainMemory_data_sram  ( met3 )
Bounds : ( 257.900, 249.120 ) ( 260.900, 249.520 )


SHORT: ( Metal Short ) Special Wire of Net VSS & Blockage of Cell MainMemory_data_sram  ( met3 )
Bounds : ( 257.900, 257.400 ) ( 260.900, 257.800 )


SHORT: ( Metal Short ) Special Wire of Net VSS & Blockage of Cell MainMemory_data_sram  ( met3 )
Bounds : ( 257.900, 265.680 ) ( 260.900, 266.080 )


SHORT: ( Metal Short ) Special Wire of Net VSS & Blockage of Cell MainMemory_data_sram  ( met3 )
Bounds : ( 257.900, 273.960 ) ( 260.900, 274.360 )


SHORT: ( Metal Short ) Special Wire of Net VSS & Blockage of Cell MainMemory_data_sram  ( met3 )
Bounds : ( 257.900, 282.240 ) ( 260.900, 282.640 )


SHORT: ( Metal Short ) Special Wire of Net VSS & Blockage of Cell MainMemory_data_sram  ( met2 )
Bounds : ( 207.900, 249.120 ) ( 210.900, 249.520 )


SHORT: ( Metal Short ) Special Wire of Net VSS & Blockage of Cell MainMemory_data_sram  ( met2 )
Bounds : ( 207.900, 257.400 ) ( 210.900, 257.800 )


SHORT: ( Metal Short ) Special Wire of Net VSS & Blockage of Cell MainMemory_data_sram  ( met2 )
Bounds : ( 207.900, 265.680 ) ( 210.900, 266.080 )


SHORT: ( Metal Short ) Special Wire of Net VSS & Blockage of Cell MainMemory_data_sram  ( met2 )
Bounds : ( 207.900, 273.960 ) ( 210.900, 274.360 )


SHORT: ( Metal Short ) Special Wire of Net VSS & Blockage of Cell MainMemory_data_sram  ( met2 )
Bounds : ( 207.900, 282.240 ) ( 210.900, 282.640 )


SHORT: ( Metal Short ) Special Wire of Net VSS & Blockage of Cell MainMemory_data_sram  ( met3 )
Bounds : ( 207.900, 249.120 ) ( 210.900, 249.520 )


SHORT: ( Metal Short ) Special Wire of Net VSS & Blockage of Cell MainMemory_data_sram  ( met3 )
Bounds : ( 207.900, 257.400 ) ( 210.900, 257.800 )


SHORT: ( Metal Short ) Special Wire of Net VSS & Blockage of Cell MainMemory_data_sram  ( met3 )
Bounds : ( 207.900, 265.680 ) ( 210.900, 266.080 )


SHORT: ( Metal Short ) Special Wire of Net VSS & Blockage of Cell MainMemory_data_sram  ( met3 )
Bounds : ( 207.900, 273.960 ) ( 210.900, 274.360 )


SHORT: ( Metal Short ) Special Wire of Net VSS & Blockage of Cell MainMemory_data_sram  ( met3 )
Bounds : ( 207.900, 282.240 ) ( 210.900, 282.640 )


SHORT: ( Metal Short ) Special Wire of Net VDD & Blockage of Cell MainMemory_data_sram  ( met2 )
Bounds : ( 334.900, 203.580 ) ( 337.900, 203.980 )


SHORT: ( Metal Short ) Special Wire of Net VDD & Blockage of Cell MainMemory_data_sram  ( met2 )
Bounds : ( 334.900, 211.860 ) ( 337.900, 212.260 )


SHORT: ( Metal Short ) Special Wire of Net VDD & Blockage of Cell MainMemory_data_sram  ( met2 )
Bounds : ( 334.900, 220.140 ) ( 337.900, 220.540 )


SHORT: ( Metal Short ) Special Wire of Net VDD & Blockage of Cell MainMemory_data_sram  ( met2 )
Bounds : ( 334.900, 228.420 ) ( 337.900, 228.820 )


SHORT: ( Metal Short ) Special Wire of Net VDD & Blockage of Cell MainMemory_data_sram  ( met2 )
Bounds : ( 334.900, 236.700 ) ( 337.900, 237.100 )


SHORT: ( Metal Short ) Special Wire of Net VDD & Blockage of Cell MainMemory_data_sram  ( met3 )
Bounds : ( 334.900, 203.580 ) ( 337.900, 203.980 )


SHORT: ( Metal Short ) Special Wire of Net VDD & Blockage of Cell MainMemory_data_sram  ( met3 )
Bounds : ( 334.900, 211.860 ) ( 337.900, 212.260 )


SHORT: ( Metal Short ) Special Wire of Net VDD & Blockage of Cell MainMemory_data_sram  ( met3 )
Bounds : ( 334.900, 220.140 ) ( 337.900, 220.540 )


SHORT: ( Metal Short ) Special Wire of Net VDD & Blockage of Cell MainMemory_data_sram  ( met3 )
Bounds : ( 334.900, 228.420 ) ( 337.900, 228.820 )


SHORT: ( Metal Short ) Special Wire of Net VDD & Blockage of Cell MainMemory_data_sram  ( met3 )
Bounds : ( 334.900, 236.700 ) ( 337.900, 237.100 )


SHORT: ( Metal Short ) Special Wire of Net VDD & Blockage of Cell MainMemory_data_sram  ( met2 )
Bounds : ( 284.900, 203.580 ) ( 287.900, 203.980 )


SHORT: ( Metal Short ) Special Wire of Net VDD & Blockage of Cell MainMemory_data_sram  ( met2 )
Bounds : ( 284.900, 211.860 ) ( 287.900, 212.260 )


SHORT: ( Metal Short ) Special Wire of Net VDD & Blockage of Cell MainMemory_data_sram  ( met2 )
Bounds : ( 284.900, 220.140 ) ( 287.900, 220.540 )


SHORT: ( Metal Short ) Special Wire of Net VDD & Blockage of Cell MainMemory_data_sram  ( met2 )
Bounds : ( 284.900, 228.420 ) ( 287.900, 228.820 )


SHORT: ( Metal Short ) Special Wire of Net VDD & Blockage of Cell MainMemory_data_sram  ( met2 )
Bounds : ( 284.900, 236.700 ) ( 287.900, 237.100 )


SHORT: ( Metal Short ) Special Wire of Net VDD & Blockage of Cell MainMemory_data_sram  ( met3 )
Bounds : ( 284.900, 203.580 ) ( 287.900, 203.980 )


SHORT: ( Metal Short ) Special Wire of Net VDD & Blockage of Cell MainMemory_data_sram  ( met3 )
Bounds : ( 284.900, 211.860 ) ( 287.900, 212.260 )


SHORT: ( Metal Short ) Special Wire of Net VDD & Blockage of Cell MainMemory_data_sram  ( met3 )
Bounds : ( 284.900, 220.140 ) ( 287.900, 220.540 )


SHORT: ( Metal Short ) Special Wire of Net VDD & Blockage of Cell MainMemory_data_sram  ( met3 )
Bounds : ( 284.900, 228.420 ) ( 287.900, 228.820 )


SHORT: ( Metal Short ) Special Wire of Net VDD & Blockage of Cell MainMemory_data_sram  ( met3 )
Bounds : ( 284.900, 236.700 ) ( 287.900, 237.100 )


SHORT: ( Metal Short ) Special Wire of Net VSS & Blockage of Cell MainMemory_data_sram  ( met2 )
Bounds : ( 307.900, 207.720 ) ( 310.900, 208.120 )


SHORT: ( Metal Short ) Special Wire of Net VSS & Blockage of Cell MainMemory_data_sram  ( met2 )
Bounds : ( 307.900, 216.000 ) ( 310.900, 216.400 )


SHORT: ( Metal Short ) Special Wire of Net VSS & Blockage of Cell MainMemory_data_sram  ( met2 )
Bounds : ( 307.900, 224.280 ) ( 310.900, 224.680 )


SHORT: ( Metal Short ) Special Wire of Net VSS & Blockage of Cell MainMemory_data_sram  ( met2 )
Bounds : ( 307.900, 232.560 ) ( 310.900, 232.960 )


SHORT: ( Metal Short ) Special Wire of Net VSS & Blockage of Cell MainMemory_data_sram  ( met2 )
Bounds : ( 307.900, 240.840 ) ( 310.900, 241.240 )


SHORT: ( Metal Short ) Special Wire of Net VSS & Blockage of Cell MainMemory_data_sram  ( met3 )
Bounds : ( 307.900, 207.720 ) ( 310.900, 208.120 )


SHORT: ( Metal Short ) Special Wire of Net VSS & Blockage of Cell MainMemory_data_sram  ( met3 )
Bounds : ( 307.900, 216.000 ) ( 310.900, 216.400 )


SHORT: ( Metal Short ) Special Wire of Net VSS & Blockage of Cell MainMemory_data_sram  ( met3 )
Bounds : ( 307.900, 224.280 ) ( 310.900, 224.680 )


SHORT: ( Metal Short ) Special Wire of Net VSS & Blockage of Cell MainMemory_data_sram  ( met3 )
Bounds : ( 307.900, 232.560 ) ( 310.900, 232.960 )


SHORT: ( Metal Short ) Special Wire of Net VSS & Blockage of Cell MainMemory_data_sram  ( met3 )
Bounds : ( 307.900, 240.840 ) ( 310.900, 241.240 )


SHORT: ( Metal Short ) Special Wire of Net VDD & Blockage of Cell MainMemory_data_sram  ( met2 )
Bounds : ( 284.900, 170.460 ) ( 287.900, 170.860 )


SHORT: ( Metal Short ) Special Wire of Net VDD & Blockage of Cell MainMemory_data_sram  ( met2 )
Bounds : ( 284.900, 178.740 ) ( 287.900, 179.140 )


SHORT: ( Metal Short ) Special Wire of Net VDD & Blockage of Cell MainMemory_data_sram  ( met2 )
Bounds : ( 284.900, 187.020 ) ( 287.900, 187.420 )


SHORT: ( Metal Short ) Special Wire of Net VSS & Blockage of Cell MainMemory_data_sram  ( met2 )
Bounds : ( 307.900, 166.320 ) ( 310.900, 166.720 )


SHORT: ( Metal Short ) Special Wire of Net VSS & Blockage of Cell MainMemory_data_sram  ( met2 )
Bounds : ( 307.900, 174.600 ) ( 310.900, 175.000 )


SHORT: ( Metal Short ) Special Wire of Net VSS & Blockage of Cell MainMemory_data_sram  ( met2 )
Bounds : ( 307.900, 182.880 ) ( 310.900, 183.280 )


SHORT: ( Metal Short ) Special Wire of Net VDD & Blockage of Cell MainMemory_data_sram  ( met2 )
Bounds : ( 334.900, 170.460 ) ( 337.900, 170.860 )


SHORT: ( Metal Short ) Special Wire of Net VDD & Blockage of Cell MainMemory_data_sram  ( met2 )
Bounds : ( 334.900, 178.740 ) ( 337.900, 179.140 )


SHORT: ( Metal Short ) Special Wire of Net VDD & Blockage of Cell MainMemory_data_sram  ( met2 )
Bounds : ( 334.900, 187.020 ) ( 337.900, 187.420 )


SHORT: ( Metal Short ) Special Wire of Net VDD & Blockage of Cell MainMemory_data_sram  ( met3 )
Bounds : ( 284.900, 170.460 ) ( 287.900, 170.860 )


SHORT: ( Metal Short ) Special Wire of Net VDD & Blockage of Cell MainMemory_data_sram  ( met3 )
Bounds : ( 284.900, 178.740 ) ( 287.900, 179.140 )


SHORT: ( Metal Short ) Special Wire of Net VDD & Blockage of Cell MainMemory_data_sram  ( met3 )
Bounds : ( 284.900, 187.020 ) ( 287.900, 187.420 )


SHORT: ( Metal Short ) Special Wire of Net VSS & Blockage of Cell MainMemory_data_sram  ( met3 )
Bounds : ( 307.900, 166.320 ) ( 310.900, 166.720 )


SHORT: ( Metal Short ) Special Wire of Net VSS & Blockage of Cell MainMemory_data_sram  ( met3 )
Bounds : ( 307.900, 174.600 ) ( 310.900, 175.000 )


SHORT: ( Metal Short ) Special Wire of Net VSS & Blockage of Cell MainMemory_data_sram  ( met3 )
Bounds : ( 307.900, 182.880 ) ( 310.900, 183.280 )


SHORT: ( Metal Short ) Special Wire of Net VDD & Blockage of Cell MainMemory_data_sram  ( met3 )
Bounds : ( 334.900, 170.460 ) ( 337.900, 170.860 )


SHORT: ( Metal Short ) Special Wire of Net VDD & Blockage of Cell MainMemory_data_sram  ( met3 )
Bounds : ( 334.900, 178.740 ) ( 337.900, 179.140 )


SHORT: ( Metal Short ) Special Wire of Net VDD & Blockage of Cell MainMemory_data_sram  ( met3 )
Bounds : ( 334.900, 187.020 ) ( 337.900, 187.420 )


SHORT: ( Metal Short ) Special Wire of Net VDD & Blockage of Cell MainMemory_data_sram  ( met2 )
Bounds : ( 284.900, 195.300 ) ( 287.900, 195.700 )


SHORT: ( Metal Short ) Special Wire of Net VSS & Blockage of Cell MainMemory_data_sram  ( met2 )
Bounds : ( 307.900, 191.160 ) ( 310.900, 191.560 )


SHORT: ( Metal Short ) Special Wire of Net VSS & Blockage of Cell MainMemory_data_sram  ( met2 )
Bounds : ( 307.900, 199.440 ) ( 310.900, 199.840 )


SHORT: ( Metal Short ) Special Wire of Net VDD & Blockage of Cell MainMemory_data_sram  ( met2 )
Bounds : ( 334.900, 195.300 ) ( 337.900, 195.700 )


SHORT: ( Metal Short ) Special Wire of Net VDD & Blockage of Cell MainMemory_data_sram  ( met3 )
Bounds : ( 284.900, 195.300 ) ( 287.900, 195.700 )


SHORT: ( Metal Short ) Special Wire of Net VSS & Blockage of Cell MainMemory_data_sram  ( met3 )
Bounds : ( 307.900, 191.160 ) ( 310.900, 191.560 )


SHORT: ( Metal Short ) Special Wire of Net VSS & Blockage of Cell MainMemory_data_sram  ( met3 )
Bounds : ( 307.900, 199.440 ) ( 310.900, 199.840 )


SHORT: ( Metal Short ) Special Wire of Net VDD & Blockage of Cell MainMemory_data_sram  ( met3 )
Bounds : ( 334.900, 195.300 ) ( 337.900, 195.700 )


SHORT: ( Metal Short ) Special Wire of Net VDD & Blockage of Cell MainMemory_data_sram  ( met2 )
Bounds : ( 234.900, 203.580 ) ( 237.900, 203.980 )


SHORT: ( Metal Short ) Special Wire of Net VDD & Blockage of Cell MainMemory_data_sram  ( met2 )
Bounds : ( 234.900, 211.860 ) ( 237.900, 212.260 )


SHORT: ( Metal Short ) Special Wire of Net VDD & Blockage of Cell MainMemory_data_sram  ( met2 )
Bounds : ( 234.900, 220.140 ) ( 237.900, 220.540 )


SHORT: ( Metal Short ) Special Wire of Net VDD & Blockage of Cell MainMemory_data_sram  ( met2 )
Bounds : ( 234.900, 228.420 ) ( 237.900, 228.820 )


SHORT: ( Metal Short ) Special Wire of Net VDD & Blockage of Cell MainMemory_data_sram  ( met2 )
Bounds : ( 234.900, 236.700 ) ( 237.900, 237.100 )


SHORT: ( Metal Short ) Special Wire of Net VSS & Blockage of Cell MainMemory_data_sram  ( met2 )
Bounds : ( 257.900, 207.720 ) ( 260.900, 208.120 )


SHORT: ( Metal Short ) Special Wire of Net VSS & Blockage of Cell MainMemory_data_sram  ( met2 )
Bounds : ( 257.900, 216.000 ) ( 260.900, 216.400 )


SHORT: ( Metal Short ) Special Wire of Net VSS & Blockage of Cell MainMemory_data_sram  ( met2 )
Bounds : ( 257.900, 224.280 ) ( 260.900, 224.680 )


SHORT: ( Metal Short ) Special Wire of Net VSS & Blockage of Cell MainMemory_data_sram  ( met2 )
Bounds : ( 257.900, 232.560 ) ( 260.900, 232.960 )


SHORT: ( Metal Short ) Special Wire of Net VSS & Blockage of Cell MainMemory_data_sram  ( met2 )
Bounds : ( 257.900, 240.840 ) ( 260.900, 241.240 )


SHORT: ( Metal Short ) Special Wire of Net VDD & Blockage of Cell MainMemory_data_sram  ( met3 )
Bounds : ( 234.900, 203.580 ) ( 237.900, 203.980 )


SHORT: ( Metal Short ) Special Wire of Net VDD & Blockage of Cell MainMemory_data_sram  ( met3 )
Bounds : ( 234.900, 211.860 ) ( 237.900, 212.260 )


SHORT: ( Metal Short ) Special Wire of Net VDD & Blockage of Cell MainMemory_data_sram  ( met3 )
Bounds : ( 234.900, 220.140 ) ( 237.900, 220.540 )


SHORT: ( Metal Short ) Special Wire of Net VDD & Blockage of Cell MainMemory_data_sram  ( met3 )
Bounds : ( 234.900, 228.420 ) ( 237.900, 228.820 )


SHORT: ( Metal Short ) Special Wire of Net VDD & Blockage of Cell MainMemory_data_sram  ( met3 )
Bounds : ( 234.900, 236.700 ) ( 237.900, 237.100 )


SHORT: ( Metal Short ) Special Wire of Net VSS & Blockage of Cell MainMemory_data_sram  ( met3 )
Bounds : ( 257.900, 207.720 ) ( 260.900, 208.120 )


SHORT: ( Metal Short ) Special Wire of Net VSS & Blockage of Cell MainMemory_data_sram  ( met3 )
Bounds : ( 257.900, 216.000 ) ( 260.900, 216.400 )


SHORT: ( Metal Short ) Special Wire of Net VSS & Blockage of Cell MainMemory_data_sram  ( met3 )
Bounds : ( 257.900, 224.280 ) ( 260.900, 224.680 )


SHORT: ( Metal Short ) Special Wire of Net VSS & Blockage of Cell MainMemory_data_sram  ( met3 )
Bounds : ( 257.900, 232.560 ) ( 260.900, 232.960 )


SHORT: ( Metal Short ) Special Wire of Net VSS & Blockage of Cell MainMemory_data_sram  ( met3 )
Bounds : ( 257.900, 240.840 ) ( 260.900, 241.240 )


SHORT: ( Metal Short ) Special Wire of Net VSS & Blockage of Cell MainMemory_data_sram  ( met2 )
Bounds : ( 207.900, 207.720 ) ( 210.900, 208.120 )


SHORT: ( Metal Short ) Special Wire of Net VSS & Blockage of Cell MainMemory_data_sram  ( met2 )
Bounds : ( 207.900, 216.000 ) ( 210.900, 216.400 )


SHORT: ( Metal Short ) Special Wire of Net VSS & Blockage of Cell MainMemory_data_sram  ( met2 )
Bounds : ( 207.900, 224.280 ) ( 210.900, 224.680 )


SHORT: ( Metal Short ) Special Wire of Net VSS & Blockage of Cell MainMemory_data_sram  ( met2 )
Bounds : ( 207.900, 232.560 ) ( 210.900, 232.960 )


SHORT: ( Metal Short ) Special Wire of Net VSS & Blockage of Cell MainMemory_data_sram  ( met2 )
Bounds : ( 207.900, 240.840 ) ( 210.900, 241.240 )


SHORT: ( Metal Short ) Special Wire of Net VSS & Blockage of Cell MainMemory_data_sram  ( met3 )
Bounds : ( 207.900, 207.720 ) ( 210.900, 208.120 )


SHORT: ( Metal Short ) Special Wire of Net VSS & Blockage of Cell MainMemory_data_sram  ( met3 )
Bounds : ( 207.900, 216.000 ) ( 210.900, 216.400 )


SHORT: ( Metal Short ) Special Wire of Net VSS & Blockage of Cell MainMemory_data_sram  ( met3 )
Bounds : ( 207.900, 224.280 ) ( 210.900, 224.680 )


SHORT: ( Metal Short ) Special Wire of Net VSS & Blockage of Cell MainMemory_data_sram  ( met3 )
Bounds : ( 207.900, 232.560 ) ( 210.900, 232.960 )


SHORT: ( Metal Short ) Special Wire of Net VSS & Blockage of Cell MainMemory_data_sram  ( met3 )
Bounds : ( 207.900, 240.840 ) ( 210.900, 241.240 )


SHORT: ( Metal Short ) Special Wire of Net VSS & Blockage of Cell MainMemory_data_sram  ( met2 )
Bounds : ( 207.900, 166.320 ) ( 210.900, 166.720 )


SHORT: ( Metal Short ) Special Wire of Net VSS & Blockage of Cell MainMemory_data_sram  ( met2 )
Bounds : ( 207.900, 174.600 ) ( 210.900, 175.000 )


SHORT: ( Metal Short ) Special Wire of Net VSS & Blockage of Cell MainMemory_data_sram  ( met2 )
Bounds : ( 207.900, 182.880 ) ( 210.900, 183.280 )


SHORT: ( Metal Short ) Special Wire of Net VDD & Blockage of Cell MainMemory_data_sram  ( met2 )
Bounds : ( 234.900, 170.460 ) ( 237.900, 170.860 )


SHORT: ( Metal Short ) Special Wire of Net VDD & Blockage of Cell MainMemory_data_sram  ( met2 )
Bounds : ( 234.900, 178.740 ) ( 237.900, 179.140 )


SHORT: ( Metal Short ) Special Wire of Net VDD & Blockage of Cell MainMemory_data_sram  ( met2 )
Bounds : ( 234.900, 187.020 ) ( 237.900, 187.420 )


SHORT: ( Metal Short ) Special Wire of Net VSS & Blockage of Cell MainMemory_data_sram  ( met2 )
Bounds : ( 257.900, 166.320 ) ( 260.900, 166.720 )


SHORT: ( Metal Short ) Special Wire of Net VSS & Blockage of Cell MainMemory_data_sram  ( met2 )
Bounds : ( 257.900, 174.600 ) ( 260.900, 175.000 )


SHORT: ( Metal Short ) Special Wire of Net VSS & Blockage of Cell MainMemory_data_sram  ( met2 )
Bounds : ( 257.900, 182.880 ) ( 260.900, 183.280 )


SHORT: ( Metal Short ) Special Wire of Net VSS & Blockage of Cell MainMemory_data_sram  ( met3 )
Bounds : ( 207.900, 166.320 ) ( 210.900, 166.720 )


SHORT: ( Metal Short ) Special Wire of Net VSS & Blockage of Cell MainMemory_data_sram  ( met3 )
Bounds : ( 207.900, 174.600 ) ( 210.900, 175.000 )


SHORT: ( Metal Short ) Special Wire of Net VSS & Blockage of Cell MainMemory_data_sram  ( met3 )
Bounds : ( 207.900, 182.880 ) ( 210.900, 183.280 )


SHORT: ( Metal Short ) Special Wire of Net VDD & Blockage of Cell MainMemory_data_sram  ( met3 )
Bounds : ( 234.900, 170.460 ) ( 237.900, 170.860 )


SHORT: ( Metal Short ) Special Wire of Net VDD & Blockage of Cell MainMemory_data_sram  ( met3 )
Bounds : ( 234.900, 178.740 ) ( 237.900, 179.140 )


SHORT: ( Metal Short ) Special Wire of Net VDD & Blockage of Cell MainMemory_data_sram  ( met3 )
Bounds : ( 234.900, 187.020 ) ( 237.900, 187.420 )


SHORT: ( Metal Short ) Special Wire of Net VSS & Blockage of Cell MainMemory_data_sram  ( met3 )
Bounds : ( 257.900, 166.320 ) ( 260.900, 166.720 )


SHORT: ( Metal Short ) Special Wire of Net VSS & Blockage of Cell MainMemory_data_sram  ( met3 )
Bounds : ( 257.900, 174.600 ) ( 260.900, 175.000 )


SHORT: ( Metal Short ) Special Wire of Net VSS & Blockage of Cell MainMemory_data_sram  ( met3 )
Bounds : ( 257.900, 182.880 ) ( 260.900, 183.280 )


SHORT: ( Metal Short ) Special Wire of Net VSS & Blockage of Cell MainMemory_data_sram  ( met2 )
Bounds : ( 207.900, 191.160 ) ( 210.900, 191.560 )


SHORT: ( Metal Short ) Special Wire of Net VSS & Blockage of Cell MainMemory_data_sram  ( met2 )
Bounds : ( 207.900, 199.440 ) ( 210.900, 199.840 )


SHORT: ( Metal Short ) Special Wire of Net VDD & Blockage of Cell MainMemory_data_sram  ( met2 )
Bounds : ( 234.900, 195.300 ) ( 237.900, 195.700 )


SHORT: ( Metal Short ) Special Wire of Net VSS & Blockage of Cell MainMemory_data_sram  ( met2 )
Bounds : ( 257.900, 191.160 ) ( 260.900, 191.560 )


SHORT: ( Metal Short ) Special Wire of Net VSS & Blockage of Cell MainMemory_data_sram  ( met2 )
Bounds : ( 257.900, 199.440 ) ( 260.900, 199.840 )


SHORT: ( Metal Short ) Special Wire of Net VSS & Blockage of Cell MainMemory_data_sram  ( met3 )
Bounds : ( 207.900, 191.160 ) ( 210.900, 191.560 )


SHORT: ( Metal Short ) Special Wire of Net VSS & Blockage of Cell MainMemory_data_sram  ( met3 )
Bounds : ( 207.900, 199.440 ) ( 210.900, 199.840 )


SHORT: ( Metal Short ) Special Wire of Net VDD & Blockage of Cell MainMemory_data_sram  ( met3 )
Bounds : ( 234.900, 195.300 ) ( 237.900, 195.700 )


SHORT: ( Metal Short ) Special Wire of Net VSS & Blockage of Cell MainMemory_data_sram  ( met3 )
Bounds : ( 257.900, 191.160 ) ( 260.900, 191.560 )


SHORT: ( Metal Short ) Special Wire of Net VSS & Blockage of Cell MainMemory_data_sram  ( met3 )
Bounds : ( 257.900, 199.440 ) ( 260.900, 199.840 )


SHORT: ( Metal Short ) Special Wire of Net VDD & Blockage of Cell MainMemory_data_sram  ( met2 )
Bounds : ( 484.900, 137.340 ) ( 487.900, 137.740 )


SHORT: ( Metal Short ) Special Wire of Net VDD & Blockage of Cell MainMemory_data_sram  ( met2 )
Bounds : ( 484.900, 145.620 ) ( 487.900, 146.020 )


SHORT: ( Metal Short ) Special Wire of Net VDD & Blockage of Cell MainMemory_data_sram  ( met2 )
Bounds : ( 484.900, 153.900 ) ( 487.900, 154.300 )


SHORT: ( Metal Short ) Special Wire of Net VDD & Blockage of Cell MainMemory_data_sram  ( met2 )
Bounds : ( 484.900, 162.180 ) ( 487.900, 162.580 )


SHORT: ( Metal Short ) Special Wire of Net VSS & Blockage of Cell MainMemory_data_sram  ( met2 )
Bounds : ( 507.900, 141.480 ) ( 510.900, 141.880 )


SHORT: ( Metal Short ) Special Wire of Net VSS & Blockage of Cell MainMemory_data_sram  ( met2 )
Bounds : ( 507.900, 149.760 ) ( 510.900, 150.160 )


SHORT: ( Metal Short ) Special Wire of Net VSS & Blockage of Cell MainMemory_data_sram  ( met2 )
Bounds : ( 507.900, 158.040 ) ( 510.900, 158.440 )


SHORT: ( Metal Short ) Special Wire of Net VDD & Blockage of Cell MainMemory_data_sram  ( met3 )
Bounds : ( 484.900, 137.340 ) ( 487.900, 137.560 )


SHORT: ( Metal Short ) Special Wire of Net VDD & Blockage of Cell MainMemory_data_sram  ( met3 )
Bounds : ( 484.900, 145.620 ) ( 487.900, 146.020 )


SHORT: ( Metal Short ) Special Wire of Net VDD & Blockage of Cell MainMemory_data_sram  ( met3 )
Bounds : ( 484.900, 153.900 ) ( 487.900, 154.300 )


SHORT: ( Metal Short ) Special Wire of Net VDD & Blockage of Cell MainMemory_data_sram  ( met3 )
Bounds : ( 484.900, 162.180 ) ( 487.900, 162.580 )


SHORT: ( Metal Short ) Special Wire of Net VSS & Blockage of Cell MainMemory_data_sram  ( met3 )
Bounds : ( 507.900, 141.480 ) ( 510.900, 141.880 )


SHORT: ( Metal Short ) Special Wire of Net VSS & Blockage of Cell MainMemory_data_sram  ( met3 )
Bounds : ( 507.900, 149.760 ) ( 510.900, 150.160 )


SHORT: ( Metal Short ) Special Wire of Net VSS & Blockage of Cell MainMemory_data_sram  ( met3 )
Bounds : ( 507.900, 158.040 ) ( 510.900, 158.440 )


SHORT: ( Metal Short ) Special Wire of Net VDD & Blockage of Cell MainMemory_data_sram  ( met2 )
Bounds : ( 434.900, 137.340 ) ( 437.900, 137.740 )


SHORT: ( Metal Short ) Special Wire of Net VDD & Blockage of Cell MainMemory_data_sram  ( met2 )
Bounds : ( 434.900, 145.620 ) ( 437.900, 146.020 )


SHORT: ( Metal Short ) Special Wire of Net VDD & Blockage of Cell MainMemory_data_sram  ( met2 )
Bounds : ( 434.900, 153.900 ) ( 437.900, 154.300 )


SHORT: ( Metal Short ) Special Wire of Net VDD & Blockage of Cell MainMemory_data_sram  ( met2 )
Bounds : ( 434.900, 162.180 ) ( 437.900, 162.580 )


SHORT: ( Metal Short ) Special Wire of Net VSS & Blockage of Cell MainMemory_data_sram  ( met2 )
Bounds : ( 457.900, 141.480 ) ( 460.900, 141.880 )


SHORT: ( Metal Short ) Special Wire of Net VSS & Blockage of Cell MainMemory_data_sram  ( met2 )
Bounds : ( 457.900, 149.760 ) ( 460.900, 150.160 )


SHORT: ( Metal Short ) Special Wire of Net VSS & Blockage of Cell MainMemory_data_sram  ( met2 )
Bounds : ( 457.900, 158.040 ) ( 460.900, 158.440 )


SHORT: ( Metal Short ) Special Wire of Net VDD & Blockage of Cell MainMemory_data_sram  ( met3 )
Bounds : ( 434.900, 137.340 ) ( 437.900, 137.560 )


SHORT: ( Metal Short ) Special Wire of Net VDD & Blockage of Cell MainMemory_data_sram  ( met3 )
Bounds : ( 434.900, 145.620 ) ( 437.900, 146.020 )


SHORT: ( Metal Short ) Special Wire of Net VDD & Blockage of Cell MainMemory_data_sram  ( met3 )
Bounds : ( 434.900, 153.900 ) ( 437.900, 154.300 )


SHORT: ( Metal Short ) Special Wire of Net VDD & Blockage of Cell MainMemory_data_sram  ( met3 )
Bounds : ( 434.900, 162.180 ) ( 437.900, 162.580 )


SHORT: ( Metal Short ) Special Wire of Net VSS & Blockage of Cell MainMemory_data_sram  ( met3 )
Bounds : ( 457.900, 141.480 ) ( 460.900, 141.880 )


SHORT: ( Metal Short ) Special Wire of Net VSS & Blockage of Cell MainMemory_data_sram  ( met3 )
Bounds : ( 457.900, 149.760 ) ( 460.900, 150.160 )


SHORT: ( Metal Short ) Special Wire of Net VSS & Blockage of Cell MainMemory_data_sram  ( met3 )
Bounds : ( 457.900, 158.040 ) ( 460.900, 158.440 )


SHORT: ( Metal Short ) Regular Wire of Net ex_DRAM_wdata[26] & Special Wire of Net VDD  ( met4 )
Bounds : ( 437.680, 133.400 ) ( 437.900, 134.460 )


SPACING: ( ParallelRunLength Spacing ) Regular Wire of Net ex_DRAM_wdata[26] & Blockage of Cell MainMemory_data_sram  ( met3 )
Bounds : ( 437.640, 133.760 ) ( 438.100, 134.020 )


SPACING: ( ParallelRunLength Spacing ) Regular Wire of Net ex_DRAM_wdata[21] & Special Wire of Net VDD  ( met5 )
Bounds : ( 408.510, 134.400 ) ( 410.110, 134.900 )


SHORT: ( Metal Short ) Special Wire of Net VSS & Blockage of Cell MainMemory_data_sram  ( met2 )
Bounds : ( 407.900, 141.480 ) ( 410.900, 141.880 )


SHORT: ( Metal Short ) Special Wire of Net VSS & Blockage of Cell MainMemory_data_sram  ( met2 )
Bounds : ( 407.900, 149.760 ) ( 410.900, 150.160 )


SHORT: ( Metal Short ) Special Wire of Net VSS & Blockage of Cell MainMemory_data_sram  ( met2 )
Bounds : ( 407.900, 158.040 ) ( 410.900, 158.440 )


SHORT: ( Metal Short ) Special Wire of Net VSS & Blockage of Cell MainMemory_data_sram  ( met3 )
Bounds : ( 407.900, 141.480 ) ( 410.900, 141.880 )


SHORT: ( Metal Short ) Special Wire of Net VSS & Blockage of Cell MainMemory_data_sram  ( met3 )
Bounds : ( 407.900, 149.760 ) ( 410.900, 150.160 )


SHORT: ( Metal Short ) Special Wire of Net VSS & Blockage of Cell MainMemory_data_sram  ( met3 )
Bounds : ( 407.900, 158.040 ) ( 410.900, 158.440 )


SHORT: ( Metal Short ) Regular Wire of Net ex_DRAM_wdata[21] & Special Wire of Net VSS  ( met4 )
Bounds : ( 408.720, 133.010 ) ( 409.900, 134.190 )


SHORT: ( Metal Short ) Regular Wire of Net ex_DRAM_wdata[21] & Special Wire of Net VSS  ( met4 )
Bounds : ( 409.120, 133.010 ) ( 409.500, 134.460 )


SHORT: ( Metal Short ) Special Wire of Net VSS & Blockage of Cell MainMemory_data_sram  ( met2 )
Bounds : ( 357.900, 141.480 ) ( 360.900, 141.880 )


SHORT: ( Metal Short ) Special Wire of Net VSS & Blockage of Cell MainMemory_data_sram  ( met2 )
Bounds : ( 357.900, 149.760 ) ( 360.900, 150.160 )


SHORT: ( Metal Short ) Special Wire of Net VSS & Blockage of Cell MainMemory_data_sram  ( met2 )
Bounds : ( 357.900, 158.040 ) ( 360.900, 158.440 )


SHORT: ( Metal Short ) Special Wire of Net VDD & Blockage of Cell MainMemory_data_sram  ( met2 )
Bounds : ( 384.900, 137.340 ) ( 387.900, 137.740 )


SHORT: ( Metal Short ) Special Wire of Net VDD & Blockage of Cell MainMemory_data_sram  ( met2 )
Bounds : ( 384.900, 145.620 ) ( 387.900, 146.020 )


SHORT: ( Metal Short ) Special Wire of Net VDD & Blockage of Cell MainMemory_data_sram  ( met2 )
Bounds : ( 384.900, 153.900 ) ( 387.900, 154.300 )


SHORT: ( Metal Short ) Special Wire of Net VDD & Blockage of Cell MainMemory_data_sram  ( met2 )
Bounds : ( 384.900, 162.180 ) ( 387.900, 162.580 )


SHORT: ( Metal Short ) Special Wire of Net VSS & Blockage of Cell MainMemory_data_sram  ( met3 )
Bounds : ( 357.900, 141.480 ) ( 360.900, 141.880 )


SHORT: ( Metal Short ) Special Wire of Net VSS & Blockage of Cell MainMemory_data_sram  ( met3 )
Bounds : ( 357.900, 149.760 ) ( 360.900, 150.160 )


SHORT: ( Metal Short ) Special Wire of Net VSS & Blockage of Cell MainMemory_data_sram  ( met3 )
Bounds : ( 357.900, 158.040 ) ( 360.900, 158.440 )


SHORT: ( Metal Short ) Special Wire of Net VDD & Blockage of Cell MainMemory_data_sram  ( met3 )
Bounds : ( 384.900, 137.340 ) ( 387.900, 137.560 )


SHORT: ( Metal Short ) Special Wire of Net VDD & Blockage of Cell MainMemory_data_sram  ( met3 )
Bounds : ( 384.900, 145.620 ) ( 387.900, 146.020 )


SHORT: ( Metal Short ) Special Wire of Net VDD & Blockage of Cell MainMemory_data_sram  ( met3 )
Bounds : ( 384.900, 153.900 ) ( 387.900, 154.300 )


SHORT: ( Metal Short ) Special Wire of Net VDD & Blockage of Cell MainMemory_data_sram  ( met3 )
Bounds : ( 384.900, 162.180 ) ( 387.900, 162.580 )


SHORT: ( Metal Short ) Regular Wire of Net ex_DRAM_wdata[17] & Special Wire of Net VDD  ( met4 )
Bounds : ( 385.320, 133.400 ) ( 385.700, 134.460 )


SPACING: ( ParallelRunLength Spacing ) Regular Wire of Net ex_DRAM_wdata[17] & Blockage of Cell MainMemory_data_sram  ( met3 )
Bounds : ( 385.280, 133.760 ) ( 385.740, 134.020 )


SHORT: ( Metal Short ) Special Wire of Net VDD & Blockage of Cell MainMemory_data_sram  ( met2 )
Bounds : ( 334.900, 137.340 ) ( 337.900, 137.740 )


SHORT: ( Metal Short ) Special Wire of Net VDD & Blockage of Cell MainMemory_data_sram  ( met2 )
Bounds : ( 334.900, 145.620 ) ( 337.900, 146.020 )


SHORT: ( Metal Short ) Special Wire of Net VDD & Blockage of Cell MainMemory_data_sram  ( met2 )
Bounds : ( 334.900, 153.900 ) ( 337.900, 154.300 )


SHORT: ( Metal Short ) Special Wire of Net VDD & Blockage of Cell MainMemory_data_sram  ( met2 )
Bounds : ( 334.900, 162.180 ) ( 337.900, 162.580 )


SHORT: ( Metal Short ) Special Wire of Net VDD & Blockage of Cell MainMemory_data_sram  ( met3 )
Bounds : ( 334.900, 137.340 ) ( 337.900, 137.560 )


SHORT: ( Metal Short ) Special Wire of Net VDD & Blockage of Cell MainMemory_data_sram  ( met3 )
Bounds : ( 334.900, 145.620 ) ( 337.900, 146.020 )


SHORT: ( Metal Short ) Special Wire of Net VDD & Blockage of Cell MainMemory_data_sram  ( met3 )
Bounds : ( 334.900, 153.900 ) ( 337.900, 154.300 )


SHORT: ( Metal Short ) Special Wire of Net VDD & Blockage of Cell MainMemory_data_sram  ( met3 )
Bounds : ( 334.900, 162.180 ) ( 337.900, 162.580 )


SHORT: ( Metal Short ) Special Wire of Net VDD & Blockage of Cell MainMemory_data_sram  ( met2 )
Bounds : ( 284.900, 137.340 ) ( 287.900, 137.740 )


SHORT: ( Metal Short ) Special Wire of Net VDD & Blockage of Cell MainMemory_data_sram  ( met2 )
Bounds : ( 284.900, 145.620 ) ( 287.900, 146.020 )


SHORT: ( Metal Short ) Special Wire of Net VDD & Blockage of Cell MainMemory_data_sram  ( met2 )
Bounds : ( 284.900, 153.900 ) ( 287.900, 154.300 )


SHORT: ( Metal Short ) Special Wire of Net VDD & Blockage of Cell MainMemory_data_sram  ( met2 )
Bounds : ( 284.900, 162.180 ) ( 287.900, 162.580 )


SHORT: ( Metal Short ) Special Wire of Net VDD & Blockage of Cell MainMemory_data_sram  ( met3 )
Bounds : ( 284.900, 137.340 ) ( 287.900, 137.560 )


SHORT: ( Metal Short ) Special Wire of Net VDD & Blockage of Cell MainMemory_data_sram  ( met3 )
Bounds : ( 284.900, 145.620 ) ( 287.900, 146.020 )


SHORT: ( Metal Short ) Special Wire of Net VDD & Blockage of Cell MainMemory_data_sram  ( met3 )
Bounds : ( 284.900, 153.900 ) ( 287.900, 154.300 )


SHORT: ( Metal Short ) Special Wire of Net VDD & Blockage of Cell MainMemory_data_sram  ( met3 )
Bounds : ( 284.900, 162.180 ) ( 287.900, 162.580 )


SHORT: ( Metal Short ) Regular Wire of Net ex_DRAM_wdata[0] & Special Wire of Net VDD  ( met4 )
Bounds : ( 286.720, 133.400 ) ( 287.100, 134.460 )


SPACING: ( ParallelRunLength Spacing ) Regular Wire of Net ex_DRAM_wdata[0] & Blockage of Cell MainMemory_data_sram  ( met3 )
Bounds : ( 286.680, 133.760 ) ( 287.140, 134.020 )


SHORT: ( Metal Short ) Special Wire of Net VSS & Blockage of Cell MainMemory_data_sram  ( met3 )
Bounds : ( 307.900, 158.040 ) ( 310.900, 158.440 )


SHORT: ( Metal Short ) Special Wire of Net VSS & Blockage of Cell MainMemory_data_sram  ( met3 )
Bounds : ( 307.900, 149.760 ) ( 310.900, 150.160 )


SHORT: ( Metal Short ) Special Wire of Net VSS & Blockage of Cell MainMemory_data_sram  ( met3 )
Bounds : ( 307.900, 141.480 ) ( 310.900, 141.880 )


SHORT: ( Metal Short ) Special Wire of Net VSS & Blockage of Cell MainMemory_data_sram  ( met2 )
Bounds : ( 307.900, 158.040 ) ( 310.900, 158.440 )


SHORT: ( Metal Short ) Special Wire of Net VSS & Blockage of Cell MainMemory_data_sram  ( met2 )
Bounds : ( 307.900, 149.760 ) ( 310.900, 150.160 )


SHORT: ( Metal Short ) Special Wire of Net VSS & Blockage of Cell MainMemory_data_sram  ( met2 )
Bounds : ( 307.900, 141.480 ) ( 310.900, 141.880 )


SHORT: ( Metal Short ) Regular Wire of Net ex_DRAM_wdata[4] & Special Wire of Net VSS  ( met4 )
Bounds : ( 308.760, 133.010 ) ( 309.940, 134.190 )


SHORT: ( Metal Short ) Regular Wire of Net ex_DRAM_wdata[4] & Special Wire of Net VSS  ( met4 )
Bounds : ( 309.160, 133.010 ) ( 309.540, 134.460 )


SPACING: ( ParallelRunLength Spacing ) Regular Wire of Net ex_DRAM_wdata[4] & Special Wire of Net VDD  ( met5 )
Bounds : ( 308.550, 134.400 ) ( 310.150, 134.900 )


SHORT: ( Metal Short ) Special Wire of Net VSS & Blockage of Cell MainMemory_data_sram  ( met2 )
Bounds : ( 207.900, 141.480 ) ( 210.900, 141.880 )


SHORT: ( Metal Short ) Special Wire of Net VSS & Blockage of Cell MainMemory_data_sram  ( met2 )
Bounds : ( 207.900, 149.760 ) ( 210.900, 150.160 )


SHORT: ( Metal Short ) Special Wire of Net VSS & Blockage of Cell MainMemory_data_sram  ( met2 )
Bounds : ( 207.900, 158.040 ) ( 210.900, 158.440 )


SHORT: ( Metal Short ) Special Wire of Net VDD & Blockage of Cell MainMemory_data_sram  ( met2 )
Bounds : ( 234.900, 137.340 ) ( 237.900, 137.740 )


SHORT: ( Metal Short ) Special Wire of Net VDD & Blockage of Cell MainMemory_data_sram  ( met2 )
Bounds : ( 234.900, 145.620 ) ( 237.900, 146.020 )


SHORT: ( Metal Short ) Special Wire of Net VDD & Blockage of Cell MainMemory_data_sram  ( met2 )
Bounds : ( 234.900, 153.900 ) ( 237.900, 154.300 )


SHORT: ( Metal Short ) Special Wire of Net VDD & Blockage of Cell MainMemory_data_sram  ( met2 )
Bounds : ( 234.900, 162.180 ) ( 237.900, 162.580 )


SHORT: ( Metal Short ) Special Wire of Net VSS & Blockage of Cell MainMemory_data_sram  ( met2 )
Bounds : ( 257.900, 141.480 ) ( 260.900, 141.880 )


SHORT: ( Metal Short ) Special Wire of Net VSS & Blockage of Cell MainMemory_data_sram  ( met2 )
Bounds : ( 257.900, 149.760 ) ( 260.900, 150.160 )


SHORT: ( Metal Short ) Special Wire of Net VSS & Blockage of Cell MainMemory_data_sram  ( met2 )
Bounds : ( 257.900, 158.040 ) ( 260.900, 158.440 )


SHORT: ( Metal Short ) Special Wire of Net VSS & Blockage of Cell MainMemory_data_sram  ( met3 )
Bounds : ( 207.900, 141.480 ) ( 210.900, 141.880 )


SHORT: ( Metal Short ) Special Wire of Net VSS & Blockage of Cell MainMemory_data_sram  ( met3 )
Bounds : ( 207.900, 149.760 ) ( 210.900, 150.160 )


SHORT: ( Metal Short ) Special Wire of Net VSS & Blockage of Cell MainMemory_data_sram  ( met3 )
Bounds : ( 207.900, 158.040 ) ( 210.900, 158.440 )


SHORT: ( Metal Short ) Special Wire of Net VDD & Blockage of Cell MainMemory_data_sram  ( met3 )
Bounds : ( 234.900, 137.340 ) ( 237.900, 137.560 )


SHORT: ( Metal Short ) Special Wire of Net VDD & Blockage of Cell MainMemory_data_sram  ( met3 )
Bounds : ( 234.900, 145.620 ) ( 237.900, 146.020 )


SHORT: ( Metal Short ) Special Wire of Net VDD & Blockage of Cell MainMemory_data_sram  ( met3 )
Bounds : ( 234.900, 153.900 ) ( 237.900, 154.300 )


SHORT: ( Metal Short ) Special Wire of Net VDD & Blockage of Cell MainMemory_data_sram  ( met3 )
Bounds : ( 234.900, 162.180 ) ( 237.900, 162.580 )


SHORT: ( Metal Short ) Special Wire of Net VSS & Blockage of Cell MainMemory_data_sram  ( met3 )
Bounds : ( 257.900, 141.480 ) ( 260.900, 141.880 )


SHORT: ( Metal Short ) Special Wire of Net VSS & Blockage of Cell MainMemory_data_sram  ( met3 )
Bounds : ( 257.900, 149.760 ) ( 260.900, 150.160 )


SHORT: ( Metal Short ) Special Wire of Net VSS & Blockage of Cell MainMemory_data_sram  ( met3 )
Bounds : ( 257.900, 158.040 ) ( 260.900, 158.440 )


SHORT: ( Metal Short ) Special Wire of Net VDD & Blockage of Cell MainMemory_data_sram  ( met2 )
Bounds : ( 184.900, 244.980 ) ( 187.900, 245.380 )


SHORT: ( Metal Short ) Special Wire of Net VDD & Blockage of Cell MainMemory_data_sram  ( met2 )
Bounds : ( 184.900, 253.260 ) ( 187.900, 253.660 )


SHORT: ( Metal Short ) Special Wire of Net VDD & Blockage of Cell MainMemory_data_sram  ( met2 )
Bounds : ( 184.900, 261.540 ) ( 187.900, 261.940 )


SHORT: ( Metal Short ) Special Wire of Net VDD & Blockage of Cell MainMemory_data_sram  ( met2 )
Bounds : ( 184.900, 269.820 ) ( 187.900, 270.220 )


SHORT: ( Metal Short ) Special Wire of Net VDD & Blockage of Cell MainMemory_data_sram  ( met2 )
Bounds : ( 184.900, 278.100 ) ( 187.900, 278.500 )


SHORT: ( Metal Short ) Special Wire of Net VDD & Blockage of Cell MainMemory_data_sram  ( met2 )
Bounds : ( 184.900, 286.380 ) ( 187.900, 286.780 )


SHORT: ( Metal Short ) Special Wire of Net VDD & Blockage of Cell MainMemory_data_sram  ( met2 )
Bounds : ( 184.900, 294.660 ) ( 187.900, 295.060 )


SHORT: ( Metal Short ) Special Wire of Net VDD & Blockage of Cell MainMemory_data_sram  ( met2 )
Bounds : ( 184.900, 302.940 ) ( 187.900, 303.340 )


SHORT: ( Metal Short ) Special Wire of Net VDD & Blockage of Cell MainMemory_data_sram  ( met2 )
Bounds : ( 184.900, 311.220 ) ( 187.900, 311.620 )


SHORT: ( Metal Short ) Special Wire of Net VDD & Blockage of Cell MainMemory_data_sram  ( met2 )
Bounds : ( 184.900, 319.500 ) ( 187.900, 319.900 )


SHORT: ( Metal Short ) Special Wire of Net VDD & Blockage of Cell MainMemory_data_sram  ( met3 )
Bounds : ( 184.900, 244.980 ) ( 187.900, 245.380 )


SHORT: ( Metal Short ) Special Wire of Net VDD & Blockage of Cell MainMemory_data_sram  ( met3 )
Bounds : ( 184.900, 253.260 ) ( 187.900, 253.660 )


SHORT: ( Metal Short ) Special Wire of Net VDD & Blockage of Cell MainMemory_data_sram  ( met3 )
Bounds : ( 184.900, 261.540 ) ( 187.900, 261.940 )


SHORT: ( Metal Short ) Special Wire of Net VDD & Blockage of Cell MainMemory_data_sram  ( met3 )
Bounds : ( 184.900, 269.820 ) ( 187.900, 270.220 )


SHORT: ( Metal Short ) Special Wire of Net VDD & Blockage of Cell MainMemory_data_sram  ( met3 )
Bounds : ( 184.900, 278.100 ) ( 187.900, 278.500 )


SHORT: ( Metal Short ) Special Wire of Net VDD & Blockage of Cell MainMemory_data_sram  ( met3 )
Bounds : ( 184.900, 286.380 ) ( 187.900, 286.780 )


SHORT: ( Metal Short ) Special Wire of Net VDD & Blockage of Cell MainMemory_data_sram  ( met3 )
Bounds : ( 184.900, 294.660 ) ( 187.900, 295.060 )


SHORT: ( Metal Short ) Special Wire of Net VDD & Blockage of Cell MainMemory_data_sram  ( met3 )
Bounds : ( 184.900, 302.940 ) ( 187.900, 303.340 )


SHORT: ( Metal Short ) Special Wire of Net VDD & Blockage of Cell MainMemory_data_sram  ( met3 )
Bounds : ( 184.900, 311.220 ) ( 187.900, 311.620 )


SHORT: ( Metal Short ) Special Wire of Net VDD & Blockage of Cell MainMemory_data_sram  ( met3 )
Bounds : ( 184.900, 319.500 ) ( 187.900, 319.900 )


SHORT: ( Metal Short ) Special Wire of Net VDD & Blockage of Cell MainMemory_data_sram  ( met2 )
Bounds : ( 184.900, 170.460 ) ( 187.900, 170.860 )


SHORT: ( Metal Short ) Special Wire of Net VDD & Blockage of Cell MainMemory_data_sram  ( met2 )
Bounds : ( 184.900, 178.740 ) ( 187.900, 179.140 )


SHORT: ( Metal Short ) Special Wire of Net VDD & Blockage of Cell MainMemory_data_sram  ( met2 )
Bounds : ( 184.900, 187.020 ) ( 187.900, 187.420 )


SHORT: ( Metal Short ) Special Wire of Net VDD & Blockage of Cell MainMemory_data_sram  ( met3 )
Bounds : ( 184.900, 170.460 ) ( 187.900, 170.860 )


SHORT: ( Metal Short ) Special Wire of Net VDD & Blockage of Cell MainMemory_data_sram  ( met3 )
Bounds : ( 184.900, 178.740 ) ( 187.900, 179.140 )


SHORT: ( Metal Short ) Special Wire of Net VDD & Blockage of Cell MainMemory_data_sram  ( met3 )
Bounds : ( 184.900, 187.020 ) ( 187.900, 187.420 )


SHORT: ( Metal Short ) Special Wire of Net VDD & Blockage of Cell MainMemory_data_sram  ( met2 )
Bounds : ( 184.900, 195.300 ) ( 187.900, 195.700 )


SHORT: ( Metal Short ) Special Wire of Net VDD & Blockage of Cell MainMemory_data_sram  ( met2 )
Bounds : ( 184.900, 203.580 ) ( 187.900, 203.980 )


SHORT: ( Metal Short ) Special Wire of Net VDD & Blockage of Cell MainMemory_data_sram  ( met2 )
Bounds : ( 184.900, 211.860 ) ( 187.900, 212.260 )


SHORT: ( Metal Short ) Special Wire of Net VDD & Blockage of Cell MainMemory_data_sram  ( met2 )
Bounds : ( 184.900, 220.140 ) ( 187.900, 220.540 )


SHORT: ( Metal Short ) Special Wire of Net VDD & Blockage of Cell MainMemory_data_sram  ( met2 )
Bounds : ( 184.900, 228.420 ) ( 187.900, 228.820 )


SHORT: ( Metal Short ) Special Wire of Net VDD & Blockage of Cell MainMemory_data_sram  ( met2 )
Bounds : ( 184.900, 236.700 ) ( 187.900, 237.100 )


SHORT: ( Metal Short ) Special Wire of Net VDD & Blockage of Cell MainMemory_data_sram  ( met3 )
Bounds : ( 184.900, 195.300 ) ( 187.900, 195.700 )


SHORT: ( Metal Short ) Special Wire of Net VDD & Blockage of Cell MainMemory_data_sram  ( met3 )
Bounds : ( 184.900, 203.580 ) ( 187.900, 203.980 )


SHORT: ( Metal Short ) Special Wire of Net VDD & Blockage of Cell MainMemory_data_sram  ( met3 )
Bounds : ( 184.900, 211.860 ) ( 187.900, 212.260 )


SHORT: ( Metal Short ) Special Wire of Net VDD & Blockage of Cell MainMemory_data_sram  ( met3 )
Bounds : ( 184.900, 220.140 ) ( 187.900, 220.540 )


SHORT: ( Metal Short ) Special Wire of Net VDD & Blockage of Cell MainMemory_data_sram  ( met3 )
Bounds : ( 184.900, 228.420 ) ( 187.900, 228.820 )


SHORT: ( Metal Short ) Special Wire of Net VDD & Blockage of Cell MainMemory_data_sram  ( met3 )
Bounds : ( 184.900, 236.700 ) ( 187.900, 237.100 )


SHORT: ( Metal Short ) Special Wire of Net VDD & Blockage of Cell MainMemory_data_sram  ( met2 )
Bounds : ( 184.900, 137.340 ) ( 187.900, 137.740 )


SHORT: ( Metal Short ) Special Wire of Net VDD & Blockage of Cell MainMemory_data_sram  ( met2 )
Bounds : ( 184.900, 145.620 ) ( 187.900, 146.020 )


SHORT: ( Metal Short ) Special Wire of Net VDD & Blockage of Cell MainMemory_data_sram  ( met2 )
Bounds : ( 184.900, 153.900 ) ( 187.900, 154.300 )


SHORT: ( Metal Short ) Special Wire of Net VDD & Blockage of Cell MainMemory_data_sram  ( met2 )
Bounds : ( 184.900, 162.180 ) ( 187.900, 162.580 )


SHORT: ( Metal Short ) Special Wire of Net VDD & Blockage of Cell MainMemory_data_sram  ( met3 )
Bounds : ( 184.900, 137.340 ) ( 187.900, 137.560 )


SHORT: ( Metal Short ) Special Wire of Net VDD & Blockage of Cell MainMemory_data_sram  ( met3 )
Bounds : ( 184.900, 145.620 ) ( 187.900, 146.020 )


SHORT: ( Metal Short ) Special Wire of Net VDD & Blockage of Cell MainMemory_data_sram  ( met3 )
Bounds : ( 184.900, 153.900 ) ( 187.900, 154.300 )


SHORT: ( Metal Short ) Special Wire of Net VDD & Blockage of Cell MainMemory_data_sram  ( met3 )
Bounds : ( 184.900, 162.180 ) ( 187.900, 162.580 )


SHORT: ( Metal Short ) Special Wire of Net VSS & Blockage of Cell MainMemory_data_sram  ( met4 )
Bounds : ( 257.900, 134.020 ) ( 260.900, 549.320 )


SHORT: ( Metal Short ) Special Wire of Net VDD & Blockage of Cell MainMemory_data_sram  ( met4 )
Bounds : ( 284.900, 134.020 ) ( 286.120, 549.320 )


SHORT: ( Metal Short ) Special Wire of Net VDD & Blockage of Cell MainMemory_data_sram  ( met4 )
Bounds : ( 284.900, 135.060 ) ( 287.900, 549.320 )


SHORT: ( Metal Short ) Special Wire of Net VDD & Blockage of Cell MainMemory_data_sram  ( met4 )
Bounds : ( 287.700, 134.020 ) ( 287.900, 549.320 )


SHORT: ( Metal Short ) Special Wire of Net VSS & Blockage of Cell MainMemory_data_sram  ( met4 )
Bounds : ( 307.900, 134.020 ) ( 308.560, 549.320 )


SHORT: ( Metal Short ) Special Wire of Net VSS & Blockage of Cell MainMemory_data_sram  ( met4 )
Bounds : ( 310.140, 134.020 ) ( 310.900, 549.320 )


SHORT: ( Metal Short ) Special Wire of Net VDD & Blockage of Cell MainMemory_data_sram  ( met4 )
Bounds : ( 334.900, 134.020 ) ( 337.800, 549.320 )


SHORT: ( Metal Short ) Special Wire of Net VDD & Blockage of Cell MainMemory_data_sram  ( met4 )
Bounds : ( 334.900, 135.060 ) ( 337.900, 548.280 )


SHORT: ( Metal Short ) Special Wire of Net VSS & Blockage of Cell MainMemory_data_sram  ( met4 )
Bounds : ( 357.900, 134.020 ) ( 360.900, 549.320 )


SHORT: ( Metal Short ) Special Wire of Net VDD & Blockage of Cell MainMemory_data_sram  ( met4 )
Bounds : ( 384.900, 135.060 ) ( 387.900, 549.320 )


SHORT: ( Metal Short ) Special Wire of Net VDD & Blockage of Cell MainMemory_data_sram  ( met4 )
Bounds : ( 386.300, 134.020 ) ( 387.900, 549.320 )


SHORT: ( Metal Short ) Special Wire of Net VSS & Blockage of Cell MainMemory_data_sram  ( met4 )
Bounds : ( 407.900, 134.020 ) ( 408.520, 549.320 )


SHORT: ( Metal Short ) Special Wire of Net VSS & Blockage of Cell MainMemory_data_sram  ( met4 )
Bounds : ( 407.900, 135.060 ) ( 410.900, 549.320 )


SHORT: ( Metal Short ) Special Wire of Net VSS & Blockage of Cell MainMemory_data_sram  ( met4 )
Bounds : ( 410.100, 134.020 ) ( 410.900, 549.320 )


SHORT: ( Metal Short ) Special Wire of Net VDD & Blockage of Cell MainMemory_data_sram  ( met4 )
Bounds : ( 434.900, 134.020 ) ( 437.080, 549.320 )


SHORT: ( Metal Short ) Special Wire of Net VDD & Blockage of Cell MainMemory_data_sram  ( met4 )
Bounds : ( 434.900, 135.060 ) ( 437.900, 549.320 )


SHORT: ( Metal Short ) Special Wire of Net VSS & Blockage of Cell MainMemory_data_sram  ( met4 )
Bounds : ( 457.900, 134.020 ) ( 460.880, 549.320 )


SHORT: ( Metal Short ) Special Wire of Net VSS & Blockage of Cell MainMemory_data_sram  ( met4 )
Bounds : ( 457.900, 135.060 ) ( 460.900, 549.320 )


SHORT: ( Metal Short ) Special Wire of Net VDD & Blockage of Cell MainMemory_data_sram  ( met4 )
Bounds : ( 484.900, 134.020 ) ( 487.900, 549.320 )


SHORT: ( Metal Short ) Special Wire of Net VSS & Blockage of Cell MainMemory_data_sram  ( met4 )
Bounds : ( 507.900, 134.020 ) ( 510.900, 549.320 )


SPACING: ( ParallelRunLength Spacing ) Special Wire of Net VDD & Blockage of Cell MainMemory_data_sram  ( met4 )
Bounds : ( 384.720, 134.020 ) ( 384.900, 549.320 )


SHORT: ( Metal Short ) Special Wire of Net VSS & Blockage of Cell MainMemory_data_sram  ( met4 )
Bounds : ( 307.900, 135.060 ) ( 310.900, 549.320 )


SHORT: ( Metal Short ) Special Wire of Net VDD & Blockage of Cell MainMemory_data_sram  ( met4 )
Bounds : ( 184.900, 134.020 ) ( 187.900, 549.320 )


SHORT: ( Metal Short ) Special Wire of Net VSS & Blockage of Cell MainMemory_data_sram  ( met4 )
Bounds : ( 207.900, 134.020 ) ( 210.900, 549.320 )


SHORT: ( Metal Short ) Special Wire of Net VDD & Blockage of Cell MainMemory_data_sram  ( met4 )
Bounds : ( 234.900, 134.020 ) ( 237.900, 549.320 )


SHORT: ( Metal Short ) Special Wire of Net VSS & Blockage of Cell MainMemory_data_sram  ( met1 )
Bounds : ( 171.740, 489.240 ) ( 853.600, 489.640 )


SHORT: ( Metal Short ) Special Wire of Net VDD & Blockage of Cell MainMemory_data_sram  ( met1 )
Bounds : ( 171.740, 493.380 ) ( 853.600, 493.780 )


SHORT: ( Metal Short ) Special Wire of Net VSS & Blockage of Cell MainMemory_data_sram  ( met1 )
Bounds : ( 171.740, 497.520 ) ( 853.600, 497.920 )


SHORT: ( Metal Short ) Special Wire of Net VDD & Blockage of Cell MainMemory_data_sram  ( met1 )
Bounds : ( 171.740, 501.660 ) ( 853.600, 502.060 )


SHORT: ( Metal Short ) Special Wire of Net VSS & Blockage of Cell MainMemory_data_sram  ( met1 )
Bounds : ( 171.740, 505.800 ) ( 853.600, 506.200 )


SHORT: ( Metal Short ) Special Wire of Net VDD & Blockage of Cell MainMemory_data_sram  ( met1 )
Bounds : ( 171.740, 509.940 ) ( 853.600, 510.340 )


SHORT: ( Metal Short ) Special Wire of Net VSS & Blockage of Cell MainMemory_data_sram  ( met1 )
Bounds : ( 171.740, 514.080 ) ( 853.600, 514.480 )


SHORT: ( Metal Short ) Special Wire of Net VDD & Blockage of Cell MainMemory_data_sram  ( met1 )
Bounds : ( 171.740, 518.220 ) ( 853.600, 518.620 )


SHORT: ( Metal Short ) Special Wire of Net VSS & Blockage of Cell MainMemory_data_sram  ( met1 )
Bounds : ( 171.740, 522.360 ) ( 853.600, 522.760 )


SHORT: ( Metal Short ) Special Wire of Net VDD & Blockage of Cell MainMemory_data_sram  ( met1 )
Bounds : ( 171.740, 526.500 ) ( 853.600, 526.900 )


SHORT: ( Metal Short ) Special Wire of Net VSS & Blockage of Cell MainMemory_data_sram  ( met1 )
Bounds : ( 171.740, 530.640 ) ( 853.600, 531.040 )


SHORT: ( Metal Short ) Special Wire of Net VDD & Blockage of Cell MainMemory_data_sram  ( met1 )
Bounds : ( 171.740, 534.780 ) ( 853.600, 535.180 )


SHORT: ( Metal Short ) Special Wire of Net VSS & Blockage of Cell MainMemory_data_sram  ( met1 )
Bounds : ( 171.740, 538.920 ) ( 853.600, 539.320 )


SHORT: ( Metal Short ) Special Wire of Net VDD & Blockage of Cell MainMemory_data_sram  ( met1 )
Bounds : ( 171.740, 543.060 ) ( 853.600, 543.460 )


SHORT: ( Metal Short ) Special Wire of Net VSS & Blockage of Cell MainMemory_data_sram  ( met1 )
Bounds : ( 171.740, 547.200 ) ( 853.600, 547.600 )


SHORT: ( Metal Short ) Special Wire of Net VDD & Blockage of Cell MainMemory_data_sram  ( met1 )
Bounds : ( 171.740, 410.580 ) ( 853.600, 410.980 )


SHORT: ( Metal Short ) Special Wire of Net VSS & Blockage of Cell MainMemory_data_sram  ( met1 )
Bounds : ( 171.740, 414.720 ) ( 853.600, 415.120 )


SHORT: ( Metal Short ) Special Wire of Net VDD & Blockage of Cell MainMemory_data_sram  ( met1 )
Bounds : ( 171.740, 418.860 ) ( 853.600, 419.260 )


SHORT: ( Metal Short ) Special Wire of Net VSS & Blockage of Cell MainMemory_data_sram  ( met1 )
Bounds : ( 171.740, 423.000 ) ( 853.600, 423.400 )


SHORT: ( Metal Short ) Special Wire of Net VDD & Blockage of Cell MainMemory_data_sram  ( met1 )
Bounds : ( 171.740, 427.140 ) ( 853.600, 427.540 )


SHORT: ( Metal Short ) Special Wire of Net VSS & Blockage of Cell MainMemory_data_sram  ( met1 )
Bounds : ( 171.740, 431.280 ) ( 853.600, 431.680 )


SHORT: ( Metal Short ) Special Wire of Net VDD & Blockage of Cell MainMemory_data_sram  ( met1 )
Bounds : ( 171.740, 435.420 ) ( 853.600, 435.820 )


SHORT: ( Metal Short ) Special Wire of Net VSS & Blockage of Cell MainMemory_data_sram  ( met1 )
Bounds : ( 171.740, 439.560 ) ( 853.600, 439.960 )


SHORT: ( Metal Short ) Special Wire of Net VDD & Blockage of Cell MainMemory_data_sram  ( met1 )
Bounds : ( 171.740, 443.700 ) ( 853.600, 444.100 )


SHORT: ( Metal Short ) Special Wire of Net VSS & Blockage of Cell MainMemory_data_sram  ( met1 )
Bounds : ( 171.740, 447.840 ) ( 853.600, 448.240 )


SHORT: ( Metal Short ) Special Wire of Net VDD & Blockage of Cell MainMemory_data_sram  ( met1 )
Bounds : ( 171.740, 451.980 ) ( 853.600, 452.380 )


SHORT: ( Metal Short ) Special Wire of Net VSS & Blockage of Cell MainMemory_data_sram  ( met1 )
Bounds : ( 171.740, 456.120 ) ( 853.600, 456.520 )


SHORT: ( Metal Short ) Special Wire of Net VDD & Blockage of Cell MainMemory_data_sram  ( met1 )
Bounds : ( 171.740, 460.260 ) ( 853.600, 460.660 )


SHORT: ( Metal Short ) Special Wire of Net VSS & Blockage of Cell MainMemory_data_sram  ( met1 )
Bounds : ( 171.740, 464.400 ) ( 853.600, 464.800 )


SHORT: ( Metal Short ) Special Wire of Net VDD & Blockage of Cell MainMemory_data_sram  ( met1 )
Bounds : ( 171.740, 468.540 ) ( 853.600, 468.940 )


SHORT: ( Metal Short ) Special Wire of Net VSS & Blockage of Cell MainMemory_data_sram  ( met1 )
Bounds : ( 171.740, 472.680 ) ( 853.600, 473.080 )


SHORT: ( Metal Short ) Special Wire of Net VDD & Blockage of Cell MainMemory_data_sram  ( met1 )
Bounds : ( 171.740, 476.820 ) ( 853.600, 477.220 )


SHORT: ( Metal Short ) Special Wire of Net VSS & Blockage of Cell MainMemory_data_sram  ( met1 )
Bounds : ( 171.740, 480.960 ) ( 853.600, 481.360 )


SHORT: ( Metal Short ) Special Wire of Net VDD & Blockage of Cell MainMemory_data_sram  ( met1 )
Bounds : ( 171.740, 485.100 ) ( 853.600, 485.500 )


SHORT: ( Metal Short ) Special Wire of Net VDD & Blockage of Cell MainMemory_data_sram  ( met1 )
Bounds : ( 171.740, 327.780 ) ( 853.600, 328.180 )


SHORT: ( Metal Short ) Special Wire of Net VSS & Blockage of Cell MainMemory_data_sram  ( met1 )
Bounds : ( 171.740, 331.920 ) ( 853.600, 332.320 )


SHORT: ( Metal Short ) Special Wire of Net VDD & Blockage of Cell MainMemory_data_sram  ( met1 )
Bounds : ( 171.740, 336.060 ) ( 853.600, 336.460 )


SHORT: ( Metal Short ) Special Wire of Net VSS & Blockage of Cell MainMemory_data_sram  ( met1 )
Bounds : ( 171.740, 340.200 ) ( 853.600, 340.600 )


SHORT: ( Metal Short ) Special Wire of Net VDD & Blockage of Cell MainMemory_data_sram  ( met1 )
Bounds : ( 171.740, 344.340 ) ( 853.600, 344.740 )


SHORT: ( Metal Short ) Special Wire of Net VSS & Blockage of Cell MainMemory_data_sram  ( met1 )
Bounds : ( 171.740, 348.480 ) ( 853.600, 348.880 )


SHORT: ( Metal Short ) Special Wire of Net VDD & Blockage of Cell MainMemory_data_sram  ( met1 )
Bounds : ( 171.740, 352.620 ) ( 853.600, 353.020 )


SHORT: ( Metal Short ) Special Wire of Net VSS & Blockage of Cell MainMemory_data_sram  ( met1 )
Bounds : ( 171.740, 356.760 ) ( 853.600, 357.160 )


SHORT: ( Metal Short ) Special Wire of Net VDD & Blockage of Cell MainMemory_data_sram  ( met1 )
Bounds : ( 171.740, 360.900 ) ( 853.600, 361.300 )


SHORT: ( Metal Short ) Special Wire of Net VSS & Blockage of Cell MainMemory_data_sram  ( met1 )
Bounds : ( 171.740, 365.040 ) ( 853.600, 365.440 )


SHORT: ( Metal Short ) Special Wire of Net VDD & Blockage of Cell MainMemory_data_sram  ( met1 )
Bounds : ( 171.740, 369.180 ) ( 853.600, 369.580 )


SHORT: ( Metal Short ) Special Wire of Net VSS & Blockage of Cell MainMemory_data_sram  ( met1 )
Bounds : ( 171.740, 373.320 ) ( 853.600, 373.720 )


SHORT: ( Metal Short ) Special Wire of Net VDD & Blockage of Cell MainMemory_data_sram  ( met1 )
Bounds : ( 171.740, 377.460 ) ( 853.600, 377.860 )


SHORT: ( Metal Short ) Special Wire of Net VSS & Blockage of Cell MainMemory_data_sram  ( met1 )
Bounds : ( 171.740, 381.600 ) ( 853.600, 382.000 )


SHORT: ( Metal Short ) Special Wire of Net VDD & Blockage of Cell MainMemory_data_sram  ( met1 )
Bounds : ( 171.740, 385.740 ) ( 853.600, 386.140 )


SHORT: ( Metal Short ) Special Wire of Net VSS & Blockage of Cell MainMemory_data_sram  ( met1 )
Bounds : ( 171.740, 389.880 ) ( 853.600, 390.280 )


SHORT: ( Metal Short ) Special Wire of Net VDD & Blockage of Cell MainMemory_data_sram  ( met1 )
Bounds : ( 171.740, 394.020 ) ( 853.600, 394.420 )


SHORT: ( Metal Short ) Special Wire of Net VSS & Blockage of Cell MainMemory_data_sram  ( met1 )
Bounds : ( 171.740, 398.160 ) ( 853.600, 398.560 )


SHORT: ( Metal Short ) Special Wire of Net VDD & Blockage of Cell MainMemory_data_sram  ( met1 )
Bounds : ( 171.740, 402.300 ) ( 853.600, 402.700 )


SHORT: ( Metal Short ) Special Wire of Net VSS & Blockage of Cell MainMemory_data_sram  ( met1 )
Bounds : ( 171.740, 406.440 ) ( 853.600, 406.840 )


SHORT: ( Metal Short ) Special Wire of Net VDD & Blockage of Cell MainMemory_data_sram  ( met1 )
Bounds : ( 171.740, 244.980 ) ( 853.600, 245.380 )


SHORT: ( Metal Short ) Special Wire of Net VSS & Blockage of Cell MainMemory_data_sram  ( met1 )
Bounds : ( 171.740, 249.120 ) ( 853.600, 249.520 )


SHORT: ( Metal Short ) Special Wire of Net VDD & Blockage of Cell MainMemory_data_sram  ( met1 )
Bounds : ( 171.740, 253.260 ) ( 853.600, 253.660 )


SHORT: ( Metal Short ) Special Wire of Net VSS & Blockage of Cell MainMemory_data_sram  ( met1 )
Bounds : ( 171.740, 257.400 ) ( 853.600, 257.800 )


SHORT: ( Metal Short ) Special Wire of Net VDD & Blockage of Cell MainMemory_data_sram  ( met1 )
Bounds : ( 171.740, 261.540 ) ( 853.600, 261.940 )


SHORT: ( Metal Short ) Special Wire of Net VSS & Blockage of Cell MainMemory_data_sram  ( met1 )
Bounds : ( 171.740, 265.680 ) ( 853.600, 266.080 )


SHORT: ( Metal Short ) Special Wire of Net VDD & Blockage of Cell MainMemory_data_sram  ( met1 )
Bounds : ( 171.740, 269.820 ) ( 853.600, 270.220 )


SHORT: ( Metal Short ) Special Wire of Net VSS & Blockage of Cell MainMemory_data_sram  ( met1 )
Bounds : ( 171.740, 273.960 ) ( 853.600, 274.360 )


SHORT: ( Metal Short ) Special Wire of Net VDD & Blockage of Cell MainMemory_data_sram  ( met1 )
Bounds : ( 171.740, 278.100 ) ( 853.600, 278.500 )


SHORT: ( Metal Short ) Special Wire of Net VSS & Blockage of Cell MainMemory_data_sram  ( met1 )
Bounds : ( 171.740, 282.240 ) ( 853.600, 282.640 )


SHORT: ( Metal Short ) Special Wire of Net VDD & Blockage of Cell MainMemory_data_sram  ( met1 )
Bounds : ( 171.740, 286.380 ) ( 853.600, 286.780 )


SHORT: ( Metal Short ) Special Wire of Net VSS & Blockage of Cell MainMemory_data_sram  ( met1 )
Bounds : ( 171.740, 290.520 ) ( 853.600, 290.920 )


SHORT: ( Metal Short ) Special Wire of Net VDD & Blockage of Cell MainMemory_data_sram  ( met1 )
Bounds : ( 171.740, 294.660 ) ( 853.600, 295.060 )


SHORT: ( Metal Short ) Special Wire of Net VSS & Blockage of Cell MainMemory_data_sram  ( met1 )
Bounds : ( 171.740, 298.800 ) ( 853.600, 299.200 )


SHORT: ( Metal Short ) Special Wire of Net VDD & Blockage of Cell MainMemory_data_sram  ( met1 )
Bounds : ( 171.740, 302.940 ) ( 853.600, 303.340 )


SHORT: ( Metal Short ) Special Wire of Net VSS & Blockage of Cell MainMemory_data_sram  ( met1 )
Bounds : ( 171.740, 307.080 ) ( 853.600, 307.480 )


SHORT: ( Metal Short ) Special Wire of Net VDD & Blockage of Cell MainMemory_data_sram  ( met1 )
Bounds : ( 171.740, 311.220 ) ( 853.600, 311.620 )


SHORT: ( Metal Short ) Special Wire of Net VSS & Blockage of Cell MainMemory_data_sram  ( met1 )
Bounds : ( 171.740, 315.360 ) ( 853.600, 315.760 )


SHORT: ( Metal Short ) Special Wire of Net VDD & Blockage of Cell MainMemory_data_sram  ( met1 )
Bounds : ( 171.740, 319.500 ) ( 853.600, 319.900 )


SHORT: ( Metal Short ) Special Wire of Net VSS & Blockage of Cell MainMemory_data_sram  ( met1 )
Bounds : ( 171.740, 323.640 ) ( 853.600, 324.040 )


SHORT: ( Metal Short ) Special Wire of Net VSS & Blockage of Cell MainMemory_data_sram  ( met1 )
Bounds : ( 171.740, 166.320 ) ( 853.600, 166.720 )


SHORT: ( Metal Short ) Special Wire of Net VDD & Blockage of Cell MainMemory_data_sram  ( met1 )
Bounds : ( 171.740, 170.460 ) ( 853.600, 170.860 )


SHORT: ( Metal Short ) Special Wire of Net VSS & Blockage of Cell MainMemory_data_sram  ( met1 )
Bounds : ( 171.740, 174.600 ) ( 853.600, 175.000 )


SHORT: ( Metal Short ) Special Wire of Net VDD & Blockage of Cell MainMemory_data_sram  ( met1 )
Bounds : ( 171.740, 178.740 ) ( 853.600, 179.140 )


SHORT: ( Metal Short ) Special Wire of Net VSS & Blockage of Cell MainMemory_data_sram  ( met1 )
Bounds : ( 171.740, 182.880 ) ( 853.600, 183.280 )


SHORT: ( Metal Short ) Special Wire of Net VDD & Blockage of Cell MainMemory_data_sram  ( met1 )
Bounds : ( 171.740, 187.020 ) ( 853.600, 187.420 )


SHORT: ( Metal Short ) Special Wire of Net VSS & Blockage of Cell MainMemory_data_sram  ( met1 )
Bounds : ( 171.740, 191.160 ) ( 853.600, 191.560 )


SHORT: ( Metal Short ) Special Wire of Net VDD & Blockage of Cell MainMemory_data_sram  ( met1 )
Bounds : ( 171.740, 195.300 ) ( 853.600, 195.700 )


SHORT: ( Metal Short ) Special Wire of Net VSS & Blockage of Cell MainMemory_data_sram  ( met1 )
Bounds : ( 171.740, 199.440 ) ( 853.600, 199.840 )


SHORT: ( Metal Short ) Special Wire of Net VDD & Blockage of Cell MainMemory_data_sram  ( met1 )
Bounds : ( 171.740, 203.580 ) ( 853.600, 203.980 )


SHORT: ( Metal Short ) Special Wire of Net VSS & Blockage of Cell MainMemory_data_sram  ( met1 )
Bounds : ( 171.740, 207.720 ) ( 853.600, 208.120 )


SHORT: ( Metal Short ) Special Wire of Net VDD & Blockage of Cell MainMemory_data_sram  ( met1 )
Bounds : ( 171.740, 211.860 ) ( 853.600, 212.260 )


SHORT: ( Metal Short ) Special Wire of Net VSS & Blockage of Cell MainMemory_data_sram  ( met1 )
Bounds : ( 171.740, 216.000 ) ( 853.600, 216.400 )


SHORT: ( Metal Short ) Special Wire of Net VDD & Blockage of Cell MainMemory_data_sram  ( met1 )
Bounds : ( 171.740, 220.140 ) ( 853.600, 220.540 )


SHORT: ( Metal Short ) Special Wire of Net VSS & Blockage of Cell MainMemory_data_sram  ( met1 )
Bounds : ( 171.740, 224.280 ) ( 853.600, 224.680 )


SHORT: ( Metal Short ) Special Wire of Net VDD & Blockage of Cell MainMemory_data_sram  ( met1 )
Bounds : ( 171.740, 228.420 ) ( 853.600, 228.820 )


SHORT: ( Metal Short ) Special Wire of Net VSS & Blockage of Cell MainMemory_data_sram  ( met1 )
Bounds : ( 171.740, 232.560 ) ( 853.600, 232.960 )


SHORT: ( Metal Short ) Special Wire of Net VDD & Blockage of Cell MainMemory_data_sram  ( met1 )
Bounds : ( 171.740, 236.700 ) ( 853.600, 237.100 )


SHORT: ( Metal Short ) Special Wire of Net VSS & Blockage of Cell MainMemory_data_sram  ( met1 )
Bounds : ( 171.740, 240.840 ) ( 853.600, 241.240 )


SHORT: ( Metal Short ) Special Wire of Net VDD & Blockage of Cell MainMemory_data_sram  ( met1 )
Bounds : ( 171.740, 137.340 ) ( 853.600, 137.740 )


SHORT: ( Metal Short ) Special Wire of Net VSS & Blockage of Cell MainMemory_data_sram  ( met1 )
Bounds : ( 171.740, 141.480 ) ( 853.600, 141.880 )


SHORT: ( Metal Short ) Special Wire of Net VDD & Blockage of Cell MainMemory_data_sram  ( met1 )
Bounds : ( 171.740, 145.620 ) ( 853.600, 146.020 )


SHORT: ( Metal Short ) Special Wire of Net VSS & Blockage of Cell MainMemory_data_sram  ( met1 )
Bounds : ( 171.740, 149.760 ) ( 853.600, 150.160 )


SHORT: ( Metal Short ) Special Wire of Net VDD & Blockage of Cell MainMemory_data_sram  ( met1 )
Bounds : ( 171.740, 153.900 ) ( 853.600, 154.300 )


SHORT: ( Metal Short ) Special Wire of Net VSS & Blockage of Cell MainMemory_data_sram  ( met1 )
Bounds : ( 171.740, 158.040 ) ( 853.600, 158.440 )


SHORT: ( Metal Short ) Special Wire of Net VDD & Blockage of Cell MainMemory_data_sram  ( met1 )
Bounds : ( 171.740, 162.180 ) ( 853.600, 162.580 )


  Total Violations : 5723 Viols.
