###############################################################
#  Generated by:      Cadence Innovus 25.11-s102_1
#  OS:                Linux x86_64(Host ID ece-linlabsrv01)
#  Generated on:      Mon Mar 23 22:31:08 2026
#  Design:            Core
#  Command:           report_constraint -early -all_violators -drv_violation_type {min_capacitance min_transition min_fanout} > reports/cts/hold.all_violators.rpt
###############################################################
# format : frame 0 : split 0

min_delay/hold
---------------------------
      -------------------------------------------------------------------------------------------------------------------------------------------  
       End Point                                  Slack                                         Cause                                       View   
      -------------------------------------------------------------------------------------------------------------------------------------------  
      InstructionFetch_Module_instr_data_op_reg[6]/D f   -0.222     VIOLATED                                   tt_v1.8_25C_Nominal_25_func
      InstructionFetch_Module_instr_data_op_reg[0]/D f   -0.220     VIOLATED                                   tt_v1.8_25C_Nominal_25_func
      InstructionFetch_Module_instr_data_op_reg[3]/D f   -0.211     VIOLATED                                   tt_v1.8_25C_Nominal_25_func
      InstructionFetch_Module_instr_data_op_reg[1]/D f   -0.210     VIOLATED                                   tt_v1.8_25C_Nominal_25_func
      InstructionFetch_Module_instr_data_op_reg[4]/D f   -0.191     VIOLATED                                   tt_v1.8_25C_Nominal_25_func
      InstructionFetch_Module_instr_data_op_reg[2]/D f   -0.187     VIOLATED                                   tt_v1.8_25C_Nominal_25_func
      InstructionFetch_Module_instr_data_op_reg[5]/D f   -0.174     VIOLATED                                   tt_v1.8_25C_Nominal_25_func
      InstructionFetch_Module_instr_data_op_reg[12]/D f   -0.151     VIOLATED                                   tt_v1.8_25C_Nominal_25_func
      InstructionFetch_Module_instr_data_op_reg[13]/D f   -0.142     VIOLATED                                   tt_v1.8_25C_Nominal_25_func
      InstructionFetch_Module_instr_pc_addr_op_reg[0]/D f   -0.134     VIOLATED                                   tt_v1.8_25C_Nominal_25_func
      InstructionFetch_Module_instr_data_op_reg[10]/D f   -0.132     VIOLATED                                   tt_v1.8_25C_Nominal_25_func
      InstructionFetch_Module_instr_data_op_reg[9]/D f   -0.130     VIOLATED                                   tt_v1.8_25C_Nominal_25_func
      InstructionFetch_Module_instr_data_op_reg[8]/D f   -0.130     VIOLATED                                   tt_v1.8_25C_Nominal_25_func
      LoadStoreUnit_data_req_op_reg/D f          -0.125     VIOLATED                                   tt_v1.8_25C_Nominal_25_func
      InstructionFetch_Module_instr_valid_op_reg/D f   -0.125     VIOLATED                                   tt_v1.8_25C_Nominal_25_func
      InstructionFetch_Module_instr_data_op_reg[11]/D f   -0.124     VIOLATED                                   tt_v1.8_25C_Nominal_25_func
      InstructionFetch_Module_instr_data_op_reg[7]/D f   -0.124     VIOLATED                                   tt_v1.8_25C_Nominal_25_func
      InstructionExecute_Module_alu_valid_op_reg/D f   -0.121     VIOLATED                                   tt_v1.8_25C_Nominal_25_func
      InstructionFetch_Module_instr_data_op_reg[30]/D f   -0.119     VIOLATED                                   tt_v1.8_25C_Nominal_25_func
      InstructionFetch_Module_instr_pc_addr_op_reg[1]/D f   -0.116     VIOLATED                                   tt_v1.8_25C_Nominal_25_func
      InstructionFetch_Module_instr_data_op_reg[14]/D f   -0.095     VIOLATED                                   tt_v1.8_25C_Nominal_25_func
      InstructionFetch_Module_instr_data_op_reg[16]/D f   -0.078     VIOLATED                                   tt_v1.8_25C_Nominal_25_func
      InstructionFetch_Module_instr_data_op_reg[15]/D f   -0.075     VIOLATED                                   tt_v1.8_25C_Nominal_25_func
      InstructionFetch_Module_instr_data_op_reg[23]/D f   -0.072     VIOLATED                                   tt_v1.8_25C_Nominal_25_func
      InstructionFetch_Module_instr_data_op_reg[18]/D f   -0.071     VIOLATED                                   tt_v1.8_25C_Nominal_25_func
      InstructionFetch_Module_instr_data_op_reg[27]/D f   -0.067     VIOLATED                                   tt_v1.8_25C_Nominal_25_func
      InstructionFetch_Module_instr_data_op_reg[24]/D f   -0.065     VIOLATED                                   tt_v1.8_25C_Nominal_25_func
      InstructionFetch_Module_instr_data_op_reg[28]/D f   -0.060     VIOLATED                                   tt_v1.8_25C_Nominal_25_func
      InstructionExecute_Module_mem_wdata_pt_op_reg[19]/D f   -0.056     VIOLATED                                   tt_v1.8_25C_Nominal_25_func
      InstructionExecute_Module_mem_wdata_pt_op_reg[11]/D f   -0.056     VIOLATED                                   tt_v1.8_25C_Nominal_25_func
      InstructionFetch_Module_instr_data_op_reg[21]/D f   -0.053     VIOLATED                                   tt_v1.8_25C_Nominal_25_func
      InstructionExecute_Module_mem_wdata_pt_op_reg[15]/D f   -0.053     VIOLATED                                   tt_v1.8_25C_Nominal_25_func
      InstructionFetch_Module_instr_pc_addr_op_reg[2]/D f   -0.053     VIOLATED                                   tt_v1.8_25C_Nominal_25_func
      InstructionExecute_Module_mem_wdata_pt_op_reg[9]/D f   -0.053     VIOLATED                                   tt_v1.8_25C_Nominal_25_func
      InstructionExecute_Module_mem_wdata_pt_op_reg[16]/D f   -0.050     VIOLATED                                   tt_v1.8_25C_Nominal_25_func
      InstructionFetch_Module_instr_data_op_reg[26]/D f   -0.050     VIOLATED                                   tt_v1.8_25C_Nominal_25_func
      InstructionFetch_Module_instr_data_op_reg[31]/D f   -0.049     VIOLATED                                   tt_v1.8_25C_Nominal_25_func
      InstructionExecute_Module_mem_wdata_pt_op_reg[31]/D f   -0.048     VIOLATED                                   tt_v1.8_25C_Nominal_25_func
      InstructionFetch_Module_instr_data_op_reg[17]/D f   -0.048     VIOLATED                                   tt_v1.8_25C_Nominal_25_func
      InstructionFetch_Module_instr_data_op_reg[19]/D f   -0.047     VIOLATED                                   tt_v1.8_25C_Nominal_25_func
      InstructionExecute_Module_mem_wdata_pt_op_reg[7]/D f   -0.045     VIOLATED                                   tt_v1.8_25C_Nominal_25_func
      InstructionExecute_Module_mem_wdata_pt_op_reg[3]/D f   -0.045     VIOLATED                                   tt_v1.8_25C_Nominal_25_func
      InstructionExecute_Module_mem_wdata_pt_op_reg[30]/D f   -0.044     VIOLATED                                   tt_v1.8_25C_Nominal_25_func
      InstructionExecute_Module_mem_wdata_pt_op_reg[26]/D f   -0.043     VIOLATED                                   tt_v1.8_25C_Nominal_25_func
      InstructionExecute_Module_ex_lsu_operator_pt_op_reg[2]/D f   -0.040     VIOLATED                                   tt_v1.8_25C_Nominal_25_func
      InstructionExecute_Module_ex_lsu_operator_pt_op_reg[1]/D f   -0.037     VIOLATED                                   tt_v1.8_25C_Nominal_25_func
      InstructionExecute_Module_ex_lsu_operator_pt_op_reg[3]/D f   -0.031     VIOLATED                                   tt_v1.8_25C_Nominal_25_func
      InstructionExecute_Module_mem_wdata_pt_op_reg[20]/D f   -0.031     VIOLATED                                   tt_v1.8_25C_Nominal_25_func
      InstructionFetch_Module_instr_data_op_reg[20]/D f   -0.026     VIOLATED                                   tt_v1.8_25C_Nominal_25_func
      InstructionExecute_Module_ex_lsu_operator_pt_op_reg[0]/D f   -0.022     VIOLATED                                   tt_v1.8_25C_Nominal_25_func
      InstructionExecute_Module_mem_wdata_pt_op_reg[29]/D f   -0.022     VIOLATED                                   tt_v1.8_25C_Nominal_25_func
      InstructionExecute_Module_mem_wdata_pt_op_reg[24]/D f   -0.021     VIOLATED                                   tt_v1.8_25C_Nominal_25_func
      InstructionExecute_Module_mem_wdata_pt_op_reg[0]/D f   -0.020     VIOLATED                                   tt_v1.8_25C_Nominal_25_func
      InstructionExecute_Module_mem_wdata_pt_op_reg[25]/D f   -0.019     VIOLATED                                   tt_v1.8_25C_Nominal_25_func
      InstructionExecute_Module_mem_wdata_pt_op_reg[21]/D f   -0.018     VIOLATED                                   tt_v1.8_25C_Nominal_25_func
      InstructionFetch_Module_instr_data_op_reg[25]/D f   -0.018     VIOLATED                                   tt_v1.8_25C_Nominal_25_func
      InstructionExecute_Module_mem_wdata_pt_op_reg[4]/D f   -0.018     VIOLATED                                   tt_v1.8_25C_Nominal_25_func
      InstructionExecute_Module_mem_wdata_pt_op_reg[14]/D f   -0.016     VIOLATED                                   tt_v1.8_25C_Nominal_25_func
      InstructionExecute_Module_mem_wdata_pt_op_reg[10]/D f   -0.016     VIOLATED                                   tt_v1.8_25C_Nominal_25_func
      InstructionFetch_Module_instr_data_op_reg[29]/D f   -0.013     VIOLATED                                   tt_v1.8_25C_Nominal_25_func
      InstructionExecute_Module_mem_wdata_pt_op_reg[2]/D f   -0.013     VIOLATED                                   tt_v1.8_25C_Nominal_25_func
      InstructionExecute_Module_mem_wdata_pt_op_reg[1]/D f   -0.012     VIOLATED                                   tt_v1.8_25C_Nominal_25_func
      InstructionExecute_Module_mem_wdata_pt_op_reg[6]/D f   -0.012     VIOLATED                                   tt_v1.8_25C_Nominal_25_func
      InstructionExecute_Module_mem_wdata_pt_op_reg[12]/D f   -0.011     VIOLATED                                   tt_v1.8_25C_Nominal_25_func
      InstructionExecute_Module_mem_wdata_pt_op_reg[13]/D f   -0.011     VIOLATED                                   tt_v1.8_25C_Nominal_25_func
      InstructionExecute_Module_mem_wdata_pt_op_reg[23]/D f   -0.011     VIOLATED                                   tt_v1.8_25C_Nominal_25_func
      InstructionExecute_Module_mem_wdata_pt_op_reg[17]/D f   -0.010     VIOLATED                                   tt_v1.8_25C_Nominal_25_func
      InstructionExecute_Module_mem_wdata_pt_op_reg[18]/D f   -0.010     VIOLATED                                   tt_v1.8_25C_Nominal_25_func
      InstructionExecute_Module_mem_wdata_pt_op_reg[8]/D f   -0.009     VIOLATED                                   tt_v1.8_25C_Nominal_25_func
      InstructionExecute_Module_mem_wdata_pt_op_reg[28]/D f   -0.007     VIOLATED                                   tt_v1.8_25C_Nominal_25_func
      InstructionExecute_Module_mem_wdata_pt_op_reg[5]/D f   -0.003     VIOLATED                                   tt_v1.8_25C_Nominal_25_func
      InstructionExecute_Module_mem_wdata_pt_op_reg[27]/D f   -0.001     VIOLATED                                   tt_v1.8_25C_Nominal_25_func
      -------------------------------------------------------------------------------------------------------------------------------------------

Check type : min_capacitance
---------------------------
     ----------------------------------------------------------------------------------------------  
      Pin Name               Required          Actual            Slack             View              
     ----------------------------------------------------------------------------------------------  
     MainMemory_data_sram/dout0[0]   0.002             0.000             -0.002            tt_v1.8_25C_Nominal_25_func
     MainMemory_data_sram/dout0[1]   0.002             0.000             -0.002            tt_v1.8_25C_Nominal_25_func
     MainMemory_data_sram/dout0[2]   0.002             0.000             -0.002            tt_v1.8_25C_Nominal_25_func
     MainMemory_data_sram/dout0[3]   0.002             0.000             -0.002            tt_v1.8_25C_Nominal_25_func
     MainMemory_data_sram/dout0[4]   0.002             0.000             -0.002            tt_v1.8_25C_Nominal_25_func
     MainMemory_data_sram/dout0[5]   0.002             0.000             -0.002            tt_v1.8_25C_Nominal_25_func
     MainMemory_data_sram/dout0[6]   0.002             0.000             -0.002            tt_v1.8_25C_Nominal_25_func
     MainMemory_data_sram/dout0[7]   0.002             0.000             -0.002            tt_v1.8_25C_Nominal_25_func
     MainMemory_data_sram/dout0[8]   0.002             0.000             -0.002            tt_v1.8_25C_Nominal_25_func
     MainMemory_data_sram/dout0[9]   0.002             0.000             -0.002            tt_v1.8_25C_Nominal_25_func
     MainMemory_data_sram/dout0[10]   0.002             0.000             -0.002            tt_v1.8_25C_Nominal_25_func
     MainMemory_data_sram/dout0[11]   0.002             0.000             -0.002            tt_v1.8_25C_Nominal_25_func
     MainMemory_data_sram/dout0[12]   0.002             0.000             -0.002            tt_v1.8_25C_Nominal_25_func
     MainMemory_data_sram/dout0[13]   0.002             0.000             -0.002            tt_v1.8_25C_Nominal_25_func
     MainMemory_data_sram/dout0[14]   0.002             0.000             -0.002            tt_v1.8_25C_Nominal_25_func
     MainMemory_data_sram/dout0[15]   0.002             0.000             -0.002            tt_v1.8_25C_Nominal_25_func
     MainMemory_data_sram/dout0[16]   0.002             0.000             -0.002            tt_v1.8_25C_Nominal_25_func
     MainMemory_data_sram/dout0[17]   0.002             0.000             -0.002            tt_v1.8_25C_Nominal_25_func
     MainMemory_data_sram/dout0[18]   0.002             0.000             -0.002            tt_v1.8_25C_Nominal_25_func
     MainMemory_data_sram/dout0[19]   0.002             0.000             -0.002            tt_v1.8_25C_Nominal_25_func
     MainMemory_data_sram/dout0[20]   0.002             0.000             -0.002            tt_v1.8_25C_Nominal_25_func
     MainMemory_data_sram/dout0[21]   0.002             0.000             -0.002            tt_v1.8_25C_Nominal_25_func
     MainMemory_data_sram/dout0[22]   0.002             0.000             -0.002            tt_v1.8_25C_Nominal_25_func
     MainMemory_data_sram/dout0[23]   0.002             0.000             -0.002            tt_v1.8_25C_Nominal_25_func
     MainMemory_data_sram/dout0[24]   0.002             0.000             -0.002            tt_v1.8_25C_Nominal_25_func
     MainMemory_data_sram/dout0[25]   0.002             0.000             -0.002            tt_v1.8_25C_Nominal_25_func
     MainMemory_data_sram/dout0[26]   0.002             0.000             -0.002            tt_v1.8_25C_Nominal_25_func
     MainMemory_data_sram/dout0[27]   0.002             0.000             -0.002            tt_v1.8_25C_Nominal_25_func
     MainMemory_data_sram/dout0[28]   0.002             0.000             -0.002            tt_v1.8_25C_Nominal_25_func
     MainMemory_data_sram/dout0[29]   0.002             0.000             -0.002            tt_v1.8_25C_Nominal_25_func
     MainMemory_data_sram/dout0[30]   0.002             0.000             -0.002            tt_v1.8_25C_Nominal_25_func
     MainMemory_data_sram/dout0[31]   0.002             0.000             -0.002            tt_v1.8_25C_Nominal_25_func
     InstructionFetch_Module_InstructionMemory_instr_sram/dout0[0]   0.002             0.000             -0.002            tt_v1.8_25C_Nominal_25_func
     InstructionFetch_Module_InstructionMemory_instr_sram/dout0[1]   0.002             0.000             -0.002            tt_v1.8_25C_Nominal_25_func
     InstructionFetch_Module_InstructionMemory_instr_sram/dout0[2]   0.002             0.000             -0.002            tt_v1.8_25C_Nominal_25_func
     InstructionFetch_Module_InstructionMemory_instr_sram/dout0[3]   0.002             0.000             -0.002            tt_v1.8_25C_Nominal_25_func
     InstructionFetch_Module_InstructionMemory_instr_sram/dout0[4]   0.002             0.000             -0.002            tt_v1.8_25C_Nominal_25_func
     InstructionFetch_Module_InstructionMemory_instr_sram/dout0[5]   0.002             0.000             -0.002            tt_v1.8_25C_Nominal_25_func
     InstructionFetch_Module_InstructionMemory_instr_sram/dout0[6]   0.002             0.000             -0.002            tt_v1.8_25C_Nominal_25_func
     InstructionFetch_Module_InstructionMemory_instr_sram/dout0[7]   0.002             0.000             -0.002            tt_v1.8_25C_Nominal_25_func
     InstructionFetch_Module_InstructionMemory_instr_sram/dout0[8]   0.002             0.000             -0.002            tt_v1.8_25C_Nominal_25_func
     InstructionFetch_Module_InstructionMemory_instr_sram/dout0[9]   0.002             0.000             -0.002            tt_v1.8_25C_Nominal_25_func
     InstructionFetch_Module_InstructionMemory_instr_sram/dout0[10]   0.002             0.000             -0.002            tt_v1.8_25C_Nominal_25_func
     InstructionFetch_Module_InstructionMemory_instr_sram/dout0[11]   0.002             0.000             -0.002            tt_v1.8_25C_Nominal_25_func
     InstructionFetch_Module_InstructionMemory_instr_sram/dout0[12]   0.002             0.000             -0.002            tt_v1.8_25C_Nominal_25_func
     InstructionFetch_Module_InstructionMemory_instr_sram/dout0[13]   0.002             0.000             -0.002            tt_v1.8_25C_Nominal_25_func
     InstructionFetch_Module_InstructionMemory_instr_sram/dout0[14]   0.002             0.000             -0.002            tt_v1.8_25C_Nominal_25_func
     InstructionFetch_Module_InstructionMemory_instr_sram/dout0[15]   0.002             0.000             -0.002            tt_v1.8_25C_Nominal_25_func
     InstructionFetch_Module_InstructionMemory_instr_sram/dout0[16]   0.002             0.000             -0.002            tt_v1.8_25C_Nominal_25_func
     InstructionFetch_Module_InstructionMemory_instr_sram/dout0[17]   0.002             0.000             -0.002            tt_v1.8_25C_Nominal_25_func
     InstructionFetch_Module_InstructionMemory_instr_sram/dout0[18]   0.002             0.000             -0.002            tt_v1.8_25C_Nominal_25_func
     InstructionFetch_Module_InstructionMemory_instr_sram/dout0[19]   0.002             0.000             -0.002            tt_v1.8_25C_Nominal_25_func
     InstructionFetch_Module_InstructionMemory_instr_sram/dout0[20]   0.002             0.000             -0.002            tt_v1.8_25C_Nominal_25_func
     InstructionFetch_Module_InstructionMemory_instr_sram/dout0[21]   0.002             0.000             -0.002            tt_v1.8_25C_Nominal_25_func
     InstructionFetch_Module_InstructionMemory_instr_sram/dout0[22]   0.002             0.000             -0.002            tt_v1.8_25C_Nominal_25_func
     InstructionFetch_Module_InstructionMemory_instr_sram/dout0[23]   0.002             0.000             -0.002            tt_v1.8_25C_Nominal_25_func
     InstructionFetch_Module_InstructionMemory_instr_sram/dout0[24]   0.002             0.000             -0.002            tt_v1.8_25C_Nominal_25_func
     InstructionFetch_Module_InstructionMemory_instr_sram/dout0[25]   0.002             0.000             -0.002            tt_v1.8_25C_Nominal_25_func
     InstructionFetch_Module_InstructionMemory_instr_sram/dout0[26]   0.002             0.000             -0.002            tt_v1.8_25C_Nominal_25_func
     InstructionFetch_Module_InstructionMemory_instr_sram/dout0[27]   0.002             0.000             -0.002            tt_v1.8_25C_Nominal_25_func
     InstructionFetch_Module_InstructionMemory_instr_sram/dout0[28]   0.002             0.000             -0.002            tt_v1.8_25C_Nominal_25_func
     InstructionFetch_Module_InstructionMemory_instr_sram/dout0[29]   0.002             0.000             -0.002            tt_v1.8_25C_Nominal_25_func
     InstructionFetch_Module_InstructionMemory_instr_sram/dout0[30]   0.002             0.000             -0.002            tt_v1.8_25C_Nominal_25_func
     InstructionFetch_Module_InstructionMemory_instr_sram/dout0[31]   0.002             0.000             -0.002            tt_v1.8_25C_Nominal_25_func
     InstructionDecode_Module_register_file_RF[10].RF_data_op_reg[9]/QN   0.001             0.000             -0.001            tt_v1.8_25C_Nominal_25_func
     InstructionDecode_Module_register_file_RF[10].RF_data_op_reg[8]/QN   0.001             0.000             -0.001            tt_v1.8_25C_Nominal_25_func
     InstructionDecode_Module_register_file_RF[10].RF_data_op_reg[7]/QN   0.001             0.000             -0.001            tt_v1.8_25C_Nominal_25_func
     InstructionDecode_Module_register_file_RF[10].RF_data_op_reg[6]/QN   0.001             0.000             -0.001            tt_v1.8_25C_Nominal_25_func
     InstructionDecode_Module_register_file_RF[10].RF_data_op_reg[5]/QN   0.001             0.000             -0.001            tt_v1.8_25C_Nominal_25_func
     InstructionDecode_Module_register_file_RF[10].RF_data_op_reg[4]/QN   0.001             0.000             -0.001            tt_v1.8_25C_Nominal_25_func
     InstructionDecode_Module_register_file_RF[10].RF_data_op_reg[3]/QN   0.001             0.000             -0.001            tt_v1.8_25C_Nominal_25_func
     InstructionDecode_Module_register_file_RF[10].RF_data_op_reg[2]/QN   0.001             0.000             -0.001            tt_v1.8_25C_Nominal_25_func
     InstructionDecode_Module_register_file_RF[10].RF_data_op_reg[1]/QN   0.001             0.000             -0.001            tt_v1.8_25C_Nominal_25_func
     InstructionDecode_Module_register_file_RF[10].RF_data_op_reg[0]/QN   0.001             0.000             -0.001            tt_v1.8_25C_Nominal_25_func
     InstructionDecode_Module_register_file_RF[9].RF_data_op_reg[31]/QN   0.001             0.000             -0.001            tt_v1.8_25C_Nominal_25_func
     InstructionDecode_Module_register_file_RF[9].RF_data_op_reg[30]/QN   0.001             0.000             -0.001            tt_v1.8_25C_Nominal_25_func
     InstructionDecode_Module_register_file_RF[9].RF_data_op_reg[29]/QN   0.001             0.000             -0.001            tt_v1.8_25C_Nominal_25_func
     InstructionDecode_Module_register_file_RF[9].RF_data_op_reg[28]/QN   0.001             0.000             -0.001            tt_v1.8_25C_Nominal_25_func
     InstructionDecode_Module_register_file_RF[9].RF_data_op_reg[27]/QN   0.001             0.000             -0.001            tt_v1.8_25C_Nominal_25_func
     InstructionDecode_Module_register_file_RF[9].RF_data_op_reg[26]/QN   0.001             0.000             -0.001            tt_v1.8_25C_Nominal_25_func
     InstructionDecode_Module_register_file_RF[9].RF_data_op_reg[25]/QN   0.001             0.000             -0.001            tt_v1.8_25C_Nominal_25_func
     InstructionDecode_Module_register_file_RF[9].RF_data_op_reg[24]/QN   0.001             0.000             -0.001            tt_v1.8_25C_Nominal_25_func
     InstructionDecode_Module_register_file_RF[9].RF_data_op_reg[23]/QN   0.001             0.000             -0.001            tt_v1.8_25C_Nominal_25_func
     InstructionDecode_Module_register_file_RF[9].RF_data_op_reg[22]/QN   0.001             0.000             -0.001            tt_v1.8_25C_Nominal_25_func
     InstructionDecode_Module_register_file_RF[9].RF_data_op_reg[21]/QN   0.001             0.000             -0.001            tt_v1.8_25C_Nominal_25_func
     InstructionDecode_Module_register_file_RF[9].RF_data_op_reg[20]/QN   0.001             0.000             -0.001            tt_v1.8_25C_Nominal_25_func
     InstructionDecode_Module_register_file_RF[9].RF_data_op_reg[19]/QN   0.001             0.000             -0.001            tt_v1.8_25C_Nominal_25_func
     InstructionDecode_Module_register_file_RF[9].RF_data_op_reg[18]/QN   0.001             0.000             -0.001            tt_v1.8_25C_Nominal_25_func
     InstructionDecode_Module_register_file_RF[9].RF_data_op_reg[17]/QN   0.001             0.000             -0.001            tt_v1.8_25C_Nominal_25_func
     InstructionDecode_Module_register_file_RF[9].RF_data_op_reg[16]/QN   0.001             0.000             -0.001            tt_v1.8_25C_Nominal_25_func
     InstructionDecode_Module_register_file_RF[9].RF_data_op_reg[15]/QN   0.001             0.000             -0.001            tt_v1.8_25C_Nominal_25_func
     InstructionDecode_Module_register_file_RF[9].RF_data_op_reg[14]/QN   0.001             0.000             -0.001            tt_v1.8_25C_Nominal_25_func
     InstructionDecode_Module_register_file_RF[9].RF_data_op_reg[13]/QN   0.001             0.000             -0.001            tt_v1.8_25C_Nominal_25_func
     InstructionDecode_Module_register_file_RF[9].RF_data_op_reg[12]/QN   0.001             0.000             -0.001            tt_v1.8_25C_Nominal_25_func
     InstructionDecode_Module_register_file_RF[9].RF_data_op_reg[11]/QN   0.001             0.000             -0.001            tt_v1.8_25C_Nominal_25_func
     InstructionDecode_Module_register_file_RF[9].RF_data_op_reg[10]/QN   0.001             0.000             -0.001            tt_v1.8_25C_Nominal_25_func
     InstructionDecode_Module_register_file_RF[9].RF_data_op_reg[9]/QN   0.001             0.000             -0.001            tt_v1.8_25C_Nominal_25_func
     InstructionDecode_Module_register_file_RF[9].RF_data_op_reg[8]/QN   0.001             0.000             -0.001            tt_v1.8_25C_Nominal_25_func
     InstructionDecode_Module_register_file_RF[9].RF_data_op_reg[7]/QN   0.001             0.000             -0.001            tt_v1.8_25C_Nominal_25_func
     InstructionDecode_Module_register_file_RF[9].RF_data_op_reg[6]/QN   0.001             0.000             -0.001            tt_v1.8_25C_Nominal_25_func
     InstructionDecode_Module_register_file_RF[9].RF_data_op_reg[5]/QN   0.001             0.000             -0.001            tt_v1.8_25C_Nominal_25_func
     InstructionDecode_Module_register_file_RF[9].RF_data_op_reg[4]/QN   0.001             0.000             -0.001            tt_v1.8_25C_Nominal_25_func
     InstructionDecode_Module_register_file_RF[9].RF_data_op_reg[3]/QN   0.001             0.000             -0.001            tt_v1.8_25C_Nominal_25_func
     InstructionDecode_Module_register_file_RF[9].RF_data_op_reg[2]/QN   0.001             0.000             -0.001            tt_v1.8_25C_Nominal_25_func
     InstructionDecode_Module_register_file_RF[9].RF_data_op_reg[1]/QN   0.001             0.000             -0.001            tt_v1.8_25C_Nominal_25_func
     InstructionDecode_Module_register_file_RF[9].RF_data_op_reg[0]/QN   0.001             0.000             -0.001            tt_v1.8_25C_Nominal_25_func
     InstructionDecode_Module_register_file_RF[8].RF_data_op_reg[31]/QN   0.001             0.000             -0.001            tt_v1.8_25C_Nominal_25_func
     InstructionDecode_Module_register_file_RF[8].RF_data_op_reg[30]/QN   0.001             0.000             -0.001            tt_v1.8_25C_Nominal_25_func
     InstructionDecode_Module_register_file_RF[8].RF_data_op_reg[29]/QN   0.001             0.000             -0.001            tt_v1.8_25C_Nominal_25_func
     InstructionDecode_Module_register_file_RF[8].RF_data_op_reg[28]/QN   0.001             0.000             -0.001            tt_v1.8_25C_Nominal_25_func
     InstructionDecode_Module_register_file_RF[8].RF_data_op_reg[27]/QN   0.001             0.000             -0.001            tt_v1.8_25C_Nominal_25_func
     InstructionDecode_Module_register_file_RF[8].RF_data_op_reg[26]/QN   0.001             0.000             -0.001            tt_v1.8_25C_Nominal_25_func
     InstructionDecode_Module_register_file_RF[8].RF_data_op_reg[25]/QN   0.001             0.000             -0.001            tt_v1.8_25C_Nominal_25_func
     InstructionDecode_Module_register_file_RF[8].RF_data_op_reg[24]/QN   0.001             0.000             -0.001            tt_v1.8_25C_Nominal_25_func
     InstructionDecode_Module_register_file_RF[8].RF_data_op_reg[23]/QN   0.001             0.000             -0.001            tt_v1.8_25C_Nominal_25_func
     InstructionDecode_Module_register_file_RF[8].RF_data_op_reg[22]/QN   0.001             0.000             -0.001            tt_v1.8_25C_Nominal_25_func
     InstructionDecode_Module_register_file_RF[8].RF_data_op_reg[21]/QN   0.001             0.000             -0.001            tt_v1.8_25C_Nominal_25_func
     InstructionDecode_Module_register_file_RF[8].RF_data_op_reg[20]/QN   0.001             0.000             -0.001            tt_v1.8_25C_Nominal_25_func
     InstructionDecode_Module_register_file_RF[8].RF_data_op_reg[19]/QN   0.001             0.000             -0.001            tt_v1.8_25C_Nominal_25_func
     InstructionDecode_Module_register_file_RF[8].RF_data_op_reg[18]/QN   0.001             0.000             -0.001            tt_v1.8_25C_Nominal_25_func
     InstructionDecode_Module_register_file_RF[8].RF_data_op_reg[17]/QN   0.001             0.000             -0.001            tt_v1.8_25C_Nominal_25_func
     InstructionDecode_Module_register_file_RF[8].RF_data_op_reg[16]/QN   0.001             0.000             -0.001            tt_v1.8_25C_Nominal_25_func
     InstructionDecode_Module_register_file_RF[8].RF_data_op_reg[15]/QN   0.001             0.000             -0.001            tt_v1.8_25C_Nominal_25_func
     InstructionDecode_Module_register_file_RF[8].RF_data_op_reg[14]/QN   0.001             0.000             -0.001            tt_v1.8_25C_Nominal_25_func
     InstructionDecode_Module_register_file_RF[8].RF_data_op_reg[13]/QN   0.001             0.000             -0.001            tt_v1.8_25C_Nominal_25_func
     InstructionDecode_Module_register_file_RF[8].RF_data_op_reg[12]/QN   0.001             0.000             -0.001            tt_v1.8_25C_Nominal_25_func
     InstructionDecode_Module_register_file_RF[8].RF_data_op_reg[11]/QN   0.001             0.000             -0.001            tt_v1.8_25C_Nominal_25_func
     InstructionDecode_Module_register_file_RF[8].RF_data_op_reg[10]/QN   0.001             0.000             -0.001            tt_v1.8_25C_Nominal_25_func
     InstructionDecode_Module_register_file_RF[8].RF_data_op_reg[9]/QN   0.001             0.000             -0.001            tt_v1.8_25C_Nominal_25_func
     InstructionDecode_Module_register_file_RF[8].RF_data_op_reg[8]/QN   0.001             0.000             -0.001            tt_v1.8_25C_Nominal_25_func
     InstructionDecode_Module_register_file_RF[8].RF_data_op_reg[7]/QN   0.001             0.000             -0.001            tt_v1.8_25C_Nominal_25_func
     InstructionDecode_Module_register_file_RF[8].RF_data_op_reg[6]/QN   0.001             0.000             -0.001            tt_v1.8_25C_Nominal_25_func
     InstructionDecode_Module_register_file_RF[8].RF_data_op_reg[5]/QN   0.001             0.000             -0.001            tt_v1.8_25C_Nominal_25_func
     InstructionDecode_Module_register_file_RF[8].RF_data_op_reg[4]/QN   0.001             0.000             -0.001            tt_v1.8_25C_Nominal_25_func
     InstructionDecode_Module_register_file_RF[8].RF_data_op_reg[3]/QN   0.001             0.000             -0.001            tt_v1.8_25C_Nominal_25_func
     InstructionDecode_Module_register_file_RF[8].RF_data_op_reg[2]/QN   0.001             0.000             -0.001            tt_v1.8_25C_Nominal_25_func
     InstructionDecode_Module_register_file_RF[8].RF_data_op_reg[1]/QN   0.001             0.000             -0.001            tt_v1.8_25C_Nominal_25_func
     InstructionDecode_Module_register_file_RF[8].RF_data_op_reg[0]/QN   0.001             0.000             -0.001            tt_v1.8_25C_Nominal_25_func
     InstructionDecode_Module_register_file_RF[7].RF_data_op_reg[31]/QN   0.001             0.000             -0.001            tt_v1.8_25C_Nominal_25_func
     InstructionDecode_Module_register_file_RF[7].RF_data_op_reg[30]/QN   0.001             0.000             -0.001            tt_v1.8_25C_Nominal_25_func
     InstructionDecode_Module_register_file_RF[7].RF_data_op_reg[29]/QN   0.001             0.000             -0.001            tt_v1.8_25C_Nominal_25_func
     InstructionDecode_Module_register_file_RF[7].RF_data_op_reg[28]/QN   0.001             0.000             -0.001            tt_v1.8_25C_Nominal_25_func
     InstructionDecode_Module_register_file_RF[7].RF_data_op_reg[27]/QN   0.001             0.000             -0.001            tt_v1.8_25C_Nominal_25_func
     InstructionDecode_Module_register_file_RF[7].RF_data_op_reg[26]/QN   0.001             0.000             -0.001            tt_v1.8_25C_Nominal_25_func
     InstructionDecode_Module_register_file_RF[7].RF_data_op_reg[25]/QN   0.001             0.000             -0.001            tt_v1.8_25C_Nominal_25_func
     InstructionDecode_Module_register_file_RF[7].RF_data_op_reg[24]/QN   0.001             0.000             -0.001            tt_v1.8_25C_Nominal_25_func
     InstructionDecode_Module_register_file_RF[7].RF_data_op_reg[23]/QN   0.001             0.000             -0.001            tt_v1.8_25C_Nominal_25_func
     InstructionDecode_Module_register_file_RF[7].RF_data_op_reg[22]/QN   0.001             0.000             -0.001            tt_v1.8_25C_Nominal_25_func
     InstructionDecode_Module_register_file_RF[7].RF_data_op_reg[21]/QN   0.001             0.000             -0.001            tt_v1.8_25C_Nominal_25_func
     InstructionDecode_Module_register_file_RF[7].RF_data_op_reg[20]/QN   0.001             0.000             -0.001            tt_v1.8_25C_Nominal_25_func
     InstructionDecode_Module_register_file_RF[7].RF_data_op_reg[19]/QN   0.001             0.000             -0.001            tt_v1.8_25C_Nominal_25_func
     InstructionDecode_Module_register_file_RF[7].RF_data_op_reg[18]/QN   0.001             0.000             -0.001            tt_v1.8_25C_Nominal_25_func
     InstructionDecode_Module_register_file_RF[7].RF_data_op_reg[17]/QN   0.001             0.000             -0.001            tt_v1.8_25C_Nominal_25_func
     InstructionDecode_Module_register_file_RF[7].RF_data_op_reg[16]/QN   0.001             0.000             -0.001            tt_v1.8_25C_Nominal_25_func
     InstructionDecode_Module_register_file_RF[7].RF_data_op_reg[15]/QN   0.001             0.000             -0.001            tt_v1.8_25C_Nominal_25_func
     InstructionDecode_Module_register_file_RF[7].RF_data_op_reg[14]/QN   0.001             0.000             -0.001            tt_v1.8_25C_Nominal_25_func
     InstructionDecode_Module_register_file_RF[7].RF_data_op_reg[13]/QN   0.001             0.000             -0.001            tt_v1.8_25C_Nominal_25_func
     InstructionDecode_Module_register_file_RF[7].RF_data_op_reg[12]/QN   0.001             0.000             -0.001            tt_v1.8_25C_Nominal_25_func
     InstructionDecode_Module_register_file_RF[7].RF_data_op_reg[11]/QN   0.001             0.000             -0.001            tt_v1.8_25C_Nominal_25_func
     InstructionDecode_Module_register_file_RF[7].RF_data_op_reg[10]/QN   0.001             0.000             -0.001            tt_v1.8_25C_Nominal_25_func
     InstructionDecode_Module_register_file_RF[7].RF_data_op_reg[9]/QN   0.001             0.000             -0.001            tt_v1.8_25C_Nominal_25_func
     InstructionDecode_Module_register_file_RF[7].RF_data_op_reg[8]/QN   0.001             0.000             -0.001            tt_v1.8_25C_Nominal_25_func
     InstructionDecode_Module_register_file_RF[7].RF_data_op_reg[7]/QN   0.001             0.000             -0.001            tt_v1.8_25C_Nominal_25_func
     InstructionDecode_Module_register_file_RF[7].RF_data_op_reg[6]/QN   0.001             0.000             -0.001            tt_v1.8_25C_Nominal_25_func
     InstructionDecode_Module_register_file_RF[7].RF_data_op_reg[5]/QN   0.001             0.000             -0.001            tt_v1.8_25C_Nominal_25_func
     InstructionDecode_Module_register_file_RF[7].RF_data_op_reg[4]/QN   0.001             0.000             -0.001            tt_v1.8_25C_Nominal_25_func
     InstructionDecode_Module_register_file_RF[7].RF_data_op_reg[3]/QN   0.001             0.000             -0.001            tt_v1.8_25C_Nominal_25_func
     InstructionDecode_Module_register_file_RF[7].RF_data_op_reg[2]/QN   0.001             0.000             -0.001            tt_v1.8_25C_Nominal_25_func
     InstructionDecode_Module_register_file_RF[7].RF_data_op_reg[1]/QN   0.001             0.000             -0.001            tt_v1.8_25C_Nominal_25_func
     InstructionDecode_Module_register_file_RF[7].RF_data_op_reg[0]/QN   0.001             0.000             -0.001            tt_v1.8_25C_Nominal_25_func
     InstructionDecode_Module_register_file_RF[6].RF_data_op_reg[31]/QN   0.001             0.000             -0.001            tt_v1.8_25C_Nominal_25_func
     InstructionDecode_Module_register_file_RF[6].RF_data_op_reg[30]/QN   0.001             0.000             -0.001            tt_v1.8_25C_Nominal_25_func
     InstructionDecode_Module_register_file_RF[6].RF_data_op_reg[29]/QN   0.001             0.000             -0.001            tt_v1.8_25C_Nominal_25_func
     InstructionDecode_Module_register_file_RF[6].RF_data_op_reg[28]/QN   0.001             0.000             -0.001            tt_v1.8_25C_Nominal_25_func
     InstructionDecode_Module_register_file_RF[6].RF_data_op_reg[27]/QN   0.001             0.000             -0.001            tt_v1.8_25C_Nominal_25_func
     InstructionDecode_Module_register_file_RF[6].RF_data_op_reg[26]/QN   0.001             0.000             -0.001            tt_v1.8_25C_Nominal_25_func
     InstructionDecode_Module_register_file_RF[6].RF_data_op_reg[25]/QN   0.001             0.000             -0.001            tt_v1.8_25C_Nominal_25_func
     InstructionDecode_Module_register_file_RF[6].RF_data_op_reg[24]/QN   0.001             0.000             -0.001            tt_v1.8_25C_Nominal_25_func
     InstructionDecode_Module_register_file_RF[6].RF_data_op_reg[23]/QN   0.001             0.000             -0.001            tt_v1.8_25C_Nominal_25_func
     InstructionDecode_Module_register_file_RF[6].RF_data_op_reg[22]/QN   0.001             0.000             -0.001            tt_v1.8_25C_Nominal_25_func
     InstructionDecode_Module_register_file_RF[6].RF_data_op_reg[21]/QN   0.001             0.000             -0.001            tt_v1.8_25C_Nominal_25_func
     InstructionDecode_Module_register_file_RF[6].RF_data_op_reg[20]/QN   0.001             0.000             -0.001            tt_v1.8_25C_Nominal_25_func
     InstructionDecode_Module_register_file_RF[6].RF_data_op_reg[19]/QN   0.001             0.000             -0.001            tt_v1.8_25C_Nominal_25_func
     InstructionDecode_Module_register_file_RF[6].RF_data_op_reg[18]/QN   0.001             0.000             -0.001            tt_v1.8_25C_Nominal_25_func
     InstructionDecode_Module_register_file_RF[6].RF_data_op_reg[17]/QN   0.001             0.000             -0.001            tt_v1.8_25C_Nominal_25_func
     InstructionDecode_Module_register_file_RF[6].RF_data_op_reg[16]/QN   0.001             0.000             -0.001            tt_v1.8_25C_Nominal_25_func
     InstructionDecode_Module_register_file_RF[6].RF_data_op_reg[15]/QN   0.001             0.000             -0.001            tt_v1.8_25C_Nominal_25_func
     InstructionDecode_Module_register_file_RF[6].RF_data_op_reg[14]/QN   0.001             0.000             -0.001            tt_v1.8_25C_Nominal_25_func
     InstructionDecode_Module_register_file_RF[6].RF_data_op_reg[13]/QN   0.001             0.000             -0.001            tt_v1.8_25C_Nominal_25_func
     InstructionDecode_Module_register_file_RF[6].RF_data_op_reg[12]/QN   0.001             0.000             -0.001            tt_v1.8_25C_Nominal_25_func
     InstructionDecode_Module_register_file_RF[6].RF_data_op_reg[11]/QN   0.001             0.000             -0.001            tt_v1.8_25C_Nominal_25_func
     InstructionDecode_Module_register_file_RF[6].RF_data_op_reg[10]/QN   0.001             0.000             -0.001            tt_v1.8_25C_Nominal_25_func
     InstructionDecode_Module_register_file_RF[6].RF_data_op_reg[9]/QN   0.001             0.000             -0.001            tt_v1.8_25C_Nominal_25_func
     InstructionDecode_Module_register_file_RF[6].RF_data_op_reg[8]/QN   0.001             0.000             -0.001            tt_v1.8_25C_Nominal_25_func
     InstructionDecode_Module_register_file_RF[6].RF_data_op_reg[7]/QN   0.001             0.000             -0.001            tt_v1.8_25C_Nominal_25_func
     InstructionDecode_Module_register_file_RF[6].RF_data_op_reg[6]/QN   0.001             0.000             -0.001            tt_v1.8_25C_Nominal_25_func
     InstructionDecode_Module_register_file_RF[6].RF_data_op_reg[5]/QN   0.001             0.000             -0.001            tt_v1.8_25C_Nominal_25_func
     InstructionDecode_Module_register_file_RF[6].RF_data_op_reg[4]/QN   0.001             0.000             -0.001            tt_v1.8_25C_Nominal_25_func
     InstructionDecode_Module_register_file_RF[6].RF_data_op_reg[3]/QN   0.001             0.000             -0.001            tt_v1.8_25C_Nominal_25_func
     InstructionDecode_Module_register_file_RF[6].RF_data_op_reg[2]/QN   0.001             0.000             -0.001            tt_v1.8_25C_Nominal_25_func
     InstructionDecode_Module_register_file_RF[6].RF_data_op_reg[1]/QN   0.001             0.000             -0.001            tt_v1.8_25C_Nominal_25_func
     InstructionDecode_Module_register_file_RF[6].RF_data_op_reg[0]/QN   0.001             0.000             -0.001            tt_v1.8_25C_Nominal_25_func
     InstructionDecode_Module_register_file_RF[5].RF_data_op_reg[31]/QN   0.001             0.000             -0.001            tt_v1.8_25C_Nominal_25_func
     InstructionDecode_Module_register_file_RF[5].RF_data_op_reg[30]/QN   0.001             0.000             -0.001            tt_v1.8_25C_Nominal_25_func
     InstructionDecode_Module_register_file_RF[5].RF_data_op_reg[29]/QN   0.001             0.000             -0.001            tt_v1.8_25C_Nominal_25_func
     InstructionDecode_Module_register_file_RF[5].RF_data_op_reg[28]/QN   0.001             0.000             -0.001            tt_v1.8_25C_Nominal_25_func
     InstructionDecode_Module_register_file_RF[5].RF_data_op_reg[27]/QN   0.001             0.000             -0.001            tt_v1.8_25C_Nominal_25_func
     InstructionDecode_Module_register_file_RF[5].RF_data_op_reg[26]/QN   0.001             0.000             -0.001            tt_v1.8_25C_Nominal_25_func
     InstructionDecode_Module_register_file_RF[5].RF_data_op_reg[25]/QN   0.001             0.000             -0.001            tt_v1.8_25C_Nominal_25_func
     InstructionDecode_Module_register_file_RF[5].RF_data_op_reg[24]/QN   0.001             0.000             -0.001            tt_v1.8_25C_Nominal_25_func
     InstructionDecode_Module_register_file_RF[5].RF_data_op_reg[23]/QN   0.001             0.000             -0.001            tt_v1.8_25C_Nominal_25_func
     InstructionDecode_Module_register_file_RF[5].RF_data_op_reg[22]/QN   0.001             0.000             -0.001            tt_v1.8_25C_Nominal_25_func
     InstructionDecode_Module_register_file_RF[5].RF_data_op_reg[21]/QN   0.001             0.000             -0.001            tt_v1.8_25C_Nominal_25_func
     InstructionDecode_Module_register_file_RF[5].RF_data_op_reg[20]/QN   0.001             0.000             -0.001            tt_v1.8_25C_Nominal_25_func
     InstructionDecode_Module_register_file_RF[5].RF_data_op_reg[19]/QN   0.001             0.000             -0.001            tt_v1.8_25C_Nominal_25_func
     InstructionDecode_Module_register_file_RF[5].RF_data_op_reg[18]/QN   0.001             0.000             -0.001            tt_v1.8_25C_Nominal_25_func
     InstructionDecode_Module_register_file_RF[5].RF_data_op_reg[17]/QN   0.001             0.000             -0.001            tt_v1.8_25C_Nominal_25_func
     InstructionDecode_Module_register_file_RF[5].RF_data_op_reg[16]/QN   0.001             0.000             -0.001            tt_v1.8_25C_Nominal_25_func
     InstructionDecode_Module_register_file_RF[5].RF_data_op_reg[15]/QN   0.001             0.000             -0.001            tt_v1.8_25C_Nominal_25_func
     InstructionDecode_Module_register_file_RF[5].RF_data_op_reg[14]/QN   0.001             0.000             -0.001            tt_v1.8_25C_Nominal_25_func
     InstructionDecode_Module_register_file_RF[5].RF_data_op_reg[13]/QN   0.001             0.000             -0.001            tt_v1.8_25C_Nominal_25_func
     InstructionDecode_Module_register_file_RF[5].RF_data_op_reg[12]/QN   0.001             0.000             -0.001            tt_v1.8_25C_Nominal_25_func
     InstructionDecode_Module_register_file_RF[5].RF_data_op_reg[11]/QN   0.001             0.000             -0.001            tt_v1.8_25C_Nominal_25_func
     InstructionDecode_Module_register_file_RF[5].RF_data_op_reg[10]/QN   0.001             0.000             -0.001            tt_v1.8_25C_Nominal_25_func
     InstructionDecode_Module_register_file_RF[5].RF_data_op_reg[9]/QN   0.001             0.000             -0.001            tt_v1.8_25C_Nominal_25_func
     InstructionDecode_Module_register_file_RF[5].RF_data_op_reg[8]/QN   0.001             0.000             -0.001            tt_v1.8_25C_Nominal_25_func
     InstructionDecode_Module_register_file_RF[5].RF_data_op_reg[7]/QN   0.001             0.000             -0.001            tt_v1.8_25C_Nominal_25_func
     InstructionDecode_Module_register_file_RF[5].RF_data_op_reg[6]/QN   0.001             0.000             -0.001            tt_v1.8_25C_Nominal_25_func
     InstructionDecode_Module_register_file_RF[5].RF_data_op_reg[5]/QN   0.001             0.000             -0.001            tt_v1.8_25C_Nominal_25_func
     InstructionDecode_Module_register_file_RF[5].RF_data_op_reg[4]/QN   0.001             0.000             -0.001            tt_v1.8_25C_Nominal_25_func
     InstructionDecode_Module_register_file_RF[5].RF_data_op_reg[3]/QN   0.001             0.000             -0.001            tt_v1.8_25C_Nominal_25_func
     InstructionDecode_Module_register_file_RF[5].RF_data_op_reg[2]/QN   0.001             0.000             -0.001            tt_v1.8_25C_Nominal_25_func
     InstructionDecode_Module_register_file_RF[5].RF_data_op_reg[1]/QN   0.001             0.000             -0.001            tt_v1.8_25C_Nominal_25_func
     InstructionDecode_Module_register_file_RF[5].RF_data_op_reg[0]/QN   0.001             0.000             -0.001            tt_v1.8_25C_Nominal_25_func
     InstructionDecode_Module_register_file_RF[4].RF_data_op_reg[31]/QN   0.001             0.000             -0.001            tt_v1.8_25C_Nominal_25_func
     InstructionDecode_Module_register_file_RF[4].RF_data_op_reg[30]/QN   0.001             0.000             -0.001            tt_v1.8_25C_Nominal_25_func
     InstructionDecode_Module_register_file_RF[4].RF_data_op_reg[29]/QN   0.001             0.000             -0.001            tt_v1.8_25C_Nominal_25_func
     InstructionDecode_Module_register_file_RF[4].RF_data_op_reg[28]/QN   0.001             0.000             -0.001            tt_v1.8_25C_Nominal_25_func
     InstructionDecode_Module_register_file_RF[4].RF_data_op_reg[27]/QN   0.001             0.000             -0.001            tt_v1.8_25C_Nominal_25_func
     InstructionDecode_Module_register_file_RF[4].RF_data_op_reg[26]/QN   0.001             0.000             -0.001            tt_v1.8_25C_Nominal_25_func
     InstructionDecode_Module_register_file_RF[4].RF_data_op_reg[25]/QN   0.001             0.000             -0.001            tt_v1.8_25C_Nominal_25_func
     InstructionDecode_Module_register_file_RF[4].RF_data_op_reg[24]/QN   0.001             0.000             -0.001            tt_v1.8_25C_Nominal_25_func
     InstructionDecode_Module_register_file_RF[4].RF_data_op_reg[23]/QN   0.001             0.000             -0.001            tt_v1.8_25C_Nominal_25_func
     InstructionDecode_Module_register_file_RF[4].RF_data_op_reg[22]/QN   0.001             0.000             -0.001            tt_v1.8_25C_Nominal_25_func
     InstructionDecode_Module_register_file_RF[4].RF_data_op_reg[21]/QN   0.001             0.000             -0.001            tt_v1.8_25C_Nominal_25_func
     InstructionDecode_Module_register_file_RF[4].RF_data_op_reg[20]/QN   0.001             0.000             -0.001            tt_v1.8_25C_Nominal_25_func
     InstructionDecode_Module_register_file_RF[4].RF_data_op_reg[19]/QN   0.001             0.000             -0.001            tt_v1.8_25C_Nominal_25_func
     InstructionDecode_Module_register_file_RF[4].RF_data_op_reg[18]/QN   0.001             0.000             -0.001            tt_v1.8_25C_Nominal_25_func
     InstructionDecode_Module_register_file_RF[4].RF_data_op_reg[17]/QN   0.001             0.000             -0.001            tt_v1.8_25C_Nominal_25_func
     InstructionDecode_Module_register_file_RF[4].RF_data_op_reg[16]/QN   0.001             0.000             -0.001            tt_v1.8_25C_Nominal_25_func
     InstructionDecode_Module_register_file_RF[4].RF_data_op_reg[15]/QN   0.001             0.000             -0.001            tt_v1.8_25C_Nominal_25_func
     InstructionDecode_Module_register_file_RF[4].RF_data_op_reg[14]/QN   0.001             0.000             -0.001            tt_v1.8_25C_Nominal_25_func
     InstructionDecode_Module_register_file_RF[4].RF_data_op_reg[13]/QN   0.001             0.000             -0.001            tt_v1.8_25C_Nominal_25_func
     InstructionDecode_Module_register_file_RF[4].RF_data_op_reg[12]/QN   0.001             0.000             -0.001            tt_v1.8_25C_Nominal_25_func
     InstructionDecode_Module_register_file_RF[4].RF_data_op_reg[11]/QN   0.001             0.000             -0.001            tt_v1.8_25C_Nominal_25_func
     InstructionDecode_Module_register_file_RF[4].RF_data_op_reg[10]/QN   0.001             0.000             -0.001            tt_v1.8_25C_Nominal_25_func
     InstructionDecode_Module_register_file_RF[26].RF_data_op_reg[9]/QN   0.001             0.000             -0.001            tt_v1.8_25C_Nominal_25_func
     InstructionDecode_Module_register_file_RF[26].RF_data_op_reg[8]/QN   0.001             0.000             -0.001            tt_v1.8_25C_Nominal_25_func
     InstructionDecode_Module_register_file_RF[26].RF_data_op_reg[7]/QN   0.001             0.000             -0.001            tt_v1.8_25C_Nominal_25_func
     InstructionDecode_Module_register_file_RF[26].RF_data_op_reg[6]/QN   0.001             0.000             -0.001            tt_v1.8_25C_Nominal_25_func
     InstructionDecode_Module_register_file_RF[26].RF_data_op_reg[5]/QN   0.001             0.000             -0.001            tt_v1.8_25C_Nominal_25_func
     InstructionDecode_Module_register_file_RF[26].RF_data_op_reg[4]/QN   0.001             0.000             -0.001            tt_v1.8_25C_Nominal_25_func
     InstructionDecode_Module_register_file_RF[26].RF_data_op_reg[3]/QN   0.001             0.000             -0.001            tt_v1.8_25C_Nominal_25_func
     InstructionDecode_Module_register_file_RF[26].RF_data_op_reg[2]/QN   0.001             0.000             -0.001            tt_v1.8_25C_Nominal_25_func
     InstructionDecode_Module_register_file_RF[26].RF_data_op_reg[1]/QN   0.001             0.000             -0.001            tt_v1.8_25C_Nominal_25_func
     InstructionDecode_Module_register_file_RF[26].RF_data_op_reg[0]/QN   0.001             0.000             -0.001            tt_v1.8_25C_Nominal_25_func
     InstructionDecode_Module_register_file_RF[25].RF_data_op_reg[31]/QN   0.001             0.000             -0.001            tt_v1.8_25C_Nominal_25_func
     InstructionDecode_Module_register_file_RF[25].RF_data_op_reg[30]/QN   0.001             0.000             -0.001            tt_v1.8_25C_Nominal_25_func
     InstructionDecode_Module_register_file_RF[25].RF_data_op_reg[29]/QN   0.001             0.000             -0.001            tt_v1.8_25C_Nominal_25_func
     InstructionDecode_Module_register_file_RF[25].RF_data_op_reg[28]/QN   0.001             0.000             -0.001            tt_v1.8_25C_Nominal_25_func
     InstructionDecode_Module_register_file_RF[25].RF_data_op_reg[27]/QN   0.001             0.000             -0.001            tt_v1.8_25C_Nominal_25_func
     InstructionDecode_Module_register_file_RF[25].RF_data_op_reg[26]/QN   0.001             0.000             -0.001            tt_v1.8_25C_Nominal_25_func
     InstructionDecode_Module_register_file_RF[25].RF_data_op_reg[25]/QN   0.001             0.000             -0.001            tt_v1.8_25C_Nominal_25_func
     InstructionDecode_Module_register_file_RF[25].RF_data_op_reg[24]/QN   0.001             0.000             -0.001            tt_v1.8_25C_Nominal_25_func
     InstructionDecode_Module_register_file_RF[25].RF_data_op_reg[23]/QN   0.001             0.000             -0.001            tt_v1.8_25C_Nominal_25_func
     InstructionDecode_Module_register_file_RF[25].RF_data_op_reg[22]/QN   0.001             0.000             -0.001            tt_v1.8_25C_Nominal_25_func
     InstructionDecode_Module_register_file_RF[25].RF_data_op_reg[21]/QN   0.001             0.000             -0.001            tt_v1.8_25C_Nominal_25_func
     InstructionDecode_Module_register_file_RF[25].RF_data_op_reg[20]/QN   0.001             0.000             -0.001            tt_v1.8_25C_Nominal_25_func
     InstructionDecode_Module_register_file_RF[25].RF_data_op_reg[19]/QN   0.001             0.000             -0.001            tt_v1.8_25C_Nominal_25_func
     InstructionDecode_Module_register_file_RF[25].RF_data_op_reg[18]/QN   0.001             0.000             -0.001            tt_v1.8_25C_Nominal_25_func
     InstructionDecode_Module_register_file_RF[25].RF_data_op_reg[17]/QN   0.001             0.000             -0.001            tt_v1.8_25C_Nominal_25_func
     InstructionDecode_Module_register_file_RF[25].RF_data_op_reg[16]/QN   0.001             0.000             -0.001            tt_v1.8_25C_Nominal_25_func
     InstructionDecode_Module_register_file_RF[25].RF_data_op_reg[15]/QN   0.001             0.000             -0.001            tt_v1.8_25C_Nominal_25_func
     InstructionDecode_Module_register_file_RF[25].RF_data_op_reg[14]/QN   0.001             0.000             -0.001            tt_v1.8_25C_Nominal_25_func
     InstructionDecode_Module_register_file_RF[25].RF_data_op_reg[13]/QN   0.001             0.000             -0.001            tt_v1.8_25C_Nominal_25_func
     InstructionDecode_Module_register_file_RF[25].RF_data_op_reg[12]/QN   0.001             0.000             -0.001            tt_v1.8_25C_Nominal_25_func
     InstructionDecode_Module_register_file_RF[25].RF_data_op_reg[11]/QN   0.001             0.000             -0.001            tt_v1.8_25C_Nominal_25_func
     InstructionDecode_Module_register_file_RF[25].RF_data_op_reg[10]/QN   0.001             0.000             -0.001            tt_v1.8_25C_Nominal_25_func
     InstructionDecode_Module_register_file_RF[25].RF_data_op_reg[9]/QN   0.001             0.000             -0.001            tt_v1.8_25C_Nominal_25_func
     InstructionDecode_Module_register_file_RF[25].RF_data_op_reg[8]/QN   0.001             0.000             -0.001            tt_v1.8_25C_Nominal_25_func
     InstructionDecode_Module_register_file_RF[25].RF_data_op_reg[7]/QN   0.001             0.000             -0.001            tt_v1.8_25C_Nominal_25_func
     InstructionDecode_Module_register_file_RF[25].RF_data_op_reg[6]/QN   0.001             0.000             -0.001            tt_v1.8_25C_Nominal_25_func
     InstructionDecode_Module_register_file_RF[25].RF_data_op_reg[5]/QN   0.001             0.000             -0.001            tt_v1.8_25C_Nominal_25_func
     InstructionDecode_Module_register_file_RF[25].RF_data_op_reg[4]/QN   0.001             0.000             -0.001            tt_v1.8_25C_Nominal_25_func
     InstructionDecode_Module_register_file_RF[25].RF_data_op_reg[3]/QN   0.001             0.000             -0.001            tt_v1.8_25C_Nominal_25_func
     InstructionDecode_Module_register_file_RF[25].RF_data_op_reg[2]/QN   0.001             0.000             -0.001            tt_v1.8_25C_Nominal_25_func
     InstructionDecode_Module_register_file_RF[25].RF_data_op_reg[1]/QN   0.001             0.000             -0.001            tt_v1.8_25C_Nominal_25_func
     InstructionDecode_Module_register_file_RF[25].RF_data_op_reg[0]/QN   0.001             0.000             -0.001            tt_v1.8_25C_Nominal_25_func
     InstructionDecode_Module_register_file_RF[24].RF_data_op_reg[31]/QN   0.001             0.000             -0.001            tt_v1.8_25C_Nominal_25_func
     InstructionDecode_Module_register_file_RF[24].RF_data_op_reg[30]/QN   0.001             0.000             -0.001            tt_v1.8_25C_Nominal_25_func
     InstructionDecode_Module_register_file_RF[24].RF_data_op_reg[29]/QN   0.001             0.000             -0.001            tt_v1.8_25C_Nominal_25_func
     InstructionDecode_Module_register_file_RF[24].RF_data_op_reg[28]/QN   0.001             0.000             -0.001            tt_v1.8_25C_Nominal_25_func
     InstructionDecode_Module_register_file_RF[24].RF_data_op_reg[27]/QN   0.001             0.000             -0.001            tt_v1.8_25C_Nominal_25_func
     InstructionDecode_Module_register_file_RF[24].RF_data_op_reg[26]/QN   0.001             0.000             -0.001            tt_v1.8_25C_Nominal_25_func
     InstructionDecode_Module_register_file_RF[24].RF_data_op_reg[25]/QN   0.001             0.000             -0.001            tt_v1.8_25C_Nominal_25_func
     InstructionDecode_Module_register_file_RF[24].RF_data_op_reg[24]/QN   0.001             0.000             -0.001            tt_v1.8_25C_Nominal_25_func
     InstructionDecode_Module_register_file_RF[24].RF_data_op_reg[23]/QN   0.001             0.000             -0.001            tt_v1.8_25C_Nominal_25_func
     InstructionDecode_Module_register_file_RF[24].RF_data_op_reg[22]/QN   0.001             0.000             -0.001            tt_v1.8_25C_Nominal_25_func
     InstructionDecode_Module_register_file_RF[24].RF_data_op_reg[21]/QN   0.001             0.000             -0.001            tt_v1.8_25C_Nominal_25_func
     InstructionDecode_Module_register_file_RF[24].RF_data_op_reg[20]/QN   0.001             0.000             -0.001            tt_v1.8_25C_Nominal_25_func
     InstructionDecode_Module_register_file_RF[24].RF_data_op_reg[19]/QN   0.001             0.000             -0.001            tt_v1.8_25C_Nominal_25_func
     InstructionDecode_Module_register_file_RF[24].RF_data_op_reg[18]/QN   0.001             0.000             -0.001            tt_v1.8_25C_Nominal_25_func
     InstructionDecode_Module_register_file_RF[24].RF_data_op_reg[17]/QN   0.001             0.000             -0.001            tt_v1.8_25C_Nominal_25_func
     InstructionDecode_Module_register_file_RF[24].RF_data_op_reg[16]/QN   0.001             0.000             -0.001            tt_v1.8_25C_Nominal_25_func
     InstructionDecode_Module_register_file_RF[24].RF_data_op_reg[15]/QN   0.001             0.000             -0.001            tt_v1.8_25C_Nominal_25_func
     InstructionDecode_Module_register_file_RF[24].RF_data_op_reg[14]/QN   0.001             0.000             -0.001            tt_v1.8_25C_Nominal_25_func
     InstructionDecode_Module_register_file_RF[24].RF_data_op_reg[13]/QN   0.001             0.000             -0.001            tt_v1.8_25C_Nominal_25_func
     InstructionDecode_Module_register_file_RF[24].RF_data_op_reg[12]/QN   0.001             0.000             -0.001            tt_v1.8_25C_Nominal_25_func
     InstructionDecode_Module_register_file_RF[24].RF_data_op_reg[11]/QN   0.001             0.000             -0.001            tt_v1.8_25C_Nominal_25_func
     InstructionDecode_Module_register_file_RF[24].RF_data_op_reg[10]/QN   0.001             0.000             -0.001            tt_v1.8_25C_Nominal_25_func
     InstructionDecode_Module_register_file_RF[24].RF_data_op_reg[9]/QN   0.001             0.000             -0.001            tt_v1.8_25C_Nominal_25_func
     InstructionDecode_Module_register_file_RF[24].RF_data_op_reg[8]/QN   0.001             0.000             -0.001            tt_v1.8_25C_Nominal_25_func
     InstructionDecode_Module_register_file_RF[24].RF_data_op_reg[7]/QN   0.001             0.000             -0.001            tt_v1.8_25C_Nominal_25_func
     InstructionDecode_Module_register_file_RF[24].RF_data_op_reg[6]/QN   0.001             0.000             -0.001            tt_v1.8_25C_Nominal_25_func
     InstructionDecode_Module_register_file_RF[24].RF_data_op_reg[5]/QN   0.001             0.000             -0.001            tt_v1.8_25C_Nominal_25_func
     InstructionDecode_Module_register_file_RF[24].RF_data_op_reg[4]/QN   0.001             0.000             -0.001            tt_v1.8_25C_Nominal_25_func
     InstructionDecode_Module_register_file_RF[24].RF_data_op_reg[3]/QN   0.001             0.000             -0.001            tt_v1.8_25C_Nominal_25_func
     InstructionDecode_Module_register_file_RF[24].RF_data_op_reg[2]/QN   0.001             0.000             -0.001            tt_v1.8_25C_Nominal_25_func
     InstructionDecode_Module_register_file_RF[24].RF_data_op_reg[1]/QN   0.001             0.000             -0.001            tt_v1.8_25C_Nominal_25_func
     InstructionDecode_Module_register_file_RF[24].RF_data_op_reg[0]/QN   0.001             0.000             -0.001            tt_v1.8_25C_Nominal_25_func
     InstructionDecode_Module_register_file_RF[23].RF_data_op_reg[31]/QN   0.001             0.000             -0.001            tt_v1.8_25C_Nominal_25_func
     InstructionDecode_Module_register_file_RF[23].RF_data_op_reg[30]/QN   0.001             0.000             -0.001            tt_v1.8_25C_Nominal_25_func
     InstructionDecode_Module_register_file_RF[23].RF_data_op_reg[29]/QN   0.001             0.000             -0.001            tt_v1.8_25C_Nominal_25_func
     InstructionDecode_Module_register_file_RF[23].RF_data_op_reg[28]/QN   0.001             0.000             -0.001            tt_v1.8_25C_Nominal_25_func
     InstructionDecode_Module_register_file_RF[23].RF_data_op_reg[27]/QN   0.001             0.000             -0.001            tt_v1.8_25C_Nominal_25_func
     InstructionDecode_Module_register_file_RF[23].RF_data_op_reg[26]/QN   0.001             0.000             -0.001            tt_v1.8_25C_Nominal_25_func
     InstructionDecode_Module_register_file_RF[23].RF_data_op_reg[25]/QN   0.001             0.000             -0.001            tt_v1.8_25C_Nominal_25_func
     InstructionDecode_Module_register_file_RF[23].RF_data_op_reg[24]/QN   0.001             0.000             -0.001            tt_v1.8_25C_Nominal_25_func
     InstructionDecode_Module_register_file_RF[23].RF_data_op_reg[23]/QN   0.001             0.000             -0.001            tt_v1.8_25C_Nominal_25_func
     InstructionDecode_Module_register_file_RF[23].RF_data_op_reg[22]/QN   0.001             0.000             -0.001            tt_v1.8_25C_Nominal_25_func
     InstructionDecode_Module_register_file_RF[23].RF_data_op_reg[21]/QN   0.001             0.000             -0.001            tt_v1.8_25C_Nominal_25_func
     InstructionDecode_Module_register_file_RF[23].RF_data_op_reg[20]/QN   0.001             0.000             -0.001            tt_v1.8_25C_Nominal_25_func
     InstructionDecode_Module_register_file_RF[23].RF_data_op_reg[19]/QN   0.001             0.000             -0.001            tt_v1.8_25C_Nominal_25_func
     InstructionDecode_Module_register_file_RF[23].RF_data_op_reg[18]/QN   0.001             0.000             -0.001            tt_v1.8_25C_Nominal_25_func
     InstructionDecode_Module_register_file_RF[23].RF_data_op_reg[17]/QN   0.001             0.000             -0.001            tt_v1.8_25C_Nominal_25_func
     InstructionDecode_Module_register_file_RF[23].RF_data_op_reg[16]/QN   0.001             0.000             -0.001            tt_v1.8_25C_Nominal_25_func
     InstructionDecode_Module_register_file_RF[23].RF_data_op_reg[15]/QN   0.001             0.000             -0.001            tt_v1.8_25C_Nominal_25_func
     InstructionDecode_Module_register_file_RF[23].RF_data_op_reg[14]/QN   0.001             0.000             -0.001            tt_v1.8_25C_Nominal_25_func
     InstructionDecode_Module_register_file_RF[23].RF_data_op_reg[13]/QN   0.001             0.000             -0.001            tt_v1.8_25C_Nominal_25_func
     InstructionDecode_Module_register_file_RF[23].RF_data_op_reg[12]/QN   0.001             0.000             -0.001            tt_v1.8_25C_Nominal_25_func
     InstructionDecode_Module_register_file_RF[23].RF_data_op_reg[11]/QN   0.001             0.000             -0.001            tt_v1.8_25C_Nominal_25_func
     InstructionDecode_Module_register_file_RF[23].RF_data_op_reg[10]/QN   0.001             0.000             -0.001            tt_v1.8_25C_Nominal_25_func
     InstructionDecode_Module_register_file_RF[23].RF_data_op_reg[9]/QN   0.001             0.000             -0.001            tt_v1.8_25C_Nominal_25_func
     InstructionDecode_Module_register_file_RF[23].RF_data_op_reg[8]/QN   0.001             0.000             -0.001            tt_v1.8_25C_Nominal_25_func
     InstructionDecode_Module_register_file_RF[23].RF_data_op_reg[7]/QN   0.001             0.000             -0.001            tt_v1.8_25C_Nominal_25_func
     InstructionDecode_Module_register_file_RF[23].RF_data_op_reg[6]/QN   0.001             0.000             -0.001            tt_v1.8_25C_Nominal_25_func
     InstructionDecode_Module_register_file_RF[23].RF_data_op_reg[5]/QN   0.001             0.000             -0.001            tt_v1.8_25C_Nominal_25_func
     InstructionDecode_Module_register_file_RF[23].RF_data_op_reg[4]/QN   0.001             0.000             -0.001            tt_v1.8_25C_Nominal_25_func
     InstructionDecode_Module_register_file_RF[23].RF_data_op_reg[3]/QN   0.001             0.000             -0.001            tt_v1.8_25C_Nominal_25_func
     InstructionDecode_Module_register_file_RF[23].RF_data_op_reg[2]/QN   0.001             0.000             -0.001            tt_v1.8_25C_Nominal_25_func
     InstructionDecode_Module_register_file_RF[23].RF_data_op_reg[1]/QN   0.001             0.000             -0.001            tt_v1.8_25C_Nominal_25_func
     InstructionDecode_Module_register_file_RF[23].RF_data_op_reg[0]/QN   0.001             0.000             -0.001            tt_v1.8_25C_Nominal_25_func
     InstructionDecode_Module_register_file_RF[22].RF_data_op_reg[31]/QN   0.001             0.000             -0.001            tt_v1.8_25C_Nominal_25_func
     InstructionDecode_Module_register_file_RF[22].RF_data_op_reg[30]/QN   0.001             0.000             -0.001            tt_v1.8_25C_Nominal_25_func
     InstructionDecode_Module_register_file_RF[22].RF_data_op_reg[29]/QN   0.001             0.000             -0.001            tt_v1.8_25C_Nominal_25_func
     InstructionDecode_Module_register_file_RF[22].RF_data_op_reg[28]/QN   0.001             0.000             -0.001            tt_v1.8_25C_Nominal_25_func
     InstructionDecode_Module_register_file_RF[22].RF_data_op_reg[27]/QN   0.001             0.000             -0.001            tt_v1.8_25C_Nominal_25_func
     InstructionDecode_Module_register_file_RF[22].RF_data_op_reg[26]/QN   0.001             0.000             -0.001            tt_v1.8_25C_Nominal_25_func
     InstructionDecode_Module_register_file_RF[22].RF_data_op_reg[25]/QN   0.001             0.000             -0.001            tt_v1.8_25C_Nominal_25_func
     InstructionDecode_Module_register_file_RF[22].RF_data_op_reg[24]/QN   0.001             0.000             -0.001            tt_v1.8_25C_Nominal_25_func
     InstructionDecode_Module_register_file_RF[22].RF_data_op_reg[23]/QN   0.001             0.000             -0.001            tt_v1.8_25C_Nominal_25_func
     InstructionDecode_Module_register_file_RF[22].RF_data_op_reg[22]/QN   0.001             0.000             -0.001            tt_v1.8_25C_Nominal_25_func
     InstructionDecode_Module_register_file_RF[22].RF_data_op_reg[21]/QN   0.001             0.000             -0.001            tt_v1.8_25C_Nominal_25_func
     InstructionDecode_Module_register_file_RF[22].RF_data_op_reg[20]/QN   0.001             0.000             -0.001            tt_v1.8_25C_Nominal_25_func
     InstructionDecode_Module_register_file_RF[22].RF_data_op_reg[19]/QN   0.001             0.000             -0.001            tt_v1.8_25C_Nominal_25_func
     InstructionDecode_Module_register_file_RF[22].RF_data_op_reg[18]/QN   0.001             0.000             -0.001            tt_v1.8_25C_Nominal_25_func
     InstructionDecode_Module_register_file_RF[22].RF_data_op_reg[17]/QN   0.001             0.000             -0.001            tt_v1.8_25C_Nominal_25_func
     InstructionDecode_Module_register_file_RF[22].RF_data_op_reg[16]/QN   0.001             0.000             -0.001            tt_v1.8_25C_Nominal_25_func
     InstructionDecode_Module_register_file_RF[22].RF_data_op_reg[15]/QN   0.001             0.000             -0.001            tt_v1.8_25C_Nominal_25_func
     InstructionDecode_Module_register_file_RF[22].RF_data_op_reg[14]/QN   0.001             0.000             -0.001            tt_v1.8_25C_Nominal_25_func
     InstructionDecode_Module_register_file_RF[22].RF_data_op_reg[13]/QN   0.001             0.000             -0.001            tt_v1.8_25C_Nominal_25_func
     InstructionDecode_Module_register_file_RF[22].RF_data_op_reg[12]/QN   0.001             0.000             -0.001            tt_v1.8_25C_Nominal_25_func
     InstructionDecode_Module_register_file_RF[22].RF_data_op_reg[11]/QN   0.001             0.000             -0.001            tt_v1.8_25C_Nominal_25_func
     InstructionDecode_Module_register_file_RF[22].RF_data_op_reg[10]/QN   0.001             0.000             -0.001            tt_v1.8_25C_Nominal_25_func
     InstructionDecode_Module_register_file_RF[22].RF_data_op_reg[9]/QN   0.001             0.000             -0.001            tt_v1.8_25C_Nominal_25_func
     InstructionDecode_Module_register_file_RF[22].RF_data_op_reg[8]/QN   0.001             0.000             -0.001            tt_v1.8_25C_Nominal_25_func
     InstructionDecode_Module_register_file_RF[22].RF_data_op_reg[7]/QN   0.001             0.000             -0.001            tt_v1.8_25C_Nominal_25_func
     InstructionDecode_Module_register_file_RF[22].RF_data_op_reg[6]/QN   0.001             0.000             -0.001            tt_v1.8_25C_Nominal_25_func
     InstructionDecode_Module_register_file_RF[22].RF_data_op_reg[5]/QN   0.001             0.000             -0.001            tt_v1.8_25C_Nominal_25_func
     InstructionDecode_Module_register_file_RF[22].RF_data_op_reg[4]/QN   0.001             0.000             -0.001            tt_v1.8_25C_Nominal_25_func
     InstructionDecode_Module_register_file_RF[22].RF_data_op_reg[3]/QN   0.001             0.000             -0.001            tt_v1.8_25C_Nominal_25_func
     InstructionDecode_Module_register_file_RF[22].RF_data_op_reg[2]/QN   0.001             0.000             -0.001            tt_v1.8_25C_Nominal_25_func
     InstructionDecode_Module_register_file_RF[22].RF_data_op_reg[1]/QN   0.001             0.000             -0.001            tt_v1.8_25C_Nominal_25_func
     InstructionDecode_Module_register_file_RF[22].RF_data_op_reg[0]/QN   0.001             0.000             -0.001            tt_v1.8_25C_Nominal_25_func
     InstructionDecode_Module_register_file_RF[21].RF_data_op_reg[31]/QN   0.001             0.000             -0.001            tt_v1.8_25C_Nominal_25_func
     InstructionDecode_Module_register_file_RF[21].RF_data_op_reg[30]/QN   0.001             0.000             -0.001            tt_v1.8_25C_Nominal_25_func
     InstructionDecode_Module_register_file_RF[21].RF_data_op_reg[29]/QN   0.001             0.000             -0.001            tt_v1.8_25C_Nominal_25_func
     InstructionDecode_Module_register_file_RF[21].RF_data_op_reg[28]/QN   0.001             0.000             -0.001            tt_v1.8_25C_Nominal_25_func
     InstructionDecode_Module_register_file_RF[21].RF_data_op_reg[27]/QN   0.001             0.000             -0.001            tt_v1.8_25C_Nominal_25_func
     InstructionDecode_Module_register_file_RF[21].RF_data_op_reg[26]/QN   0.001             0.000             -0.001            tt_v1.8_25C_Nominal_25_func
     InstructionDecode_Module_register_file_RF[21].RF_data_op_reg[25]/QN   0.001             0.000             -0.001            tt_v1.8_25C_Nominal_25_func
     InstructionDecode_Module_register_file_RF[21].RF_data_op_reg[24]/QN   0.001             0.000             -0.001            tt_v1.8_25C_Nominal_25_func
     InstructionDecode_Module_register_file_RF[21].RF_data_op_reg[23]/QN   0.001             0.000             -0.001            tt_v1.8_25C_Nominal_25_func
     InstructionDecode_Module_register_file_RF[21].RF_data_op_reg[22]/QN   0.001             0.000             -0.001            tt_v1.8_25C_Nominal_25_func
     InstructionDecode_Module_register_file_RF[21].RF_data_op_reg[21]/QN   0.001             0.000             -0.001            tt_v1.8_25C_Nominal_25_func
     InstructionDecode_Module_register_file_RF[21].RF_data_op_reg[20]/QN   0.001             0.000             -0.001            tt_v1.8_25C_Nominal_25_func
     InstructionDecode_Module_register_file_RF[21].RF_data_op_reg[19]/QN   0.001             0.000             -0.001            tt_v1.8_25C_Nominal_25_func
     InstructionDecode_Module_register_file_RF[21].RF_data_op_reg[18]/QN   0.001             0.000             -0.001            tt_v1.8_25C_Nominal_25_func
     InstructionDecode_Module_register_file_RF[21].RF_data_op_reg[17]/QN   0.001             0.000             -0.001            tt_v1.8_25C_Nominal_25_func
     InstructionDecode_Module_register_file_RF[21].RF_data_op_reg[16]/QN   0.001             0.000             -0.001            tt_v1.8_25C_Nominal_25_func
     InstructionDecode_Module_register_file_RF[21].RF_data_op_reg[15]/QN   0.001             0.000             -0.001            tt_v1.8_25C_Nominal_25_func
     InstructionDecode_Module_register_file_RF[21].RF_data_op_reg[14]/QN   0.001             0.000             -0.001            tt_v1.8_25C_Nominal_25_func
     InstructionDecode_Module_register_file_RF[21].RF_data_op_reg[13]/QN   0.001             0.000             -0.001            tt_v1.8_25C_Nominal_25_func
     InstructionDecode_Module_register_file_RF[21].RF_data_op_reg[12]/QN   0.001             0.000             -0.001            tt_v1.8_25C_Nominal_25_func
     InstructionDecode_Module_register_file_RF[21].RF_data_op_reg[11]/QN   0.001             0.000             -0.001            tt_v1.8_25C_Nominal_25_func
     InstructionDecode_Module_register_file_RF[21].RF_data_op_reg[10]/QN   0.001             0.000             -0.001            tt_v1.8_25C_Nominal_25_func
     InstructionDecode_Module_register_file_RF[21].RF_data_op_reg[9]/QN   0.001             0.000             -0.001            tt_v1.8_25C_Nominal_25_func
     InstructionDecode_Module_register_file_RF[21].RF_data_op_reg[8]/QN   0.001             0.000             -0.001            tt_v1.8_25C_Nominal_25_func
     InstructionDecode_Module_register_file_RF[21].RF_data_op_reg[7]/QN   0.001             0.000             -0.001            tt_v1.8_25C_Nominal_25_func
     InstructionDecode_Module_register_file_RF[21].RF_data_op_reg[6]/QN   0.001             0.000             -0.001            tt_v1.8_25C_Nominal_25_func
     InstructionDecode_Module_register_file_RF[21].RF_data_op_reg[5]/QN   0.001             0.000             -0.001            tt_v1.8_25C_Nominal_25_func
     InstructionDecode_Module_register_file_RF[21].RF_data_op_reg[4]/QN   0.001             0.000             -0.001            tt_v1.8_25C_Nominal_25_func
     InstructionDecode_Module_register_file_RF[21].RF_data_op_reg[3]/QN   0.001             0.000             -0.001            tt_v1.8_25C_Nominal_25_func
     InstructionDecode_Module_register_file_RF[21].RF_data_op_reg[2]/QN   0.001             0.000             -0.001            tt_v1.8_25C_Nominal_25_func
     InstructionDecode_Module_register_file_RF[21].RF_data_op_reg[1]/QN   0.001             0.000             -0.001            tt_v1.8_25C_Nominal_25_func
     InstructionDecode_Module_register_file_RF[21].RF_data_op_reg[0]/QN   0.001             0.000             -0.001            tt_v1.8_25C_Nominal_25_func
     InstructionDecode_Module_register_file_RF[20].RF_data_op_reg[31]/QN   0.001             0.000             -0.001            tt_v1.8_25C_Nominal_25_func
     InstructionDecode_Module_register_file_RF[20].RF_data_op_reg[30]/QN   0.001             0.000             -0.001            tt_v1.8_25C_Nominal_25_func
     InstructionDecode_Module_register_file_RF[20].RF_data_op_reg[29]/QN   0.001             0.000             -0.001            tt_v1.8_25C_Nominal_25_func
     InstructionDecode_Module_register_file_RF[20].RF_data_op_reg[28]/QN   0.001             0.000             -0.001            tt_v1.8_25C_Nominal_25_func
     InstructionDecode_Module_register_file_RF[20].RF_data_op_reg[27]/QN   0.001             0.000             -0.001            tt_v1.8_25C_Nominal_25_func
     InstructionDecode_Module_register_file_RF[20].RF_data_op_reg[26]/QN   0.001             0.000             -0.001            tt_v1.8_25C_Nominal_25_func
     InstructionDecode_Module_register_file_RF[20].RF_data_op_reg[25]/QN   0.001             0.000             -0.001            tt_v1.8_25C_Nominal_25_func
     InstructionDecode_Module_register_file_RF[20].RF_data_op_reg[24]/QN   0.001             0.000             -0.001            tt_v1.8_25C_Nominal_25_func
     InstructionDecode_Module_register_file_RF[20].RF_data_op_reg[23]/QN   0.001             0.000             -0.001            tt_v1.8_25C_Nominal_25_func
     InstructionDecode_Module_register_file_RF[20].RF_data_op_reg[22]/QN   0.001             0.000             -0.001            tt_v1.8_25C_Nominal_25_func
     InstructionDecode_Module_register_file_RF[20].RF_data_op_reg[21]/QN   0.001             0.000             -0.001            tt_v1.8_25C_Nominal_25_func
     InstructionDecode_Module_register_file_RF[20].RF_data_op_reg[20]/QN   0.001             0.000             -0.001            tt_v1.8_25C_Nominal_25_func
     InstructionDecode_Module_register_file_RF[20].RF_data_op_reg[19]/QN   0.001             0.000             -0.001            tt_v1.8_25C_Nominal_25_func
     InstructionDecode_Module_register_file_RF[20].RF_data_op_reg[18]/QN   0.001             0.000             -0.001            tt_v1.8_25C_Nominal_25_func
     InstructionDecode_Module_register_file_RF[20].RF_data_op_reg[17]/QN   0.001             0.000             -0.001            tt_v1.8_25C_Nominal_25_func
     InstructionDecode_Module_register_file_RF[20].RF_data_op_reg[16]/QN   0.001             0.000             -0.001            tt_v1.8_25C_Nominal_25_func
     InstructionDecode_Module_register_file_RF[20].RF_data_op_reg[15]/QN   0.001             0.000             -0.001            tt_v1.8_25C_Nominal_25_func
     InstructionDecode_Module_register_file_RF[20].RF_data_op_reg[14]/QN   0.001             0.000             -0.001            tt_v1.8_25C_Nominal_25_func
     InstructionDecode_Module_register_file_RF[20].RF_data_op_reg[13]/QN   0.001             0.000             -0.001            tt_v1.8_25C_Nominal_25_func
     InstructionDecode_Module_register_file_RF[20].RF_data_op_reg[12]/QN   0.001             0.000             -0.001            tt_v1.8_25C_Nominal_25_func
     InstructionDecode_Module_register_file_RF[20].RF_data_op_reg[11]/QN   0.001             0.000             -0.001            tt_v1.8_25C_Nominal_25_func
     InstructionDecode_Module_register_file_RF[20].RF_data_op_reg[10]/QN   0.001             0.000             -0.001            tt_v1.8_25C_Nominal_25_func
     InstructionDecode_Module_register_file_RF[20].RF_data_op_reg[9]/QN   0.001             0.000             -0.001            tt_v1.8_25C_Nominal_25_func
     InstructionDecode_Module_register_file_RF[20].RF_data_op_reg[8]/QN   0.001             0.000             -0.001            tt_v1.8_25C_Nominal_25_func
     InstructionDecode_Module_register_file_RF[20].RF_data_op_reg[7]/QN   0.001             0.000             -0.001            tt_v1.8_25C_Nominal_25_func
     InstructionDecode_Module_register_file_RF[20].RF_data_op_reg[6]/QN   0.001             0.000             -0.001            tt_v1.8_25C_Nominal_25_func
     InstructionDecode_Module_register_file_RF[20].RF_data_op_reg[5]/QN   0.001             0.000             -0.001            tt_v1.8_25C_Nominal_25_func
     InstructionDecode_Module_register_file_RF[20].RF_data_op_reg[4]/QN   0.001             0.000             -0.001            tt_v1.8_25C_Nominal_25_func
     InstructionDecode_Module_register_file_RF[20].RF_data_op_reg[3]/QN   0.001             0.000             -0.001            tt_v1.8_25C_Nominal_25_func
     InstructionDecode_Module_register_file_RF[20].RF_data_op_reg[2]/QN   0.001             0.000             -0.001            tt_v1.8_25C_Nominal_25_func
     InstructionDecode_Module_register_file_RF[20].RF_data_op_reg[1]/QN   0.001             0.000             -0.001            tt_v1.8_25C_Nominal_25_func
     InstructionDecode_Module_register_file_RF[20].RF_data_op_reg[0]/QN   0.001             0.000             -0.001            tt_v1.8_25C_Nominal_25_func
     InstructionDecode_Module_register_file_RF[19].RF_data_op_reg[31]/QN   0.001             0.000             -0.001            tt_v1.8_25C_Nominal_25_func
     InstructionDecode_Module_register_file_RF[19].RF_data_op_reg[30]/QN   0.001             0.000             -0.001            tt_v1.8_25C_Nominal_25_func
     InstructionDecode_Module_register_file_RF[19].RF_data_op_reg[29]/QN   0.001             0.000             -0.001            tt_v1.8_25C_Nominal_25_func
     InstructionDecode_Module_register_file_RF[19].RF_data_op_reg[28]/QN   0.001             0.000             -0.001            tt_v1.8_25C_Nominal_25_func
     InstructionDecode_Module_register_file_RF[19].RF_data_op_reg[27]/QN   0.001             0.000             -0.001            tt_v1.8_25C_Nominal_25_func
     InstructionDecode_Module_register_file_RF[19].RF_data_op_reg[26]/QN   0.001             0.000             -0.001            tt_v1.8_25C_Nominal_25_func
     InstructionDecode_Module_register_file_RF[19].RF_data_op_reg[25]/QN   0.001             0.000             -0.001            tt_v1.8_25C_Nominal_25_func
     InstructionDecode_Module_register_file_RF[19].RF_data_op_reg[24]/QN   0.001             0.000             -0.001            tt_v1.8_25C_Nominal_25_func
     InstructionDecode_Module_register_file_RF[19].RF_data_op_reg[23]/QN   0.001             0.000             -0.001            tt_v1.8_25C_Nominal_25_func
     InstructionDecode_Module_register_file_RF[19].RF_data_op_reg[22]/QN   0.001             0.000             -0.001            tt_v1.8_25C_Nominal_25_func
     InstructionDecode_Module_register_file_RF[19].RF_data_op_reg[21]/QN   0.001             0.000             -0.001            tt_v1.8_25C_Nominal_25_func
     InstructionDecode_Module_register_file_RF[19].RF_data_op_reg[20]/QN   0.001             0.000             -0.001            tt_v1.8_25C_Nominal_25_func
     InstructionDecode_Module_register_file_RF[19].RF_data_op_reg[19]/QN   0.001             0.000             -0.001            tt_v1.8_25C_Nominal_25_func
     InstructionDecode_Module_register_file_RF[19].RF_data_op_reg[18]/QN   0.001             0.000             -0.001            tt_v1.8_25C_Nominal_25_func
     InstructionDecode_Module_register_file_RF[19].RF_data_op_reg[17]/QN   0.001             0.000             -0.001            tt_v1.8_25C_Nominal_25_func
     InstructionDecode_Module_register_file_RF[19].RF_data_op_reg[16]/QN   0.001             0.000             -0.001            tt_v1.8_25C_Nominal_25_func
     InstructionDecode_Module_register_file_RF[19].RF_data_op_reg[15]/QN   0.001             0.000             -0.001            tt_v1.8_25C_Nominal_25_func
     InstructionDecode_Module_register_file_RF[19].RF_data_op_reg[14]/QN   0.001             0.000             -0.001            tt_v1.8_25C_Nominal_25_func
     InstructionDecode_Module_register_file_RF[19].RF_data_op_reg[13]/QN   0.001             0.000             -0.001            tt_v1.8_25C_Nominal_25_func
     InstructionDecode_Module_register_file_RF[19].RF_data_op_reg[12]/QN   0.001             0.000             -0.001            tt_v1.8_25C_Nominal_25_func
     InstructionDecode_Module_register_file_RF[19].RF_data_op_reg[11]/QN   0.001             0.000             -0.001            tt_v1.8_25C_Nominal_25_func
     InstructionDecode_Module_register_file_RF[19].RF_data_op_reg[10]/QN   0.001             0.000             -0.001            tt_v1.8_25C_Nominal_25_func
     InstructionDecode_Module_register_file_RF[19].RF_data_op_reg[9]/QN   0.001             0.000             -0.001            tt_v1.8_25C_Nominal_25_func
     InstructionDecode_Module_register_file_RF[19].RF_data_op_reg[8]/QN   0.001             0.000             -0.001            tt_v1.8_25C_Nominal_25_func
     InstructionDecode_Module_register_file_RF[19].RF_data_op_reg[7]/QN   0.001             0.000             -0.001            tt_v1.8_25C_Nominal_25_func
     InstructionDecode_Module_register_file_RF[19].RF_data_op_reg[6]/QN   0.001             0.000             -0.001            tt_v1.8_25C_Nominal_25_func
     InstructionDecode_Module_register_file_RF[19].RF_data_op_reg[5]/QN   0.001             0.000             -0.001            tt_v1.8_25C_Nominal_25_func
     InstructionDecode_Module_register_file_RF[19].RF_data_op_reg[4]/QN   0.001             0.000             -0.001            tt_v1.8_25C_Nominal_25_func
     InstructionDecode_Module_register_file_RF[19].RF_data_op_reg[3]/QN   0.001             0.000             -0.001            tt_v1.8_25C_Nominal_25_func
     InstructionDecode_Module_register_file_RF[19].RF_data_op_reg[2]/QN   0.001             0.000             -0.001            tt_v1.8_25C_Nominal_25_func
     InstructionDecode_Module_register_file_RF[19].RF_data_op_reg[1]/QN   0.001             0.000             -0.001            tt_v1.8_25C_Nominal_25_func
     InstructionDecode_Module_register_file_RF[19].RF_data_op_reg[0]/QN   0.001             0.000             -0.001            tt_v1.8_25C_Nominal_25_func
     InstructionDecode_Module_register_file_RF[18].RF_data_op_reg[31]/QN   0.001             0.000             -0.001            tt_v1.8_25C_Nominal_25_func
     InstructionDecode_Module_register_file_RF[18].RF_data_op_reg[30]/QN   0.001             0.000             -0.001            tt_v1.8_25C_Nominal_25_func
     InstructionDecode_Module_register_file_RF[18].RF_data_op_reg[29]/QN   0.001             0.000             -0.001            tt_v1.8_25C_Nominal_25_func
     InstructionDecode_Module_register_file_RF[18].RF_data_op_reg[28]/QN   0.001             0.000             -0.001            tt_v1.8_25C_Nominal_25_func
     InstructionDecode_Module_register_file_RF[18].RF_data_op_reg[27]/QN   0.001             0.000             -0.001            tt_v1.8_25C_Nominal_25_func
     InstructionDecode_Module_register_file_RF[18].RF_data_op_reg[26]/QN   0.001             0.000             -0.001            tt_v1.8_25C_Nominal_25_func
     InstructionDecode_Module_register_file_RF[18].RF_data_op_reg[25]/QN   0.001             0.000             -0.001            tt_v1.8_25C_Nominal_25_func
     InstructionDecode_Module_register_file_RF[18].RF_data_op_reg[24]/QN   0.001             0.000             -0.001            tt_v1.8_25C_Nominal_25_func
     InstructionDecode_Module_register_file_RF[18].RF_data_op_reg[23]/QN   0.001             0.000             -0.001            tt_v1.8_25C_Nominal_25_func
     InstructionDecode_Module_register_file_RF[18].RF_data_op_reg[22]/QN   0.001             0.000             -0.001            tt_v1.8_25C_Nominal_25_func
     InstructionDecode_Module_register_file_RF[18].RF_data_op_reg[21]/QN   0.001             0.000             -0.001            tt_v1.8_25C_Nominal_25_func
     InstructionDecode_Module_register_file_RF[18].RF_data_op_reg[20]/QN   0.001             0.000             -0.001            tt_v1.8_25C_Nominal_25_func
     InstructionDecode_Module_register_file_RF[18].RF_data_op_reg[19]/QN   0.001             0.000             -0.001            tt_v1.8_25C_Nominal_25_func
     InstructionDecode_Module_register_file_RF[18].RF_data_op_reg[18]/QN   0.001             0.000             -0.001            tt_v1.8_25C_Nominal_25_func
     InstructionDecode_Module_register_file_RF[18].RF_data_op_reg[17]/QN   0.001             0.000             -0.001            tt_v1.8_25C_Nominal_25_func
     InstructionDecode_Module_register_file_RF[18].RF_data_op_reg[16]/QN   0.001             0.000             -0.001            tt_v1.8_25C_Nominal_25_func
     InstructionDecode_Module_register_file_RF[18].RF_data_op_reg[15]/QN   0.001             0.000             -0.001            tt_v1.8_25C_Nominal_25_func
     InstructionDecode_Module_register_file_RF[18].RF_data_op_reg[14]/QN   0.001             0.000             -0.001            tt_v1.8_25C_Nominal_25_func
     InstructionDecode_Module_register_file_RF[18].RF_data_op_reg[13]/QN   0.001             0.000             -0.001            tt_v1.8_25C_Nominal_25_func
     InstructionDecode_Module_register_file_RF[18].RF_data_op_reg[12]/QN   0.001             0.000             -0.001            tt_v1.8_25C_Nominal_25_func
     InstructionDecode_Module_register_file_RF[18].RF_data_op_reg[11]/QN   0.001             0.000             -0.001            tt_v1.8_25C_Nominal_25_func
     InstructionDecode_Module_register_file_RF[18].RF_data_op_reg[10]/QN   0.001             0.000             -0.001            tt_v1.8_25C_Nominal_25_func
     InstructionDecode_Module_register_file_RF[18].RF_data_op_reg[9]/QN   0.001             0.000             -0.001            tt_v1.8_25C_Nominal_25_func
     InstructionDecode_Module_register_file_RF[18].RF_data_op_reg[8]/QN   0.001             0.000             -0.001            tt_v1.8_25C_Nominal_25_func
     InstructionDecode_Module_register_file_RF[18].RF_data_op_reg[7]/QN   0.001             0.000             -0.001            tt_v1.8_25C_Nominal_25_func
     InstructionDecode_Module_register_file_RF[18].RF_data_op_reg[6]/QN   0.001             0.000             -0.001            tt_v1.8_25C_Nominal_25_func
     InstructionDecode_Module_register_file_RF[18].RF_data_op_reg[5]/QN   0.001             0.000             -0.001            tt_v1.8_25C_Nominal_25_func
     InstructionDecode_Module_register_file_RF[18].RF_data_op_reg[4]/QN   0.001             0.000             -0.001            tt_v1.8_25C_Nominal_25_func
     InstructionDecode_Module_register_file_RF[18].RF_data_op_reg[3]/QN   0.001             0.000             -0.001            tt_v1.8_25C_Nominal_25_func
     InstructionDecode_Module_register_file_RF[18].RF_data_op_reg[2]/QN   0.001             0.000             -0.001            tt_v1.8_25C_Nominal_25_func
     InstructionDecode_Module_register_file_RF[18].RF_data_op_reg[1]/QN   0.001             0.000             -0.001            tt_v1.8_25C_Nominal_25_func
     InstructionDecode_Module_register_file_RF[18].RF_data_op_reg[0]/QN   0.001             0.000             -0.001            tt_v1.8_25C_Nominal_25_func
     InstructionDecode_Module_register_file_RF[17].RF_data_op_reg[31]/QN   0.001             0.000             -0.001            tt_v1.8_25C_Nominal_25_func
     InstructionDecode_Module_register_file_RF[17].RF_data_op_reg[30]/QN   0.001             0.000             -0.001            tt_v1.8_25C_Nominal_25_func
     InstructionDecode_Module_register_file_RF[17].RF_data_op_reg[29]/QN   0.001             0.000             -0.001            tt_v1.8_25C_Nominal_25_func
     InstructionDecode_Module_register_file_RF[17].RF_data_op_reg[28]/QN   0.001             0.000             -0.001            tt_v1.8_25C_Nominal_25_func
     InstructionDecode_Module_register_file_RF[17].RF_data_op_reg[27]/QN   0.001             0.000             -0.001            tt_v1.8_25C_Nominal_25_func
     InstructionDecode_Module_register_file_RF[17].RF_data_op_reg[26]/QN   0.001             0.000             -0.001            tt_v1.8_25C_Nominal_25_func
     InstructionDecode_Module_register_file_RF[17].RF_data_op_reg[25]/QN   0.001             0.000             -0.001            tt_v1.8_25C_Nominal_25_func
     InstructionDecode_Module_register_file_RF[17].RF_data_op_reg[24]/QN   0.001             0.000             -0.001            tt_v1.8_25C_Nominal_25_func
     InstructionDecode_Module_register_file_RF[17].RF_data_op_reg[23]/QN   0.001             0.000             -0.001            tt_v1.8_25C_Nominal_25_func
     InstructionDecode_Module_register_file_RF[17].RF_data_op_reg[22]/QN   0.001             0.000             -0.001            tt_v1.8_25C_Nominal_25_func
     InstructionDecode_Module_register_file_RF[17].RF_data_op_reg[21]/QN   0.001             0.000             -0.001            tt_v1.8_25C_Nominal_25_func
     InstructionDecode_Module_register_file_RF[17].RF_data_op_reg[20]/QN   0.001             0.000             -0.001            tt_v1.8_25C_Nominal_25_func
     InstructionDecode_Module_register_file_RF[17].RF_data_op_reg[19]/QN   0.001             0.000             -0.001            tt_v1.8_25C_Nominal_25_func
     InstructionDecode_Module_register_file_RF[17].RF_data_op_reg[18]/QN   0.001             0.000             -0.001            tt_v1.8_25C_Nominal_25_func
     InstructionDecode_Module_register_file_RF[17].RF_data_op_reg[17]/QN   0.001             0.000             -0.001            tt_v1.8_25C_Nominal_25_func
     InstructionDecode_Module_register_file_RF[17].RF_data_op_reg[16]/QN   0.001             0.000             -0.001            tt_v1.8_25C_Nominal_25_func
     InstructionDecode_Module_register_file_RF[17].RF_data_op_reg[15]/QN   0.001             0.000             -0.001            tt_v1.8_25C_Nominal_25_func
     InstructionDecode_Module_register_file_RF[17].RF_data_op_reg[14]/QN   0.001             0.000             -0.001            tt_v1.8_25C_Nominal_25_func
     InstructionDecode_Module_register_file_RF[17].RF_data_op_reg[13]/QN   0.001             0.000             -0.001            tt_v1.8_25C_Nominal_25_func
     InstructionDecode_Module_register_file_RF[17].RF_data_op_reg[12]/QN   0.001             0.000             -0.001            tt_v1.8_25C_Nominal_25_func
     InstructionDecode_Module_register_file_RF[17].RF_data_op_reg[11]/QN   0.001             0.000             -0.001            tt_v1.8_25C_Nominal_25_func
     InstructionDecode_Module_register_file_RF[17].RF_data_op_reg[10]/QN   0.001             0.000             -0.001            tt_v1.8_25C_Nominal_25_func
     InstructionDecode_Module_register_file_RF[17].RF_data_op_reg[9]/QN   0.001             0.000             -0.001            tt_v1.8_25C_Nominal_25_func
     InstructionDecode_Module_register_file_RF[17].RF_data_op_reg[8]/QN   0.001             0.000             -0.001            tt_v1.8_25C_Nominal_25_func
     InstructionDecode_Module_register_file_RF[17].RF_data_op_reg[7]/QN   0.001             0.000             -0.001            tt_v1.8_25C_Nominal_25_func
     InstructionDecode_Module_register_file_RF[17].RF_data_op_reg[6]/QN   0.001             0.000             -0.001            tt_v1.8_25C_Nominal_25_func
     InstructionDecode_Module_register_file_RF[17].RF_data_op_reg[5]/QN   0.001             0.000             -0.001            tt_v1.8_25C_Nominal_25_func
     InstructionDecode_Module_register_file_RF[17].RF_data_op_reg[4]/QN   0.001             0.000             -0.001            tt_v1.8_25C_Nominal_25_func
     InstructionDecode_Module_register_file_RF[17].RF_data_op_reg[3]/QN   0.001             0.000             -0.001            tt_v1.8_25C_Nominal_25_func
     InstructionDecode_Module_register_file_RF[17].RF_data_op_reg[2]/QN   0.001             0.000             -0.001            tt_v1.8_25C_Nominal_25_func
     InstructionDecode_Module_register_file_RF[17].RF_data_op_reg[1]/QN   0.001             0.000             -0.001            tt_v1.8_25C_Nominal_25_func
     InstructionDecode_Module_register_file_RF[17].RF_data_op_reg[0]/QN   0.001             0.000             -0.001            tt_v1.8_25C_Nominal_25_func
     InstructionDecode_Module_register_file_RF[16].RF_data_op_reg[31]/QN   0.001             0.000             -0.001            tt_v1.8_25C_Nominal_25_func
     InstructionDecode_Module_register_file_RF[16].RF_data_op_reg[30]/QN   0.001             0.000             -0.001            tt_v1.8_25C_Nominal_25_func
     InstructionDecode_Module_register_file_RF[16].RF_data_op_reg[29]/QN   0.001             0.000             -0.001            tt_v1.8_25C_Nominal_25_func
     InstructionDecode_Module_register_file_RF[16].RF_data_op_reg[28]/QN   0.001             0.000             -0.001            tt_v1.8_25C_Nominal_25_func
     InstructionDecode_Module_register_file_RF[16].RF_data_op_reg[27]/QN   0.001             0.000             -0.001            tt_v1.8_25C_Nominal_25_func
     InstructionDecode_Module_register_file_RF[16].RF_data_op_reg[26]/QN   0.001             0.000             -0.001            tt_v1.8_25C_Nominal_25_func
     InstructionDecode_Module_register_file_RF[16].RF_data_op_reg[25]/QN   0.001             0.000             -0.001            tt_v1.8_25C_Nominal_25_func
     InstructionDecode_Module_register_file_RF[16].RF_data_op_reg[24]/QN   0.001             0.000             -0.001            tt_v1.8_25C_Nominal_25_func
     InstructionDecode_Module_register_file_RF[16].RF_data_op_reg[23]/QN   0.001             0.000             -0.001            tt_v1.8_25C_Nominal_25_func
     InstructionDecode_Module_register_file_RF[16].RF_data_op_reg[22]/QN   0.001             0.000             -0.001            tt_v1.8_25C_Nominal_25_func
     InstructionDecode_Module_register_file_RF[16].RF_data_op_reg[21]/QN   0.001             0.000             -0.001            tt_v1.8_25C_Nominal_25_func
     InstructionDecode_Module_register_file_RF[16].RF_data_op_reg[20]/QN   0.001             0.000             -0.001            tt_v1.8_25C_Nominal_25_func
     InstructionDecode_Module_register_file_RF[16].RF_data_op_reg[19]/QN   0.001             0.000             -0.001            tt_v1.8_25C_Nominal_25_func
     InstructionDecode_Module_register_file_RF[16].RF_data_op_reg[18]/QN   0.001             0.000             -0.001            tt_v1.8_25C_Nominal_25_func
     InstructionDecode_Module_register_file_RF[16].RF_data_op_reg[17]/QN   0.001             0.000             -0.001            tt_v1.8_25C_Nominal_25_func
     InstructionDecode_Module_register_file_RF[16].RF_data_op_reg[16]/QN   0.001             0.000             -0.001            tt_v1.8_25C_Nominal_25_func
     InstructionDecode_Module_register_file_RF[16].RF_data_op_reg[15]/QN   0.001             0.000             -0.001            tt_v1.8_25C_Nominal_25_func
     InstructionDecode_Module_register_file_RF[16].RF_data_op_reg[14]/QN   0.001             0.000             -0.001            tt_v1.8_25C_Nominal_25_func
     InstructionDecode_Module_register_file_RF[16].RF_data_op_reg[13]/QN   0.001             0.000             -0.001            tt_v1.8_25C_Nominal_25_func
     InstructionDecode_Module_register_file_RF[16].RF_data_op_reg[12]/QN   0.001             0.000             -0.001            tt_v1.8_25C_Nominal_25_func
     InstructionDecode_Module_register_file_RF[16].RF_data_op_reg[11]/QN   0.001             0.000             -0.001            tt_v1.8_25C_Nominal_25_func
     InstructionDecode_Module_register_file_RF[16].RF_data_op_reg[10]/QN   0.001             0.000             -0.001            tt_v1.8_25C_Nominal_25_func
     InstructionDecode_Module_register_file_RF[16].RF_data_op_reg[9]/QN   0.001             0.000             -0.001            tt_v1.8_25C_Nominal_25_func
     InstructionDecode_Module_register_file_RF[16].RF_data_op_reg[8]/QN   0.001             0.000             -0.001            tt_v1.8_25C_Nominal_25_func
     InstructionDecode_Module_register_file_RF[16].RF_data_op_reg[7]/QN   0.001             0.000             -0.001            tt_v1.8_25C_Nominal_25_func
     InstructionDecode_Module_register_file_RF[16].RF_data_op_reg[6]/QN   0.001             0.000             -0.001            tt_v1.8_25C_Nominal_25_func
     InstructionDecode_Module_register_file_RF[16].RF_data_op_reg[5]/QN   0.001             0.000             -0.001            tt_v1.8_25C_Nominal_25_func
     InstructionDecode_Module_register_file_RF[16].RF_data_op_reg[4]/QN   0.001             0.000             -0.001            tt_v1.8_25C_Nominal_25_func
     InstructionDecode_Module_register_file_RF[16].RF_data_op_reg[3]/QN   0.001             0.000             -0.001            tt_v1.8_25C_Nominal_25_func
     InstructionDecode_Module_register_file_RF[16].RF_data_op_reg[2]/QN   0.001             0.000             -0.001            tt_v1.8_25C_Nominal_25_func
     InstructionDecode_Module_register_file_RF[16].RF_data_op_reg[1]/QN   0.001             0.000             -0.001            tt_v1.8_25C_Nominal_25_func
     InstructionDecode_Module_register_file_RF[16].RF_data_op_reg[0]/QN   0.001             0.000             -0.001            tt_v1.8_25C_Nominal_25_func
     InstructionDecode_Module_register_file_RF[15].RF_data_op_reg[31]/QN   0.001             0.000             -0.001            tt_v1.8_25C_Nominal_25_func
     InstructionDecode_Module_register_file_RF[15].RF_data_op_reg[30]/QN   0.001             0.000             -0.001            tt_v1.8_25C_Nominal_25_func
     InstructionDecode_Module_register_file_RF[15].RF_data_op_reg[29]/QN   0.001             0.000             -0.001            tt_v1.8_25C_Nominal_25_func
     InstructionDecode_Module_register_file_RF[15].RF_data_op_reg[28]/QN   0.001             0.000             -0.001            tt_v1.8_25C_Nominal_25_func
     InstructionDecode_Module_register_file_RF[15].RF_data_op_reg[27]/QN   0.001             0.000             -0.001            tt_v1.8_25C_Nominal_25_func
     InstructionDecode_Module_register_file_RF[15].RF_data_op_reg[26]/QN   0.001             0.000             -0.001            tt_v1.8_25C_Nominal_25_func
     InstructionDecode_Module_register_file_RF[15].RF_data_op_reg[25]/QN   0.001             0.000             -0.001            tt_v1.8_25C_Nominal_25_func
     InstructionDecode_Module_register_file_RF[15].RF_data_op_reg[24]/QN   0.001             0.000             -0.001            tt_v1.8_25C_Nominal_25_func
     InstructionDecode_Module_register_file_RF[15].RF_data_op_reg[23]/QN   0.001             0.000             -0.001            tt_v1.8_25C_Nominal_25_func
     InstructionDecode_Module_register_file_RF[15].RF_data_op_reg[22]/QN   0.001             0.000             -0.001            tt_v1.8_25C_Nominal_25_func
     InstructionDecode_Module_register_file_RF[15].RF_data_op_reg[21]/QN   0.001             0.000             -0.001            tt_v1.8_25C_Nominal_25_func
     InstructionDecode_Module_register_file_RF[15].RF_data_op_reg[20]/QN   0.001             0.000             -0.001            tt_v1.8_25C_Nominal_25_func
     InstructionDecode_Module_register_file_RF[15].RF_data_op_reg[19]/QN   0.001             0.000             -0.001            tt_v1.8_25C_Nominal_25_func
     InstructionDecode_Module_register_file_RF[15].RF_data_op_reg[18]/QN   0.001             0.000             -0.001            tt_v1.8_25C_Nominal_25_func
     InstructionDecode_Module_register_file_RF[15].RF_data_op_reg[17]/QN   0.001             0.000             -0.001            tt_v1.8_25C_Nominal_25_func
     InstructionDecode_Module_register_file_RF[15].RF_data_op_reg[16]/QN   0.001             0.000             -0.001            tt_v1.8_25C_Nominal_25_func
     InstructionDecode_Module_register_file_RF[15].RF_data_op_reg[15]/QN   0.001             0.000             -0.001            tt_v1.8_25C_Nominal_25_func
     InstructionDecode_Module_register_file_RF[15].RF_data_op_reg[14]/QN   0.001             0.000             -0.001            tt_v1.8_25C_Nominal_25_func
     InstructionDecode_Module_register_file_RF[15].RF_data_op_reg[13]/QN   0.001             0.000             -0.001            tt_v1.8_25C_Nominal_25_func
     InstructionDecode_Module_register_file_RF[15].RF_data_op_reg[12]/QN   0.001             0.000             -0.001            tt_v1.8_25C_Nominal_25_func
     InstructionDecode_Module_register_file_RF[15].RF_data_op_reg[11]/QN   0.001             0.000             -0.001            tt_v1.8_25C_Nominal_25_func
     InstructionDecode_Module_register_file_RF[15].RF_data_op_reg[10]/QN   0.001             0.000             -0.001            tt_v1.8_25C_Nominal_25_func
     InstructionDecode_Module_register_file_RF[15].RF_data_op_reg[9]/QN   0.001             0.000             -0.001            tt_v1.8_25C_Nominal_25_func
     InstructionDecode_Module_register_file_RF[15].RF_data_op_reg[8]/QN   0.001             0.000             -0.001            tt_v1.8_25C_Nominal_25_func
     InstructionDecode_Module_register_file_RF[15].RF_data_op_reg[7]/QN   0.001             0.000             -0.001            tt_v1.8_25C_Nominal_25_func
     InstructionDecode_Module_register_file_RF[15].RF_data_op_reg[6]/QN   0.001             0.000             -0.001            tt_v1.8_25C_Nominal_25_func
     InstructionDecode_Module_register_file_RF[15].RF_data_op_reg[5]/QN   0.001             0.000             -0.001            tt_v1.8_25C_Nominal_25_func
     InstructionDecode_Module_register_file_RF[15].RF_data_op_reg[4]/QN   0.001             0.000             -0.001            tt_v1.8_25C_Nominal_25_func
     InstructionDecode_Module_register_file_RF[15].RF_data_op_reg[3]/QN   0.001             0.000             -0.001            tt_v1.8_25C_Nominal_25_func
     InstructionDecode_Module_register_file_RF[15].RF_data_op_reg[2]/QN   0.001             0.000             -0.001            tt_v1.8_25C_Nominal_25_func
     InstructionDecode_Module_register_file_RF[15].RF_data_op_reg[1]/QN   0.001             0.000             -0.001            tt_v1.8_25C_Nominal_25_func
     InstructionDecode_Module_register_file_RF[15].RF_data_op_reg[0]/QN   0.001             0.000             -0.001            tt_v1.8_25C_Nominal_25_func
     InstructionDecode_Module_register_file_RF[14].RF_data_op_reg[31]/QN   0.001             0.000             -0.001            tt_v1.8_25C_Nominal_25_func
     InstructionDecode_Module_register_file_RF[14].RF_data_op_reg[30]/QN   0.001             0.000             -0.001            tt_v1.8_25C_Nominal_25_func
     InstructionDecode_Module_register_file_RF[14].RF_data_op_reg[29]/QN   0.001             0.000             -0.001            tt_v1.8_25C_Nominal_25_func
     InstructionDecode_Module_register_file_RF[14].RF_data_op_reg[28]/QN   0.001             0.000             -0.001            tt_v1.8_25C_Nominal_25_func
     InstructionDecode_Module_register_file_RF[14].RF_data_op_reg[27]/QN   0.001             0.000             -0.001            tt_v1.8_25C_Nominal_25_func
     InstructionDecode_Module_register_file_RF[14].RF_data_op_reg[26]/QN   0.001             0.000             -0.001            tt_v1.8_25C_Nominal_25_func
     InstructionDecode_Module_register_file_RF[14].RF_data_op_reg[25]/QN   0.001             0.000             -0.001            tt_v1.8_25C_Nominal_25_func
     InstructionDecode_Module_register_file_RF[14].RF_data_op_reg[24]/QN   0.001             0.000             -0.001            tt_v1.8_25C_Nominal_25_func
     InstructionDecode_Module_register_file_RF[14].RF_data_op_reg[23]/QN   0.001             0.000             -0.001            tt_v1.8_25C_Nominal_25_func
     InstructionDecode_Module_register_file_RF[14].RF_data_op_reg[22]/QN   0.001             0.000             -0.001            tt_v1.8_25C_Nominal_25_func
     InstructionDecode_Module_register_file_RF[14].RF_data_op_reg[21]/QN   0.001             0.000             -0.001            tt_v1.8_25C_Nominal_25_func
     InstructionDecode_Module_register_file_RF[14].RF_data_op_reg[20]/QN   0.001             0.000             -0.001            tt_v1.8_25C_Nominal_25_func
     InstructionDecode_Module_register_file_RF[14].RF_data_op_reg[19]/QN   0.001             0.000             -0.001            tt_v1.8_25C_Nominal_25_func
     InstructionDecode_Module_register_file_RF[14].RF_data_op_reg[18]/QN   0.001             0.000             -0.001            tt_v1.8_25C_Nominal_25_func
     InstructionDecode_Module_register_file_RF[14].RF_data_op_reg[17]/QN   0.001             0.000             -0.001            tt_v1.8_25C_Nominal_25_func
     InstructionDecode_Module_register_file_RF[14].RF_data_op_reg[16]/QN   0.001             0.000             -0.001            tt_v1.8_25C_Nominal_25_func
     InstructionDecode_Module_register_file_RF[14].RF_data_op_reg[15]/QN   0.001             0.000             -0.001            tt_v1.8_25C_Nominal_25_func
     InstructionDecode_Module_register_file_RF[14].RF_data_op_reg[14]/QN   0.001             0.000             -0.001            tt_v1.8_25C_Nominal_25_func
     InstructionDecode_Module_register_file_RF[14].RF_data_op_reg[13]/QN   0.001             0.000             -0.001            tt_v1.8_25C_Nominal_25_func
     InstructionDecode_Module_register_file_RF[14].RF_data_op_reg[12]/QN   0.001             0.000             -0.001            tt_v1.8_25C_Nominal_25_func
     InstructionDecode_Module_register_file_RF[14].RF_data_op_reg[11]/QN   0.001             0.000             -0.001            tt_v1.8_25C_Nominal_25_func
     InstructionDecode_Module_register_file_RF[14].RF_data_op_reg[10]/QN   0.001             0.000             -0.001            tt_v1.8_25C_Nominal_25_func
     InstructionDecode_Module_register_file_RF[14].RF_data_op_reg[9]/QN   0.001             0.000             -0.001            tt_v1.8_25C_Nominal_25_func
     InstructionDecode_Module_register_file_RF[14].RF_data_op_reg[8]/QN   0.001             0.000             -0.001            tt_v1.8_25C_Nominal_25_func
     InstructionDecode_Module_register_file_RF[14].RF_data_op_reg[7]/QN   0.001             0.000             -0.001            tt_v1.8_25C_Nominal_25_func
     InstructionDecode_Module_register_file_RF[14].RF_data_op_reg[6]/QN   0.001             0.000             -0.001            tt_v1.8_25C_Nominal_25_func
     InstructionDecode_Module_register_file_RF[14].RF_data_op_reg[5]/QN   0.001             0.000             -0.001            tt_v1.8_25C_Nominal_25_func
     InstructionDecode_Module_register_file_RF[14].RF_data_op_reg[4]/QN   0.001             0.000             -0.001            tt_v1.8_25C_Nominal_25_func
     InstructionDecode_Module_register_file_RF[14].RF_data_op_reg[3]/QN   0.001             0.000             -0.001            tt_v1.8_25C_Nominal_25_func
     InstructionDecode_Module_register_file_RF[14].RF_data_op_reg[2]/QN   0.001             0.000             -0.001            tt_v1.8_25C_Nominal_25_func
     InstructionDecode_Module_register_file_RF[14].RF_data_op_reg[1]/QN   0.001             0.000             -0.001            tt_v1.8_25C_Nominal_25_func
     InstructionDecode_Module_register_file_RF[14].RF_data_op_reg[0]/QN   0.001             0.000             -0.001            tt_v1.8_25C_Nominal_25_func
     InstructionDecode_Module_register_file_RF[13].RF_data_op_reg[31]/QN   0.001             0.000             -0.001            tt_v1.8_25C_Nominal_25_func
     InstructionDecode_Module_register_file_RF[13].RF_data_op_reg[30]/QN   0.001             0.000             -0.001            tt_v1.8_25C_Nominal_25_func
     InstructionDecode_Module_register_file_RF[13].RF_data_op_reg[29]/QN   0.001             0.000             -0.001            tt_v1.8_25C_Nominal_25_func
     InstructionDecode_Module_register_file_RF[13].RF_data_op_reg[28]/QN   0.001             0.000             -0.001            tt_v1.8_25C_Nominal_25_func
     InstructionDecode_Module_register_file_RF[13].RF_data_op_reg[27]/QN   0.001             0.000             -0.001            tt_v1.8_25C_Nominal_25_func
     InstructionDecode_Module_register_file_RF[13].RF_data_op_reg[26]/QN   0.001             0.000             -0.001            tt_v1.8_25C_Nominal_25_func
     InstructionDecode_Module_register_file_RF[13].RF_data_op_reg[25]/QN   0.001             0.000             -0.001            tt_v1.8_25C_Nominal_25_func
     InstructionDecode_Module_register_file_RF[13].RF_data_op_reg[24]/QN   0.001             0.000             -0.001            tt_v1.8_25C_Nominal_25_func
     InstructionDecode_Module_register_file_RF[13].RF_data_op_reg[23]/QN   0.001             0.000             -0.001            tt_v1.8_25C_Nominal_25_func
     InstructionDecode_Module_register_file_RF[13].RF_data_op_reg[22]/QN   0.001             0.000             -0.001            tt_v1.8_25C_Nominal_25_func
     InstructionDecode_Module_register_file_RF[13].RF_data_op_reg[21]/QN   0.001             0.000             -0.001            tt_v1.8_25C_Nominal_25_func
     InstructionDecode_Module_register_file_RF[13].RF_data_op_reg[20]/QN   0.001             0.000             -0.001            tt_v1.8_25C_Nominal_25_func
     InstructionDecode_Module_register_file_RF[13].RF_data_op_reg[19]/QN   0.001             0.000             -0.001            tt_v1.8_25C_Nominal_25_func
     InstructionDecode_Module_register_file_RF[13].RF_data_op_reg[18]/QN   0.001             0.000             -0.001            tt_v1.8_25C_Nominal_25_func
     InstructionDecode_Module_register_file_RF[13].RF_data_op_reg[17]/QN   0.001             0.000             -0.001            tt_v1.8_25C_Nominal_25_func
     InstructionDecode_Module_register_file_RF[13].RF_data_op_reg[16]/QN   0.001             0.000             -0.001            tt_v1.8_25C_Nominal_25_func
     InstructionDecode_Module_register_file_RF[13].RF_data_op_reg[15]/QN   0.001             0.000             -0.001            tt_v1.8_25C_Nominal_25_func
     InstructionDecode_Module_register_file_RF[13].RF_data_op_reg[14]/QN   0.001             0.000             -0.001            tt_v1.8_25C_Nominal_25_func
     InstructionDecode_Module_register_file_RF[13].RF_data_op_reg[13]/QN   0.001             0.000             -0.001            tt_v1.8_25C_Nominal_25_func
     InstructionDecode_Module_register_file_RF[13].RF_data_op_reg[12]/QN   0.001             0.000             -0.001            tt_v1.8_25C_Nominal_25_func
     InstructionDecode_Module_register_file_RF[13].RF_data_op_reg[11]/QN   0.001             0.000             -0.001            tt_v1.8_25C_Nominal_25_func
     InstructionDecode_Module_register_file_RF[13].RF_data_op_reg[10]/QN   0.001             0.000             -0.001            tt_v1.8_25C_Nominal_25_func
     InstructionDecode_Module_register_file_RF[13].RF_data_op_reg[9]/QN   0.001             0.000             -0.001            tt_v1.8_25C_Nominal_25_func
     InstructionDecode_Module_register_file_RF[13].RF_data_op_reg[8]/QN   0.001             0.000             -0.001            tt_v1.8_25C_Nominal_25_func
     InstructionDecode_Module_register_file_RF[13].RF_data_op_reg[7]/QN   0.001             0.000             -0.001            tt_v1.8_25C_Nominal_25_func
     InstructionDecode_Module_register_file_RF[13].RF_data_op_reg[6]/QN   0.001             0.000             -0.001            tt_v1.8_25C_Nominal_25_func
     InstructionDecode_Module_register_file_RF[13].RF_data_op_reg[5]/QN   0.001             0.000             -0.001            tt_v1.8_25C_Nominal_25_func
     InstructionDecode_Module_register_file_RF[13].RF_data_op_reg[4]/QN   0.001             0.000             -0.001            tt_v1.8_25C_Nominal_25_func
     InstructionDecode_Module_register_file_RF[13].RF_data_op_reg[3]/QN   0.001             0.000             -0.001            tt_v1.8_25C_Nominal_25_func
     InstructionDecode_Module_register_file_RF[13].RF_data_op_reg[2]/QN   0.001             0.000             -0.001            tt_v1.8_25C_Nominal_25_func
     InstructionDecode_Module_register_file_RF[13].RF_data_op_reg[1]/QN   0.001             0.000             -0.001            tt_v1.8_25C_Nominal_25_func
     InstructionDecode_Module_register_file_RF[13].RF_data_op_reg[0]/QN   0.001             0.000             -0.001            tt_v1.8_25C_Nominal_25_func
     InstructionDecode_Module_register_file_RF[12].RF_data_op_reg[31]/QN   0.001             0.000             -0.001            tt_v1.8_25C_Nominal_25_func
     InstructionDecode_Module_register_file_RF[12].RF_data_op_reg[30]/QN   0.001             0.000             -0.001            tt_v1.8_25C_Nominal_25_func
     InstructionDecode_Module_register_file_RF[12].RF_data_op_reg[29]/QN   0.001             0.000             -0.001            tt_v1.8_25C_Nominal_25_func
     InstructionDecode_Module_register_file_RF[12].RF_data_op_reg[28]/QN   0.001             0.000             -0.001            tt_v1.8_25C_Nominal_25_func
     InstructionDecode_Module_register_file_RF[12].RF_data_op_reg[27]/QN   0.001             0.000             -0.001            tt_v1.8_25C_Nominal_25_func
     InstructionDecode_Module_register_file_RF[12].RF_data_op_reg[26]/QN   0.001             0.000             -0.001            tt_v1.8_25C_Nominal_25_func
     InstructionDecode_Module_register_file_RF[12].RF_data_op_reg[25]/QN   0.001             0.000             -0.001            tt_v1.8_25C_Nominal_25_func
     InstructionDecode_Module_register_file_RF[12].RF_data_op_reg[24]/QN   0.001             0.000             -0.001            tt_v1.8_25C_Nominal_25_func
     InstructionDecode_Module_register_file_RF[12].RF_data_op_reg[23]/QN   0.001             0.000             -0.001            tt_v1.8_25C_Nominal_25_func
     InstructionDecode_Module_register_file_RF[12].RF_data_op_reg[22]/QN   0.001             0.000             -0.001            tt_v1.8_25C_Nominal_25_func
     InstructionDecode_Module_register_file_RF[12].RF_data_op_reg[21]/QN   0.001             0.000             -0.001            tt_v1.8_25C_Nominal_25_func
     InstructionDecode_Module_register_file_RF[12].RF_data_op_reg[20]/QN   0.001             0.000             -0.001            tt_v1.8_25C_Nominal_25_func
     InstructionDecode_Module_register_file_RF[12].RF_data_op_reg[19]/QN   0.001             0.000             -0.001            tt_v1.8_25C_Nominal_25_func
     InstructionDecode_Module_register_file_RF[12].RF_data_op_reg[18]/QN   0.001             0.000             -0.001            tt_v1.8_25C_Nominal_25_func
     InstructionDecode_Module_register_file_RF[12].RF_data_op_reg[17]/QN   0.001             0.000             -0.001            tt_v1.8_25C_Nominal_25_func
     InstructionDecode_Module_register_file_RF[12].RF_data_op_reg[16]/QN   0.001             0.000             -0.001            tt_v1.8_25C_Nominal_25_func
     InstructionDecode_Module_register_file_RF[12].RF_data_op_reg[15]/QN   0.001             0.000             -0.001            tt_v1.8_25C_Nominal_25_func
     InstructionDecode_Module_register_file_RF[12].RF_data_op_reg[14]/QN   0.001             0.000             -0.001            tt_v1.8_25C_Nominal_25_func
     InstructionDecode_Module_register_file_RF[12].RF_data_op_reg[13]/QN   0.001             0.000             -0.001            tt_v1.8_25C_Nominal_25_func
     InstructionDecode_Module_register_file_RF[12].RF_data_op_reg[12]/QN   0.001             0.000             -0.001            tt_v1.8_25C_Nominal_25_func
     InstructionDecode_Module_register_file_RF[12].RF_data_op_reg[11]/QN   0.001             0.000             -0.001            tt_v1.8_25C_Nominal_25_func
     InstructionDecode_Module_register_file_RF[12].RF_data_op_reg[10]/QN   0.001             0.000             -0.001            tt_v1.8_25C_Nominal_25_func
     InstructionDecode_Module_register_file_RF[12].RF_data_op_reg[9]/QN   0.001             0.000             -0.001            tt_v1.8_25C_Nominal_25_func
     InstructionDecode_Module_register_file_RF[12].RF_data_op_reg[8]/QN   0.001             0.000             -0.001            tt_v1.8_25C_Nominal_25_func
     InstructionDecode_Module_register_file_RF[12].RF_data_op_reg[7]/QN   0.001             0.000             -0.001            tt_v1.8_25C_Nominal_25_func
     InstructionDecode_Module_register_file_RF[12].RF_data_op_reg[6]/QN   0.001             0.000             -0.001            tt_v1.8_25C_Nominal_25_func
     InstructionDecode_Module_register_file_RF[12].RF_data_op_reg[5]/QN   0.001             0.000             -0.001            tt_v1.8_25C_Nominal_25_func
     InstructionDecode_Module_register_file_RF[12].RF_data_op_reg[4]/QN   0.001             0.000             -0.001            tt_v1.8_25C_Nominal_25_func
     InstructionDecode_Module_register_file_RF[12].RF_data_op_reg[3]/QN   0.001             0.000             -0.001            tt_v1.8_25C_Nominal_25_func
     InstructionDecode_Module_register_file_RF[12].RF_data_op_reg[2]/QN   0.001             0.000             -0.001            tt_v1.8_25C_Nominal_25_func
     InstructionDecode_Module_register_file_RF[12].RF_data_op_reg[1]/QN   0.001             0.000             -0.001            tt_v1.8_25C_Nominal_25_func
     InstructionDecode_Module_register_file_RF[12].RF_data_op_reg[0]/QN   0.001             0.000             -0.001            tt_v1.8_25C_Nominal_25_func
     InstructionDecode_Module_register_file_RF[11].RF_data_op_reg[31]/QN   0.001             0.000             -0.001            tt_v1.8_25C_Nominal_25_func
     InstructionDecode_Module_register_file_RF[11].RF_data_op_reg[30]/QN   0.001             0.000             -0.001            tt_v1.8_25C_Nominal_25_func
     InstructionDecode_Module_register_file_RF[11].RF_data_op_reg[29]/QN   0.001             0.000             -0.001            tt_v1.8_25C_Nominal_25_func
     InstructionDecode_Module_register_file_RF[11].RF_data_op_reg[28]/QN   0.001             0.000             -0.001            tt_v1.8_25C_Nominal_25_func
     InstructionDecode_Module_register_file_RF[11].RF_data_op_reg[27]/QN   0.001             0.000             -0.001            tt_v1.8_25C_Nominal_25_func
     InstructionDecode_Module_register_file_RF[11].RF_data_op_reg[26]/QN   0.001             0.000             -0.001            tt_v1.8_25C_Nominal_25_func
     InstructionDecode_Module_register_file_RF[11].RF_data_op_reg[25]/QN   0.001             0.000             -0.001            tt_v1.8_25C_Nominal_25_func
     InstructionDecode_Module_register_file_RF[11].RF_data_op_reg[24]/QN   0.001             0.000             -0.001            tt_v1.8_25C_Nominal_25_func
     InstructionDecode_Module_register_file_RF[11].RF_data_op_reg[23]/QN   0.001             0.000             -0.001            tt_v1.8_25C_Nominal_25_func
     InstructionDecode_Module_register_file_RF[11].RF_data_op_reg[22]/QN   0.001             0.000             -0.001            tt_v1.8_25C_Nominal_25_func
     InstructionDecode_Module_register_file_RF[11].RF_data_op_reg[21]/QN   0.001             0.000             -0.001            tt_v1.8_25C_Nominal_25_func
     InstructionDecode_Module_register_file_RF[11].RF_data_op_reg[20]/QN   0.001             0.000             -0.001            tt_v1.8_25C_Nominal_25_func
     InstructionDecode_Module_register_file_RF[11].RF_data_op_reg[19]/QN   0.001             0.000             -0.001            tt_v1.8_25C_Nominal_25_func
     InstructionDecode_Module_register_file_RF[11].RF_data_op_reg[18]/QN   0.001             0.000             -0.001            tt_v1.8_25C_Nominal_25_func
     InstructionDecode_Module_register_file_RF[11].RF_data_op_reg[17]/QN   0.001             0.000             -0.001            tt_v1.8_25C_Nominal_25_func
     InstructionDecode_Module_register_file_RF[11].RF_data_op_reg[16]/QN   0.001             0.000             -0.001            tt_v1.8_25C_Nominal_25_func
     InstructionDecode_Module_register_file_RF[11].RF_data_op_reg[15]/QN   0.001             0.000             -0.001            tt_v1.8_25C_Nominal_25_func
     InstructionDecode_Module_register_file_RF[11].RF_data_op_reg[14]/QN   0.001             0.000             -0.001            tt_v1.8_25C_Nominal_25_func
     InstructionDecode_Module_register_file_RF[11].RF_data_op_reg[13]/QN   0.001             0.000             -0.001            tt_v1.8_25C_Nominal_25_func
     InstructionDecode_Module_register_file_RF[11].RF_data_op_reg[12]/QN   0.001             0.000             -0.001            tt_v1.8_25C_Nominal_25_func
     InstructionDecode_Module_register_file_RF[11].RF_data_op_reg[11]/QN   0.001             0.000             -0.001            tt_v1.8_25C_Nominal_25_func
     InstructionDecode_Module_register_file_RF[11].RF_data_op_reg[10]/QN   0.001             0.000             -0.001            tt_v1.8_25C_Nominal_25_func
     InstructionDecode_Module_register_file_RF[11].RF_data_op_reg[9]/QN   0.001             0.000             -0.001            tt_v1.8_25C_Nominal_25_func
     InstructionDecode_Module_register_file_RF[11].RF_data_op_reg[8]/QN   0.001             0.000             -0.001            tt_v1.8_25C_Nominal_25_func
     InstructionDecode_Module_register_file_RF[11].RF_data_op_reg[7]/QN   0.001             0.000             -0.001            tt_v1.8_25C_Nominal_25_func
     InstructionDecode_Module_register_file_RF[11].RF_data_op_reg[6]/QN   0.001             0.000             -0.001            tt_v1.8_25C_Nominal_25_func
     InstructionDecode_Module_register_file_RF[11].RF_data_op_reg[5]/QN   0.001             0.000             -0.001            tt_v1.8_25C_Nominal_25_func
     InstructionDecode_Module_register_file_RF[11].RF_data_op_reg[4]/QN   0.001             0.000             -0.001            tt_v1.8_25C_Nominal_25_func
     InstructionDecode_Module_register_file_RF[11].RF_data_op_reg[3]/QN   0.001             0.000             -0.001            tt_v1.8_25C_Nominal_25_func
     InstructionDecode_Module_register_file_RF[11].RF_data_op_reg[2]/QN   0.001             0.000             -0.001            tt_v1.8_25C_Nominal_25_func
     InstructionDecode_Module_register_file_RF[11].RF_data_op_reg[1]/QN   0.001             0.000             -0.001            tt_v1.8_25C_Nominal_25_func
     InstructionDecode_Module_register_file_RF[11].RF_data_op_reg[0]/QN   0.001             0.000             -0.001            tt_v1.8_25C_Nominal_25_func
     InstructionDecode_Module_register_file_RF[10].RF_data_op_reg[31]/QN   0.001             0.000             -0.001            tt_v1.8_25C_Nominal_25_func
     InstructionDecode_Module_register_file_RF[10].RF_data_op_reg[30]/QN   0.001             0.000             -0.001            tt_v1.8_25C_Nominal_25_func
     InstructionDecode_Module_register_file_RF[10].RF_data_op_reg[29]/QN   0.001             0.000             -0.001            tt_v1.8_25C_Nominal_25_func
     InstructionDecode_Module_register_file_RF[10].RF_data_op_reg[28]/QN   0.001             0.000             -0.001            tt_v1.8_25C_Nominal_25_func
     InstructionDecode_Module_register_file_RF[10].RF_data_op_reg[27]/QN   0.001             0.000             -0.001            tt_v1.8_25C_Nominal_25_func
     InstructionDecode_Module_register_file_RF[10].RF_data_op_reg[26]/QN   0.001             0.000             -0.001            tt_v1.8_25C_Nominal_25_func
     InstructionDecode_Module_register_file_RF[10].RF_data_op_reg[25]/QN   0.001             0.000             -0.001            tt_v1.8_25C_Nominal_25_func
     InstructionDecode_Module_register_file_RF[10].RF_data_op_reg[24]/QN   0.001             0.000             -0.001            tt_v1.8_25C_Nominal_25_func
     InstructionDecode_Module_register_file_RF[10].RF_data_op_reg[23]/QN   0.001             0.000             -0.001            tt_v1.8_25C_Nominal_25_func
     InstructionDecode_Module_register_file_RF[10].RF_data_op_reg[22]/QN   0.001             0.000             -0.001            tt_v1.8_25C_Nominal_25_func
     InstructionDecode_Module_register_file_RF[10].RF_data_op_reg[21]/QN   0.001             0.000             -0.001            tt_v1.8_25C_Nominal_25_func
     InstructionDecode_Module_register_file_RF[10].RF_data_op_reg[20]/QN   0.001             0.000             -0.001            tt_v1.8_25C_Nominal_25_func
     InstructionDecode_Module_register_file_RF[10].RF_data_op_reg[19]/QN   0.001             0.000             -0.001            tt_v1.8_25C_Nominal_25_func
     InstructionDecode_Module_register_file_RF[10].RF_data_op_reg[18]/QN   0.001             0.000             -0.001            tt_v1.8_25C_Nominal_25_func
     InstructionDecode_Module_register_file_RF[10].RF_data_op_reg[17]/QN   0.001             0.000             -0.001            tt_v1.8_25C_Nominal_25_func
     InstructionDecode_Module_register_file_RF[10].RF_data_op_reg[16]/QN   0.001             0.000             -0.001            tt_v1.8_25C_Nominal_25_func
     InstructionDecode_Module_register_file_RF[10].RF_data_op_reg[15]/QN   0.001             0.000             -0.001            tt_v1.8_25C_Nominal_25_func
     InstructionDecode_Module_register_file_RF[10].RF_data_op_reg[14]/QN   0.001             0.000             -0.001            tt_v1.8_25C_Nominal_25_func
     InstructionDecode_Module_register_file_RF[10].RF_data_op_reg[13]/QN   0.001             0.000             -0.001            tt_v1.8_25C_Nominal_25_func
     InstructionDecode_Module_register_file_RF[10].RF_data_op_reg[12]/QN   0.001             0.000             -0.001            tt_v1.8_25C_Nominal_25_func
     InstructionDecode_Module_register_file_RF[10].RF_data_op_reg[11]/QN   0.001             0.000             -0.001            tt_v1.8_25C_Nominal_25_func
     InstructionDecode_Module_register_file_RF[10].RF_data_op_reg[10]/QN   0.001             0.000             -0.001            tt_v1.8_25C_Nominal_25_func
     InstructionDecode_Module_register_file_RF[4].RF_data_op_reg[9]/QN   0.001             0.000             -0.001            tt_v1.8_25C_Nominal_25_func
     InstructionDecode_Module_register_file_RF[4].RF_data_op_reg[8]/QN   0.001             0.000             -0.001            tt_v1.8_25C_Nominal_25_func
     InstructionDecode_Module_register_file_RF[4].RF_data_op_reg[7]/QN   0.001             0.000             -0.001            tt_v1.8_25C_Nominal_25_func
     InstructionDecode_Module_register_file_RF[4].RF_data_op_reg[6]/QN   0.001             0.000             -0.001            tt_v1.8_25C_Nominal_25_func
     InstructionDecode_Module_register_file_RF[4].RF_data_op_reg[5]/QN   0.001             0.000             -0.001            tt_v1.8_25C_Nominal_25_func
     InstructionDecode_Module_register_file_RF[4].RF_data_op_reg[4]/QN   0.001             0.000             -0.001            tt_v1.8_25C_Nominal_25_func
     InstructionDecode_Module_register_file_RF[4].RF_data_op_reg[3]/QN   0.001             0.000             -0.001            tt_v1.8_25C_Nominal_25_func
     InstructionDecode_Module_register_file_RF[4].RF_data_op_reg[2]/QN   0.001             0.000             -0.001            tt_v1.8_25C_Nominal_25_func
     InstructionDecode_Module_register_file_RF[4].RF_data_op_reg[1]/QN   0.001             0.000             -0.001            tt_v1.8_25C_Nominal_25_func
     InstructionDecode_Module_register_file_RF[4].RF_data_op_reg[0]/QN   0.001             0.000             -0.001            tt_v1.8_25C_Nominal_25_func
     InstructionDecode_Module_register_file_RF[3].RF_data_op_reg[31]/QN   0.001             0.000             -0.001            tt_v1.8_25C_Nominal_25_func
     InstructionDecode_Module_register_file_RF[3].RF_data_op_reg[30]/QN   0.001             0.000             -0.001            tt_v1.8_25C_Nominal_25_func
     InstructionDecode_Module_register_file_RF[3].RF_data_op_reg[29]/QN   0.001             0.000             -0.001            tt_v1.8_25C_Nominal_25_func
     InstructionDecode_Module_register_file_RF[3].RF_data_op_reg[28]/QN   0.001             0.000             -0.001            tt_v1.8_25C_Nominal_25_func
     InstructionDecode_Module_register_file_RF[3].RF_data_op_reg[27]/QN   0.001             0.000             -0.001            tt_v1.8_25C_Nominal_25_func
     InstructionDecode_Module_register_file_RF[3].RF_data_op_reg[26]/QN   0.001             0.000             -0.001            tt_v1.8_25C_Nominal_25_func
     InstructionDecode_Module_register_file_RF[3].RF_data_op_reg[25]/QN   0.001             0.000             -0.001            tt_v1.8_25C_Nominal_25_func
     InstructionDecode_Module_register_file_RF[3].RF_data_op_reg[24]/QN   0.001             0.000             -0.001            tt_v1.8_25C_Nominal_25_func
     InstructionDecode_Module_register_file_RF[3].RF_data_op_reg[23]/QN   0.001             0.000             -0.001            tt_v1.8_25C_Nominal_25_func
     InstructionDecode_Module_register_file_RF[3].RF_data_op_reg[22]/QN   0.001             0.000             -0.001            tt_v1.8_25C_Nominal_25_func
     InstructionDecode_Module_register_file_RF[3].RF_data_op_reg[21]/QN   0.001             0.000             -0.001            tt_v1.8_25C_Nominal_25_func
     InstructionDecode_Module_register_file_RF[3].RF_data_op_reg[20]/QN   0.001             0.000             -0.001            tt_v1.8_25C_Nominal_25_func
     InstructionDecode_Module_register_file_RF[3].RF_data_op_reg[19]/QN   0.001             0.000             -0.001            tt_v1.8_25C_Nominal_25_func
     InstructionDecode_Module_register_file_RF[3].RF_data_op_reg[18]/QN   0.001             0.000             -0.001            tt_v1.8_25C_Nominal_25_func
     InstructionDecode_Module_register_file_RF[3].RF_data_op_reg[17]/QN   0.001             0.000             -0.001            tt_v1.8_25C_Nominal_25_func
     InstructionDecode_Module_register_file_RF[3].RF_data_op_reg[16]/QN   0.001             0.000             -0.001            tt_v1.8_25C_Nominal_25_func
     InstructionDecode_Module_register_file_RF[3].RF_data_op_reg[15]/QN   0.001             0.000             -0.001            tt_v1.8_25C_Nominal_25_func
     InstructionDecode_Module_register_file_RF[3].RF_data_op_reg[14]/QN   0.001             0.000             -0.001            tt_v1.8_25C_Nominal_25_func
     InstructionDecode_Module_register_file_RF[3].RF_data_op_reg[13]/QN   0.001             0.000             -0.001            tt_v1.8_25C_Nominal_25_func
     InstructionDecode_Module_register_file_RF[3].RF_data_op_reg[12]/QN   0.001             0.000             -0.001            tt_v1.8_25C_Nominal_25_func
     InstructionDecode_Module_register_file_RF[3].RF_data_op_reg[11]/QN   0.001             0.000             -0.001            tt_v1.8_25C_Nominal_25_func
     InstructionDecode_Module_register_file_RF[3].RF_data_op_reg[10]/QN   0.001             0.000             -0.001            tt_v1.8_25C_Nominal_25_func
     InstructionDecode_Module_register_file_RF[3].RF_data_op_reg[9]/QN   0.001             0.000             -0.001            tt_v1.8_25C_Nominal_25_func
     InstructionDecode_Module_register_file_RF[3].RF_data_op_reg[8]/QN   0.001             0.000             -0.001            tt_v1.8_25C_Nominal_25_func
     InstructionDecode_Module_register_file_RF[3].RF_data_op_reg[7]/QN   0.001             0.000             -0.001            tt_v1.8_25C_Nominal_25_func
     InstructionDecode_Module_register_file_RF[3].RF_data_op_reg[6]/QN   0.001             0.000             -0.001            tt_v1.8_25C_Nominal_25_func
     InstructionDecode_Module_register_file_RF[3].RF_data_op_reg[5]/QN   0.001             0.000             -0.001            tt_v1.8_25C_Nominal_25_func
     InstructionDecode_Module_register_file_RF[3].RF_data_op_reg[4]/QN   0.001             0.000             -0.001            tt_v1.8_25C_Nominal_25_func
     InstructionDecode_Module_register_file_RF[3].RF_data_op_reg[3]/QN   0.001             0.000             -0.001            tt_v1.8_25C_Nominal_25_func
     InstructionDecode_Module_register_file_RF[3].RF_data_op_reg[2]/QN   0.001             0.000             -0.001            tt_v1.8_25C_Nominal_25_func
     InstructionDecode_Module_register_file_RF[3].RF_data_op_reg[1]/QN   0.001             0.000             -0.001            tt_v1.8_25C_Nominal_25_func
     InstructionDecode_Module_register_file_RF[3].RF_data_op_reg[0]/QN   0.001             0.000             -0.001            tt_v1.8_25C_Nominal_25_func
     InstructionDecode_Module_register_file_RF[2].RF_data_op_reg[31]/QN   0.001             0.000             -0.001            tt_v1.8_25C_Nominal_25_func
     InstructionDecode_Module_register_file_RF[2].RF_data_op_reg[30]/QN   0.001             0.000             -0.001            tt_v1.8_25C_Nominal_25_func
     InstructionDecode_Module_register_file_RF[2].RF_data_op_reg[29]/QN   0.001             0.000             -0.001            tt_v1.8_25C_Nominal_25_func
     InstructionDecode_Module_register_file_RF[2].RF_data_op_reg[28]/QN   0.001             0.000             -0.001            tt_v1.8_25C_Nominal_25_func
     InstructionDecode_Module_register_file_RF[2].RF_data_op_reg[27]/QN   0.001             0.000             -0.001            tt_v1.8_25C_Nominal_25_func
     InstructionDecode_Module_register_file_RF[2].RF_data_op_reg[26]/QN   0.001             0.000             -0.001            tt_v1.8_25C_Nominal_25_func
     InstructionDecode_Module_register_file_RF[2].RF_data_op_reg[25]/QN   0.001             0.000             -0.001            tt_v1.8_25C_Nominal_25_func
     InstructionDecode_Module_register_file_RF[2].RF_data_op_reg[24]/QN   0.001             0.000             -0.001            tt_v1.8_25C_Nominal_25_func
     InstructionDecode_Module_register_file_RF[2].RF_data_op_reg[23]/QN   0.001             0.000             -0.001            tt_v1.8_25C_Nominal_25_func
     InstructionDecode_Module_register_file_RF[2].RF_data_op_reg[22]/QN   0.001             0.000             -0.001            tt_v1.8_25C_Nominal_25_func
     InstructionDecode_Module_register_file_RF[2].RF_data_op_reg[21]/QN   0.001             0.000             -0.001            tt_v1.8_25C_Nominal_25_func
     InstructionDecode_Module_register_file_RF[2].RF_data_op_reg[20]/QN   0.001             0.000             -0.001            tt_v1.8_25C_Nominal_25_func
     InstructionDecode_Module_register_file_RF[2].RF_data_op_reg[19]/QN   0.001             0.000             -0.001            tt_v1.8_25C_Nominal_25_func
     InstructionDecode_Module_register_file_RF[2].RF_data_op_reg[18]/QN   0.001             0.000             -0.001            tt_v1.8_25C_Nominal_25_func
     InstructionDecode_Module_register_file_RF[2].RF_data_op_reg[17]/QN   0.001             0.000             -0.001            tt_v1.8_25C_Nominal_25_func
     InstructionDecode_Module_register_file_RF[2].RF_data_op_reg[16]/QN   0.001             0.000             -0.001            tt_v1.8_25C_Nominal_25_func
     InstructionDecode_Module_register_file_RF[2].RF_data_op_reg[15]/QN   0.001             0.000             -0.001            tt_v1.8_25C_Nominal_25_func
     InstructionDecode_Module_register_file_RF[2].RF_data_op_reg[14]/QN   0.001             0.000             -0.001            tt_v1.8_25C_Nominal_25_func
     InstructionDecode_Module_register_file_RF[2].RF_data_op_reg[13]/QN   0.001             0.000             -0.001            tt_v1.8_25C_Nominal_25_func
     InstructionDecode_Module_register_file_RF[2].RF_data_op_reg[12]/QN   0.001             0.000             -0.001            tt_v1.8_25C_Nominal_25_func
     InstructionDecode_Module_register_file_RF[2].RF_data_op_reg[11]/QN   0.001             0.000             -0.001            tt_v1.8_25C_Nominal_25_func
     InstructionDecode_Module_register_file_RF[2].RF_data_op_reg[10]/QN   0.001             0.000             -0.001            tt_v1.8_25C_Nominal_25_func
     InstructionDecode_Module_register_file_RF[2].RF_data_op_reg[9]/QN   0.001             0.000             -0.001            tt_v1.8_25C_Nominal_25_func
     InstructionDecode_Module_register_file_RF[2].RF_data_op_reg[8]/QN   0.001             0.000             -0.001            tt_v1.8_25C_Nominal_25_func
     InstructionDecode_Module_register_file_RF[2].RF_data_op_reg[7]/QN   0.001             0.000             -0.001            tt_v1.8_25C_Nominal_25_func
     InstructionDecode_Module_register_file_RF[2].RF_data_op_reg[6]/QN   0.001             0.000             -0.001            tt_v1.8_25C_Nominal_25_func
     InstructionDecode_Module_register_file_RF[2].RF_data_op_reg[5]/QN   0.001             0.000             -0.001            tt_v1.8_25C_Nominal_25_func
     InstructionDecode_Module_register_file_RF[2].RF_data_op_reg[4]/QN   0.001             0.000             -0.001            tt_v1.8_25C_Nominal_25_func
     InstructionDecode_Module_register_file_RF[2].RF_data_op_reg[3]/QN   0.001             0.000             -0.001            tt_v1.8_25C_Nominal_25_func
     InstructionDecode_Module_register_file_RF[2].RF_data_op_reg[2]/QN   0.001             0.000             -0.001            tt_v1.8_25C_Nominal_25_func
     InstructionDecode_Module_register_file_RF[2].RF_data_op_reg[1]/QN   0.001             0.000             -0.001            tt_v1.8_25C_Nominal_25_func
     InstructionDecode_Module_register_file_RF[2].RF_data_op_reg[0]/QN   0.001             0.000             -0.001            tt_v1.8_25C_Nominal_25_func
     InstructionDecode_Module_register_file_RF[1].RF_data_op_reg[31]/QN   0.001             0.000             -0.001            tt_v1.8_25C_Nominal_25_func
     InstructionDecode_Module_register_file_RF[1].RF_data_op_reg[30]/QN   0.001             0.000             -0.001            tt_v1.8_25C_Nominal_25_func
     InstructionDecode_Module_register_file_RF[1].RF_data_op_reg[29]/QN   0.001             0.000             -0.001            tt_v1.8_25C_Nominal_25_func
     InstructionDecode_Module_register_file_RF[1].RF_data_op_reg[28]/QN   0.001             0.000             -0.001            tt_v1.8_25C_Nominal_25_func
     InstructionDecode_Module_register_file_RF[1].RF_data_op_reg[27]/QN   0.001             0.000             -0.001            tt_v1.8_25C_Nominal_25_func
     InstructionDecode_Module_register_file_RF[1].RF_data_op_reg[26]/QN   0.001             0.000             -0.001            tt_v1.8_25C_Nominal_25_func
     InstructionDecode_Module_register_file_RF[1].RF_data_op_reg[25]/QN   0.001             0.000             -0.001            tt_v1.8_25C_Nominal_25_func
     InstructionDecode_Module_register_file_RF[1].RF_data_op_reg[24]/QN   0.001             0.000             -0.001            tt_v1.8_25C_Nominal_25_func
     InstructionDecode_Module_register_file_RF[1].RF_data_op_reg[23]/QN   0.001             0.000             -0.001            tt_v1.8_25C_Nominal_25_func
     InstructionDecode_Module_register_file_RF[1].RF_data_op_reg[22]/QN   0.001             0.000             -0.001            tt_v1.8_25C_Nominal_25_func
     InstructionDecode_Module_register_file_RF[1].RF_data_op_reg[21]/QN   0.001             0.000             -0.001            tt_v1.8_25C_Nominal_25_func
     InstructionDecode_Module_register_file_RF[1].RF_data_op_reg[20]/QN   0.001             0.000             -0.001            tt_v1.8_25C_Nominal_25_func
     InstructionDecode_Module_register_file_RF[1].RF_data_op_reg[19]/QN   0.001             0.000             -0.001            tt_v1.8_25C_Nominal_25_func
     InstructionDecode_Module_register_file_RF[1].RF_data_op_reg[18]/QN   0.001             0.000             -0.001            tt_v1.8_25C_Nominal_25_func
     InstructionDecode_Module_register_file_RF[1].RF_data_op_reg[17]/QN   0.001             0.000             -0.001            tt_v1.8_25C_Nominal_25_func
     InstructionDecode_Module_register_file_RF[1].RF_data_op_reg[16]/QN   0.001             0.000             -0.001            tt_v1.8_25C_Nominal_25_func
     InstructionDecode_Module_register_file_RF[1].RF_data_op_reg[15]/QN   0.001             0.000             -0.001            tt_v1.8_25C_Nominal_25_func
     InstructionDecode_Module_register_file_RF[1].RF_data_op_reg[14]/QN   0.001             0.000             -0.001            tt_v1.8_25C_Nominal_25_func
     InstructionDecode_Module_register_file_RF[1].RF_data_op_reg[13]/QN   0.001             0.000             -0.001            tt_v1.8_25C_Nominal_25_func
     InstructionDecode_Module_register_file_RF[1].RF_data_op_reg[12]/QN   0.001             0.000             -0.001            tt_v1.8_25C_Nominal_25_func
     InstructionDecode_Module_register_file_RF[1].RF_data_op_reg[11]/QN   0.001             0.000             -0.001            tt_v1.8_25C_Nominal_25_func
     InstructionDecode_Module_register_file_RF[1].RF_data_op_reg[10]/QN   0.001             0.000             -0.001            tt_v1.8_25C_Nominal_25_func
     InstructionDecode_Module_register_file_RF[1].RF_data_op_reg[9]/QN   0.001             0.000             -0.001            tt_v1.8_25C_Nominal_25_func
     InstructionDecode_Module_register_file_RF[1].RF_data_op_reg[8]/QN   0.001             0.000             -0.001            tt_v1.8_25C_Nominal_25_func
     InstructionDecode_Module_register_file_RF[1].RF_data_op_reg[7]/QN   0.001             0.000             -0.001            tt_v1.8_25C_Nominal_25_func
     InstructionDecode_Module_register_file_RF[1].RF_data_op_reg[6]/QN   0.001             0.000             -0.001            tt_v1.8_25C_Nominal_25_func
     InstructionDecode_Module_register_file_RF[1].RF_data_op_reg[5]/QN   0.001             0.000             -0.001            tt_v1.8_25C_Nominal_25_func
     InstructionDecode_Module_register_file_RF[1].RF_data_op_reg[4]/QN   0.001             0.000             -0.001            tt_v1.8_25C_Nominal_25_func
     InstructionDecode_Module_register_file_RF[1].RF_data_op_reg[3]/QN   0.001             0.000             -0.001            tt_v1.8_25C_Nominal_25_func
     InstructionDecode_Module_register_file_RF[1].RF_data_op_reg[2]/QN   0.001             0.000             -0.001            tt_v1.8_25C_Nominal_25_func
     InstructionDecode_Module_register_file_RF[1].RF_data_op_reg[1]/QN   0.001             0.000             -0.001            tt_v1.8_25C_Nominal_25_func
     InstructionDecode_Module_register_file_RF[1].RF_data_op_reg[0]/QN   0.001             0.000             -0.001            tt_v1.8_25C_Nominal_25_func
     InstructionDecode_Module_pc_mux_op_reg[1]/Q   0.001             0.000             -0.001            tt_v1.8_25C_Nominal_25_func
     InstructionDecode_Module_pc_mux_op_reg[0]/QN   0.001             0.000             -0.001            tt_v1.8_25C_Nominal_25_func
     InstructionDecode_Module_alu_operator_op_reg[5]/QN   0.001             0.000             -0.001            tt_v1.8_25C_Nominal_25_func
     InstructionDecode_Module_alu_operator_op_reg[4]/QN   0.001             0.000             -0.001            tt_v1.8_25C_Nominal_25_func
     InstructionDecode_Module_alu_operator_op_reg[3]/Q   0.001             0.000             -0.001            tt_v1.8_25C_Nominal_25_func
     InstructionDecode_Module_alu_operator_op_reg[2]/QN   0.001             0.000             -0.001            tt_v1.8_25C_Nominal_25_func
     InstructionDecode_Module_alu_operand_a_ex_op_reg[31]/QN   0.001             0.000             -0.001            tt_v1.8_25C_Nominal_25_func
     InstructionDecode_Module_alu_operand_a_ex_op_reg[30]/QN   0.001             0.000             -0.001            tt_v1.8_25C_Nominal_25_func
     InstructionDecode_Module_alu_operand_a_ex_op_reg[29]/QN   0.001             0.000             -0.001            tt_v1.8_25C_Nominal_25_func
     InstructionDecode_Module_alu_operand_a_ex_op_reg[28]/QN   0.001             0.000             -0.001            tt_v1.8_25C_Nominal_25_func
     InstructionDecode_Module_alu_operand_a_ex_op_reg[27]/QN   0.001             0.000             -0.001            tt_v1.8_25C_Nominal_25_func
     InstructionDecode_Module_alu_operand_a_ex_op_reg[26]/QN   0.001             0.000             -0.001            tt_v1.8_25C_Nominal_25_func
     InstructionDecode_Module_alu_operand_a_ex_op_reg[25]/QN   0.001             0.000             -0.001            tt_v1.8_25C_Nominal_25_func
     InstructionDecode_Module_alu_operand_a_ex_op_reg[24]/QN   0.001             0.000             -0.001            tt_v1.8_25C_Nominal_25_func
     InstructionDecode_Module_alu_operand_a_ex_op_reg[23]/QN   0.001             0.000             -0.001            tt_v1.8_25C_Nominal_25_func
     InstructionDecode_Module_alu_operand_a_ex_op_reg[22]/QN   0.001             0.000             -0.001            tt_v1.8_25C_Nominal_25_func
     InstructionDecode_Module_alu_operand_a_ex_op_reg[21]/QN   0.001             0.000             -0.001            tt_v1.8_25C_Nominal_25_func
     InstructionDecode_Module_alu_operand_a_ex_op_reg[20]/QN   0.001             0.000             -0.001            tt_v1.8_25C_Nominal_25_func
     InstructionDecode_Module_alu_operand_a_ex_op_reg[19]/QN   0.001             0.000             -0.001            tt_v1.8_25C_Nominal_25_func
     InstructionDecode_Module_alu_operand_a_ex_op_reg[18]/QN   0.001             0.000             -0.001            tt_v1.8_25C_Nominal_25_func
     InstructionDecode_Module_alu_operand_a_ex_op_reg[17]/QN   0.001             0.000             -0.001            tt_v1.8_25C_Nominal_25_func
     InstructionDecode_Module_alu_operand_a_ex_op_reg[16]/QN   0.001             0.000             -0.001            tt_v1.8_25C_Nominal_25_func
     InstructionExecute_Module_ex_wb_mux_op_reg[0]/QN   0.001             0.000             -0.001            tt_v1.8_25C_Nominal_25_func
     InstructionExecute_Module_ex_pc_addr_pt_op_reg[31]/QN   0.001             0.000             -0.001            tt_v1.8_25C_Nominal_25_func
     InstructionExecute_Module_ex_pc_addr_pt_op_reg[30]/QN   0.001             0.000             -0.001            tt_v1.8_25C_Nominal_25_func
     InstructionExecute_Module_ex_pc_addr_pt_op_reg[29]/QN   0.001             0.000             -0.001            tt_v1.8_25C_Nominal_25_func
     InstructionExecute_Module_ex_pc_addr_pt_op_reg[28]/QN   0.001             0.000             -0.001            tt_v1.8_25C_Nominal_25_func
     InstructionExecute_Module_ex_pc_addr_pt_op_reg[27]/QN   0.001             0.000             -0.001            tt_v1.8_25C_Nominal_25_func
     InstructionExecute_Module_ex_pc_addr_pt_op_reg[26]/QN   0.001             0.000             -0.001            tt_v1.8_25C_Nominal_25_func
     InstructionExecute_Module_ex_pc_addr_pt_op_reg[25]/QN   0.001             0.000             -0.001            tt_v1.8_25C_Nominal_25_func
     InstructionExecute_Module_ex_pc_addr_pt_op_reg[24]/QN   0.001             0.000             -0.001            tt_v1.8_25C_Nominal_25_func
     InstructionExecute_Module_ex_pc_addr_pt_op_reg[23]/QN   0.001             0.000             -0.001            tt_v1.8_25C_Nominal_25_func
     InstructionExecute_Module_ex_pc_addr_pt_op_reg[22]/QN   0.001             0.000             -0.001            tt_v1.8_25C_Nominal_25_func
     InstructionExecute_Module_ex_pc_addr_pt_op_reg[21]/QN   0.001             0.000             -0.001            tt_v1.8_25C_Nominal_25_func
     InstructionExecute_Module_ex_pc_addr_pt_op_reg[20]/QN   0.001             0.000             -0.001            tt_v1.8_25C_Nominal_25_func
     InstructionExecute_Module_ex_pc_addr_pt_op_reg[19]/QN   0.001             0.000             -0.001            tt_v1.8_25C_Nominal_25_func
     InstructionExecute_Module_ex_pc_addr_pt_op_reg[18]/QN   0.001             0.000             -0.001            tt_v1.8_25C_Nominal_25_func
     InstructionExecute_Module_ex_pc_addr_pt_op_reg[17]/QN   0.001             0.000             -0.001            tt_v1.8_25C_Nominal_25_func
     InstructionExecute_Module_ex_pc_addr_pt_op_reg[16]/QN   0.001             0.000             -0.001            tt_v1.8_25C_Nominal_25_func
     InstructionExecute_Module_ex_pc_addr_pt_op_reg[15]/QN   0.001             0.000             -0.001            tt_v1.8_25C_Nominal_25_func
     InstructionExecute_Module_ex_pc_addr_pt_op_reg[14]/QN   0.001             0.000             -0.001            tt_v1.8_25C_Nominal_25_func
     InstructionExecute_Module_ex_pc_addr_pt_op_reg[13]/QN   0.001             0.000             -0.001            tt_v1.8_25C_Nominal_25_func
     InstructionExecute_Module_ex_pc_addr_pt_op_reg[12]/QN   0.001             0.000             -0.001            tt_v1.8_25C_Nominal_25_func
     InstructionExecute_Module_ex_pc_addr_pt_op_reg[11]/QN   0.001             0.000             -0.001            tt_v1.8_25C_Nominal_25_func
     InstructionExecute_Module_ex_pc_addr_pt_op_reg[10]/QN   0.001             0.000             -0.001            tt_v1.8_25C_Nominal_25_func
     InstructionExecute_Module_ex_pc_addr_pt_op_reg[9]/QN   0.001             0.000             -0.001            tt_v1.8_25C_Nominal_25_func
     InstructionExecute_Module_ex_pc_addr_pt_op_reg[8]/QN   0.001             0.000             -0.001            tt_v1.8_25C_Nominal_25_func
     InstructionExecute_Module_ex_pc_addr_pt_op_reg[7]/QN   0.001             0.000             -0.001            tt_v1.8_25C_Nominal_25_func
     InstructionExecute_Module_ex_pc_addr_pt_op_reg[6]/QN   0.001             0.000             -0.001            tt_v1.8_25C_Nominal_25_func
     InstructionExecute_Module_ex_pc_addr_pt_op_reg[5]/QN   0.001             0.000             -0.001            tt_v1.8_25C_Nominal_25_func
     InstructionExecute_Module_ex_pc_addr_pt_op_reg[4]/QN   0.001             0.000             -0.001            tt_v1.8_25C_Nominal_25_func
     InstructionExecute_Module_ex_pc_addr_pt_op_reg[3]/QN   0.001             0.000             -0.001            tt_v1.8_25C_Nominal_25_func
     InstructionExecute_Module_ex_pc_addr_pt_op_reg[2]/QN   0.001             0.000             -0.001            tt_v1.8_25C_Nominal_25_func
     InstructionExecute_Module_ex_pc_addr_pt_op_reg[1]/QN   0.001             0.000             -0.001            tt_v1.8_25C_Nominal_25_func
     InstructionExecute_Module_ex_pc_addr_pt_op_reg[0]/QN   0.001             0.000             -0.001            tt_v1.8_25C_Nominal_25_func
     InstructionExecute_Module_ex_lsu_operator_pt_op_reg[3]/QN   0.001             0.000             -0.001            tt_v1.8_25C_Nominal_25_func
     InstructionExecute_Module_ex_lsu_operator_pt_op_reg[2]/QN   0.001             0.000             -0.001            tt_v1.8_25C_Nominal_25_func
     InstructionExecute_Module_ex_lsu_operator_pt_op_reg[1]/QN   0.001             0.000             -0.001            tt_v1.8_25C_Nominal_25_func
     InstructionExecute_Module_ex_lsu_operator_pt_op_reg[0]/QN   0.001             0.000             -0.001            tt_v1.8_25C_Nominal_25_func
     InstructionExecute_Module_alu_result_op_reg[31]/QN   0.001             0.000             -0.001            tt_v1.8_25C_Nominal_25_func
     InstructionExecute_Module_alu_result_op_reg[30]/QN   0.001             0.000             -0.001            tt_v1.8_25C_Nominal_25_func
     InstructionExecute_Module_alu_result_op_reg[29]/QN   0.001             0.000             -0.001            tt_v1.8_25C_Nominal_25_func
     InstructionExecute_Module_alu_result_op_reg[28]/QN   0.001             0.000             -0.001            tt_v1.8_25C_Nominal_25_func
     InstructionExecute_Module_alu_result_op_reg[27]/QN   0.001             0.000             -0.001            tt_v1.8_25C_Nominal_25_func
     InstructionExecute_Module_alu_result_op_reg[26]/QN   0.001             0.000             -0.001            tt_v1.8_25C_Nominal_25_func
     InstructionExecute_Module_alu_result_op_reg[25]/QN   0.001             0.000             -0.001            tt_v1.8_25C_Nominal_25_func
     InstructionExecute_Module_alu_result_op_reg[24]/QN   0.001             0.000             -0.001            tt_v1.8_25C_Nominal_25_func
     InstructionExecute_Module_alu_result_op_reg[23]/QN   0.001             0.000             -0.001            tt_v1.8_25C_Nominal_25_func
     InstructionExecute_Module_alu_result_op_reg[22]/QN   0.001             0.000             -0.001            tt_v1.8_25C_Nominal_25_func
     InstructionExecute_Module_alu_result_op_reg[21]/QN   0.001             0.000             -0.001            tt_v1.8_25C_Nominal_25_func
     InstructionExecute_Module_alu_result_op_reg[20]/QN   0.001             0.000             -0.001            tt_v1.8_25C_Nominal_25_func
     InstructionExecute_Module_alu_result_op_reg[19]/QN   0.001             0.000             -0.001            tt_v1.8_25C_Nominal_25_func
     InstructionExecute_Module_alu_result_op_reg[18]/QN   0.001             0.000             -0.001            tt_v1.8_25C_Nominal_25_func
     InstructionExecute_Module_alu_result_op_reg[17]/QN   0.001             0.000             -0.001            tt_v1.8_25C_Nominal_25_func
     InstructionExecute_Module_alu_result_op_reg[16]/QN   0.001             0.000             -0.001            tt_v1.8_25C_Nominal_25_func
     InstructionExecute_Module_alu_result_op_reg[15]/QN   0.001             0.000             -0.001            tt_v1.8_25C_Nominal_25_func
     InstructionExecute_Module_alu_result_op_reg[14]/QN   0.001             0.000             -0.001            tt_v1.8_25C_Nominal_25_func
     InstructionExecute_Module_alu_result_op_reg[13]/QN   0.001             0.000             -0.001            tt_v1.8_25C_Nominal_25_func
     InstructionExecute_Module_alu_result_op_reg[12]/QN   0.001             0.000             -0.001            tt_v1.8_25C_Nominal_25_func
     InstructionExecute_Module_alu_result_op_reg[11]/QN   0.001             0.000             -0.001            tt_v1.8_25C_Nominal_25_func
     InstructionExecute_Module_alu_result_op_reg[10]/Q   0.001             0.000             -0.001            tt_v1.8_25C_Nominal_25_func
     InstructionExecute_Module_alu_result_op_reg[9]/Q   0.001             0.000             -0.001            tt_v1.8_25C_Nominal_25_func
     InstructionExecute_Module_alu_result_op_reg[8]/Q   0.001             0.000             -0.001            tt_v1.8_25C_Nominal_25_func
     InstructionExecute_Module_alu_result_op_reg[7]/Q   0.001             0.000             -0.001            tt_v1.8_25C_Nominal_25_func
     InstructionExecute_Module_alu_result_op_reg[6]/Q   0.001             0.000             -0.001            tt_v1.8_25C_Nominal_25_func
     InstructionExecute_Module_alu_result_op_reg[5]/Q   0.001             0.000             -0.001            tt_v1.8_25C_Nominal_25_func
     InstructionExecute_Module_alu_result_op_reg[4]/Q   0.001             0.000             -0.001            tt_v1.8_25C_Nominal_25_func
     InstructionExecute_Module_alu_result_op_reg[3]/Q   0.001             0.000             -0.001            tt_v1.8_25C_Nominal_25_func
     InstructionExecute_Module_alu_result_op_reg[2]/Q   0.001             0.000             -0.001            tt_v1.8_25C_Nominal_25_func
     InstructionExecute_Module_alu_result_op_reg[1]/Q   0.001             0.000             -0.001            tt_v1.8_25C_Nominal_25_func
     InstructionExecute_Module_alu_result_op_reg[0]/Q   0.001             0.000             -0.001            tt_v1.8_25C_Nominal_25_func
     InstructionDecode_Module_write_reg_addr_op_reg[4]/QN   0.001             0.000             -0.001            tt_v1.8_25C_Nominal_25_func
     InstructionDecode_Module_write_reg_addr_op_reg[3]/QN   0.001             0.000             -0.001            tt_v1.8_25C_Nominal_25_func
     InstructionDecode_Module_write_reg_addr_op_reg[2]/QN   0.001             0.000             -0.001            tt_v1.8_25C_Nominal_25_func
     InstructionDecode_Module_write_reg_addr_op_reg[1]/QN   0.001             0.000             -0.001            tt_v1.8_25C_Nominal_25_func
     InstructionDecode_Module_write_reg_addr_op_reg[0]/QN   0.001             0.000             -0.001            tt_v1.8_25C_Nominal_25_func
     InstructionDecode_Module_register_file_RF[31].RF_data_op_reg[31]/QN   0.001             0.000             -0.001            tt_v1.8_25C_Nominal_25_func
     InstructionDecode_Module_register_file_RF[31].RF_data_op_reg[30]/QN   0.001             0.000             -0.001            tt_v1.8_25C_Nominal_25_func
     InstructionDecode_Module_register_file_RF[31].RF_data_op_reg[29]/QN   0.001             0.000             -0.001            tt_v1.8_25C_Nominal_25_func
     InstructionDecode_Module_register_file_RF[31].RF_data_op_reg[28]/QN   0.001             0.000             -0.001            tt_v1.8_25C_Nominal_25_func
     InstructionDecode_Module_register_file_RF[31].RF_data_op_reg[27]/QN   0.001             0.000             -0.001            tt_v1.8_25C_Nominal_25_func
     InstructionDecode_Module_register_file_RF[31].RF_data_op_reg[26]/QN   0.001             0.000             -0.001            tt_v1.8_25C_Nominal_25_func
     InstructionDecode_Module_register_file_RF[31].RF_data_op_reg[25]/QN   0.001             0.000             -0.001            tt_v1.8_25C_Nominal_25_func
     InstructionDecode_Module_register_file_RF[31].RF_data_op_reg[24]/QN   0.001             0.000             -0.001            tt_v1.8_25C_Nominal_25_func
     InstructionDecode_Module_register_file_RF[31].RF_data_op_reg[23]/QN   0.001             0.000             -0.001            tt_v1.8_25C_Nominal_25_func
     InstructionDecode_Module_register_file_RF[31].RF_data_op_reg[22]/QN   0.001             0.000             -0.001            tt_v1.8_25C_Nominal_25_func
     InstructionDecode_Module_register_file_RF[31].RF_data_op_reg[21]/QN   0.001             0.000             -0.001            tt_v1.8_25C_Nominal_25_func
     InstructionDecode_Module_register_file_RF[31].RF_data_op_reg[20]/QN   0.001             0.000             -0.001            tt_v1.8_25C_Nominal_25_func
     InstructionDecode_Module_register_file_RF[31].RF_data_op_reg[19]/QN   0.001             0.000             -0.001            tt_v1.8_25C_Nominal_25_func
     InstructionDecode_Module_register_file_RF[31].RF_data_op_reg[18]/QN   0.001             0.000             -0.001            tt_v1.8_25C_Nominal_25_func
     InstructionDecode_Module_register_file_RF[31].RF_data_op_reg[17]/QN   0.001             0.000             -0.001            tt_v1.8_25C_Nominal_25_func
     InstructionDecode_Module_register_file_RF[31].RF_data_op_reg[16]/QN   0.001             0.000             -0.001            tt_v1.8_25C_Nominal_25_func
     InstructionDecode_Module_register_file_RF[31].RF_data_op_reg[15]/QN   0.001             0.000             -0.001            tt_v1.8_25C_Nominal_25_func
     InstructionDecode_Module_register_file_RF[31].RF_data_op_reg[14]/QN   0.001             0.000             -0.001            tt_v1.8_25C_Nominal_25_func
     InstructionDecode_Module_register_file_RF[31].RF_data_op_reg[13]/QN   0.001             0.000             -0.001            tt_v1.8_25C_Nominal_25_func
     InstructionDecode_Module_register_file_RF[31].RF_data_op_reg[12]/QN   0.001             0.000             -0.001            tt_v1.8_25C_Nominal_25_func
     InstructionDecode_Module_register_file_RF[31].RF_data_op_reg[11]/QN   0.001             0.000             -0.001            tt_v1.8_25C_Nominal_25_func
     InstructionDecode_Module_register_file_RF[31].RF_data_op_reg[10]/QN   0.001             0.000             -0.001            tt_v1.8_25C_Nominal_25_func
     InstructionDecode_Module_register_file_RF[31].RF_data_op_reg[9]/QN   0.001             0.000             -0.001            tt_v1.8_25C_Nominal_25_func
     InstructionDecode_Module_register_file_RF[31].RF_data_op_reg[8]/QN   0.001             0.000             -0.001            tt_v1.8_25C_Nominal_25_func
     InstructionDecode_Module_register_file_RF[31].RF_data_op_reg[7]/QN   0.001             0.000             -0.001            tt_v1.8_25C_Nominal_25_func
     InstructionDecode_Module_register_file_RF[31].RF_data_op_reg[6]/QN   0.001             0.000             -0.001            tt_v1.8_25C_Nominal_25_func
     InstructionDecode_Module_register_file_RF[31].RF_data_op_reg[5]/QN   0.001             0.000             -0.001            tt_v1.8_25C_Nominal_25_func
     InstructionDecode_Module_register_file_RF[31].RF_data_op_reg[4]/QN   0.001             0.000             -0.001            tt_v1.8_25C_Nominal_25_func
     InstructionDecode_Module_register_file_RF[31].RF_data_op_reg[3]/QN   0.001             0.000             -0.001            tt_v1.8_25C_Nominal_25_func
     InstructionDecode_Module_register_file_RF[31].RF_data_op_reg[2]/QN   0.001             0.000             -0.001            tt_v1.8_25C_Nominal_25_func
     InstructionDecode_Module_register_file_RF[31].RF_data_op_reg[1]/QN   0.001             0.000             -0.001            tt_v1.8_25C_Nominal_25_func
     InstructionDecode_Module_register_file_RF[31].RF_data_op_reg[0]/QN   0.001             0.000             -0.001            tt_v1.8_25C_Nominal_25_func
     InstructionDecode_Module_register_file_RF[30].RF_data_op_reg[31]/QN   0.001             0.000             -0.001            tt_v1.8_25C_Nominal_25_func
     InstructionDecode_Module_register_file_RF[30].RF_data_op_reg[30]/QN   0.001             0.000             -0.001            tt_v1.8_25C_Nominal_25_func
     InstructionDecode_Module_register_file_RF[30].RF_data_op_reg[29]/QN   0.001             0.000             -0.001            tt_v1.8_25C_Nominal_25_func
     InstructionDecode_Module_register_file_RF[30].RF_data_op_reg[28]/QN   0.001             0.000             -0.001            tt_v1.8_25C_Nominal_25_func
     InstructionDecode_Module_register_file_RF[30].RF_data_op_reg[27]/QN   0.001             0.000             -0.001            tt_v1.8_25C_Nominal_25_func
     InstructionDecode_Module_register_file_RF[30].RF_data_op_reg[26]/QN   0.001             0.000             -0.001            tt_v1.8_25C_Nominal_25_func
     InstructionDecode_Module_register_file_RF[30].RF_data_op_reg[25]/QN   0.001             0.000             -0.001            tt_v1.8_25C_Nominal_25_func
     InstructionDecode_Module_register_file_RF[30].RF_data_op_reg[24]/QN   0.001             0.000             -0.001            tt_v1.8_25C_Nominal_25_func
     InstructionDecode_Module_register_file_RF[30].RF_data_op_reg[23]/QN   0.001             0.000             -0.001            tt_v1.8_25C_Nominal_25_func
     InstructionDecode_Module_register_file_RF[30].RF_data_op_reg[22]/QN   0.001             0.000             -0.001            tt_v1.8_25C_Nominal_25_func
     InstructionDecode_Module_register_file_RF[30].RF_data_op_reg[21]/QN   0.001             0.000             -0.001            tt_v1.8_25C_Nominal_25_func
     InstructionDecode_Module_register_file_RF[30].RF_data_op_reg[20]/QN   0.001             0.000             -0.001            tt_v1.8_25C_Nominal_25_func
     InstructionDecode_Module_register_file_RF[30].RF_data_op_reg[19]/QN   0.001             0.000             -0.001            tt_v1.8_25C_Nominal_25_func
     InstructionDecode_Module_register_file_RF[30].RF_data_op_reg[18]/QN   0.001             0.000             -0.001            tt_v1.8_25C_Nominal_25_func
     InstructionDecode_Module_register_file_RF[30].RF_data_op_reg[17]/QN   0.001             0.000             -0.001            tt_v1.8_25C_Nominal_25_func
     InstructionDecode_Module_register_file_RF[30].RF_data_op_reg[16]/QN   0.001             0.000             -0.001            tt_v1.8_25C_Nominal_25_func
     InstructionDecode_Module_register_file_RF[30].RF_data_op_reg[15]/QN   0.001             0.000             -0.001            tt_v1.8_25C_Nominal_25_func
     InstructionDecode_Module_register_file_RF[30].RF_data_op_reg[14]/QN   0.001             0.000             -0.001            tt_v1.8_25C_Nominal_25_func
     InstructionDecode_Module_register_file_RF[30].RF_data_op_reg[13]/QN   0.001             0.000             -0.001            tt_v1.8_25C_Nominal_25_func
     InstructionDecode_Module_register_file_RF[30].RF_data_op_reg[12]/QN   0.001             0.000             -0.001            tt_v1.8_25C_Nominal_25_func
     InstructionDecode_Module_register_file_RF[30].RF_data_op_reg[11]/QN   0.001             0.000             -0.001            tt_v1.8_25C_Nominal_25_func
     InstructionDecode_Module_register_file_RF[30].RF_data_op_reg[10]/QN   0.001             0.000             -0.001            tt_v1.8_25C_Nominal_25_func
     InstructionDecode_Module_register_file_RF[30].RF_data_op_reg[9]/QN   0.001             0.000             -0.001            tt_v1.8_25C_Nominal_25_func
     InstructionDecode_Module_register_file_RF[30].RF_data_op_reg[8]/QN   0.001             0.000             -0.001            tt_v1.8_25C_Nominal_25_func
     InstructionDecode_Module_register_file_RF[30].RF_data_op_reg[7]/QN   0.001             0.000             -0.001            tt_v1.8_25C_Nominal_25_func
     InstructionDecode_Module_register_file_RF[30].RF_data_op_reg[6]/QN   0.001             0.000             -0.001            tt_v1.8_25C_Nominal_25_func
     InstructionDecode_Module_register_file_RF[30].RF_data_op_reg[5]/QN   0.001             0.000             -0.001            tt_v1.8_25C_Nominal_25_func
     InstructionDecode_Module_register_file_RF[30].RF_data_op_reg[4]/QN   0.001             0.000             -0.001            tt_v1.8_25C_Nominal_25_func
     InstructionDecode_Module_register_file_RF[30].RF_data_op_reg[3]/QN   0.001             0.000             -0.001            tt_v1.8_25C_Nominal_25_func
     InstructionDecode_Module_register_file_RF[30].RF_data_op_reg[2]/QN   0.001             0.000             -0.001            tt_v1.8_25C_Nominal_25_func
     InstructionDecode_Module_register_file_RF[30].RF_data_op_reg[1]/QN   0.001             0.000             -0.001            tt_v1.8_25C_Nominal_25_func
     InstructionDecode_Module_register_file_RF[30].RF_data_op_reg[0]/QN   0.001             0.000             -0.001            tt_v1.8_25C_Nominal_25_func
     InstructionDecode_Module_register_file_RF[29].RF_data_op_reg[31]/QN   0.001             0.000             -0.001            tt_v1.8_25C_Nominal_25_func
     InstructionDecode_Module_register_file_RF[29].RF_data_op_reg[30]/QN   0.001             0.000             -0.001            tt_v1.8_25C_Nominal_25_func
     InstructionDecode_Module_register_file_RF[29].RF_data_op_reg[29]/QN   0.001             0.000             -0.001            tt_v1.8_25C_Nominal_25_func
     InstructionDecode_Module_register_file_RF[29].RF_data_op_reg[28]/QN   0.001             0.000             -0.001            tt_v1.8_25C_Nominal_25_func
     InstructionDecode_Module_register_file_RF[29].RF_data_op_reg[27]/QN   0.001             0.000             -0.001            tt_v1.8_25C_Nominal_25_func
     InstructionDecode_Module_register_file_RF[29].RF_data_op_reg[26]/QN   0.001             0.000             -0.001            tt_v1.8_25C_Nominal_25_func
     InstructionDecode_Module_register_file_RF[29].RF_data_op_reg[25]/QN   0.001             0.000             -0.001            tt_v1.8_25C_Nominal_25_func
     InstructionDecode_Module_register_file_RF[29].RF_data_op_reg[24]/QN   0.001             0.000             -0.001            tt_v1.8_25C_Nominal_25_func
     InstructionDecode_Module_register_file_RF[29].RF_data_op_reg[23]/QN   0.001             0.000             -0.001            tt_v1.8_25C_Nominal_25_func
     InstructionDecode_Module_register_file_RF[29].RF_data_op_reg[22]/QN   0.001             0.000             -0.001            tt_v1.8_25C_Nominal_25_func
     InstructionDecode_Module_register_file_RF[29].RF_data_op_reg[21]/QN   0.001             0.000             -0.001            tt_v1.8_25C_Nominal_25_func
     InstructionDecode_Module_register_file_RF[29].RF_data_op_reg[20]/QN   0.001             0.000             -0.001            tt_v1.8_25C_Nominal_25_func
     InstructionDecode_Module_register_file_RF[29].RF_data_op_reg[19]/QN   0.001             0.000             -0.001            tt_v1.8_25C_Nominal_25_func
     InstructionDecode_Module_register_file_RF[29].RF_data_op_reg[18]/QN   0.001             0.000             -0.001            tt_v1.8_25C_Nominal_25_func
     InstructionDecode_Module_register_file_RF[29].RF_data_op_reg[17]/QN   0.001             0.000             -0.001            tt_v1.8_25C_Nominal_25_func
     InstructionDecode_Module_register_file_RF[29].RF_data_op_reg[16]/QN   0.001             0.000             -0.001            tt_v1.8_25C_Nominal_25_func
     InstructionDecode_Module_register_file_RF[29].RF_data_op_reg[15]/QN   0.001             0.000             -0.001            tt_v1.8_25C_Nominal_25_func
     InstructionDecode_Module_register_file_RF[29].RF_data_op_reg[14]/QN   0.001             0.000             -0.001            tt_v1.8_25C_Nominal_25_func
     InstructionDecode_Module_register_file_RF[29].RF_data_op_reg[13]/QN   0.001             0.000             -0.001            tt_v1.8_25C_Nominal_25_func
     InstructionDecode_Module_register_file_RF[29].RF_data_op_reg[12]/QN   0.001             0.000             -0.001            tt_v1.8_25C_Nominal_25_func
     InstructionDecode_Module_register_file_RF[29].RF_data_op_reg[11]/QN   0.001             0.000             -0.001            tt_v1.8_25C_Nominal_25_func
     InstructionDecode_Module_register_file_RF[29].RF_data_op_reg[10]/QN   0.001             0.000             -0.001            tt_v1.8_25C_Nominal_25_func
     InstructionDecode_Module_register_file_RF[29].RF_data_op_reg[9]/QN   0.001             0.000             -0.001            tt_v1.8_25C_Nominal_25_func
     InstructionDecode_Module_register_file_RF[29].RF_data_op_reg[8]/QN   0.001             0.000             -0.001            tt_v1.8_25C_Nominal_25_func
     InstructionDecode_Module_register_file_RF[29].RF_data_op_reg[7]/QN   0.001             0.000             -0.001            tt_v1.8_25C_Nominal_25_func
     InstructionDecode_Module_register_file_RF[29].RF_data_op_reg[6]/QN   0.001             0.000             -0.001            tt_v1.8_25C_Nominal_25_func
     InstructionDecode_Module_register_file_RF[29].RF_data_op_reg[5]/QN   0.001             0.000             -0.001            tt_v1.8_25C_Nominal_25_func
     InstructionDecode_Module_register_file_RF[29].RF_data_op_reg[4]/QN   0.001             0.000             -0.001            tt_v1.8_25C_Nominal_25_func
     InstructionDecode_Module_register_file_RF[29].RF_data_op_reg[3]/QN   0.001             0.000             -0.001            tt_v1.8_25C_Nominal_25_func
     InstructionDecode_Module_register_file_RF[29].RF_data_op_reg[2]/QN   0.001             0.000             -0.001            tt_v1.8_25C_Nominal_25_func
     InstructionDecode_Module_register_file_RF[29].RF_data_op_reg[1]/QN   0.001             0.000             -0.001            tt_v1.8_25C_Nominal_25_func
     InstructionDecode_Module_register_file_RF[29].RF_data_op_reg[0]/QN   0.001             0.000             -0.001            tt_v1.8_25C_Nominal_25_func
     InstructionDecode_Module_register_file_RF[28].RF_data_op_reg[31]/QN   0.001             0.000             -0.001            tt_v1.8_25C_Nominal_25_func
     InstructionDecode_Module_register_file_RF[28].RF_data_op_reg[30]/QN   0.001             0.000             -0.001            tt_v1.8_25C_Nominal_25_func
     InstructionDecode_Module_register_file_RF[28].RF_data_op_reg[29]/QN   0.001             0.000             -0.001            tt_v1.8_25C_Nominal_25_func
     InstructionDecode_Module_register_file_RF[28].RF_data_op_reg[28]/QN   0.001             0.000             -0.001            tt_v1.8_25C_Nominal_25_func
     InstructionDecode_Module_register_file_RF[28].RF_data_op_reg[27]/QN   0.001             0.000             -0.001            tt_v1.8_25C_Nominal_25_func
     InstructionDecode_Module_register_file_RF[28].RF_data_op_reg[26]/QN   0.001             0.000             -0.001            tt_v1.8_25C_Nominal_25_func
     InstructionDecode_Module_register_file_RF[28].RF_data_op_reg[25]/QN   0.001             0.000             -0.001            tt_v1.8_25C_Nominal_25_func
     InstructionDecode_Module_register_file_RF[28].RF_data_op_reg[24]/QN   0.001             0.000             -0.001            tt_v1.8_25C_Nominal_25_func
     InstructionDecode_Module_register_file_RF[28].RF_data_op_reg[23]/QN   0.001             0.000             -0.001            tt_v1.8_25C_Nominal_25_func
     InstructionDecode_Module_register_file_RF[28].RF_data_op_reg[22]/QN   0.001             0.000             -0.001            tt_v1.8_25C_Nominal_25_func
     InstructionDecode_Module_register_file_RF[28].RF_data_op_reg[21]/QN   0.001             0.000             -0.001            tt_v1.8_25C_Nominal_25_func
     InstructionDecode_Module_register_file_RF[28].RF_data_op_reg[20]/QN   0.001             0.000             -0.001            tt_v1.8_25C_Nominal_25_func
     InstructionDecode_Module_register_file_RF[28].RF_data_op_reg[19]/QN   0.001             0.000             -0.001            tt_v1.8_25C_Nominal_25_func
     InstructionDecode_Module_register_file_RF[28].RF_data_op_reg[18]/QN   0.001             0.000             -0.001            tt_v1.8_25C_Nominal_25_func
     InstructionDecode_Module_register_file_RF[28].RF_data_op_reg[17]/QN   0.001             0.000             -0.001            tt_v1.8_25C_Nominal_25_func
     InstructionDecode_Module_register_file_RF[28].RF_data_op_reg[16]/QN   0.001             0.000             -0.001            tt_v1.8_25C_Nominal_25_func
     InstructionDecode_Module_register_file_RF[28].RF_data_op_reg[15]/QN   0.001             0.000             -0.001            tt_v1.8_25C_Nominal_25_func
     InstructionDecode_Module_register_file_RF[28].RF_data_op_reg[14]/QN   0.001             0.000             -0.001            tt_v1.8_25C_Nominal_25_func
     InstructionDecode_Module_register_file_RF[28].RF_data_op_reg[13]/QN   0.001             0.000             -0.001            tt_v1.8_25C_Nominal_25_func
     InstructionDecode_Module_register_file_RF[28].RF_data_op_reg[12]/QN   0.001             0.000             -0.001            tt_v1.8_25C_Nominal_25_func
     InstructionDecode_Module_register_file_RF[28].RF_data_op_reg[11]/QN   0.001             0.000             -0.001            tt_v1.8_25C_Nominal_25_func
     InstructionDecode_Module_register_file_RF[28].RF_data_op_reg[10]/QN   0.001             0.000             -0.001            tt_v1.8_25C_Nominal_25_func
     InstructionDecode_Module_register_file_RF[28].RF_data_op_reg[9]/QN   0.001             0.000             -0.001            tt_v1.8_25C_Nominal_25_func
     InstructionDecode_Module_register_file_RF[28].RF_data_op_reg[8]/QN   0.001             0.000             -0.001            tt_v1.8_25C_Nominal_25_func
     InstructionDecode_Module_register_file_RF[28].RF_data_op_reg[7]/QN   0.001             0.000             -0.001            tt_v1.8_25C_Nominal_25_func
     InstructionDecode_Module_register_file_RF[28].RF_data_op_reg[6]/QN   0.001             0.000             -0.001            tt_v1.8_25C_Nominal_25_func
     InstructionDecode_Module_register_file_RF[28].RF_data_op_reg[5]/QN   0.001             0.000             -0.001            tt_v1.8_25C_Nominal_25_func
     InstructionDecode_Module_register_file_RF[28].RF_data_op_reg[4]/QN   0.001             0.000             -0.001            tt_v1.8_25C_Nominal_25_func
     InstructionDecode_Module_register_file_RF[28].RF_data_op_reg[3]/QN   0.001             0.000             -0.001            tt_v1.8_25C_Nominal_25_func
     InstructionDecode_Module_register_file_RF[28].RF_data_op_reg[2]/QN   0.001             0.000             -0.001            tt_v1.8_25C_Nominal_25_func
     InstructionDecode_Module_register_file_RF[28].RF_data_op_reg[1]/QN   0.001             0.000             -0.001            tt_v1.8_25C_Nominal_25_func
     InstructionDecode_Module_register_file_RF[28].RF_data_op_reg[0]/QN   0.001             0.000             -0.001            tt_v1.8_25C_Nominal_25_func
     InstructionDecode_Module_register_file_RF[27].RF_data_op_reg[31]/QN   0.001             0.000             -0.001            tt_v1.8_25C_Nominal_25_func
     InstructionDecode_Module_register_file_RF[27].RF_data_op_reg[30]/QN   0.001             0.000             -0.001            tt_v1.8_25C_Nominal_25_func
     InstructionDecode_Module_register_file_RF[27].RF_data_op_reg[29]/QN   0.001             0.000             -0.001            tt_v1.8_25C_Nominal_25_func
     InstructionDecode_Module_register_file_RF[27].RF_data_op_reg[28]/QN   0.001             0.000             -0.001            tt_v1.8_25C_Nominal_25_func
     InstructionDecode_Module_register_file_RF[27].RF_data_op_reg[27]/QN   0.001             0.000             -0.001            tt_v1.8_25C_Nominal_25_func
     InstructionDecode_Module_register_file_RF[27].RF_data_op_reg[26]/QN   0.001             0.000             -0.001            tt_v1.8_25C_Nominal_25_func
     InstructionDecode_Module_register_file_RF[27].RF_data_op_reg[25]/QN   0.001             0.000             -0.001            tt_v1.8_25C_Nominal_25_func
     InstructionDecode_Module_register_file_RF[27].RF_data_op_reg[24]/QN   0.001             0.000             -0.001            tt_v1.8_25C_Nominal_25_func
     InstructionDecode_Module_register_file_RF[27].RF_data_op_reg[23]/QN   0.001             0.000             -0.001            tt_v1.8_25C_Nominal_25_func
     InstructionDecode_Module_register_file_RF[27].RF_data_op_reg[22]/QN   0.001             0.000             -0.001            tt_v1.8_25C_Nominal_25_func
     InstructionDecode_Module_register_file_RF[27].RF_data_op_reg[21]/QN   0.001             0.000             -0.001            tt_v1.8_25C_Nominal_25_func
     InstructionDecode_Module_register_file_RF[27].RF_data_op_reg[20]/QN   0.001             0.000             -0.001            tt_v1.8_25C_Nominal_25_func
     InstructionDecode_Module_register_file_RF[27].RF_data_op_reg[19]/QN   0.001             0.000             -0.001            tt_v1.8_25C_Nominal_25_func
     InstructionDecode_Module_register_file_RF[27].RF_data_op_reg[18]/QN   0.001             0.000             -0.001            tt_v1.8_25C_Nominal_25_func
     InstructionDecode_Module_register_file_RF[27].RF_data_op_reg[17]/QN   0.001             0.000             -0.001            tt_v1.8_25C_Nominal_25_func
     InstructionDecode_Module_register_file_RF[27].RF_data_op_reg[16]/QN   0.001             0.000             -0.001            tt_v1.8_25C_Nominal_25_func
     InstructionDecode_Module_register_file_RF[27].RF_data_op_reg[15]/QN   0.001             0.000             -0.001            tt_v1.8_25C_Nominal_25_func
     InstructionDecode_Module_register_file_RF[27].RF_data_op_reg[14]/QN   0.001             0.000             -0.001            tt_v1.8_25C_Nominal_25_func
     InstructionDecode_Module_register_file_RF[27].RF_data_op_reg[13]/QN   0.001             0.000             -0.001            tt_v1.8_25C_Nominal_25_func
     InstructionDecode_Module_register_file_RF[27].RF_data_op_reg[12]/QN   0.001             0.000             -0.001            tt_v1.8_25C_Nominal_25_func
     InstructionDecode_Module_register_file_RF[27].RF_data_op_reg[11]/QN   0.001             0.000             -0.001            tt_v1.8_25C_Nominal_25_func
     InstructionDecode_Module_register_file_RF[27].RF_data_op_reg[10]/QN   0.001             0.000             -0.001            tt_v1.8_25C_Nominal_25_func
     InstructionDecode_Module_register_file_RF[27].RF_data_op_reg[9]/QN   0.001             0.000             -0.001            tt_v1.8_25C_Nominal_25_func
     InstructionDecode_Module_register_file_RF[27].RF_data_op_reg[8]/QN   0.001             0.000             -0.001            tt_v1.8_25C_Nominal_25_func
     InstructionDecode_Module_register_file_RF[27].RF_data_op_reg[7]/QN   0.001             0.000             -0.001            tt_v1.8_25C_Nominal_25_func
     InstructionDecode_Module_register_file_RF[27].RF_data_op_reg[6]/QN   0.001             0.000             -0.001            tt_v1.8_25C_Nominal_25_func
     InstructionDecode_Module_register_file_RF[27].RF_data_op_reg[5]/QN   0.001             0.000             -0.001            tt_v1.8_25C_Nominal_25_func
     InstructionDecode_Module_register_file_RF[27].RF_data_op_reg[4]/QN   0.001             0.000             -0.001            tt_v1.8_25C_Nominal_25_func
     InstructionDecode_Module_register_file_RF[27].RF_data_op_reg[3]/QN   0.001             0.000             -0.001            tt_v1.8_25C_Nominal_25_func
     InstructionDecode_Module_register_file_RF[27].RF_data_op_reg[2]/QN   0.001             0.000             -0.001            tt_v1.8_25C_Nominal_25_func
     InstructionDecode_Module_register_file_RF[27].RF_data_op_reg[1]/QN   0.001             0.000             -0.001            tt_v1.8_25C_Nominal_25_func
     InstructionDecode_Module_register_file_RF[27].RF_data_op_reg[0]/QN   0.001             0.000             -0.001            tt_v1.8_25C_Nominal_25_func
     InstructionDecode_Module_register_file_RF[26].RF_data_op_reg[31]/QN   0.001             0.000             -0.001            tt_v1.8_25C_Nominal_25_func
     InstructionDecode_Module_register_file_RF[26].RF_data_op_reg[30]/QN   0.001             0.000             -0.001            tt_v1.8_25C_Nominal_25_func
     InstructionDecode_Module_register_file_RF[26].RF_data_op_reg[29]/QN   0.001             0.000             -0.001            tt_v1.8_25C_Nominal_25_func
     InstructionDecode_Module_register_file_RF[26].RF_data_op_reg[28]/QN   0.001             0.000             -0.001            tt_v1.8_25C_Nominal_25_func
     InstructionDecode_Module_register_file_RF[26].RF_data_op_reg[27]/QN   0.001             0.000             -0.001            tt_v1.8_25C_Nominal_25_func
     InstructionDecode_Module_register_file_RF[26].RF_data_op_reg[26]/QN   0.001             0.000             -0.001            tt_v1.8_25C_Nominal_25_func
     InstructionDecode_Module_register_file_RF[26].RF_data_op_reg[25]/QN   0.001             0.000             -0.001            tt_v1.8_25C_Nominal_25_func
     InstructionDecode_Module_register_file_RF[26].RF_data_op_reg[24]/QN   0.001             0.000             -0.001            tt_v1.8_25C_Nominal_25_func
     InstructionDecode_Module_register_file_RF[26].RF_data_op_reg[23]/QN   0.001             0.000             -0.001            tt_v1.8_25C_Nominal_25_func
     InstructionDecode_Module_register_file_RF[26].RF_data_op_reg[22]/QN   0.001             0.000             -0.001            tt_v1.8_25C_Nominal_25_func
     InstructionDecode_Module_register_file_RF[26].RF_data_op_reg[21]/QN   0.001             0.000             -0.001            tt_v1.8_25C_Nominal_25_func
     InstructionDecode_Module_register_file_RF[26].RF_data_op_reg[20]/QN   0.001             0.000             -0.001            tt_v1.8_25C_Nominal_25_func
     InstructionDecode_Module_register_file_RF[26].RF_data_op_reg[19]/QN   0.001             0.000             -0.001            tt_v1.8_25C_Nominal_25_func
     InstructionDecode_Module_register_file_RF[26].RF_data_op_reg[18]/QN   0.001             0.000             -0.001            tt_v1.8_25C_Nominal_25_func
     InstructionDecode_Module_register_file_RF[26].RF_data_op_reg[17]/QN   0.001             0.000             -0.001            tt_v1.8_25C_Nominal_25_func
     InstructionDecode_Module_register_file_RF[26].RF_data_op_reg[16]/QN   0.001             0.000             -0.001            tt_v1.8_25C_Nominal_25_func
     InstructionDecode_Module_register_file_RF[26].RF_data_op_reg[15]/QN   0.001             0.000             -0.001            tt_v1.8_25C_Nominal_25_func
     InstructionDecode_Module_register_file_RF[26].RF_data_op_reg[14]/QN   0.001             0.000             -0.001            tt_v1.8_25C_Nominal_25_func
     InstructionDecode_Module_register_file_RF[26].RF_data_op_reg[13]/QN   0.001             0.000             -0.001            tt_v1.8_25C_Nominal_25_func
     InstructionDecode_Module_register_file_RF[26].RF_data_op_reg[12]/QN   0.001             0.000             -0.001            tt_v1.8_25C_Nominal_25_func
     InstructionDecode_Module_register_file_RF[26].RF_data_op_reg[11]/QN   0.001             0.000             -0.001            tt_v1.8_25C_Nominal_25_func
     InstructionDecode_Module_register_file_RF[26].RF_data_op_reg[10]/QN   0.001             0.000             -0.001            tt_v1.8_25C_Nominal_25_func
     InstructionDecode_Module_alu_operand_a_ex_op_reg[15]/QN   0.001             0.000             -0.001            tt_v1.8_25C_Nominal_25_func
     InstructionDecode_Module_alu_operand_a_ex_op_reg[14]/QN   0.001             0.000             -0.001            tt_v1.8_25C_Nominal_25_func
     InstructionDecode_Module_alu_operand_a_ex_op_reg[13]/QN   0.001             0.000             -0.001            tt_v1.8_25C_Nominal_25_func
     InstructionDecode_Module_alu_operand_a_ex_op_reg[12]/QN   0.001             0.000             -0.001            tt_v1.8_25C_Nominal_25_func
     InstructionDecode_Module_alu_operand_a_ex_op_reg[11]/QN   0.001             0.000             -0.001            tt_v1.8_25C_Nominal_25_func
     InstructionDecode_Module_alu_operand_a_ex_op_reg[10]/QN   0.001             0.000             -0.001            tt_v1.8_25C_Nominal_25_func
     InstructionDecode_Module_alu_operand_a_ex_op_reg[9]/QN   0.001             0.000             -0.001            tt_v1.8_25C_Nominal_25_func
     InstructionDecode_Module_alu_operand_a_ex_op_reg[8]/QN   0.001             0.000             -0.001            tt_v1.8_25C_Nominal_25_func
     InstructionDecode_Module_alu_operand_a_ex_op_reg[7]/QN   0.001             0.000             -0.001            tt_v1.8_25C_Nominal_25_func
     InstructionDecode_Module_alu_operand_a_ex_op_reg[6]/QN   0.001             0.000             -0.001            tt_v1.8_25C_Nominal_25_func
     InstructionDecode_Module_alu_operand_a_ex_op_reg[5]/QN   0.001             0.000             -0.001            tt_v1.8_25C_Nominal_25_func
     InstructionDecode_Module_alu_operand_a_ex_op_reg[4]/QN   0.001             0.000             -0.001            tt_v1.8_25C_Nominal_25_func
     InstructionDecode_Module_alu_operand_a_ex_op_reg[3]/QN   0.001             0.000             -0.001            tt_v1.8_25C_Nominal_25_func
     InstructionDecode_Module_alu_operand_a_ex_op_reg[2]/Q   0.001             0.000             -0.001            tt_v1.8_25C_Nominal_25_func
     InstructionDecode_Module_alu_operand_a_ex_op_reg[1]/Q   0.001             0.000             -0.001            tt_v1.8_25C_Nominal_25_func
     InstructionDecode_Module_alu_operand_a_ex_op_reg[0]/QN   0.001             0.000             -0.001            tt_v1.8_25C_Nominal_25_func
     InstructionDecode_Module_EX_instruction_opcode_reg[6]/QN   0.001             0.000             -0.001            tt_v1.8_25C_Nominal_25_func
     InstructionDecode_Module_EX_instruction_opcode_reg[5]/QN   0.001             0.000             -0.001            tt_v1.8_25C_Nominal_25_func
     InstructionDecode_Module_EX_instruction_opcode_reg[4]/QN   0.001             0.000             -0.001            tt_v1.8_25C_Nominal_25_func
     InstructionDecode_Module_EX_instruction_opcode_reg[3]/QN   0.001             0.000             -0.001            tt_v1.8_25C_Nominal_25_func
     InstructionDecode_Module_EX_instruction_opcode_reg[2]/QN   0.001             0.000             -0.001            tt_v1.8_25C_Nominal_25_func
     InstructionDecode_Module_EX_instruction_opcode_reg[1]/QN   0.001             0.000             -0.001            tt_v1.8_25C_Nominal_25_func
     InstructionDecode_Module_EX_instruction_opcode_reg[0]657/Q   0.001             0.000             -0.001            tt_v1.8_25C_Nominal_25_func
     InstructionDecode_Module_EX_instruction_opcode_reg[0]/QN   0.001             0.000             -0.001            tt_v1.8_25C_Nominal_25_func
     InstructionFetch_Module_InstructionMemory_instr_valid_op_reg/QN   0.001             0.000             -0.001            tt_v1.8_25C_Nominal_25_func
     InstructionDecode_Module_wb_mux_op_reg[1]/QN   0.001             0.000             -0.001            tt_v1.8_25C_Nominal_25_func
     InstructionDecode_Module_wb_mux_op_reg[0]/QN   0.001             0.000             -0.001            tt_v1.8_25C_Nominal_25_func
     InstructionDecode_Module_mem_wdata_op_reg[0]625/Q   0.001             0.000             -0.001            tt_v1.8_25C_Nominal_25_func
     InstructionDecode_Module_lsu_operator_op_reg[3]/QN   0.001             0.000             -0.001            tt_v1.8_25C_Nominal_25_func
     InstructionDecode_Module_lsu_operator_op_reg[2]/QN   0.001             0.000             -0.001            tt_v1.8_25C_Nominal_25_func
     InstructionDecode_Module_lsu_operator_op_reg[1]/QN   0.001             0.000             -0.001            tt_v1.8_25C_Nominal_25_func
     InstructionDecode_Module_lsu_operator_op_reg[0]/QN   0.001             0.000             -0.001            tt_v1.8_25C_Nominal_25_func
     InstructionDecode_Module_id_pc_addr_pt_op_reg[31]/QN   0.001             0.000             -0.001            tt_v1.8_25C_Nominal_25_func
     InstructionDecode_Module_id_pc_addr_pt_op_reg[30]/QN   0.001             0.000             -0.001            tt_v1.8_25C_Nominal_25_func
     InstructionDecode_Module_id_pc_addr_pt_op_reg[29]/QN   0.001             0.000             -0.001            tt_v1.8_25C_Nominal_25_func
     InstructionDecode_Module_id_pc_addr_pt_op_reg[28]/QN   0.001             0.000             -0.001            tt_v1.8_25C_Nominal_25_func
     InstructionDecode_Module_id_pc_addr_pt_op_reg[27]/QN   0.001             0.000             -0.001            tt_v1.8_25C_Nominal_25_func
     InstructionDecode_Module_id_pc_addr_pt_op_reg[26]/QN   0.001             0.000             -0.001            tt_v1.8_25C_Nominal_25_func
     InstructionDecode_Module_id_pc_addr_pt_op_reg[25]/QN   0.001             0.000             -0.001            tt_v1.8_25C_Nominal_25_func
     InstructionDecode_Module_id_pc_addr_pt_op_reg[24]/QN   0.001             0.000             -0.001            tt_v1.8_25C_Nominal_25_func
     InstructionDecode_Module_id_pc_addr_pt_op_reg[23]/QN   0.001             0.000             -0.001            tt_v1.8_25C_Nominal_25_func
     InstructionDecode_Module_id_pc_addr_pt_op_reg[22]/QN   0.001             0.000             -0.001            tt_v1.8_25C_Nominal_25_func
     InstructionDecode_Module_id_pc_addr_pt_op_reg[21]/QN   0.001             0.000             -0.001            tt_v1.8_25C_Nominal_25_func
     InstructionDecode_Module_id_pc_addr_pt_op_reg[20]/QN   0.001             0.000             -0.001            tt_v1.8_25C_Nominal_25_func
     InstructionDecode_Module_id_pc_addr_pt_op_reg[19]/QN   0.001             0.000             -0.001            tt_v1.8_25C_Nominal_25_func
     InstructionDecode_Module_id_pc_addr_pt_op_reg[18]/QN   0.001             0.000             -0.001            tt_v1.8_25C_Nominal_25_func
     InstructionDecode_Module_id_pc_addr_pt_op_reg[17]/QN   0.001             0.000             -0.001            tt_v1.8_25C_Nominal_25_func
     InstructionDecode_Module_id_pc_addr_pt_op_reg[16]/QN   0.001             0.000             -0.001            tt_v1.8_25C_Nominal_25_func
     InstructionDecode_Module_id_pc_addr_pt_op_reg[15]/QN   0.001             0.000             -0.001            tt_v1.8_25C_Nominal_25_func
     InstructionDecode_Module_id_pc_addr_pt_op_reg[14]/QN   0.001             0.000             -0.001            tt_v1.8_25C_Nominal_25_func
     InstructionDecode_Module_id_pc_addr_pt_op_reg[13]/QN   0.001             0.000             -0.001            tt_v1.8_25C_Nominal_25_func
     InstructionDecode_Module_id_pc_addr_pt_op_reg[12]/QN   0.001             0.000             -0.001            tt_v1.8_25C_Nominal_25_func
     InstructionDecode_Module_id_pc_addr_pt_op_reg[11]/QN   0.001             0.000             -0.001            tt_v1.8_25C_Nominal_25_func
     InstructionDecode_Module_id_pc_addr_pt_op_reg[10]/QN   0.001             0.000             -0.001            tt_v1.8_25C_Nominal_25_func
     InstructionDecode_Module_id_pc_addr_pt_op_reg[9]/QN   0.001             0.000             -0.001            tt_v1.8_25C_Nominal_25_func
     InstructionDecode_Module_id_pc_addr_pt_op_reg[8]/QN   0.001             0.000             -0.001            tt_v1.8_25C_Nominal_25_func
     InstructionDecode_Module_id_pc_addr_pt_op_reg[7]/QN   0.001             0.000             -0.001            tt_v1.8_25C_Nominal_25_func
     InstructionDecode_Module_id_pc_addr_pt_op_reg[6]/QN   0.001             0.000             -0.001            tt_v1.8_25C_Nominal_25_func
     InstructionDecode_Module_id_pc_addr_pt_op_reg[5]/QN   0.001             0.000             -0.001            tt_v1.8_25C_Nominal_25_func
     InstructionDecode_Module_id_pc_addr_pt_op_reg[4]/QN   0.001             0.000             -0.001            tt_v1.8_25C_Nominal_25_func
     InstructionDecode_Module_id_pc_addr_pt_op_reg[3]/QN   0.001             0.000             -0.001            tt_v1.8_25C_Nominal_25_func
     InstructionDecode_Module_id_pc_addr_pt_op_reg[2]/QN   0.001             0.000             -0.001            tt_v1.8_25C_Nominal_25_func
     InstructionDecode_Module_id_pc_addr_pt_op_reg[1]/QN   0.001             0.000             -0.001            tt_v1.8_25C_Nominal_25_func
     InstructionDecode_Module_id_pc_addr_pt_op_reg[0]/QN   0.001             0.000             -0.001            tt_v1.8_25C_Nominal_25_func
     InstructionFetch_Module_instr_pc_addr_op_reg[23]/QN   0.001             0.000             -0.001            tt_v1.8_25C_Nominal_25_func
     InstructionFetch_Module_instr_pc_addr_op_reg[22]/QN   0.001             0.000             -0.001            tt_v1.8_25C_Nominal_25_func
     InstructionFetch_Module_instr_pc_addr_op_reg[21]/QN   0.001             0.000             -0.001            tt_v1.8_25C_Nominal_25_func
     InstructionFetch_Module_instr_pc_addr_op_reg[20]/QN   0.001             0.000             -0.001            tt_v1.8_25C_Nominal_25_func
     InstructionFetch_Module_instr_pc_addr_op_reg[19]/QN   0.001             0.000             -0.001            tt_v1.8_25C_Nominal_25_func
     InstructionFetch_Module_instr_pc_addr_op_reg[18]/QN   0.001             0.000             -0.001            tt_v1.8_25C_Nominal_25_func
     InstructionFetch_Module_instr_pc_addr_op_reg[17]/QN   0.001             0.000             -0.001            tt_v1.8_25C_Nominal_25_func
     InstructionFetch_Module_instr_pc_addr_op_reg[16]/QN   0.001             0.000             -0.001            tt_v1.8_25C_Nominal_25_func
     InstructionFetch_Module_instr_pc_addr_op_reg[15]/QN   0.001             0.000             -0.001            tt_v1.8_25C_Nominal_25_func
     InstructionFetch_Module_instr_pc_addr_op_reg[14]/QN   0.001             0.000             -0.001            tt_v1.8_25C_Nominal_25_func
     InstructionFetch_Module_instr_pc_addr_op_reg[13]/QN   0.001             0.000             -0.001            tt_v1.8_25C_Nominal_25_func
     InstructionFetch_Module_instr_pc_addr_op_reg[12]/QN   0.001             0.000             -0.001            tt_v1.8_25C_Nominal_25_func
     InstructionFetch_Module_instr_pc_addr_op_reg[11]/QN   0.001             0.000             -0.001            tt_v1.8_25C_Nominal_25_func
     InstructionFetch_Module_instr_pc_addr_op_reg[10]/QN   0.001             0.000             -0.001            tt_v1.8_25C_Nominal_25_func
     InstructionFetch_Module_instr_pc_addr_op_reg[9]/QN   0.001             0.000             -0.001            tt_v1.8_25C_Nominal_25_func
     InstructionFetch_Module_instr_pc_addr_op_reg[8]/QN   0.001             0.000             -0.001            tt_v1.8_25C_Nominal_25_func
     InstructionFetch_Module_instr_pc_addr_op_reg[7]/QN   0.001             0.000             -0.001            tt_v1.8_25C_Nominal_25_func
     InstructionFetch_Module_instr_pc_addr_op_reg[6]/QN   0.001             0.000             -0.001            tt_v1.8_25C_Nominal_25_func
     InstructionFetch_Module_instr_pc_addr_op_reg[5]/QN   0.001             0.000             -0.001            tt_v1.8_25C_Nominal_25_func
     InstructionFetch_Module_instr_pc_addr_op_reg[4]/QN   0.001             0.000             -0.001            tt_v1.8_25C_Nominal_25_func
     InstructionFetch_Module_instr_pc_addr_op_reg[3]/QN   0.001             0.000             -0.001            tt_v1.8_25C_Nominal_25_func
     InstructionFetch_Module_instr_pc_addr_op_reg[2]/QN   0.001             0.000             -0.001            tt_v1.8_25C_Nominal_25_func
     InstructionFetch_Module_instr_pc_addr_op_reg[1]/QN   0.001             0.000             -0.001            tt_v1.8_25C_Nominal_25_func
     InstructionFetch_Module_instr_pc_addr_op_reg[0]/QN   0.001             0.000             -0.001            tt_v1.8_25C_Nominal_25_func
     InstructionFetch_Module_instr_data_op_reg[31]/QN   0.001             0.000             -0.001            tt_v1.8_25C_Nominal_25_func
     InstructionFetch_Module_instr_data_op_reg[30]/QN   0.001             0.000             -0.001            tt_v1.8_25C_Nominal_25_func
     InstructionFetch_Module_instr_data_op_reg[29]/QN   0.001             0.000             -0.001            tt_v1.8_25C_Nominal_25_func
     InstructionFetch_Module_instr_data_op_reg[28]/QN   0.001             0.000             -0.001            tt_v1.8_25C_Nominal_25_func
     InstructionFetch_Module_instr_data_op_reg[27]/QN   0.001             0.000             -0.001            tt_v1.8_25C_Nominal_25_func
     InstructionFetch_Module_instr_data_op_reg[26]/QN   0.001             0.000             -0.001            tt_v1.8_25C_Nominal_25_func
     InstructionFetch_Module_instr_data_op_reg[25]/QN   0.001             0.000             -0.001            tt_v1.8_25C_Nominal_25_func
     InstructionFetch_Module_instr_data_op_reg[24]/QN   0.001             0.000             -0.001            tt_v1.8_25C_Nominal_25_func
     InstructionFetch_Module_instr_data_op_reg[23]/QN   0.001             0.000             -0.001            tt_v1.8_25C_Nominal_25_func
     InstructionFetch_Module_instr_data_op_reg[22]/QN   0.001             0.000             -0.001            tt_v1.8_25C_Nominal_25_func
     InstructionFetch_Module_instr_data_op_reg[21]/QN   0.001             0.000             -0.001            tt_v1.8_25C_Nominal_25_func
     InstructionFetch_Module_instr_data_op_reg[20]/QN   0.001             0.000             -0.001            tt_v1.8_25C_Nominal_25_func
     InstructionFetch_Module_instr_data_op_reg[19]/QN   0.001             0.000             -0.001            tt_v1.8_25C_Nominal_25_func
     InstructionFetch_Module_instr_data_op_reg[18]/QN   0.001             0.000             -0.001            tt_v1.8_25C_Nominal_25_func
     InstructionFetch_Module_instr_data_op_reg[17]/QN   0.001             0.000             -0.001            tt_v1.8_25C_Nominal_25_func
     InstructionFetch_Module_instr_data_op_reg[16]/QN   0.001             0.000             -0.001            tt_v1.8_25C_Nominal_25_func
     InstructionFetch_Module_instr_data_op_reg[15]/QN   0.001             0.000             -0.001            tt_v1.8_25C_Nominal_25_func
     InstructionFetch_Module_instr_data_op_reg[14]/QN   0.001             0.000             -0.001            tt_v1.8_25C_Nominal_25_func
     InstructionFetch_Module_instr_data_op_reg[13]/QN   0.001             0.000             -0.001            tt_v1.8_25C_Nominal_25_func
     InstructionFetch_Module_instr_data_op_reg[12]/QN   0.001             0.000             -0.001            tt_v1.8_25C_Nominal_25_func
     InstructionFetch_Module_instr_data_op_reg[11]/QN   0.001             0.000             -0.001            tt_v1.8_25C_Nominal_25_func
     InstructionFetch_Module_instr_data_op_reg[10]/QN   0.001             0.000             -0.001            tt_v1.8_25C_Nominal_25_func
     InstructionFetch_Module_instr_data_op_reg[9]/QN   0.001             0.000             -0.001            tt_v1.8_25C_Nominal_25_func
     InstructionFetch_Module_instr_data_op_reg[8]/QN   0.001             0.000             -0.001            tt_v1.8_25C_Nominal_25_func
     InstructionFetch_Module_instr_data_op_reg[7]/QN   0.001             0.000             -0.001            tt_v1.8_25C_Nominal_25_func
     InstructionFetch_Module_instr_data_op_reg[6]/QN   0.001             0.000             -0.001            tt_v1.8_25C_Nominal_25_func
     InstructionFetch_Module_instr_data_op_reg[5]/QN   0.001             0.000             -0.001            tt_v1.8_25C_Nominal_25_func
     InstructionFetch_Module_instr_data_op_reg[4]/QN   0.001             0.000             -0.001            tt_v1.8_25C_Nominal_25_func
     InstructionFetch_Module_instr_data_op_reg[3]/QN   0.001             0.000             -0.001            tt_v1.8_25C_Nominal_25_func
     InstructionFetch_Module_instr_data_op_reg[2]/QN   0.001             0.000             -0.001            tt_v1.8_25C_Nominal_25_func
     InstructionFetch_Module_instr_data_op_reg[1]/QN   0.001             0.000             -0.001            tt_v1.8_25C_Nominal_25_func
     InstructionFetch_Module_instr_data_op_reg[0]/QN   0.001             0.000             -0.001            tt_v1.8_25C_Nominal_25_func
     InstructionFetch_Module_FetchModule_PC_reg[31]/QN   0.001             0.000             -0.001            tt_v1.8_25C_Nominal_25_func
     InstructionFetch_Module_FetchModule_PC_reg[30]/QN   0.001             0.000             -0.001            tt_v1.8_25C_Nominal_25_func
     InstructionFetch_Module_FetchModule_PC_reg[29]/QN   0.001             0.000             -0.001            tt_v1.8_25C_Nominal_25_func
     InstructionFetch_Module_FetchModule_PC_reg[28]/QN   0.001             0.000             -0.001            tt_v1.8_25C_Nominal_25_func
     InstructionFetch_Module_FetchModule_PC_reg[27]/QN   0.001             0.000             -0.001            tt_v1.8_25C_Nominal_25_func
     InstructionFetch_Module_FetchModule_PC_reg[26]/QN   0.001             0.000             -0.001            tt_v1.8_25C_Nominal_25_func
     InstructionFetch_Module_FetchModule_PC_reg[25]/QN   0.001             0.000             -0.001            tt_v1.8_25C_Nominal_25_func
     InstructionFetch_Module_FetchModule_PC_reg[24]/QN   0.001             0.000             -0.001            tt_v1.8_25C_Nominal_25_func
     InstructionFetch_Module_FetchModule_PC_reg[23]/QN   0.001             0.000             -0.001            tt_v1.8_25C_Nominal_25_func
     InstructionFetch_Module_FetchModule_PC_reg[22]/QN   0.001             0.000             -0.001            tt_v1.8_25C_Nominal_25_func
     InstructionFetch_Module_FetchModule_PC_reg[21]/QN   0.001             0.000             -0.001            tt_v1.8_25C_Nominal_25_func
     InstructionFetch_Module_FetchModule_PC_reg[20]/QN   0.001             0.000             -0.001            tt_v1.8_25C_Nominal_25_func
     InstructionFetch_Module_FetchModule_PC_reg[19]/QN   0.001             0.000             -0.001            tt_v1.8_25C_Nominal_25_func
     InstructionFetch_Module_FetchModule_PC_reg[18]/QN   0.001             0.000             -0.001            tt_v1.8_25C_Nominal_25_func
     InstructionFetch_Module_FetchModule_PC_reg[17]/QN   0.001             0.000             -0.001            tt_v1.8_25C_Nominal_25_func
     InstructionFetch_Module_FetchModule_PC_reg[16]/QN   0.001             0.000             -0.001            tt_v1.8_25C_Nominal_25_func
     InstructionFetch_Module_FetchModule_PC_reg[15]/QN   0.001             0.000             -0.001            tt_v1.8_25C_Nominal_25_func
     InstructionFetch_Module_FetchModule_PC_reg[14]/QN   0.001             0.000             -0.001            tt_v1.8_25C_Nominal_25_func
     InstructionFetch_Module_FetchModule_PC_reg[13]/QN   0.001             0.000             -0.001            tt_v1.8_25C_Nominal_25_func
     InstructionFetch_Module_FetchModule_PC_reg[12]/QN   0.001             0.000             -0.001            tt_v1.8_25C_Nominal_25_func
     InstructionFetch_Module_FetchModule_PC_reg[11]/QN   0.001             0.000             -0.001            tt_v1.8_25C_Nominal_25_func
     InstructionFetch_Module_FetchModule_PC_reg[10]/QN   0.001             0.000             -0.001            tt_v1.8_25C_Nominal_25_func
     InstructionFetch_Module_FetchModule_PC_reg[9]/QN   0.001             0.000             -0.001            tt_v1.8_25C_Nominal_25_func
     InstructionFetch_Module_FetchModule_PC_reg[8]/QN   0.001             0.000             -0.001            tt_v1.8_25C_Nominal_25_func
     InstructionFetch_Module_FetchModule_PC_reg[7]/QN   0.001             0.000             -0.001            tt_v1.8_25C_Nominal_25_func
     InstructionFetch_Module_FetchModule_PC_reg[6]/QN   0.001             0.000             -0.001            tt_v1.8_25C_Nominal_25_func
     InstructionFetch_Module_FetchModule_PC_reg[5]/QN   0.001             0.000             -0.001            tt_v1.8_25C_Nominal_25_func
     InstructionFetch_Module_FetchModule_PC_reg[4]/QN   0.001             0.000             -0.001            tt_v1.8_25C_Nominal_25_func
     InstructionFetch_Module_FetchModule_PC_reg[3]/QN   0.001             0.000             -0.001            tt_v1.8_25C_Nominal_25_func
     InstructionFetch_Module_FetchModule_PC_reg[2]/QN   0.001             0.000             -0.001            tt_v1.8_25C_Nominal_25_func
     InstructionFetch_Module_FetchModule_PC_reg[1]/Q   0.001             0.000             -0.001            tt_v1.8_25C_Nominal_25_func
     InstructionFetch_Module_FetchModule_PC_reg[0]/Q   0.001             0.000             -0.001            tt_v1.8_25C_Nominal_25_func
     InstructionExecute_Module_mem_wdata_pt_op_reg[31]/QN   0.001             0.000             -0.001            tt_v1.8_25C_Nominal_25_func
     InstructionExecute_Module_mem_wdata_pt_op_reg[30]/QN   0.001             0.000             -0.001            tt_v1.8_25C_Nominal_25_func
     InstructionExecute_Module_mem_wdata_pt_op_reg[29]/QN   0.001             0.000             -0.001            tt_v1.8_25C_Nominal_25_func
     InstructionExecute_Module_mem_wdata_pt_op_reg[28]/QN   0.001             0.000             -0.001            tt_v1.8_25C_Nominal_25_func
     InstructionExecute_Module_mem_wdata_pt_op_reg[27]/QN   0.001             0.000             -0.001            tt_v1.8_25C_Nominal_25_func
     InstructionExecute_Module_mem_wdata_pt_op_reg[26]/QN   0.001             0.000             -0.001            tt_v1.8_25C_Nominal_25_func
     InstructionExecute_Module_mem_wdata_pt_op_reg[25]/QN   0.001             0.000             -0.001            tt_v1.8_25C_Nominal_25_func
     InstructionExecute_Module_mem_wdata_pt_op_reg[24]/QN   0.001             0.000             -0.001            tt_v1.8_25C_Nominal_25_func
     InstructionExecute_Module_mem_wdata_pt_op_reg[23]/QN   0.001             0.000             -0.001            tt_v1.8_25C_Nominal_25_func
     InstructionExecute_Module_mem_wdata_pt_op_reg[22]/QN   0.001             0.000             -0.001            tt_v1.8_25C_Nominal_25_func
     InstructionExecute_Module_mem_wdata_pt_op_reg[21]/QN   0.001             0.000             -0.001            tt_v1.8_25C_Nominal_25_func
     InstructionExecute_Module_mem_wdata_pt_op_reg[20]/QN   0.001             0.000             -0.001            tt_v1.8_25C_Nominal_25_func
     InstructionExecute_Module_mem_wdata_pt_op_reg[19]/QN   0.001             0.000             -0.001            tt_v1.8_25C_Nominal_25_func
     InstructionExecute_Module_mem_wdata_pt_op_reg[18]/QN   0.001             0.000             -0.001            tt_v1.8_25C_Nominal_25_func
     InstructionExecute_Module_mem_wdata_pt_op_reg[17]/QN   0.001             0.000             -0.001            tt_v1.8_25C_Nominal_25_func
     InstructionExecute_Module_mem_wdata_pt_op_reg[16]/QN   0.001             0.000             -0.001            tt_v1.8_25C_Nominal_25_func
     InstructionExecute_Module_mem_wdata_pt_op_reg[15]/QN   0.001             0.000             -0.001            tt_v1.8_25C_Nominal_25_func
     InstructionExecute_Module_mem_wdata_pt_op_reg[14]/QN   0.001             0.000             -0.001            tt_v1.8_25C_Nominal_25_func
     InstructionExecute_Module_mem_wdata_pt_op_reg[13]/QN   0.001             0.000             -0.001            tt_v1.8_25C_Nominal_25_func
     InstructionExecute_Module_mem_wdata_pt_op_reg[12]/QN   0.001             0.000             -0.001            tt_v1.8_25C_Nominal_25_func
     InstructionExecute_Module_mem_wdata_pt_op_reg[11]/QN   0.001             0.000             -0.001            tt_v1.8_25C_Nominal_25_func
     InstructionExecute_Module_mem_wdata_pt_op_reg[10]/QN   0.001             0.000             -0.001            tt_v1.8_25C_Nominal_25_func
     InstructionExecute_Module_mem_wdata_pt_op_reg[9]/QN   0.001             0.000             -0.001            tt_v1.8_25C_Nominal_25_func
     InstructionExecute_Module_mem_wdata_pt_op_reg[8]/QN   0.001             0.000             -0.001            tt_v1.8_25C_Nominal_25_func
     InstructionExecute_Module_mem_wdata_pt_op_reg[7]/QN   0.001             0.000             -0.001            tt_v1.8_25C_Nominal_25_func
     InstructionExecute_Module_mem_wdata_pt_op_reg[6]/QN   0.001             0.000             -0.001            tt_v1.8_25C_Nominal_25_func
     InstructionExecute_Module_mem_wdata_pt_op_reg[5]/QN   0.001             0.000             -0.001            tt_v1.8_25C_Nominal_25_func
     InstructionExecute_Module_mem_wdata_pt_op_reg[4]/QN   0.001             0.000             -0.001            tt_v1.8_25C_Nominal_25_func
     InstructionExecute_Module_mem_wdata_pt_op_reg[3]/QN   0.001             0.000             -0.001            tt_v1.8_25C_Nominal_25_func
     InstructionExecute_Module_mem_wdata_pt_op_reg[2]/QN   0.001             0.000             -0.001            tt_v1.8_25C_Nominal_25_func
     InstructionExecute_Module_mem_wdata_pt_op_reg[1]/QN   0.001             0.000             -0.001            tt_v1.8_25C_Nominal_25_func
     InstructionExecute_Module_mem_wdata_pt_op_reg[0]/QN   0.001             0.000             -0.001            tt_v1.8_25C_Nominal_25_func
     InstructionExecute_Module_lsu_enable_pt_op_reg/QN   0.001             0.000             -0.001            tt_v1.8_25C_Nominal_25_func
     InstructionExecute_Module_ex_write_reg_addr_pt_op_reg[4]/Q   0.001             0.000             -0.001            tt_v1.8_25C_Nominal_25_func
     InstructionExecute_Module_ex_write_reg_addr_pt_op_reg[3]/QN   0.001             0.000             -0.001            tt_v1.8_25C_Nominal_25_func
     InstructionExecute_Module_ex_write_reg_addr_pt_op_reg[2]/QN   0.001             0.000             -0.001            tt_v1.8_25C_Nominal_25_func
     InstructionExecute_Module_ex_write_reg_addr_pt_op_reg[1]/QN   0.001             0.000             -0.001            tt_v1.8_25C_Nominal_25_func
     InstructionExecute_Module_ex_write_reg_addr_pt_op_reg[0]/QN   0.001             0.000             -0.001            tt_v1.8_25C_Nominal_25_func
     InstructionExecute_Module_ex_wb_mux_op_reg[2]/QN   0.001             0.000             -0.001            tt_v1.8_25C_Nominal_25_func
     InstructionExecute_Module_ex_wb_mux_op_reg[1]/QN   0.001             0.000             -0.001            tt_v1.8_25C_Nominal_25_func
     InstructionDecode_Module_en_lsu_op_reg/QN   0.001             0.000             -0.001            tt_v1.8_25C_Nominal_25_func
     InstructionDecode_Module_alu_en_op_reg/QN   0.001             0.000             -0.001            tt_v1.8_25C_Nominal_25_func
     InstructionDecode_Module_alu_operand_b_ex_op_reg[31]/QN   0.001             0.000             -0.001            tt_v1.8_25C_Nominal_25_func
     InstructionDecode_Module_alu_operand_b_ex_op_reg[30]/QN   0.001             0.000             -0.001            tt_v1.8_25C_Nominal_25_func
     InstructionDecode_Module_alu_operand_b_ex_op_reg[29]/QN   0.001             0.000             -0.001            tt_v1.8_25C_Nominal_25_func
     InstructionDecode_Module_alu_operand_b_ex_op_reg[28]/QN   0.001             0.000             -0.001            tt_v1.8_25C_Nominal_25_func
     InstructionDecode_Module_alu_operand_b_ex_op_reg[27]/QN   0.001             0.000             -0.001            tt_v1.8_25C_Nominal_25_func
     InstructionDecode_Module_alu_operand_b_ex_op_reg[26]/QN   0.001             0.000             -0.001            tt_v1.8_25C_Nominal_25_func
     InstructionDecode_Module_alu_operand_b_ex_op_reg[25]/QN   0.001             0.000             -0.001            tt_v1.8_25C_Nominal_25_func
     InstructionDecode_Module_alu_operand_b_ex_op_reg[24]/QN   0.001             0.000             -0.001            tt_v1.8_25C_Nominal_25_func
     InstructionDecode_Module_alu_operand_b_ex_op_reg[23]/QN   0.001             0.000             -0.001            tt_v1.8_25C_Nominal_25_func
     InstructionDecode_Module_alu_operand_b_ex_op_reg[22]/QN   0.001             0.000             -0.001            tt_v1.8_25C_Nominal_25_func
     InstructionDecode_Module_alu_operand_b_ex_op_reg[21]/QN   0.001             0.000             -0.001            tt_v1.8_25C_Nominal_25_func
     InstructionDecode_Module_alu_operand_b_ex_op_reg[20]/QN   0.001             0.000             -0.001            tt_v1.8_25C_Nominal_25_func
     InstructionDecode_Module_alu_operand_b_ex_op_reg[19]/QN   0.001             0.000             -0.001            tt_v1.8_25C_Nominal_25_func
     InstructionDecode_Module_alu_operand_b_ex_op_reg[18]/QN   0.001             0.000             -0.001            tt_v1.8_25C_Nominal_25_func
     InstructionDecode_Module_alu_operand_b_ex_op_reg[17]/QN   0.001             0.000             -0.001            tt_v1.8_25C_Nominal_25_func
     InstructionDecode_Module_alu_operand_b_ex_op_reg[16]/QN   0.001             0.000             -0.001            tt_v1.8_25C_Nominal_25_func
     InstructionDecode_Module_alu_operand_b_ex_op_reg[15]/QN   0.001             0.000             -0.001            tt_v1.8_25C_Nominal_25_func
     InstructionDecode_Module_alu_operand_b_ex_op_reg[14]/QN   0.001             0.000             -0.001            tt_v1.8_25C_Nominal_25_func
     InstructionDecode_Module_alu_operand_b_ex_op_reg[13]/QN   0.001             0.000             -0.001            tt_v1.8_25C_Nominal_25_func
     InstructionDecode_Module_alu_operand_b_ex_op_reg[12]/QN   0.001             0.000             -0.001            tt_v1.8_25C_Nominal_25_func
     InstructionDecode_Module_alu_operand_b_ex_op_reg[11]/QN   0.001             0.000             -0.001            tt_v1.8_25C_Nominal_25_func
     InstructionDecode_Module_alu_operand_b_ex_op_reg[10]/QN   0.001             0.000             -0.001            tt_v1.8_25C_Nominal_25_func
     InstructionDecode_Module_alu_operand_b_ex_op_reg[9]/QN   0.001             0.000             -0.001            tt_v1.8_25C_Nominal_25_func
     InstructionDecode_Module_alu_operand_b_ex_op_reg[8]/QN   0.001             0.000             -0.001            tt_v1.8_25C_Nominal_25_func
     InstructionDecode_Module_alu_operand_b_ex_op_reg[7]/QN   0.001             0.000             -0.001            tt_v1.8_25C_Nominal_25_func
     InstructionDecode_Module_alu_operand_b_ex_op_reg[6]/QN   0.001             0.000             -0.001            tt_v1.8_25C_Nominal_25_func
     InstructionDecode_Module_alu_operand_b_ex_op_reg[5]/QN   0.001             0.000             -0.001            tt_v1.8_25C_Nominal_25_func
     InstructionDecode_Module_alu_operand_b_ex_op_reg[4]/QN   0.001             0.000             -0.001            tt_v1.8_25C_Nominal_25_func
     InstructionDecode_Module_alu_operand_b_ex_op_reg[3]/QN   0.001             0.000             -0.001            tt_v1.8_25C_Nominal_25_func
     InstructionDecode_Module_alu_operand_b_ex_op_reg[2]/Q   0.001             0.000             -0.001            tt_v1.8_25C_Nominal_25_func
     LoadStoreUnit_lsu_pc_addr_pt_op_reg[22]/QN   0.001             0.000             -0.001            tt_v1.8_25C_Nominal_25_func
     LoadStoreUnit_lsu_pc_addr_pt_op_reg[21]/QN   0.001             0.000             -0.001            tt_v1.8_25C_Nominal_25_func
     LoadStoreUnit_lsu_pc_addr_pt_op_reg[20]/QN   0.001             0.000             -0.001            tt_v1.8_25C_Nominal_25_func
     LoadStoreUnit_lsu_pc_addr_pt_op_reg[19]/QN   0.001             0.000             -0.001            tt_v1.8_25C_Nominal_25_func
     LoadStoreUnit_lsu_pc_addr_pt_op_reg[18]/QN   0.001             0.000             -0.001            tt_v1.8_25C_Nominal_25_func
     LoadStoreUnit_lsu_pc_addr_pt_op_reg[17]/QN   0.001             0.000             -0.001            tt_v1.8_25C_Nominal_25_func
     LoadStoreUnit_lsu_pc_addr_pt_op_reg[16]/QN   0.001             0.000             -0.001            tt_v1.8_25C_Nominal_25_func
     LoadStoreUnit_lsu_pc_addr_pt_op_reg[15]/QN   0.001             0.000             -0.001            tt_v1.8_25C_Nominal_25_func
     LoadStoreUnit_lsu_pc_addr_pt_op_reg[14]/QN   0.001             0.000             -0.001            tt_v1.8_25C_Nominal_25_func
     LoadStoreUnit_lsu_pc_addr_pt_op_reg[13]/QN   0.001             0.000             -0.001            tt_v1.8_25C_Nominal_25_func
     LoadStoreUnit_lsu_pc_addr_pt_op_reg[12]/QN   0.001             0.000             -0.001            tt_v1.8_25C_Nominal_25_func
     LoadStoreUnit_lsu_pc_addr_pt_op_reg[11]/QN   0.001             0.000             -0.001            tt_v1.8_25C_Nominal_25_func
     LoadStoreUnit_lsu_pc_addr_pt_op_reg[10]/QN   0.001             0.000             -0.001            tt_v1.8_25C_Nominal_25_func
     LoadStoreUnit_lsu_pc_addr_pt_op_reg[9]/QN   0.001             0.000             -0.001            tt_v1.8_25C_Nominal_25_func
     LoadStoreUnit_lsu_pc_addr_pt_op_reg[8]/QN   0.001             0.000             -0.001            tt_v1.8_25C_Nominal_25_func
     LoadStoreUnit_lsu_pc_addr_pt_op_reg[7]/QN   0.001             0.000             -0.001            tt_v1.8_25C_Nominal_25_func
     LoadStoreUnit_lsu_pc_addr_pt_op_reg[6]/QN   0.001             0.000             -0.001            tt_v1.8_25C_Nominal_25_func
     LoadStoreUnit_lsu_pc_addr_pt_op_reg[5]/QN   0.001             0.000             -0.001            tt_v1.8_25C_Nominal_25_func
     LoadStoreUnit_lsu_pc_addr_pt_op_reg[4]/QN   0.001             0.000             -0.001            tt_v1.8_25C_Nominal_25_func
     LoadStoreUnit_lsu_pc_addr_pt_op_reg[3]/QN   0.001             0.000             -0.001            tt_v1.8_25C_Nominal_25_func
     LoadStoreUnit_lsu_pc_addr_pt_op_reg[2]/QN   0.001             0.000             -0.001            tt_v1.8_25C_Nominal_25_func
     LoadStoreUnit_lsu_pc_addr_pt_op_reg[1]/QN   0.001             0.000             -0.001            tt_v1.8_25C_Nominal_25_func
     LoadStoreUnit_lsu_pc_addr_pt_op_reg[0]/QN   0.001             0.000             -0.001            tt_v1.8_25C_Nominal_25_func
     LoadStoreUnit_load_mem_data_op_reg[31]/QN   0.001             0.000             -0.001            tt_v1.8_25C_Nominal_25_func
     LoadStoreUnit_load_mem_data_op_reg[30]/QN   0.001             0.000             -0.001            tt_v1.8_25C_Nominal_25_func
     LoadStoreUnit_load_mem_data_op_reg[29]/QN   0.001             0.000             -0.001            tt_v1.8_25C_Nominal_25_func
     LoadStoreUnit_load_mem_data_op_reg[28]/QN   0.001             0.000             -0.001            tt_v1.8_25C_Nominal_25_func
     LoadStoreUnit_load_mem_data_op_reg[27]/QN   0.001             0.000             -0.001            tt_v1.8_25C_Nominal_25_func
     LoadStoreUnit_load_mem_data_op_reg[26]/QN   0.001             0.000             -0.001            tt_v1.8_25C_Nominal_25_func
     LoadStoreUnit_load_mem_data_op_reg[25]/QN   0.001             0.000             -0.001            tt_v1.8_25C_Nominal_25_func
     LoadStoreUnit_load_mem_data_op_reg[24]/QN   0.001             0.000             -0.001            tt_v1.8_25C_Nominal_25_func
     LoadStoreUnit_load_mem_data_op_reg[23]/QN   0.001             0.000             -0.001            tt_v1.8_25C_Nominal_25_func
     LoadStoreUnit_load_mem_data_op_reg[22]/QN   0.001             0.000             -0.001            tt_v1.8_25C_Nominal_25_func
     LoadStoreUnit_load_mem_data_op_reg[21]/QN   0.001             0.000             -0.001            tt_v1.8_25C_Nominal_25_func
     LoadStoreUnit_load_mem_data_op_reg[20]/QN   0.001             0.000             -0.001            tt_v1.8_25C_Nominal_25_func
     LoadStoreUnit_load_mem_data_op_reg[19]/QN   0.001             0.000             -0.001            tt_v1.8_25C_Nominal_25_func
     LoadStoreUnit_load_mem_data_op_reg[18]/QN   0.001             0.000             -0.001            tt_v1.8_25C_Nominal_25_func
     LoadStoreUnit_load_mem_data_op_reg[17]/QN   0.001             0.000             -0.001            tt_v1.8_25C_Nominal_25_func
     LoadStoreUnit_load_mem_data_op_reg[16]/QN   0.001             0.000             -0.001            tt_v1.8_25C_Nominal_25_func
     LoadStoreUnit_load_mem_data_op_reg[15]/QN   0.001             0.000             -0.001            tt_v1.8_25C_Nominal_25_func
     LoadStoreUnit_load_mem_data_op_reg[14]/QN   0.001             0.000             -0.001            tt_v1.8_25C_Nominal_25_func
     LoadStoreUnit_load_mem_data_op_reg[13]/QN   0.001             0.000             -0.001            tt_v1.8_25C_Nominal_25_func
     LoadStoreUnit_load_mem_data_op_reg[12]/QN   0.001             0.000             -0.001            tt_v1.8_25C_Nominal_25_func
     LoadStoreUnit_load_mem_data_op_reg[11]/QN   0.001             0.000             -0.001            tt_v1.8_25C_Nominal_25_func
     LoadStoreUnit_load_mem_data_op_reg[10]/QN   0.001             0.000             -0.001            tt_v1.8_25C_Nominal_25_func
     LoadStoreUnit_load_mem_data_op_reg[9]/QN   0.001             0.000             -0.001            tt_v1.8_25C_Nominal_25_func
     LoadStoreUnit_load_mem_data_op_reg[8]/QN   0.001             0.000             -0.001            tt_v1.8_25C_Nominal_25_func
     LoadStoreUnit_load_mem_data_op_reg[7]/QN   0.001             0.000             -0.001            tt_v1.8_25C_Nominal_25_func
     LoadStoreUnit_load_mem_data_op_reg[6]/QN   0.001             0.000             -0.001            tt_v1.8_25C_Nominal_25_func
     LoadStoreUnit_load_mem_data_op_reg[5]/QN   0.001             0.000             -0.001            tt_v1.8_25C_Nominal_25_func
     LoadStoreUnit_load_mem_data_op_reg[4]/QN   0.001             0.000             -0.001            tt_v1.8_25C_Nominal_25_func
     LoadStoreUnit_load_mem_data_op_reg[3]/QN   0.001             0.000             -0.001            tt_v1.8_25C_Nominal_25_func
     LoadStoreUnit_load_mem_data_op_reg[2]/QN   0.001             0.000             -0.001            tt_v1.8_25C_Nominal_25_func
     LoadStoreUnit_load_mem_data_op_reg[1]/QN   0.001             0.000             -0.001            tt_v1.8_25C_Nominal_25_func
     LoadStoreUnit_load_mem_data_op_reg[0]/QN   0.001             0.000             -0.001            tt_v1.8_25C_Nominal_25_func
     LoadStoreUnit_data_req_op_reg/QN   0.001             0.000             -0.001            tt_v1.8_25C_Nominal_25_func
     InstructionFetch_Module_instr_pc_addr_op_reg[31]/QN   0.001             0.000             -0.001            tt_v1.8_25C_Nominal_25_func
     InstructionFetch_Module_instr_pc_addr_op_reg[30]/QN   0.001             0.000             -0.001            tt_v1.8_25C_Nominal_25_func
     InstructionFetch_Module_instr_pc_addr_op_reg[29]/QN   0.001             0.000             -0.001            tt_v1.8_25C_Nominal_25_func
     InstructionFetch_Module_instr_pc_addr_op_reg[28]/QN   0.001             0.000             -0.001            tt_v1.8_25C_Nominal_25_func
     InstructionFetch_Module_instr_pc_addr_op_reg[27]/QN   0.001             0.000             -0.001            tt_v1.8_25C_Nominal_25_func
     InstructionFetch_Module_instr_pc_addr_op_reg[26]/QN   0.001             0.000             -0.001            tt_v1.8_25C_Nominal_25_func
     InstructionFetch_Module_instr_pc_addr_op_reg[25]/QN   0.001             0.000             -0.001            tt_v1.8_25C_Nominal_25_func
     InstructionFetch_Module_instr_pc_addr_op_reg[24]/QN   0.001             0.000             -0.001            tt_v1.8_25C_Nominal_25_func
     InstructionDecode_Module_alu_operand_b_ex_op_reg[1]/Q   0.001             0.000             -0.001            tt_v1.8_25C_Nominal_25_func
     InstructionDecode_Module_alu_operand_b_ex_op_reg[0]/Q   0.001             0.000             -0.001            tt_v1.8_25C_Nominal_25_func
     InstructionDecode_Module_ID_src2_reg_addr_reg[4]/QN   0.001             0.000             -0.001            tt_v1.8_25C_Nominal_25_func
     InstructionDecode_Module_ID_src2_reg_addr_reg[3]/QN   0.001             0.000             -0.001            tt_v1.8_25C_Nominal_25_func
     InstructionDecode_Module_ID_src2_reg_addr_reg[2]/QN   0.001             0.000             -0.001            tt_v1.8_25C_Nominal_25_func
     InstructionDecode_Module_ID_src2_reg_addr_reg[1]/QN   0.001             0.000             -0.001            tt_v1.8_25C_Nominal_25_func
     InstructionDecode_Module_ID_src2_reg_addr_reg[0]/QN   0.001             0.000             -0.001            tt_v1.8_25C_Nominal_25_func
     InstructionDecode_Module_ID_src1_reg_addr_reg[4]/QN   0.001             0.000             -0.001            tt_v1.8_25C_Nominal_25_func
     InstructionDecode_Module_ID_src1_reg_addr_reg[3]/QN   0.001             0.000             -0.001            tt_v1.8_25C_Nominal_25_func
     InstructionDecode_Module_ID_src1_reg_addr_reg[2]/QN   0.001             0.000             -0.001            tt_v1.8_25C_Nominal_25_func
     InstructionDecode_Module_ID_src1_reg_addr_reg[1]/QN   0.001             0.000             -0.001            tt_v1.8_25C_Nominal_25_func
     InstructionDecode_Module_ID_src1_reg_addr_reg[0]/QN   0.001             0.000             -0.001            tt_v1.8_25C_Nominal_25_func
     InstructionDecode_Module_J_IMM_reg[20]/Q   0.001             0.000             -0.001            tt_v1.8_25C_Nominal_25_func
     InstructionDecode_Module_J_IMM_reg[19]/Q   0.001             0.000             -0.001            tt_v1.8_25C_Nominal_25_func
     InstructionDecode_Module_J_IMM_reg[18]/Q   0.001             0.000             -0.001            tt_v1.8_25C_Nominal_25_func
     InstructionDecode_Module_J_IMM_reg[17]/Q   0.001             0.000             -0.001            tt_v1.8_25C_Nominal_25_func
     LoadStoreUnit_wb_alu_result_pt_op_reg[10]/QN   0.001             0.000             -0.001            tt_v1.8_25C_Nominal_25_func
     LoadStoreUnit_wb_alu_result_pt_op_reg[9]/QN   0.001             0.000             -0.001            tt_v1.8_25C_Nominal_25_func
     LoadStoreUnit_wb_alu_result_pt_op_reg[8]/QN   0.001             0.000             -0.001            tt_v1.8_25C_Nominal_25_func
     LoadStoreUnit_wb_alu_result_pt_op_reg[7]/QN   0.001             0.000             -0.001            tt_v1.8_25C_Nominal_25_func
     LoadStoreUnit_wb_alu_result_pt_op_reg[6]/QN   0.001             0.000             -0.001            tt_v1.8_25C_Nominal_25_func
     LoadStoreUnit_wb_alu_result_pt_op_reg[5]/QN   0.001             0.000             -0.001            tt_v1.8_25C_Nominal_25_func
     LoadStoreUnit_wb_alu_result_pt_op_reg[4]/QN   0.001             0.000             -0.001            tt_v1.8_25C_Nominal_25_func
     LoadStoreUnit_wb_alu_result_pt_op_reg[3]/QN   0.001             0.000             -0.001            tt_v1.8_25C_Nominal_25_func
     LoadStoreUnit_wb_alu_result_pt_op_reg[2]/QN   0.001             0.000             -0.001            tt_v1.8_25C_Nominal_25_func
     LoadStoreUnit_wb_alu_result_pt_op_reg[1]/QN   0.001             0.000             -0.001            tt_v1.8_25C_Nominal_25_func
     LoadStoreUnit_wb_alu_result_pt_op_reg[0]/QN   0.001             0.000             -0.001            tt_v1.8_25C_Nominal_25_func
     LoadStoreUnit_lsu_write_reg_addr_pt_op_reg[4]/Q   0.001             0.000             -0.001            tt_v1.8_25C_Nominal_25_func
     LoadStoreUnit_lsu_write_reg_addr_pt_op_reg[3]/Q   0.001             0.000             -0.001            tt_v1.8_25C_Nominal_25_func
     LoadStoreUnit_lsu_write_reg_addr_pt_op_reg[2]/QN   0.001             0.000             -0.001            tt_v1.8_25C_Nominal_25_func
     LoadStoreUnit_lsu_write_reg_addr_pt_op_reg[1]/QN   0.001             0.000             -0.001            tt_v1.8_25C_Nominal_25_func
     LoadStoreUnit_lsu_write_reg_addr_pt_op_reg[0]/QN   0.001             0.000             -0.001            tt_v1.8_25C_Nominal_25_func
     InstructionExecute_Module_alu_valid_op_reg/QN   0.001             0.000             -0.001            tt_v1.8_25C_Nominal_25_func
     InstructionDecode_Module_alu_operator_op_reg[1]/QN   0.001             0.000             -0.001            tt_v1.8_25C_Nominal_25_func
     InstructionDecode_Module_alu_operator_op_reg[0]/QN   0.001             0.000             -0.001            tt_v1.8_25C_Nominal_25_func
     LoadStoreUnit_load_mem_data_op_reg[0]320/Q   0.001             0.000             -0.001            tt_v1.8_25C_Nominal_25_func
     LoadStoreUnit_lsu_wb_mux_pt_op_reg[2]/QN   0.001             0.000             -0.001            tt_v1.8_25C_Nominal_25_func
     LoadStoreUnit_lsu_wb_mux_pt_op_reg[1]/QN   0.001             0.000             -0.001            tt_v1.8_25C_Nominal_25_func
     LoadStoreUnit_lsu_wb_mux_pt_op_reg[0]/QN   0.001             0.000             -0.001            tt_v1.8_25C_Nominal_25_func
     LoadStoreUnit_lsu_pc_addr_pt_op_reg[31]/QN   0.001             0.000             -0.001            tt_v1.8_25C_Nominal_25_func
     LoadStoreUnit_lsu_pc_addr_pt_op_reg[30]/QN   0.001             0.000             -0.001            tt_v1.8_25C_Nominal_25_func
     LoadStoreUnit_lsu_pc_addr_pt_op_reg[29]/QN   0.001             0.000             -0.001            tt_v1.8_25C_Nominal_25_func
     LoadStoreUnit_lsu_pc_addr_pt_op_reg[28]/QN   0.001             0.000             -0.001            tt_v1.8_25C_Nominal_25_func
     LoadStoreUnit_lsu_pc_addr_pt_op_reg[27]/QN   0.001             0.000             -0.001            tt_v1.8_25C_Nominal_25_func
     LoadStoreUnit_lsu_pc_addr_pt_op_reg[26]/QN   0.001             0.000             -0.001            tt_v1.8_25C_Nominal_25_func
     LoadStoreUnit_lsu_pc_addr_pt_op_reg[25]/QN   0.001             0.000             -0.001            tt_v1.8_25C_Nominal_25_func
     LoadStoreUnit_lsu_pc_addr_pt_op_reg[24]/QN   0.001             0.000             -0.001            tt_v1.8_25C_Nominal_25_func
     LoadStoreUnit_lsu_pc_addr_pt_op_reg[23]/QN   0.001             0.000             -0.001            tt_v1.8_25C_Nominal_25_func
     InstructionDecode_Module_J_IMM_reg[16]/Q   0.001             0.000             -0.001            tt_v1.8_25C_Nominal_25_func
     InstructionDecode_Module_J_IMM_reg[15]/Q   0.001             0.000             -0.001            tt_v1.8_25C_Nominal_25_func
     InstructionDecode_Module_J_IMM_reg[14]/Q   0.001             0.000             -0.001            tt_v1.8_25C_Nominal_25_func
     InstructionDecode_Module_J_IMM_reg[13]/Q   0.001             0.000             -0.001            tt_v1.8_25C_Nominal_25_func
     InstructionDecode_Module_J_IMM_reg[12]/Q   0.001             0.000             -0.001            tt_v1.8_25C_Nominal_25_func
     InstructionDecode_Module_J_IMM_reg[11]/Q   0.001             0.000             -0.001            tt_v1.8_25C_Nominal_25_func
     InstructionDecode_Module_J_IMM_reg[10]/Q   0.001             0.000             -0.001            tt_v1.8_25C_Nominal_25_func
     InstructionDecode_Module_J_IMM_reg[9]/Q   0.001             0.000             -0.001            tt_v1.8_25C_Nominal_25_func
     LoadStoreUnit_wb_alu_result_pt_op_reg[18]/QN   0.001             0.000             -0.001            tt_v1.8_25C_Nominal_25_func
     LoadStoreUnit_wb_alu_result_pt_op_reg[17]/QN   0.001             0.000             -0.001            tt_v1.8_25C_Nominal_25_func
     LoadStoreUnit_wb_alu_result_pt_op_reg[16]/QN   0.001             0.000             -0.001            tt_v1.8_25C_Nominal_25_func
     LoadStoreUnit_wb_alu_result_pt_op_reg[15]/QN   0.001             0.000             -0.001            tt_v1.8_25C_Nominal_25_func
     LoadStoreUnit_wb_alu_result_pt_op_reg[14]/QN   0.001             0.000             -0.001            tt_v1.8_25C_Nominal_25_func
     LoadStoreUnit_wb_alu_result_pt_op_reg[13]/QN   0.001             0.000             -0.001            tt_v1.8_25C_Nominal_25_func
     LoadStoreUnit_wb_alu_result_pt_op_reg[12]/QN   0.001             0.000             -0.001            tt_v1.8_25C_Nominal_25_func
     LoadStoreUnit_wb_alu_result_pt_op_reg[11]/QN   0.001             0.000             -0.001            tt_v1.8_25C_Nominal_25_func
     InstructionDecode_Module_J_IMM_reg[8]/Q   0.001             0.000             -0.001            tt_v1.8_25C_Nominal_25_func
     InstructionDecode_Module_J_IMM_reg[7]/Q   0.001             0.000             -0.001            tt_v1.8_25C_Nominal_25_func
     InstructionDecode_Module_J_IMM_reg[6]/Q   0.001             0.000             -0.001            tt_v1.8_25C_Nominal_25_func
     InstructionDecode_Module_J_IMM_reg[5]/Q   0.001             0.000             -0.001            tt_v1.8_25C_Nominal_25_func
     LoadStoreUnit_wb_alu_result_pt_op_reg[26]/QN   0.001             0.000             -0.001            tt_v1.8_25C_Nominal_25_func
     LoadStoreUnit_wb_alu_result_pt_op_reg[25]/QN   0.001             0.000             -0.001            tt_v1.8_25C_Nominal_25_func
     LoadStoreUnit_wb_alu_result_pt_op_reg[24]/QN   0.001             0.000             -0.001            tt_v1.8_25C_Nominal_25_func
     LoadStoreUnit_wb_alu_result_pt_op_reg[23]/QN   0.001             0.000             -0.001            tt_v1.8_25C_Nominal_25_func
     LoadStoreUnit_wb_alu_result_pt_op_reg[22]/QN   0.001             0.000             -0.001            tt_v1.8_25C_Nominal_25_func
     LoadStoreUnit_wb_alu_result_pt_op_reg[21]/QN   0.001             0.000             -0.001            tt_v1.8_25C_Nominal_25_func
     LoadStoreUnit_wb_alu_result_pt_op_reg[20]/QN   0.001             0.000             -0.001            tt_v1.8_25C_Nominal_25_func
     LoadStoreUnit_wb_alu_result_pt_op_reg[19]/QN   0.001             0.000             -0.001            tt_v1.8_25C_Nominal_25_func
     InstructionDecode_Module_J_IMM_reg[4]/Q   0.001             0.000             -0.001            tt_v1.8_25C_Nominal_25_func
     InstructionDecode_Module_J_IMM_reg[3]/Q   0.001             0.000             -0.001            tt_v1.8_25C_Nominal_25_func
     LoadStoreUnit_wb_alu_result_pt_op_reg[30]/QN   0.001             0.000             -0.001            tt_v1.8_25C_Nominal_25_func
     LoadStoreUnit_wb_alu_result_pt_op_reg[29]/QN   0.001             0.000             -0.001            tt_v1.8_25C_Nominal_25_func
     LoadStoreUnit_wb_alu_result_pt_op_reg[28]/QN   0.001             0.000             -0.001            tt_v1.8_25C_Nominal_25_func
     LoadStoreUnit_wb_alu_result_pt_op_reg[27]/QN   0.001             0.000             -0.001            tt_v1.8_25C_Nominal_25_func
     InstructionDecode_Module_J_IMM_reg[2]/Q   0.001             0.000             -0.001            tt_v1.8_25C_Nominal_25_func
     LoadStoreUnit_wb_alu_result_valid_pt_op_reg/QN   0.001             0.000             -0.001            tt_v1.8_25C_Nominal_25_func
     LoadStoreUnit_wb_alu_result_pt_op_reg[31]/QN   0.001             0.000             -0.001            tt_v1.8_25C_Nominal_25_func
     InstructionDecode_Module_J_IMM_reg[1]/Q   0.001             0.000             -0.001            tt_v1.8_25C_Nominal_25_func
     g46847/CO             0.001             0.000             -0.001            tt_v1.8_25C_Nominal_25_func

Check type : min_transition
---------------------------
 No Violations found

Check type : min_fanout
---------------------------
 No Violations found
