
Cadence Innovus(TM) Implementation System.
Copyright 2025 Cadence Design Systems, Inc. All rights reserved worldwide.

Version:	v25.11-s102_1, built Wed Aug 27 13:03:08 PDT 2025
Options:	-batch -stylus -log /nethome/dkhalil8/InnovateECE/PhysicalDesign/RTL2GDS/design/logs/cts -disable_user_startup -execute if {[catch {init_flow  {flow_script {} yaml_script /nethome/dkhalil8/InnovateECE/PhysicalDesign/RTL2GDS/design/scripts/flow.yaml flow_no_check 0 parent_uuid {} previous_uuid {} top_dir /nethome/dkhalil8/InnovateECE/PhysicalDesign/RTL2GDS/design flow_dir . status_file /nethome/dkhalil8/InnovateECE/PhysicalDesign/RTL2GDS/design/flow.status.d/cts metrics_file /nethome/dkhalil8/InnovateECE/PhysicalDesign/RTL2GDS/design/flow.metrics.d/cts run_tag {} db {enc /nethome/dkhalil8/InnovateECE/PhysicalDesign/RTL2GDS/design/dbs/prects.enc_1 Core {}} db_is_ref_run 0 branch {} caller_data {group 0 process_branch 0 trunk_process 1 flowtool_hostname ece-linlabsrv01.ece.gatech.edu flowtool_pid 2279554} flow {flow flow:flow_current dir . db {enc dbs/prects.enc_1 Core {}} branch {} tool innovus caller_data {group 0 process_branch 0 trunk_process 1 flowtool_hostname ece-linlabsrv01.ece.gatech.edu flowtool_pid 2279554} uuid {} tool_options {} start_step {tool innovus flow flow:flow_current canonical_path {.steps flow:implementation .steps flow:cts .steps flow_step:block_start} step flow_step:block_start features {} str implementation.cts.block_start} process_branch_trunk 1} flow_name flow:flow_current first_step {tool innovus flow flow:flow_current canonical_path {.steps flow:implementation .steps flow:cts .steps flow_step:block_start} step flow_step:block_start features {} str implementation.cts.block_start} interactive 0 interactive_run 0 enabled_features {} inject_tcl {} trunk_process 1 aum_upload false tool_options {} overwrite 0 last_step {tool innovus flow flow:flow_current canonical_path {.steps flow:implementation .steps flow:cts .steps flow_step:schedule_cts_report_postcts} step flow_step:schedule_cts_report_postcts features {} str implementation.cts.schedule_cts_report_postcts} log_prefix /nethome/dkhalil8/InnovateECE/PhysicalDesign/RTL2GDS/design/logs/cts}; run_flow -from {tool innovus flow flow:flow_current canonical_path {.steps flow:implementation .steps flow:cts .steps flow_step:block_start} step flow_step:block_start features {} str implementation.cts.block_start} -to {tool innovus flow flow:flow_current canonical_path {.steps flow:implementation .steps flow:cts .steps flow_step:schedule_cts_report_postcts} step flow_step:schedule_cts_report_postcts features {} str implementation.cts.schedule_cts_report_postcts}} msg]} { puts [concat {Tcl error:} $errorInfo]; set fp [open {/nethome/dkhalil8/InnovateECE/PhysicalDesign/RTL2GDS/design/flow.status.d/cts} a]; puts $fp {}; puts $fp [list [list script run_tcl status error flow {flow:flow_current} branch {} flow_working_directory {.} flow_starting_db {enc /nethome/dkhalil8/InnovateECE/PhysicalDesign/RTL2GDS/design/dbs/prects.enc_1 Core {}} {tool_options} {} steps_run [get_db flow_step_canonical_current] msg $msg]]; close $fp; exit 1 }; exit 0 
Date:		Mon Mar 23 22:21:45 2026
Host:		ece-linlabsrv01 (x86_64 w/Linux 4.18.0-553.111.1.el8_10.x86_64) (14cores*112cpus*Intel(R) Xeon(R) Gold 5117 CPU @ 2.00GHz 19712KB)
OS:		Red Hat Enterprise Linux 8.10 (Ootpa)

License:
		[22:21:45.185729] Configured Lic search path (25.01-s002): 5280@ece-winlic.ece.gatech.edu

		invs	Innovus Implementation System	25.1	checkout succeeded
		8 CPU jobs allowed with the current license(s). Use set_multi_cpu_usage to set your required CPU count.


Create and set the environment variable TMPDIR to /nethome/dkhalil8/InnovateECE/PhysicalDesign/RTL2GDS/design/innovus_temp_2303017_f4bfa2ac-30a1-43c2-b907-9e5240d8a3a5_ece-linlabsrv01_dkhalil8_3YLXbp.

Change the soft stacksize limit to 0.2%RAM (770 mbytes). Set global soft_stack_size_limit to change the value.
[INFO] Loading Pegasus 24.14 fill procedures
Info: Process UID = 2303017 / f4bfa2ac-30a1-43c2-b907-9e5240d8a3a5 / GZZZonbjxS

**INFO:  MMMC transition support version v31-84 

#@ Processing -execute option
@innovus 1> if {[catch {init_flow  {flow_script {} yaml_script /nethome/dkhalil8/InnovateECE/PhysicalDesign/RTL2GDS/design/scripts/flow.yaml flow_no_check 0 parent_uuid {} previous_uuid {} top_dir /nethome/dkhalil8/InnovateECE/PhysicalDesign/RTL2GDS/design flow_dir . status_file /nethome/dkhalil8/InnovateECE/PhysicalDesign/RTL2GDS/design/flow.status.d/cts metrics_file /nethome/dkhalil8/InnovateECE/PhysicalDesign/RTL2GDS/design/flow.metrics.d/cts run_tag {} db {enc /nethome/dkhalil8/InnovateECE/PhysicalDesign/RTL2GDS/design/dbs/prects.enc_1 Core {}} db_is_ref_run 0 branch {} caller_data {group 0 process_branch 0 trunk_process 1 flowtool_hostname ece-linlabsrv01.ece.gatech.edu flowtool_pid 2279554} flow {flow flow:flow_current dir . db {enc dbs/prects.enc_1 Core {}} branch {} tool innovus caller_data {group 0 process_branch 0 trunk_process 1 flowtool_hostname ece-linlabsrv01.ece.gatech.edu flowtool_pid 2279554} uuid {} tool_options {} start_step {tool innovus flow flow:flow_current canonical_path {.steps flow:implementation .steps flow:cts .steps flow_step:block_start} step flow_step:block_start features {} str implementation.cts.block_start} process_branch_trunk 1} flow_name flow:flow_current first_step {tool innovus flow flow:flow_current canonical_path {.steps flow:implementation .steps flow:cts .steps flow_step:block_start} step flow_step:block_start features {} str implementation.cts.block_start} interactive 0 interactive_run 0 enabled_features {} inject_tcl {} trunk_process 1 aum_upload false tool_options {} overwrite 0 last_step {tool innovus flow flow:flow_current canonical_path {.steps flow:implementation .steps flow:cts .steps flow_step:schedule_cts_report_postcts} step flow_step:schedule_cts_report_postcts features {} str implementation.cts.schedule_cts_report_postcts} log_prefix /nethome/dkhalil8/InnovateECE/PhysicalDesign/RTL2GDS/design/logs/cts}; run_flow -from {tool innovus flow flow:flow_current canonical_path {.steps flow:implementation .steps flow:cts .steps flow_step:block_start} step flow_step:block_start features {} str implementation.cts.block_start} -to {tool innovus flow flow:flow_current canonical_path {.steps flow:implementation .steps flow:cts .steps flow_step:schedule_cts_report_postcts} step flow_step:schedule_cts_report_postcts features {} str implementation.cts.schedule_cts_report_postcts}} msg]} { puts [concat {Tcl error:} $errorInfo]; set fp [open {/nethome/dkhalil8/InnovateECE/PhysicalDesign/RTL2GDS/design/flow.status.d/cts} a]; puts $fp {}; puts $fp [list [list script run_tcl status error flow {flow:flow_current} branch {} flow_working_directory {.} flow_starting_db {enc /nethome/dkhalil8/InnovateECE/PhysicalDesign/RTL2GDS/design/dbs/prects.enc_1 Core {}} {tool_options} {} steps_run [get_db flow_step_canonical_current] msg $msg]]; close $fp; exit 1 }; exit 0
init_flow summary:
  Flow script        : 
  YAML script        : /nethome/dkhalil8/InnovateECE/PhysicalDesign/RTL2GDS/design/scripts/flow.yaml
  Flow               : flow:flow_current
  From               : implementation.cts.block_start
  To                 : implementation.cts.schedule_cts_report_postcts
  Top directory      : /nethome/dkhalil8/InnovateECE/PhysicalDesign/RTL2GDS/design
  Working directory  : .
  Starting database  : /nethome/dkhalil8/InnovateECE/PhysicalDesign/RTL2GDS/design/dbs/prects.enc_1
  Run tag            : 
  Branch name        : 
  Metrics file       : /nethome/dkhalil8/InnovateECE/PhysicalDesign/RTL2GDS/design/flow.metrics.d/cts
  Status file        : /nethome/dkhalil8/InnovateECE/PhysicalDesign/RTL2GDS/design/flow.status.d/cts
reading previous metrics...
Sourcing flow scripts...
Sourcing flow scripts done.
Begin steps for plugin point Cadence.plugin.flowkit.read_db.pre
#@ Begin verbose flow_step activate_views
@flow 2: apply {{} {
    set db [get_db flow_starting_db]
    set flow [lindex [get_db flow_hier_path] end]
    set setup_views [get_feature -obj $flow setup_views]
    set hold_views [get_feature -obj $flow hold_views]
    set leakage_view [get_feature -obj $flow leakage_view]
    set dynamic_view [get_feature -obj $flow dynamic_view]
  
    if {($setup_views ne "") || ($hold_views ne "") || ($leakage_view ne "") || ($dynamic_view ne "")} {
      #- use read_db args for DB types and set_analysis_views for TCL
      if {([llength [get_db analysis_views]]) > 0 &&  ([lindex $db 0] eq {tcl} || [lindex $db 0] in {enc cdb} && [file isfile [lindex $db 1]])} {
        set cmd "set_analysis_view"
        if {$setup_views ne ""} {
          append cmd " -setup [list $setup_views]"
        } else {
          append cmd " -setup [list [get_db [get_db analysis_views -if .is_setup] .name]]"
        }
        if {$hold_views ne ""} {
          append cmd " -hold [list $hold_views]"
        } else {
          append cmd " -hold [list [get_db [get_db analysis_views -if .is_hold] .name]]"
        }
        if {$leakage_view ne ""} {
          append cmd " -leakage [list $leakage_view]"
        } else {
          if {[llength [get_db analysis_views -if .is_leakage]] > 0} {
            append cmd " -leakage [list [get_db [get_db analysis_views -if .is_leakage] .name]]"
          }
        }
        if {$dynamic_view ne ""} {
          append cmd " -dynamic [list $dynamic_view]"
        } else {
          if {[llength [get_db analysis_views -if .is_dynamic]] > 0} {
            append cmd " -dynamic [list [get_db [get_db analysis_views -if .is_dynamic] .name]]"
          }
        }
        eval $cmd
      } elseif {[llength [get_db analysis_views]] == 0} {
        set cmd "set_flowkit_read_db_args"
        if {$setup_views ne ""} {
          append cmd " -setup_views [list $setup_views]"
        }
        if {$hold_views ne ""} {
          append cmd " -hold_views [list $hold_views]"
        }
        if {$leakage_view ne ""} {
          append cmd " -leakage_view [list $leakage_view]"
        }
        if {$dynamic_view ne ""} {
          append cmd " -dynamic_view [list $dynamic_view]"
        }
        eval $cmd
      } else {
      }
    }
  }}
#@ End verbose flow_step activate_views
#@ Begin verbose flow_step init_mcpu
@flow 2: apply {{} {
    # Multi host/cpu attributes
    #-----------------------------------------------------------------------------
    # The FLOWTOOL_NUM_CPUS is an environment variable which should be exported by
    # the specified dist script.  This connects the number of CPUs being reserved
    # for batch jobs with the current flow scripts.  The LSB_MAX_NUM_PROCESSORS is
    # a typical environment variable exported by distribution platforms and is
    # useful for ensuring all interactive jobs are using the reserved amount of CPUs.
    if {[info exists ::env(FLOWTOOL_NUM_CPUS)]} {
      set max_cpus $::env(FLOWTOOL_NUM_CPUS)
    } elseif {[info exists ::env(LSB_MAX_NUM_PROCESSORS)]} {
      set max_cpus $::env(LSB_MAX_NUM_PROCESSORS)
    } else {
      set max_cpus 1
    }
    switch -glob [get_db program_short_name] {
      default       {}
      joules*       -
      genus*        -
      innovus*      -
      tempus*       -
      voltus*       { set_multi_cpu_usage -verbose -local_cpu $max_cpus }
    }
if {[get_feature opt_signoff]} {
      if {[is_flow -inside flow:opt_signoff]} {
        set_multi_cpu_usage -verbose -remote_host 1
        set_multi_cpu_usage -verbose -cpu_per_remote_host 16
        set_distributed_hosts -local
      }
}
  }}
set_multi_cpu_usage -local_cpu 1
#@ End verbose flow_step init_mcpu
End steps for plugin point Cadence.plugin.flowkit.read_db.pre
#% Begin load design ... (date=03/23 22:22:29, mem=2092.3M)
**WARN: (IMPDBTCL-321):	The attribute 'timing_aocv_enable_gba_combine_launch_capture' still works but will be obsolete in a future major release. You should remove it from your script before the next major release to avoid errors.
**WARN: (IMPDBTCL-321):	The attribute 'timing_aocv_enable_gba_combine_launch_capture' still works but will be obsolete in a future major release. You should remove it from your script before the next major release to avoid errors.
**WARN: (IMPDBTCL-321):	The attribute 'timing_aocv_enable_gba_combine_launch_capture' still works but will be obsolete in a future major release. You should remove it from your script before the next major release to avoid errors.
**WARN: (IMPDBTCL-321):	The attribute 'timing_enable_backward_compatible_latch_thru_mt_mode' still works but will be obsolete in a future major release. You should remove it from your script before the next major release to avoid errors.
**WARN: (IMPDBTCL-321):	The attribute 'timing_enable_backward_compatible_latch_thru_mt_mode' still works but will be obsolete in a future major release. You should remove it from your script before the next major release to avoid errors.
**WARN: (IMPDBTCL-321):	The attribute 'timing_enable_backward_compatible_latch_thru_mt_mode' still works but will be obsolete in a future major release. You should remove it from your script before the next major release to avoid errors.
**WARN: (IMPDB-6501):	"set_db design_process_node" will be obsoleted in future release. Remove it from the script to avoid the interruption of running the script in future.
##  Process: 130           (User Set)               
##     Node: (not set)                           

##  Check design process and node:  
##  Design tech node is not set.

Applying the recommended capacitance filtering threshold values for 130nm process node: total_c_th=0, relative_c_th=1 and coupling_c_th=0.4.
	These values will be used by all post-route extraction engines, including TQuantus, IQuantus and Quantus QRC extraction.
	Capacitance filtering mode(extract_rc_cap_filter_mode option of the set_db) is 'relative_and_coupling' for all engines.
	The accuracy mode for post_route extract_rc_effort_level low extraction will be set to 'standard'.
	Default value for EffortLevel(extract_rc_effort_level option of the set_db) in post_route extraction mode is 'low'.
**WARN: (IMPDBTCL-321):	The attribute 'timing_aocv_enable_gba_combine_launch_capture' still works but will be obsolete in a future major release. You should remove it from your script before the next major release to avoid errors.
**WARN: (IMPDBTCL-321):	The attribute 'timing_enable_backward_compatible_latch_thru_mt_mode' still works but will be obsolete in a future major release. You should remove it from your script before the next major release to avoid errors.
**WARN: (IMPDBTCL-321):	The attribute 'timing_enable_separate_device_slew_effect_sensitivities' still works but will be obsolete in a future major release. You should remove it from your script before the next major release to avoid errors.
**WARN: (IMPDBTCL-321):	The attribute 'timing_aocv_enable_gba_combine_launch_capture' still works but will be obsolete in a future major release. You should remove it from your script before the next major release to avoid errors.
**WARN: (IMPDBTCL-321):	The attribute 'timing_aocv_enable_gba_combine_launch_capture' still works but will be obsolete in a future major release. You should remove it from your script before the next major release to avoid errors.
**WARN: (IMPDBTCL-321):	The attribute 'timing_aocv_enable_gba_combine_launch_capture' still works but will be obsolete in a future major release. You should remove it from your script before the next major release to avoid errors.
**WARN: (IMPDBTCL-321):	The attribute 'timing_enable_backward_compatible_latch_thru_mt_mode' still works but will be obsolete in a future major release. You should remove it from your script before the next major release to avoid errors.
**WARN: (IMPDBTCL-321):	The attribute 'timing_enable_backward_compatible_latch_thru_mt_mode' still works but will be obsolete in a future major release. You should remove it from your script before the next major release to avoid errors.
**WARN: (IMPDBTCL-321):	The attribute 'timing_enable_backward_compatible_latch_thru_mt_mode' still works but will be obsolete in a future major release. You should remove it from your script before the next major release to avoid errors.
Loading design 'Core' saved by 'Innovus' '25.11-s102_1' on 'Mon Mar 23 22:20:56 2026'.
Reading tt_v1.8_25C timing library '/nethome/dkhalil8/InnovateECE/PhysicalDesign/RTL2GDS/SiliconJackets/cadence_sky130/sky130_scl_9T_0.0.5/lib/sky130_tt_1.8_25_nldm.lib' ...
Read 109 cells in library 'sky130_tt_1.8_25' 
Reading tt_v1.8_25C timing library '/nethome/dkhalil8/InnovateECE/PhysicalDesign/RTL2GDS/SiliconJackets/sram_sky130/lib/sky130_sram_2kbyte_1rw1r_32x512_8_TT_1p8V_25C.lib' ...
Read 1 cells in library 'sky130_sram_2kbyte_1rw1r_32x512_8_TT_1p8V_25C_lib' 
ff_v1.98_0C tt_v1.8_25C ss_v1.62_125C
Nominal_25C

Loading LEF file /nethome/dkhalil8/InnovateECE/PhysicalDesign/RTL2GDS/design/dbs/prects.enc_1/libs/lef/sky130_scl_9T.tlef ...

Loading LEF file /nethome/dkhalil8/InnovateECE/PhysicalDesign/RTL2GDS/design/dbs/prects.enc_1/libs/lef/sky130_scl_9T.lef ...
Set DBUPerIGU to M2 pitch 460.

Loading LEF file /nethome/dkhalil8/InnovateECE/PhysicalDesign/RTL2GDS/design/dbs/prects.enc_1/libs/lef/sky130_sram_2kbyte_1rw1r_32x512_8.lef ...
**WARN: (IMPLF-200):	Pin 'din0[0]' in macro 'sky130_sram_2kbyte_1rw1r_32x512_8' has no ANTENNAGATEAREA value defined. The library data is incomplete and some process antenna rules will not be checked correctly.
Type 'man IMPLF-200' for more detail.
**WARN: (IMPLF-200):	Pin 'din0[1]' in macro 'sky130_sram_2kbyte_1rw1r_32x512_8' has no ANTENNAGATEAREA value defined. The library data is incomplete and some process antenna rules will not be checked correctly.
Type 'man IMPLF-200' for more detail.
**WARN: (IMPLF-200):	Pin 'din0[2]' in macro 'sky130_sram_2kbyte_1rw1r_32x512_8' has no ANTENNAGATEAREA value defined. The library data is incomplete and some process antenna rules will not be checked correctly.
Type 'man IMPLF-200' for more detail.
**WARN: (IMPLF-200):	Pin 'din0[3]' in macro 'sky130_sram_2kbyte_1rw1r_32x512_8' has no ANTENNAGATEAREA value defined. The library data is incomplete and some process antenna rules will not be checked correctly.
Type 'man IMPLF-200' for more detail.
**WARN: (IMPLF-200):	Pin 'din0[4]' in macro 'sky130_sram_2kbyte_1rw1r_32x512_8' has no ANTENNAGATEAREA value defined. The library data is incomplete and some process antenna rules will not be checked correctly.
Type 'man IMPLF-200' for more detail.
**WARN: (IMPLF-200):	Pin 'din0[5]' in macro 'sky130_sram_2kbyte_1rw1r_32x512_8' has no ANTENNAGATEAREA value defined. The library data is incomplete and some process antenna rules will not be checked correctly.
Type 'man IMPLF-200' for more detail.
**WARN: (IMPLF-200):	Pin 'din0[6]' in macro 'sky130_sram_2kbyte_1rw1r_32x512_8' has no ANTENNAGATEAREA value defined. The library data is incomplete and some process antenna rules will not be checked correctly.
Type 'man IMPLF-200' for more detail.
**WARN: (IMPLF-200):	Pin 'din0[7]' in macro 'sky130_sram_2kbyte_1rw1r_32x512_8' has no ANTENNAGATEAREA value defined. The library data is incomplete and some process antenna rules will not be checked correctly.
Type 'man IMPLF-200' for more detail.
**WARN: (IMPLF-200):	Pin 'din0[8]' in macro 'sky130_sram_2kbyte_1rw1r_32x512_8' has no ANTENNAGATEAREA value defined. The library data is incomplete and some process antenna rules will not be checked correctly.
Type 'man IMPLF-200' for more detail.
**WARN: (IMPLF-200):	Pin 'din0[9]' in macro 'sky130_sram_2kbyte_1rw1r_32x512_8' has no ANTENNAGATEAREA value defined. The library data is incomplete and some process antenna rules will not be checked correctly.
Type 'man IMPLF-200' for more detail.
**WARN: (IMPLF-200):	Pin 'din0[10]' in macro 'sky130_sram_2kbyte_1rw1r_32x512_8' has no ANTENNAGATEAREA value defined. The library data is incomplete and some process antenna rules will not be checked correctly.
Type 'man IMPLF-200' for more detail.
**WARN: (IMPLF-200):	Pin 'din0[11]' in macro 'sky130_sram_2kbyte_1rw1r_32x512_8' has no ANTENNAGATEAREA value defined. The library data is incomplete and some process antenna rules will not be checked correctly.
Type 'man IMPLF-200' for more detail.
**WARN: (IMPLF-200):	Pin 'din0[12]' in macro 'sky130_sram_2kbyte_1rw1r_32x512_8' has no ANTENNAGATEAREA value defined. The library data is incomplete and some process antenna rules will not be checked correctly.
Type 'man IMPLF-200' for more detail.
**WARN: (IMPLF-200):	Pin 'din0[13]' in macro 'sky130_sram_2kbyte_1rw1r_32x512_8' has no ANTENNAGATEAREA value defined. The library data is incomplete and some process antenna rules will not be checked correctly.
Type 'man IMPLF-200' for more detail.
**WARN: (IMPLF-200):	Pin 'din0[14]' in macro 'sky130_sram_2kbyte_1rw1r_32x512_8' has no ANTENNAGATEAREA value defined. The library data is incomplete and some process antenna rules will not be checked correctly.
Type 'man IMPLF-200' for more detail.
**WARN: (IMPLF-200):	Pin 'din0[15]' in macro 'sky130_sram_2kbyte_1rw1r_32x512_8' has no ANTENNAGATEAREA value defined. The library data is incomplete and some process antenna rules will not be checked correctly.
Type 'man IMPLF-200' for more detail.
**WARN: (IMPLF-200):	Pin 'din0[16]' in macro 'sky130_sram_2kbyte_1rw1r_32x512_8' has no ANTENNAGATEAREA value defined. The library data is incomplete and some process antenna rules will not be checked correctly.
Type 'man IMPLF-200' for more detail.
**WARN: (IMPLF-200):	Pin 'din0[17]' in macro 'sky130_sram_2kbyte_1rw1r_32x512_8' has no ANTENNAGATEAREA value defined. The library data is incomplete and some process antenna rules will not be checked correctly.
Type 'man IMPLF-200' for more detail.
**WARN: (IMPLF-200):	Pin 'din0[18]' in macro 'sky130_sram_2kbyte_1rw1r_32x512_8' has no ANTENNAGATEAREA value defined. The library data is incomplete and some process antenna rules will not be checked correctly.
Type 'man IMPLF-200' for more detail.
**WARN: (IMPLF-200):	Pin 'din0[19]' in macro 'sky130_sram_2kbyte_1rw1r_32x512_8' has no ANTENNAGATEAREA value defined. The library data is incomplete and some process antenna rules will not be checked correctly.
Type 'man IMPLF-200' for more detail.
**WARN: (EMS-27):	Message (IMPLF-200) has exceeded the current message display limit of 20.
To increase the message display limit, refer to the product command reference manual.
**WARN: (IMPLF-201):	Pin 'dout0[0]' in macro 'sky130_sram_2kbyte_1rw1r_32x512_8' has no ANTENNADIFFAREA value defined. The library data is incomplete and some process antenna rules will not be checked correctly.
Type 'man IMPLF-201' for more detail.
**WARN: (IMPLF-201):	Pin 'dout0[1]' in macro 'sky130_sram_2kbyte_1rw1r_32x512_8' has no ANTENNADIFFAREA value defined. The library data is incomplete and some process antenna rules will not be checked correctly.
Type 'man IMPLF-201' for more detail.
**WARN: (IMPLF-201):	Pin 'dout0[2]' in macro 'sky130_sram_2kbyte_1rw1r_32x512_8' has no ANTENNADIFFAREA value defined. The library data is incomplete and some process antenna rules will not be checked correctly.
Type 'man IMPLF-201' for more detail.
**WARN: (IMPLF-201):	Pin 'dout0[3]' in macro 'sky130_sram_2kbyte_1rw1r_32x512_8' has no ANTENNADIFFAREA value defined. The library data is incomplete and some process antenna rules will not be checked correctly.
Type 'man IMPLF-201' for more detail.
**WARN: (IMPLF-201):	Pin 'dout0[4]' in macro 'sky130_sram_2kbyte_1rw1r_32x512_8' has no ANTENNADIFFAREA value defined. The library data is incomplete and some process antenna rules will not be checked correctly.
Type 'man IMPLF-201' for more detail.
**WARN: (IMPLF-201):	Pin 'dout0[5]' in macro 'sky130_sram_2kbyte_1rw1r_32x512_8' has no ANTENNADIFFAREA value defined. The library data is incomplete and some process antenna rules will not be checked correctly.
Type 'man IMPLF-201' for more detail.
**WARN: (IMPLF-201):	Pin 'dout0[6]' in macro 'sky130_sram_2kbyte_1rw1r_32x512_8' has no ANTENNADIFFAREA value defined. The library data is incomplete and some process antenna rules will not be checked correctly.
Type 'man IMPLF-201' for more detail.
**WARN: (IMPLF-201):	Pin 'dout0[7]' in macro 'sky130_sram_2kbyte_1rw1r_32x512_8' has no ANTENNADIFFAREA value defined. The library data is incomplete and some process antenna rules will not be checked correctly.
Type 'man IMPLF-201' for more detail.
**WARN: (IMPLF-201):	Pin 'dout0[8]' in macro 'sky130_sram_2kbyte_1rw1r_32x512_8' has no ANTENNADIFFAREA value defined. The library data is incomplete and some process antenna rules will not be checked correctly.
Type 'man IMPLF-201' for more detail.
**WARN: (IMPLF-201):	Pin 'dout0[9]' in macro 'sky130_sram_2kbyte_1rw1r_32x512_8' has no ANTENNADIFFAREA value defined. The library data is incomplete and some process antenna rules will not be checked correctly.
Type 'man IMPLF-201' for more detail.
**WARN: (IMPLF-201):	Pin 'dout0[10]' in macro 'sky130_sram_2kbyte_1rw1r_32x512_8' has no ANTENNADIFFAREA value defined. The library data is incomplete and some process antenna rules will not be checked correctly.
Type 'man IMPLF-201' for more detail.
**WARN: (IMPLF-201):	Pin 'dout0[11]' in macro 'sky130_sram_2kbyte_1rw1r_32x512_8' has no ANTENNADIFFAREA value defined. The library data is incomplete and some process antenna rules will not be checked correctly.
Type 'man IMPLF-201' for more detail.
**WARN: (IMPLF-201):	Pin 'dout0[12]' in macro 'sky130_sram_2kbyte_1rw1r_32x512_8' has no ANTENNADIFFAREA value defined. The library data is incomplete and some process antenna rules will not be checked correctly.
Type 'man IMPLF-201' for more detail.
**WARN: (IMPLF-201):	Pin 'dout0[13]' in macro 'sky130_sram_2kbyte_1rw1r_32x512_8' has no ANTENNADIFFAREA value defined. The library data is incomplete and some process antenna rules will not be checked correctly.
Type 'man IMPLF-201' for more detail.
**WARN: (IMPLF-201):	Pin 'dout0[14]' in macro 'sky130_sram_2kbyte_1rw1r_32x512_8' has no ANTENNADIFFAREA value defined. The library data is incomplete and some process antenna rules will not be checked correctly.
Type 'man IMPLF-201' for more detail.
**WARN: (IMPLF-201):	Pin 'dout0[15]' in macro 'sky130_sram_2kbyte_1rw1r_32x512_8' has no ANTENNADIFFAREA value defined. The library data is incomplete and some process antenna rules will not be checked correctly.
Type 'man IMPLF-201' for more detail.
**WARN: (IMPLF-201):	Pin 'dout0[16]' in macro 'sky130_sram_2kbyte_1rw1r_32x512_8' has no ANTENNADIFFAREA value defined. The library data is incomplete and some process antenna rules will not be checked correctly.
Type 'man IMPLF-201' for more detail.
**WARN: (IMPLF-201):	Pin 'dout0[17]' in macro 'sky130_sram_2kbyte_1rw1r_32x512_8' has no ANTENNADIFFAREA value defined. The library data is incomplete and some process antenna rules will not be checked correctly.
Type 'man IMPLF-201' for more detail.
**WARN: (IMPLF-201):	Pin 'dout0[18]' in macro 'sky130_sram_2kbyte_1rw1r_32x512_8' has no ANTENNADIFFAREA value defined. The library data is incomplete and some process antenna rules will not be checked correctly.
Type 'man IMPLF-201' for more detail.
**WARN: (IMPLF-201):	Pin 'dout0[19]' in macro 'sky130_sram_2kbyte_1rw1r_32x512_8' has no ANTENNADIFFAREA value defined. The library data is incomplete and some process antenna rules will not be checked correctly.
Type 'man IMPLF-201' for more detail.
**WARN: (EMS-27):	Message (IMPLF-201) has exceeded the current message display limit of 20.
To increase the message display limit, refer to the product command reference manual.

##  Check design process and node:  
##  Design tech node is not set.

Loading view definition file from /nethome/dkhalil8/InnovateECE/PhysicalDesign/RTL2GDS/design/dbs/prects.enc_1/viewDefinition.tcl
% Begin Load netlist data ... (date=03/23 22:22:33, mem=2111.0M)
*** Begin netlist parsing (mem=2111.0M) ***
Created 110 new cells from 2 timing libraries.
Reading netlist ...
Backslashed names will retain backslash and a trailing blank character.
Reading verilogBinary netlist '/nethome/dkhalil8/InnovateECE/PhysicalDesign/RTL2GDS/design/dbs/prects.enc_1/Core.v.bin'

*** Memory Usage v#1 (Current mem = 2120.848M, initial mem = 975.062M) ***
*** End netlist parsing (cpu=0:00:00.0, real=0:00:00.0, mem=2120.8M) ***
% End Load netlist data ... (date=03/23 22:22:33, total cpu=0:00:00.1, real=0:00:00.0, peak res=2120.2M, current mem=2120.2M)
Top level cell is Core.
Hooked 110 DB cells to tlib cells.
Starting recursive module instantiation check.
No recursion found.
Building hierarchical netlist for Cell Core ...
***** UseNewTieNetMode *****.
*** Netlist is unique.
** info: there are 119 modules.
** info: there are 8271 stdCell insts.
** info: there are 8271 stdCell insts with at least one signal pin.
** info: there are 2 macros.
** info: there are 8270 multi-height stdCell insts (65 stdCells)

*** Memory Usage v#1 (Current mem = 2155.223M, initial mem = 975.062M) ***
*info: set bottom ioPad orient R0
**WARN: (IMPFP-3961):	The techSite 'CornerSite' has no related standard cells in the LEF/OA library. The calculations for this site type cannot be made unless standard cell models of this type exist in the LEF/OA library. Ignore this warning if the SITE is not used by the library. Alternatively, remove the SITE definition for the LEF/OA library to avoid this message.
Type 'man IMPFP-3961' for more detail.
**WARN: (IMPFP-3961):	The techSite 'IOSite' has no related standard cells in the LEF/OA library. The calculations for this site type cannot be made unless standard cell models of this type exist in the LEF/OA library. Ignore this warning if the SITE is not used by the library. Alternatively, remove the SITE definition for the LEF/OA library to avoid this message.
Type 'man IMPFP-3961' for more detail.
Start create_tracks
Generated pitch 3.66 in met5 is different from 3.22 defined in technology file in preferred direction.
Generated pitch 0.615 in met4 is different from 0.69 defined in technology file in preferred direction.
Generated pitch 0.61 in met3 is different from 0.69 defined in technology file in preferred direction.
Loading preference file /nethome/dkhalil8/InnovateECE/PhysicalDesign/RTL2GDS/design/dbs/prects.enc_1/gui.pref.tcl ...
**WARN: (IMPDB-6501):	"set_db design_process_node" will be obsoleted in future release. Remove it from the script to avoid the interruption of running the script in future.
##  Process: 130           (User Set)               
##     Node: (not set)                           

##  Check design process and node:  
##  Design tech node is not set.

Applying the recommended capacitance filtering threshold values for 130nm process node: total_c_th=0, relative_c_th=1 and coupling_c_th=0.4.
	These values will be used by all post-route extraction engines, including TQuantus, IQuantus and Quantus QRC extraction.
	Capacitance filtering mode(extract_rc_cap_filter_mode option of the set_db) is 'relative_and_coupling' for all engines.
	The accuracy mode for post_route extract_rc_effort_level low extraction will be set to 'standard'.
	Default value for EffortLevel(extract_rc_effort_level option of the set_db) in post_route extraction mode is 'low'.
Effort level <high> specified for tdgp_reg2reg_default path_group
Slack adjustment of -0 applied on tdgp_reg2reg_default path_group
Change floorplan default-technical-site to 'CoreSite'.
*Info: initialize multi-corner CTS.
Total number of combinational cells: 87
Total number of sequential cells: 19
Total number of tristate cells: 3
Total number of level shifter cells: 0
Total number of power gating cells: 0
Total number of isolation cells: 0
Total number of power switch cells: 0
Total number of pulse generator cells: 0
Total number of always on buffers: 0
Total number of retention cells: 0
Total number of physical cells: 0
List of usable buffers: CLKBUFX2 BUFX2 CLKBUFX4 BUFX4 CLKBUFX8 BUFX8 BUFX16
Total number of usable buffers: 7
List of unusable buffers:
Total number of unusable buffers: 0
List of usable inverters: INVX2 INVX1 CLKINVX2 CLKINVX1 INVX4 CLKINVX4 INVX8 CLKINVX8 INVX16
Total number of usable inverters: 9
List of unusable inverters:
Total number of unusable inverters: 0
List of identified usable delay cells: DLY1X1 DLY1X4 DLY2X4 DLY4X4
Total number of identified usable delay cells: 4
List of identified unusable delay cells:
Total number of identified unusable delay cells: 0
Reading floorplan file - /nethome/dkhalil8/InnovateECE/PhysicalDesign/RTL2GDS/design/dbs/prects.enc_1/Core.fp.gz (mem = 2463.2M).
% Begin Load floorplan data ... (date=03/23 22:22:34, mem=2463.9M)
*info: reset 9984 existing net BottomPreferredLayer and AvoidDetour
Deleting old partition specification.
Set FPlanBox to (0 0 956800 1053400)
**WARN: (IMPFP-3961):	The techSite 'CornerSite' has no related standard cells in the LEF/OA library. The calculations for this site type cannot be made unless standard cell models of this type exist in the LEF/OA library. Ignore this warning if the SITE is not used by the library. Alternatively, remove the SITE definition for the LEF/OA library to avoid this message.
Type 'man IMPFP-3961' for more detail.
**WARN: (IMPFP-3961):	The techSite 'IOSite' has no related standard cells in the LEF/OA library. The calculations for this site type cannot be made unless standard cell models of this type exist in the LEF/OA library. Ignore this warning if the SITE is not used by the library. Alternatively, remove the SITE definition for the LEF/OA library to avoid this message.
Type 'man IMPFP-3961' for more detail.
 ... processed partition successfully.
Reading binary special route file /nethome/dkhalil8/InnovateECE/PhysicalDesign/RTL2GDS/design/dbs/prects.enc_1/Core.fp.spr.gz (Created by Innovus v25.11-s102_1 on Mon Mar 23 22:20:53 2026, version: 1)
Ending "Read special route file" (total cpu=0:00:00.0, real=0:00:00.0, peak res=2465.6M, current mem=2465.6M)
There are 1 nets with bottomPreferredRoutingLayer being set
Extracting standard cell pins and blockage ...... 
Pin and blockage extraction finished
Delete all existing relative floorplan constraints.
% End Load floorplan data ... (date=03/23 22:22:35, total cpu=0:00:00.1, real=0:00:01.0, peak res=2466.3M, current mem=2466.3M)
Reading congestion map file /nethome/dkhalil8/InnovateECE/PhysicalDesign/RTL2GDS/design/dbs/prects.enc_1/Core.route.congmap.gz ...
% Begin Load SymbolTable ... (date=03/23 22:22:35, mem=2466.3M)
Suppress "**WARN ..." messages.
Un-suppress "**WARN ..." messages.
% End Load SymbolTable ... (date=03/23 22:22:35, total cpu=0:00:00.1, real=0:00:00.0, peak res=2468.3M, current mem=2468.3M)
Loading place ...
% Begin Load placement data ... (date=03/23 22:22:35, mem=2468.3M)
Reading placement file - /nethome/dkhalil8/InnovateECE/PhysicalDesign/RTL2GDS/design/dbs/prects.enc_1/Core.place.gz.
** Reading stdCellPlacement_binary (Created by Innovus v25.11-s102_1 on Mon Mar 23 22:20:54 2026, version# 2) ...
Read Views for adaptive view pruning ...
Read 0 views from Binary DB for adaptive view pruning
*** Completed restorePlace (cpu=0:00:00.0 real=0:00:00.0 mem=2469.1M) ***
Total net length = 4.285e+05 (2.082e+05 2.203e+05) (ext = 4.046e+03)
% End Load placement data ... (date=03/23 22:22:35, total cpu=0:00:00.1, real=0:00:00.0, peak res=2469.3M, current mem=2469.0M)
Reading PG file /nethome/dkhalil8/InnovateECE/PhysicalDesign/RTL2GDS/design/dbs/prects.enc_1/Core.pg.gz, version#2, (Created by Innovus v25.11-s102_1 on       Mon Mar 23 22:20:54 2026)
*** Completed restorePGFile (cpu=0:00:00.0 real=0:00:01.0 mem=2469.3M) ***
% Begin Load routing data ... (date=03/23 22:22:36, mem=2469.3M)
Reading routing file - /nethome/dkhalil8/InnovateECE/PhysicalDesign/RTL2GDS/design/dbs/prects.enc_1/Core.route.gz.
Reading Innovus routing data (Created by Innovus v25.11-s102_1 on Mon Mar 23 22:20:54 2026 Format: 23.1) ...
*** Total 9918 nets are successfully restored.
*** Completed restoreRoute (cpu=0:00:00.1 real=0:00:00.0 mem=2470.6M) ***
% End Load routing data ... (date=03/23 22:22:36, total cpu=0:00:00.1, real=0:00:00.0, peak res=2470.7M, current mem=2469.7M)
Loading Drc markers ...
... 364 markers are loaded ...
... 0 geometry drc markers are loaded ...
... 0 antenna drc markers are loaded ...
TAT_INFO: ::restoreCongMap REAL = 0 : CPU = 0 : MEM = 0.
Reading property file /nethome/dkhalil8/InnovateECE/PhysicalDesign/RTL2GDS/design/dbs/prects.enc_1/Core.prop
*** Completed restoreProperty (cpu=0:00:00.1 real=0:00:00.0 mem=2473.4M) ***
ff_v1.98_0C_Nominal_25 tt_v1.8_25C_Nominal_25 ss_v1.62_125C_Nominal_25
Change floorplan default-technical-site to 'CoreSite'.
Loading preRoute extraction data from directory '/nethome/dkhalil8/InnovateECE/PhysicalDesign/RTL2GDS/design/dbs/prects.enc_1/extraction/' ...
Extraction setup Started for TopCell Core 
Initializing multi-corner RC extraction with 1 active RC Corners ...
Captable file(s) not specified in multi-corner setup. PreRoute extraction will use technology file. For post_route extraction, default value for effort level would be 'medium' and effort level 'low' would not be allowed.
Generating auto layer map file.
Loading preRoute extracted patterns from file '/nethome/dkhalil8/InnovateECE/PhysicalDesign/RTL2GDS/design/dbs/prects.enc_1/Core.techData.gz' ...
Completed (cpu: 0:00:00.3 real: 0:00:00.0)
Set Shrink Factor to 1.00000
Summary of Active RC-Corners : 
 
 Analysis View: tt_v1.8_25C_Nominal_25_func
    RC-Corner Name        : Nominal_25C
    RC-Corner Index       : 0
    RC-Corner Temperature : 25 Celsius
    RC-Corner Cap Table   : ''
    RC-Corner PreRoute Res Factor         : 1
    RC-Corner PreRoute Cap Factor         : 1
    RC-Corner PostRoute Res Factor        : 1 {1 1 1}
    RC-Corner PostRoute Cap Factor        : 1 {1 1 1}
    RC-Corner PostRoute XCap Factor       : 1 {1 1 1}
    RC-Corner PreRoute Clock Res Factor   : 1	[Derived from postRoute_res (effortLevel low)]
    RC-Corner PreRoute Clock Cap Factor   : 1	[Derived from postRoute_cap (effortLevel low)]
    RC-Corner PostRoute Clock Cap Factor  : 1 {1 1 1} 
    RC-Corner PostRoute Clock Res Factor  : 1 {1 1 1} 
    RC-Corner PostRoute Clock coupling capacitance Factor : 1 {1 1 1} 
    RC-Corner Technology file: '/nethome/dkhalil8/InnovateECE/PhysicalDesign/RTL2GDS/design/dbs/prects.enc_1/libs/mmmc/Nominal_25C/qrcTechFile'
Restored Grid density data
Initializing multi-corner resistance tables ...
Default value for post_route extraction mode's extract_rc_effort_level (extract_rc_effort_level option of set_db) changed to 'medium'.
Start generating vias ..
#Skip building auto via since it is not turned on.
Extracting standard cell pins and blockage ...... 
Pin and blockage extraction finished
Via generation completed.
% Begin Load power constraints ... (date=03/23 22:22:37, mem=2501.9M)
source /nethome/dkhalil8/InnovateECE/PhysicalDesign/RTL2GDS/design/dbs/prects.enc_1/Core_power_constraints.tcl
'set_default_switching_activity' finished successfully.
% End Load power constraints ... (date=03/23 22:22:38, total cpu=0:00:00.1, real=0:00:01.0, peak res=2523.7M, current mem=2523.7M)
ff_v1.98_0C_Nominal_25 tt_v1.8_25C_Nominal_25 ss_v1.62_125C_Nominal_25
% Begin load AAE data ... (date=03/23 22:22:38, mem=2542.8M)
**WARN: (IMPESI-3505):	set_db delaycal_eng_enablePrePlacedFlow false (default=false) will be obsoleted along with its sgs2set equivalent.  This parameter will continue to be supported in the current release, but will be removed in the next major release of the software.
AAE DB initialization (MEM=2564.488281 CPU=0:00:00.0 REAL=0:00:00.0) 
% End load AAE data ... (date=03/23 22:22:38, total cpu=0:00:00.8, real=0:00:00.0, peak res=2564.5M, current mem=2564.5M)
Restoring CCOpt config...
  Extracting original clock gating for core_clock...
    clock_tree core_clock contains 1447 sinks and 0 clock gates.
  Extracting original clock gating for core_clock done.
  The skew group core_clock/func was created. It contains 1447 sinks and 1 sources.
Restoring CCOpt config done.
Total number of combinational cells: 87
Total number of sequential cells: 19
Total number of tristate cells: 3
Total number of level shifter cells: 0
Total number of power gating cells: 0
Total number of isolation cells: 0
Total number of power switch cells: 0
Total number of pulse generator cells: 0
Total number of always on buffers: 0
Total number of retention cells: 0
Total number of physical cells: 0
List of usable buffers: CLKBUFX2 BUFX2 CLKBUFX4 BUFX4 CLKBUFX8 BUFX8 BUFX16
Total number of usable buffers: 7
List of unusable buffers:
Total number of unusable buffers: 0
List of usable inverters: INVX2 INVX1 CLKINVX2 CLKINVX1 INVX4 CLKINVX4 INVX8 CLKINVX8 INVX16
Total number of usable inverters: 9
List of unusable inverters:
Total number of unusable inverters: 0
List of identified usable delay cells: DLY1X1 DLY1X4 DLY2X4 DLY4X4
Total number of identified usable delay cells: 4
List of identified unusable delay cells:
Total number of identified unusable delay cells: 0
**WARN: (IMPCTE-107):	The following globals have been obsoleted since version (null). They will be removed in the next release. 
timing_aocv_enable_gba_combine_launch_capture
timing_enable_backward_compatible_latch_thru_mt_mode
timing_enable_separate_device_slew_effect_sensitivities
#% End load design ... (date=03/23 22:22:39, total cpu=0:00:07.9, real=0:00:10.0, peak res=2573.3M, current mem=2568.9M)

*** Summary of all messages that are not suppressed in this session:
Severity  ID               Count  Summary                                  
WARNING   IMPLF-200           60  Pin '%s' in macro '%s' has no ANTENNAGAT...
WARNING   IMPLF-201           64  Pin '%s' in macro '%s' has no ANTENNADIF...
WARNING   IMPFP-3961           4  The techSite '%s' has no related standar...
WARNING   IMPDBTCL-321        15  The attribute '%s' still works but will ...
WARNING   IMPDB-6501           2  "set_db design_process_node" will be obs...
WARNING   IMPESI-3505          1  set_db delaycal_eng_%s (default=%s) will...
WARNING   IMPCTE-107           1  The following globals have been obsolete...
*** Message Summary: 147 warning(s), 0 error(s)

UM:   flow.cputime  flow.realtime  timing.setup.tns  timing.setup.wns  snapshot
UM:*                                                                   read_db
Sourcing flow scripts...
Sourcing flow scripts done.
reading previous metrics...
Begin steps for plugin point Cadence.plugin.flowkit.read_db.post
#@ Begin verbose flow_step activate_views
@flow 2: apply {{} {
    set db [get_db flow_starting_db]
    set flow [lindex [get_db flow_hier_path] end]
    set setup_views [get_feature -obj $flow setup_views]
    set hold_views [get_feature -obj $flow hold_views]
    set leakage_view [get_feature -obj $flow leakage_view]
    set dynamic_view [get_feature -obj $flow dynamic_view]
  
    if {($setup_views ne "") || ($hold_views ne "") || ($leakage_view ne "") || ($dynamic_view ne "")} {
      #- use read_db args for DB types and set_analysis_views for TCL
      if {([llength [get_db analysis_views]]) > 0 &&  ([lindex $db 0] eq {tcl} || [lindex $db 0] in {enc cdb} && [file isfile [lindex $db 1]])} {
        set cmd "set_analysis_view"
        if {$setup_views ne ""} {
          append cmd " -setup [list $setup_views]"
        } else {
          append cmd " -setup [list [get_db [get_db analysis_views -if .is_setup] .name]]"
        }
        if {$hold_views ne ""} {
          append cmd " -hold [list $hold_views]"
        } else {
          append cmd " -hold [list [get_db [get_db analysis_views -if .is_hold] .name]]"
        }
        if {$leakage_view ne ""} {
          append cmd " -leakage [list $leakage_view]"
        } else {
          if {[llength [get_db analysis_views -if .is_leakage]] > 0} {
            append cmd " -leakage [list [get_db [get_db analysis_views -if .is_leakage] .name]]"
          }
        }
        if {$dynamic_view ne ""} {
          append cmd " -dynamic [list $dynamic_view]"
        } else {
          if {[llength [get_db analysis_views -if .is_dynamic]] > 0} {
            append cmd " -dynamic [list [get_db [get_db analysis_views -if .is_dynamic] .name]]"
          }
        }
        eval $cmd
      } elseif {[llength [get_db analysis_views]] == 0} {
        set cmd "set_flowkit_read_db_args"
        if {$setup_views ne ""} {
          append cmd " -setup_views [list $setup_views]"
        }
        if {$hold_views ne ""} {
          append cmd " -hold_views [list $hold_views]"
        }
        if {$leakage_view ne ""} {
          append cmd " -leakage_view [list $leakage_view]"
        }
        if {$dynamic_view ne ""} {
          append cmd " -dynamic_view [list $dynamic_view]"
        }
        eval $cmd
      } else {
      }
    }
  }}
#@ End verbose flow_step activate_views
#@ Begin verbose flow_step init_mcpu
@flow 2: apply {{} {
    # Multi host/cpu attributes
    #-----------------------------------------------------------------------------
    # The FLOWTOOL_NUM_CPUS is an environment variable which should be exported by
    # the specified dist script.  This connects the number of CPUs being reserved
    # for batch jobs with the current flow scripts.  The LSB_MAX_NUM_PROCESSORS is
    # a typical environment variable exported by distribution platforms and is
    # useful for ensuring all interactive jobs are using the reserved amount of CPUs.
    if {[info exists ::env(FLOWTOOL_NUM_CPUS)]} {
      set max_cpus $::env(FLOWTOOL_NUM_CPUS)
    } elseif {[info exists ::env(LSB_MAX_NUM_PROCESSORS)]} {
      set max_cpus $::env(LSB_MAX_NUM_PROCESSORS)
    } else {
      set max_cpus 1
    }
    switch -glob [get_db program_short_name] {
      default       {}
      joules*       -
      genus*        -
      innovus*      -
      tempus*       -
      voltus*       { set_multi_cpu_usage -verbose -local_cpu $max_cpus }
    }
if {[get_feature opt_signoff]} {
      if {[is_flow -inside flow:opt_signoff]} {
        set_multi_cpu_usage -verbose -remote_host 1
        set_multi_cpu_usage -verbose -cpu_per_remote_host 16
        set_distributed_hosts -local
      }
}
  }}
set_multi_cpu_usage -local_cpu 1
#@ End verbose flow_step init_mcpu
End steps for plugin point Cadence.plugin.flowkit.read_db.post
      flow.cputime  flow.realtime  timing.setup.tns  timing.setup.wns  snapshot
UM:*                                                                   init_flow
      flow.cputime  flow.realtime  timing.setup.tns  timing.setup.wns  snapshot
UM:*                                                                   cts
#@ Begin verbose flow_step implementation.cts.block_start
@@flow 2: set_db flow_write_db_common false
#@ End verbose flow_step implementation.cts.block_start
      flow.cputime  flow.realtime  timing.setup.tns  timing.setup.wns  snapshot
UM:          47.06             58                                      block_start
#@ Begin verbose flow_step implementation.cts.init_innovus.init_innovus_yaml
@flow 2: if {[get_feature report_lec]} {...}
@flow 8: # Design attributes  [get_db -category design]
@flow 9: #-------------------------------------------------------------------------------
@@flow 10: set_db design_process_node 130
**WARN: (IMPDB-6501):	"set_db design_process_node" will be obsoleted in future release. Remove it from the script to avoid the interruption of running the script in future.
##  Process: 130           (User Set)               
##     Node: (not set)                           

##  Check design process and node:  
##  Design tech node is not set.

Applying the recommended capacitance filtering threshold values for 130nm process node: total_c_th=0, relative_c_th=1 and coupling_c_th=0.4.
	These values will be used by all post-route extraction engines, including TQuantus, IQuantus and Quantus QRC extraction.
	Capacitance filtering mode(extract_rc_cap_filter_mode option of the set_db) is 'relative_and_coupling' for all engines.
	The accuracy mode for post_route extract_rc_effort_level low extraction will be set to 'standard'.
	Default value for EffortLevel(extract_rc_effort_level option of the set_db) in post_route extraction mode is 'low'.
@@flow 11: set_db design_top_routing_layer met5
@@flow 12: set_db design_bottom_routing_layer met1
@@flow 13: set_db design_flow_effort standard
@@flow 14: set_db design_power_effort high
@flow 16: # Timing attributes  [get_db -category timing && delaycalc]
@flow 17: #-------------------------------------------------------------------------------
@@flow 18: set_db timing_analysis_cppr           both
@@flow 19: set_db timing_analysis_type           ocv
@@flow 20: set_db timing_analysis_aocv 0
@@flow 21: set_db timing_analysis_socv 0
@flow 22: if {[get_feature report_pba]} {...}
@flow 26: # Extraction attributes  [get_db -category extract_rc]
@flow 27: #-------------------------------------------------------------------------------
@flow 28: if {[is_flow -after route.block_finish]} {...}
@flow 33: # Tieoff attributes  [get_db -category add_tieoffs]
@flow 34: #-------------------------------------------------------------------------------
@@flow 35: set_db add_tieoffs_cells {TIEHI TIELO}
@flow 37: # Optimization attributes  [get_db -category opt]
@flow 38: #-------------------------------------------------------------------------------
@@flow 39: set_db opt_new_inst_prefix            "[get_db flow_report_name]_"
@@flow 40: set_db opt_leakage_to_dynamic_ratio 0.5
@flow 42: # Clock attributes  [get_db -category cts]
@flow 43: #-------------------------------------------------------------------------------
@@flow 44: set_db cts_target_skew auto
@@flow 45: set_db cts_target_max_transition_time_top 100
@@flow 46: set_db cts_target_max_transition_time_trunk 100
@@flow 47: set_db cts_target_max_transition_time_leaf 100
@@flow 49: set_db cts_buffer_cells {CLKBUFX2 CLKBUFX4 CLKBUFX8}
@@flow 50: set_db cts_inverter_cells {CLKINVX1 CLKINVX2 CLKINVX4 CLKINVX8}
@@flow 51: set_db cts_clock_gating_cells ICGX1
@@flow 52: set_db cts_logic_cells {CLKAND2X2 CLKXOR2X1 CLKMX2X2 CLKINVX1 CLKINVX2 CLKINVX4 CLKINVX8}
@flow 54: # Filler attributes  [get_db -category add_fillers]
@flow 55: #-------------------------------------------------------------------------------
@@flow 56: set_db add_fillers_cells {FILL1 FILL2 FILL4 FILL8 FILL16 FILL32 FILL64}
@flow 58: # Routing attributes  [get_db -category route]
@flow 59: #-------------------------------------------------------------------------------
#@ End verbose flow_step implementation.cts.init_innovus.init_innovus_yaml
      flow.cputime  flow.realtime  timing.setup.tns  timing.setup.wns  snapshot
UM:           4.59              5                                      init_innovus_yaml
      flow.cputime  flow.realtime  timing.setup.tns  timing.setup.wns  snapshot
UM:*                                                                   init_innovus
#@ Begin verbose flow_step implementation.cts.init_innovus.init_innovus_user
@flow 2: # Timing attributes  [get_db -category timing && delaycalc]
@flow 3: #-----------------------------------------------------------------------------
@flow 5: # Extraction attributes  [get_db -category extract_rc]
@flow 6: #-----------------------------------------------------------------------------
@flow 8: # Floorplan attributes  [get_db -category floorplan]
@flow 9: #-----------------------------------------------------------------------------
@@flow 10: set_db finish_floorplan_active_objs   [list macro soft_blockage core]
@flow 12: # Placement attributes  [get_db -category place]
@flow 13: #-----------------------------------------------------------------------------
@flow 15: # Optimization attributes  [get_db -category opt]
@flow 16: #-----------------------------------------------------------------------------
@flow 18: # hold target slack of 50ps for optimization
@@flow 19: set_db opt_hold_target_slack 0.050
@flow 21: # setup target slack of 200ps for optimization
@@flow 22: set_db opt_setup_target_slack 0.2
@flow 24: # Clock attributes  [get_db -category cts]
@flow 25: #-----------------------------------------------------------------------------
@flow 27: # Routing attributes  [get_db -category route]
@flow 28: #-----------------------------------------------------------------------------
#@ End verbose flow_step implementation.cts.init_innovus.init_innovus_user
      flow.cputime  flow.realtime  timing.setup.tns  timing.setup.wns  snapshot
UM:           3.98              4                                      init_innovus_user
#@ Begin verbose flow_step implementation.cts.add_clock_tree
@flow 2: #- implement clock trees and propagated clock setup optimization
@flow 3: if {[get_db opt_enable_podv2_clock_opt_flow]} {
@@flow 4: clock_opt_design -report_dir debug -report_prefix [get_db flow_report_name]
*** clock_opt_design #1 [begin] () : totSession cpu/real = 0:00:59.6/0:01:09.2 (0.9), mem = 2604.4M
**INFO: User's settings:
delaycal_enable_high_fanout                                    true
delaycal_enable_ideal_seq_async_pins                           false
delaycal_eng_enablepreplacedflow                               false
delaycal_ignore_net_load                                       false
delaycal_socv_accuracy_mode                                    low
setAnalysisMode -monteCarlo                                    false
setDelayCalMode -enable_hier_save_restore_flow                 false
setDelayCalMode -engine                                        aae
design_bottom_routing_layer                                    met1
design_flow_effort                                             standard
design_power_effort                                            high
design_process_node                                            130
design_top_routing_layer                                       met5
extract_rc_assume_metal_fill                                   0.0
extract_rc_coupling_cap_threshold                              0.4
extract_rc_engine                                              pre_route
extract_rc_pre_place_site_size                                 4.6
extract_rc_pre_place_wire_length_slope                         1.9
extract_rc_pre_place_wire_length_y0                            2.0
extract_rc_relative_cap_threshold                              1.0
extract_rc_shrink_factor                                       1.0
extract_rc_total_cap_threshold                                 0.0
multibit_aware_seq_mapping                                     auto
opt_drv                                                        true
opt_drv_margin                                                 0.0
opt_hold_target_slack                                          0.05
opt_leakage_to_dynamic_ratio                                   0.5
opt_multi_bit_flop_name_prefix                                 CDN_MBIT_
opt_multi_bit_flop_name_separator                              _MB_
opt_new_inst_prefix                                            cts_
opt_resize_flip_flops                                          true
opt_setup_target_slack                                         0.2
opt_view_pruning_hold_views_active_list                        { tt_v1.8_25C_Nominal_25_func }
opt_view_pruning_setup_views_active_list                       { tt_v1.8_25C_Nominal_25_func }
opt_view_pruning_setup_views_persistent_list                   { tt_v1.8_25C_Nominal_25_func}
opt_view_pruning_tdgr_setup_views_persistent_list              { tt_v1.8_25C_Nominal_25_func}
route_exp_design_mode_bottom_routing_layer                     1
route_exp_design_mode_top_routing_layer                        5
route_extract_third_party_compatible                           false
route_global_exp_timing_driven_std_delay                       37.6
route_re_insert_filler_cell_list                               {FILL1 FILL2 FILL4 FILL8 FILL16 FILL32 FILL64}
route_re_insert_filler_cell_list_from_file                     false
setActiveLogicViewMode -keepHighFanoutCriticalInsts            false
getAnalysisMode -monteCarlo                                    false
getDelayCalMode -enable_hier_save_restore_flow                 false
getDelayCalMode -engine                                        aae
getImportMode -config                                          true
get_power_analysis_mode -honor_net_activity_for_tcf            false
get_power_analysis_mode -honor_sublevel_activity               true
getAnalysisMode -monteCarlo                                    false
Hard fence disabled
**WARN: (IMPSP-362):	Site 'CoreSite' has one std.Cell height, so ignoring its X-symmetry.
Type 'man IMPSP-362' for more detail.
*** Starting place_detail (0:00:59.8 mem=2636.0M) ***

Starting Small incrNP...
Density distribution unevenness ratio = 30.753%
Skipped incrNP (cpu=0:00:00.0, real=0:00:00.0, mem=2637.3M)
End of Small incrNP (cpu=0:00:00.0, real=0:00:00.0)
Move report: Detail placement moved 1183 insts, mean move: 3.15 um, max move: 24.38 um 
	Max move on inst (prects_FE_OFC221_n_7535): (153.64, 501.86) --> (173.88, 497.72)
	Runtime: CPU: 0:00:01.1 REAL: 0:00:01.0 MEM: 2649.6MB
Summary Report:
Instances moved: 1183 (out of 8271 movable)
Instances flipped: 270
Mean displacement: 3.15 um
Max displacement: 24.38 um (Instance: prects_FE_OFC221_n_7535) (153.64, 501.86) -> (173.88, 497.72)
	Length: 3 sites, height: 1 rows, site name: CoreSite, cell type: CLKINVX1
Physical-only instances moved: 0 (out of 0 movable physical-only)
Runtime: CPU: 0:00:01.1 REAL: 0:00:01.0 MEM: 2649.6MB
*** Finished place_detail (0:01:01 mem=2649.6M) ***
ccopt_args: -outDir debug -prefix cts
Turning off fast DC mode.
Runtime...
(clock_opt_design): CTS Engine: auto. Used Spec: pre-existing CCOPT spec.
(clock_opt_design): Checking analysis view for power/activity...
Not setting up route_type 'default_route_type_nonleaf' from CTS mode settings, as it has already been done
Not setting up route_type 'default_route_type_leaf' from CTS mode settings, as it has already been done
Placement constraints of type 'region' or 'fence' will not be downgraded to 'guide' because the attribute cts_change_fences_to_guides has been set to false.
Set place::cacheFPlanSiteMark to 1
'setDesignMode -flowEffort standard' => 'setOptMode -usefulSkewCCOpt standard' 
Using CCOpt effort standard.
Updating ideal nets and annotations...
Reset timing graph...
Ignoring AAE DB Resetting ...
Reset timing graph done.
Ignoring AAE DB Resetting ...
Reset timing graph...
Ignoring AAE DB Resetting ...
Reset timing graph done.
Clock tree spec update: Ideal nets, transition and delay annotations were updated to match active timing constraints.
Updating ideal nets and annotations done. (took cpu=0:00:00.9 real=0:00:00.9)
CCOpt::Phase::Initialization...
Check Prerequisites...
Leaving CCOpt scope - CheckPlace...
Begin checking placement ... (start mem=2709.7M, init mem=2710.3M)
*info: Placed = 8273           (Fixed = 2)
*info: Unplaced = 0           
Placement Density:39.88%(127646/319996)
Placement Density (including fixed std cells):39.88%(127646/319996)
Finished check_place (total: cpu=0:00:00.1, real=0:00:00.0; vio checks: cpu=0:00:00.1, real=0:00:00.0; mem=2711.7M)
Leaving CCOpt scope - CheckPlace done. (took cpu=0:00:00.2 real=0:00:00.2)
Innovus will update I/O latencies
Reset timing graph...
Ignoring AAE DB Resetting ...
Reset timing graph done.
Ignoring AAE DB Resetting ...
No differences between SDC and CTS ideal net status found.
No differences between SDC and CTS transition time annotations found.
No differences between SDC and CTS delay annotations found.
Reset timing graph...
Ignoring AAE DB Resetting ...
Reset timing graph done.
Found 0 ideal nets, 0 pins with transition annotations, 0 instances with delay annotations, 0 nets with delay annotations, refer to logv for details.

Check Prerequisites done. (took cpu=0:00:00.7 real=0:00:00.7)
CCOpt::Phase::Initialization done. (took cpu=0:00:00.7 real=0:00:00.7)

**INFO: Power effort not set by setOptMode, so setting 'setOptMode -opt_power_effort high', as set by setDesignMode
#################################################################################
# Design Stage: PreRoute
# Design Name: Core
# Design Mode: 130nm
# Analysis Mode: MMMC OCV 
# Parasitics Mode: No SPEF/RCDB 
# Signoff Settings: SI Off 
#################################################################################
core_clock(100MHz) CK: assigning clock core_clock to net clock

Starting Levelizing
2026-Mar-23 22:23:00 (2026-Mar-24 02:23:00 GMT)
2026-Mar-23 22:23:00 (2026-Mar-24 02:23:00 GMT): 10%
2026-Mar-23 22:23:00 (2026-Mar-24 02:23:00 GMT): 20%
2026-Mar-23 22:23:00 (2026-Mar-24 02:23:00 GMT): 30%
2026-Mar-23 22:23:00 (2026-Mar-24 02:23:00 GMT): 40%
2026-Mar-23 22:23:00 (2026-Mar-24 02:23:00 GMT): 50%
2026-Mar-23 22:23:00 (2026-Mar-24 02:23:00 GMT): 60%
2026-Mar-23 22:23:00 (2026-Mar-24 02:23:00 GMT): 70%
2026-Mar-23 22:23:00 (2026-Mar-24 02:23:00 GMT): 80%
2026-Mar-23 22:23:00 (2026-Mar-24 02:23:00 GMT): 90%

Finished Levelizing
2026-Mar-23 22:23:00 (2026-Mar-24 02:23:00 GMT)

Starting Activity Propagation
2026-Mar-23 22:23:00 (2026-Mar-24 02:23:00 GMT)
2026-Mar-23 22:23:00 (2026-Mar-24 02:23:00 GMT): 10%
2026-Mar-23 22:23:00 (2026-Mar-24 02:23:00 GMT): 20%

Finished Activity Propagation
2026-Mar-23 22:23:00 (2026-Mar-24 02:23:00 GMT)
Executing ccopt post-processing.
Synthesizing clock trees with CCOpt...
*** CTS #1 [begin] (clock_opt_design #1) : totSession cpu/real = 0:01:04.1/0:01:13.8 (0.9), mem = 2747.5M
CCOpt::Phase::PreparingToBalance...
Leaving CCOpt scope - Initializing power interface...
Leaving CCOpt scope - Initializing power interface done. (took cpu=0:00:00.0 real=0:00:00.0)
Leaving CCOpt scope - Initializing activity data...
Leaving CCOpt scope - Initializing activity data done. (took cpu=0:00:00.0 real=0:00:00.0)
Leaving CCOpt scope - optDesignGlobalRouteStep...
**WARN: (IMPPTN-1250):	Pin placement has been enabled on metal layer 1.
Type 'man IMPPTN-1250' for more detail.
[NR-eGR] Early global route reroute all routable nets
[NR-eGR] Track table information for default rule: 
[NR-eGR] met1 has single uniform track structure
[NR-eGR] met2 has single uniform track structure
[NR-eGR] met3 has single uniform track structure
[NR-eGR] met4 has single uniform track structure
[NR-eGR] met5 has single uniform track structure
[NR-eGR] Read 14141 PG shapes
[NR-eGR] Read 0 clock shapes
[NR-eGR] Read 0 other shapes
[NR-eGR] #Routing Blockages  : 8
[NR-eGR] #Bump Blockages     : 0
[NR-eGR] #Instance Blockages : 105286
[NR-eGR] #PG Blockages       : 14141
[NR-eGR] #Halo Blockages     : 0
[NR-eGR] #Boundary Blockages : 0
[NR-eGR] #Clock Blockages    : 0
[NR-eGR] #Other Blockages    : 0
[NR-eGR] #prerouted nets         : 0
[NR-eGR] #prerouted special nets : 0
[NR-eGR] #prerouted wires        : 0
[NR-eGR] Read 8389 nets ( ignored 0 )
[NR-eGR] Handle net priority by net group ordering
[NR-eGR] There are 1 clock nets ( 1 with NDR ).
[NR-eGR] == Routing rule table ==
[NR-eGR]  ID  Name       #Nets 
[NR-eGR] ----------------------
[NR-eGR]   0                 1 
[NR-eGR]   1  (Default)   8388 
[NR-eGR] Layer group 1: route 8389 net(s) in layer range [1, 5]
[NR-eGR] Early Global Route overflow of layer group 1: 1.93% H + 0.31% V. EstWL: 4.939641e+05um
[NR-eGR] Congestion Analysis By layer: (blocked Gcells are excluded) 
[NR-eGR]                        OverCon           OverCon           OverCon           OverCon            
[NR-eGR]                         #Gcell            #Gcell            #Gcell            #Gcell     %Gcell
[NR-eGR]        Layer             (1-4)             (5-8)            (9-12)              (13)    OverCon
[NR-eGR] -------------------------------------------------------------------------------------------------
[NR-eGR]    met1 ( 1)       202( 1.15%)         0( 0.00%)         0( 0.00%)         0( 0.00%)   ( 1.15%) 
[NR-eGR]    met2 ( 2)        94( 0.37%)         0( 0.00%)         0( 0.00%)         0( 0.00%)   ( 0.37%) 
[NR-eGR]    met3 ( 3)      2729(10.72%)       153( 0.60%)         4( 0.02%)         1( 0.00%)   (11.34%) 
[NR-eGR]    met4 ( 4)       364( 1.47%)         6( 0.02%)         0( 0.00%)         0( 0.00%)   ( 1.49%) 
[NR-eGR]    met5 ( 5)       351( 0.88%)         0( 0.00%)         0( 0.00%)         0( 0.00%)   ( 0.88%) 
[NR-eGR] -------------------------------------------------------------------------------------------------
[NR-eGR]        Total      3740( 2.81%)       159( 0.12%)         4( 0.00%)         1( 0.00%)   ( 2.93%) 
[NR-eGR] 
[NR-eGR] Overflow after Early Global Route 2.64% H + 0.44% V
[NR-eGR] Connected 0 must-join pins/ports (post-process)
[NR-eGR] Total eGR-routed clock nets wire length: 14182um, number of vias: 4513
[NR-eGR] --------------------------------------------------------------------------
[NR-eGR]               Length (um)   Vias 
[NR-eGR] ---------------------------------
[NR-eGR]  met1  (1H)         31566  29918 
[NR-eGR]  met2  (2V)        187982  17093 
[NR-eGR]  met3  (3H)        199575   5182 
[NR-eGR]  met4  (4V)         71874   2134 
[NR-eGR]  met5  (5H)         20522      0 
[NR-eGR] ---------------------------------
[NR-eGR]        Total       511519  54327 
[NR-eGR] --------------------------------------------------------------------------
[NR-eGR] Total half perimeter of net bounding box: 427913um
[NR-eGR] Total length: 511519um, number of vias: 54327
[NR-eGR] --------------------------------------------------------------------------
[NR-eGR] Finished Early Global Route kernel ( CPU: 1.00 sec, Real: 1.07 sec, Curr Mem: 2.68 MB )
[NR-eGR] Finished Early Global Route ( CPU: 1.01 sec, Real: 1.08 sec, Curr Mem: 2.66 MB )
Leaving CCOpt scope - optDesignGlobalRouteStep done. (took cpu=0:00:01.1 real=0:00:01.1)
Legalization setup...
Using cell based legalization.
Initializing placement interface...
  Use check_library -place or consult logv if problems occur.
  Leaving CCOpt scope - Initializing placement interface...
  Leaving CCOpt scope - Initializing placement interface done. (took cpu=0:00:00.1 real=0:00:00.1)
Initializing placement interface done.
Leaving CCOpt scope - Cleaning up placement interface...
Leaving CCOpt scope - Cleaning up placement interface done. (took cpu=0:00:00.0 real=0:00:00.0)
Leaving CCOpt scope - Initializing placement interface...
Leaving CCOpt scope - Initializing placement interface done. (took cpu=0:00:00.0 real=0:00:00.0)
[PSP]    Load db... (mem=2.7M)
[PSP]    Read data from FE... (mem=2.7M)
[PSP]    Done Read data from FE (cpu=0.013s, mem=2.7M)

[PSP]    Done Load db (cpu=0.013s, mem=2.7M)

[PSP]    Constructing placeable region... (mem=2.7M)
[PSP]    Compute region effective width... (mem=2.7M)
[PSP]    Done Compute region effective width (cpu=0.000s, mem=2.7M)

[PSP]    Done Constructing placeable region (cpu=0.003s, mem=2.7M)

Legalization setup done. (took cpu=0:00:00.2 real=0:00:00.2)
Validating CTS configuration...
Checking module port directions...
Checking module port directions done. (took cpu=0:00:00.0 real=0:00:00.0)
Non-default attributes:
  Public non-default attributes:
    cts_buffer_cells is set for at least one object
    cts_clock_gating_cells is set for at least one object
    cts_inverter_cells is set for at least one object
    cts_logic_cells is set for at least one object
    cts_merge_clock_gates is set for at least one object
    cts_merge_clock_logic is set for at least one object
    cts_primary_delay_corner: tt_v1.8_25C_Nominal_25 (default: )
    cts_target_max_transition_time is set for at least one object
    cts_target_max_transition_time_sdc is set for at least one object
    cts_target_skew is set for at least one object
  Private non-default attributes:
    cts_cloning_copy_activity: true (default: false)
Updating RC Grid density data for preRoute extraction ...
Initializing multi-corner resistance tables ...
Route type trimming info:
  No route type modifications were made.
Library trimming buffers in power domain auto-default and half-corner tt_v1.8_25C_Nominal_25:both.late removed 0 of 3 cells
Original list had 3 cells:
CLKBUFX8 CLKBUFX4 CLKBUFX2 
Library trimming was not able to trim any cells:
CLKBUFX8 CLKBUFX4 CLKBUFX2 
Library trimming inverters in power domain auto-default and half-corner tt_v1.8_25C_Nominal_25:both.late removed 0 of 4 cells
Original list had 4 cells:
CLKINVX8 CLKINVX4 CLKINVX2 CLKINVX1 
Library trimming was not able to trim any cells:
CLKINVX8 CLKINVX4 CLKINVX2 CLKINVX1 
**WARN: (IMPCCOPT-2427):	The cts_target_maximum_transition_time 100.000ns is too high for delay_corner tt_v1.8_25C_Nominal_25 and delay_type late for clock_tree core_clock and net_type leaf. CTS will proceed using 0.599ns.
**WARN: (IMPCCOPT-2427):	The cts_target_maximum_transition_time 100.000ns is too high for delay_corner tt_v1.8_25C_Nominal_25 and delay_type late for clock_tree core_clock and net_type trunk. CTS will proceed using 0.599ns.
Clock tree balancer configuration for clock_tree core_clock:
Non-default attributes:
  Public non-default attributes:
    cts_merge_clock_gates: true (default: false)
    cts_merge_clock_logic: true (default: false)
  No private non-default attributes
For power domain auto-default:
  Buffers:     CLKBUFX8 CLKBUFX4 CLKBUFX2
  Inverters:   CLKINVX8 CLKINVX4 CLKINVX2 CLKINVX1
  Unblocked area available for placement of any clock cells in power_domain auto-default: 319996.332um^2
Top Routing info:
  Route-type name: default_route_type_nonleaf; Top/bottom preferred layer name: met4/met3; 
  Unshielded; Mask Constraint: 0; Source: cts_route_type.
Trunk Routing info:
  Route-type name: default_route_type_nonleaf; Top/bottom preferred layer name: met4/met3; 
  Unshielded; Preferred extra space: 1; Mask Constraint: 0; Source: cts_route_type.
Leaf Routing info:
  Route-type name: default_route_type_leaf; Top/bottom preferred layer name: met4/met3; 
  Unshielded; Preferred extra space: 1; Mask Constraint: 0; Source: cts_route_type.
For timing_corner tt_v1.8_25C_Nominal_25:both, late and power domain auto-default:
  Slew time target (leaf):    0.600ns
  Slew time target (trunk):   0.600ns
  Slew time target (top):     100.000ns (Note: no nets are considered top nets in this clock tree)
  Buffer unit delay: 0.183ns
  Buffer max distance: 2277.858um
Fastest wire driving cells and distances:
  Buffer    : {lib_cell:CLKBUFX8, fastest_considered_half_corner=tt_v1.8_25C_Nominal_25:both.late, optimalDrivingDistance=2277.858um, saturatedSlew=0.419ns, speed=4723.886um per ns, cellArea=9.197um^2 per 1000um}
  Inverter  : {lib_cell:CLKINVX8, fastest_considered_half_corner=tt_v1.8_25C_Nominal_25:both.late, optimalDrivingDistance=1965.116um, saturatedSlew=0.384ns, speed=5150.350um per ns, cellArea=8.722um^2 per 1000um}


Logic Sizing Table:

----------------------------------------------------------
Cell    Instance count    Source    Eligible library cells
----------------------------------------------------------
  (empty table)
----------------------------------------------------------


Clock tree balancer configuration for skew_group core_clock/func:
 Created from constraint modes: {[]}
  Sources:                     pin clock
  Total number of sinks:       1447
  Delay constrained sinks:     1447
  Constrains:                  default
  Non-leaf sinks:              0
  Ignore pins:                 0
 Timing corner tt_v1.8_25C_Nominal_25:both.late:
  Skew target:                 0.183ns
Primary reporting skew groups are:
skew_group core_clock/func with 1447 clock sinks
Found 0/0 (-nan%) clock tree instances with fixed placement status.


Constraint summary
==================

Transition constraints are active in the following delay corners:

tt_v1.8_25C_Nominal_25:both.late

Cap constraints are active in the following delay corners:

tt_v1.8_25C_Nominal_25:both.late

Transition constraint summary:

----------------------------------------------------------------------------------------------------------
Delay corner                                  Target (ns)    Num pins    Target source       Clock tree(s)
----------------------------------------------------------------------------------------------------------
tt_v1.8_25C_Nominal_25:both.late (primary)         -            -               -                  -
                    -                            0.150         1443      liberty explicit    all
                    -                            0.500            4      liberty explicit    all
                    -                            0.600            2      tool modified       all
----------------------------------------------------------------------------------------------------------

Capacitance constraint summary:

------------------------------------------------------------------------------------------------------------------
Delay corner                                  Limit (pF)    Num nets    Target source                Clock tree(s)
------------------------------------------------------------------------------------------------------------------
tt_v1.8_25C_Nominal_25:both.late (primary)        -            -                    -                      -
                    -                           0.165          1        library_or_sdc_constraint    all
------------------------------------------------------------------------------------------------------------------


Clock DAG stats initial state:
  cell counts      : b=0, i=0, icg=0, dcg=0, l=0, total=0
  sink counts      : regular=1447, enable_latch=0, load_capacitance=0, antenna=0, node_sink=0, port=0, total=1447
  misc counts      : r=1, pp=0, mci=0
  cell areas       : b=0.000um^2, i=0.000um^2, icg=0.000um^2, dcg=0.000um^2, l=0.000um^2, total=0.000um^2
  hp wire lengths  : top=0.000um, trunk=0.000um, leaf=1917.280um, total=1917.280um
      flow.cputime  flow.realtime  timing.setup.tns  timing.setup.wns  snapshot
UM:*                                                                   InitialState
No ideal or dont_touch nets found in the clock tree
No dont_touch hnets found in the clock tree
No dont_touch hpins found in the clock network.
Checking for illegal sizes of clock logic instances...
Checking for illegal sizes of clock logic instances done. (took cpu=0:00:00.0 real=0:00:00.0)
Validating CTS configuration done. (took cpu=0:00:01.2 real=0:00:01.3)
CCOpt configuration status: all checks passed.
Adding exclusion drivers to pins that are cts_sink_type_effective exclude...
    Adding exclusion drivers (these will be instances of the smallest area library cells).
  No exclusion drivers are needed.
Adding exclusion drivers to pins that are cts_sink_type_effective exclude done.
Antenna diode management...
  Found 0 antenna diodes in the clock trees.
  
Antenna diode management done.
Adding driver cells for primary IOs...
Adding driver cells for primary IOs done.
Adding driver cells for primary IOs...
Adding driver cells for primary IOs done.

----------------------------------------------------------------------------------------------
CCOpt reported the following when adding drivers below input ports and above output ports     
----------------------------------------------------------------------------------------------
  (empty table)
----------------------------------------------------------------------------------------------


Adding driver cell for primary IO roots...
Adding driver cell for primary IO roots done.
Maximizing clock DAG abstraction...
  Removing clock DAG drivers
Maximizing clock DAG abstraction done.
CCOpt::Phase::PreparingToBalance done. (took cpu=0:00:02.5 real=0:00:02.6)
Synthesizing clock trees...
  Preparing To Balance...
  Leaving CCOpt scope - Cleaning up placement interface...
  Leaving CCOpt scope - Cleaning up placement interface done. (took cpu=0:00:00.0 real=0:00:00.0)
  Leaving CCOpt scope - Initializing placement interface...
  Leaving CCOpt scope - Initializing placement interface done. (took cpu=0:00:00.0 real=0:00:00.0)
  Merging duplicate siblings in DAG...
    Clock DAG stats before merging:
      cell counts      : b=0, i=0, icg=0, dcg=0, l=0, total=0
      sink counts      : regular=1447, enable_latch=0, load_capacitance=0, antenna=0, node_sink=0, port=0, total=1447
      misc counts      : r=1, pp=0, mci=0
      cell areas       : b=0.000um^2, i=0.000um^2, icg=0.000um^2, dcg=0.000um^2, l=0.000um^2, total=0.000um^2
      hp wire lengths  : top=0.000um, trunk=0.000um, leaf=1917.280um, total=1917.280um
      flow.cputime  flow.realtime  timing.setup.tns  timing.setup.wns  snapshot
UM:*                                                                   before merging
    Resynthesising clock tree into netlist...
      Reset timing graph...
Ignoring AAE DB Resetting ...
      Reset timing graph done.
    Resynthesising clock tree into netlist done.
    Merging duplicate clock dag driver clones in DAG...
    Merging duplicate clock dag driver clones in DAG done.
    
    Disconnecting clock tree from netlist...
    Disconnecting clock tree from netlist done.
  Merging duplicate siblings in DAG done.
  Applying movement limits...
  Applying movement limits done.
  Preparing To Balance done. (took cpu=0:00:00.2 real=0:00:00.2)
  CCOpt::Phase::Construction...
  Stage::Clustering...
  Clustering...
    Initialize for clustering...
    Clock DAG stats before clustering:
      cell counts      : b=0, i=0, icg=0, dcg=0, l=0, total=0
      sink counts      : regular=1447, enable_latch=0, load_capacitance=0, antenna=0, node_sink=0, port=0, total=1447
      misc counts      : r=1, pp=0, mci=0
      cell areas       : b=0.000um^2, i=0.000um^2, icg=0.000um^2, dcg=0.000um^2, l=0.000um^2, total=0.000um^2
      hp wire lengths  : top=0.000um, trunk=0.000um, leaf=1917.280um, total=1917.280um
      flow.cputime  flow.realtime  timing.setup.tns  timing.setup.wns  snapshot
UM:*                                                                   before clustering
    Computing max distances from locked parents...
      Computing distance_from_locked_parent_restrictions for 0 nodes driven by 0 locked parents
    Computing max distances from locked parents done.
    Preplacing multi-input logics...
    Preplacing multi-input logics done. (took cpu=0:00:00.0 real=0:00:00.0)
    Computing optimal clock node locations...
    : ...20% ...40% ...60% ...80% ...100% 
    Computing optimal clock node locations done. (took cpu=0:00:00.0 real=0:00:00.0)
    Initialize for clustering done. (took cpu=0:00:00.1 real=0:00:00.1)
    Bottom-up phase...
    Clustering bottom-up starting from leaves...
      Clustering clock_tree core_clock...
          Clock tree timing engine global stage delay update for tt_v1.8_25C_Nominal_25:both.late...
          Clock tree timing engine global stage delay update for tt_v1.8_25C_Nominal_25:both.late done. (took cpu=0:00:00.1 real=0:00:00.1)
      Clustering clock_tree core_clock done.
    Clustering bottom-up starting from leaves done.
    Rebuilding the clock tree after clustering...
    Rebuilding the clock tree after clustering done.
    Clock DAG stats after bottom-up phase:
      cell counts      : b=43, i=0, icg=0, dcg=0, l=0, total=43
      sink counts      : regular=1447, enable_latch=0, load_capacitance=0, antenna=0, node_sink=0, port=0, total=1447
      misc counts      : r=1, pp=0, mci=0
      cell areas       : b=900.781um^2, i=0.000um^2, icg=0.000um^2, dcg=0.000um^2, l=0.000um^2, total=900.781um^2
      hp wire lengths  : top=0.000um, trunk=3409.980um, leaf=6426.300um, total=9836.280um
    Clock DAG library cell distribution after bottom-up phase {count}:
       Bufs: CLKBUFX8: 43 
      flow.cputime  flow.realtime  timing.setup.tns  timing.setup.wns  snapshot
UM:*                                                                   after bottom-up phase
    Bottom-up phase done. (took cpu=0:00:01.3 real=0:00:01.3)
    Legalizing clock trees...
    Resynthesising clock tree into netlist...
      Reset timing graph...
Ignoring AAE DB Resetting ...
      Reset timing graph done.
    Resynthesising clock tree into netlist done.
    Commiting net attributes....
    Commiting net attributes. done.
    Leaving CCOpt scope - ClockRefiner...
    Performing a single pass refine place with checks partially disabled for clock sinks and datapath.
*** Starting place_detail (0:01:08 mem=2791.1M) ***
Total net bbox length = 4.358e+05 (2.116e+05 2.242e+05) (ext = 9.284e+02)
Move report: Detail placement moved 228 insts, mean move: 2.26 um, max move: 9.66 um 
	Max move on inst (LoadStoreUnit_lsu_pc_addr_pt_op_reg[21]): (849.16, 849.62) --> (843.64, 853.76)
	Runtime: CPU: 0:00:00.5 REAL: 0:00:00.0 MEM: 2804.9MB
Summary Report:
Instances moved: 228 (out of 8314 movable)
Instances flipped: 0
Mean displacement: 2.26 um
Max displacement: 9.66 um (Instance: LoadStoreUnit_lsu_pc_addr_pt_op_reg[21]) (849.16, 849.62) -> (843.64, 853.76)
	Length: 18 sites, height: 1 rows, site name: CoreSite, cell type: DFFX1
Physical-only instances moved: 0 (out of 0 movable physical-only)
Total net bbox length = 4.362e+05 (2.119e+05 2.243e+05) (ext = 9.284e+02)
Runtime: CPU: 0:00:00.5 REAL: 0:00:00.0 MEM: 2804.9MB
*** Finished place_detail (0:01:09 mem=2804.9M) ***
    ClockRefiner summary
    All clock instances: Moved 70, flipped 23 and cell swapped 0 (out of a total of 1488).
    All Clock instances: Average move = 2.77um
    The largest move was 9.66 um for LoadStoreUnit_lsu_pc_addr_pt_op_reg[21].
    Leaving CCOpt scope - ClockRefiner done. (took cpu=0:00:00.7 real=0:00:00.7)
    Disconnecting clock tree from netlist...
    Disconnecting clock tree from netlist done.
    Leaving CCOpt scope - Cleaning up placement interface...
    Leaving CCOpt scope - Cleaning up placement interface done. (took cpu=0:00:00.0 real=0:00:00.0)
    Leaving CCOpt scope - Initializing placement interface...
    Leaving CCOpt scope - Initializing placement interface done. (took cpu=0:00:00.1 real=0:00:00.1)
    Clock tree timing engine global stage delay update for tt_v1.8_25C_Nominal_25:both.late...
    Clock tree timing engine global stage delay update for tt_v1.8_25C_Nominal_25:both.late done. (took cpu=0:00:00.1 real=0:00:00.1)
    
    Clock tree legalization - Histogram:
    ====================================
    
    --------------------------------
    Movement (um)    Number of cells
    --------------------------------
    [6.9,7.59)              1
    [7.59,8.28)             1
    --------------------------------
    
    
    Clock tree legalization - Top 10 Movements:
    ===========================================
    
    -------------------------------------------------------------------------------------------------------------------------------------------------------
    Movement (um)    Desired              Achieved             Node
                     location             location             
    -------------------------------------------------------------------------------------------------------------------------------------------------------
        8.28         (743.360,79.580)     (743.360,71.300)     CTS_ccl_buf_00042 (a lib_cell CLKBUFX8) at (743.360,71.300), in power domain auto-default
        6.9          (743.360,79.580)     (750.260,79.580)     CTS_ccl_buf_00041 (a lib_cell CLKBUFX8) at (750.260,79.580), in power domain auto-default
        0            (856.098,769.400)    (856.098,769.400)    CTS_ccl_a_buf_00013 (a lib_cell CLKBUFX8) at (853.760,766.820), in power domain auto-default
        0            (853.798,810.800)    (853.798,810.800)    CTS_ccl_a_buf_00014 (a lib_cell CLKBUFX8) at (851.460,808.220), in power domain auto-default
        0            (803.198,636.920)    (803.198,636.920)    CTS_ccl_a_buf_00011 (a lib_cell CLKBUFX8) at (800.860,634.340), in power domain auto-default
        0            (750.298,670.040)    (750.298,670.040)    CTS_ccl_a_buf_00006 (a lib_cell CLKBUFX8) at (747.960,667.460), in power domain auto-default
        0            (764.558,744.560)    (764.558,744.560)    CTS_ccl_a_buf_00005 (a lib_cell CLKBUFX8) at (762.220,741.980), in power domain auto-default
        0            (745.698,82.160)     (745.698,82.160)     CTS_ccl_a_buf_00040 (a lib_cell CLKBUFX8) at (743.360,79.580), in power domain auto-default
        0            (745.698,73.880)     (745.698,73.880)     CTS_ccl_buf_00042 (a lib_cell CLKBUFX8) at (743.360,71.300), in power domain auto-default
        0            (32.238,32.480)      (32.238,32.480)      CTS_ccl_buf_00043 (a lib_cell CLKBUFX8) at (29.900,29.900), in power domain auto-default
    -------------------------------------------------------------------------------------------------------------------------------------------------------
    
    Legalizing clock trees done. (took cpu=0:00:00.9 real=0:00:00.9)
    Clock tree timing engine global stage delay update for tt_v1.8_25C_Nominal_25:both.late...
    Clock tree timing engine global stage delay update for tt_v1.8_25C_Nominal_25:both.late done. (took cpu=0:00:00.1 real=0:00:00.1)
    Clock DAG stats after 'Clustering':
      cell counts      : b=43, i=0, icg=0, dcg=0, l=0, total=43
      sink counts      : regular=1447, enable_latch=0, load_capacitance=0, antenna=0, node_sink=0, port=0, total=1447
      misc counts      : r=1, pp=0, mci=0
      cell areas       : b=900.781um^2, i=0.000um^2, icg=0.000um^2, dcg=0.000um^2, l=0.000um^2, total=900.781um^2
      cell capacitance : b=0.239pF, i=0.000pF, icg=0.000pF, dcg=0.000pF, l=0.000pF, total=0.239pF
      sink capacitance : total=2.762pF, avg=0.002pF, sd=0.000pF, min=0.002pF, max=0.007pF
      wire capacitance : top=0.000pF, trunk=0.837pF, leaf=2.648pF, total=3.486pF
      wire lengths     : top=0.000um, trunk=4718.677um, leaf=13621.222um, total=18339.899um
      hp wire lengths  : top=0.000um, trunk=3423.780um, leaf=6442.400um, total=9866.180um
    Clock DAG net violations after 'Clustering': none
    Clock DAG primary half-corner transition distribution after 'Clustering':
      Trunk : target=0.600ns count=6 avg=0.165ns sd=0.163ns min=0.003ns max=0.456ns {5 <= 0.360ns, 1 <= 0.480ns, 0 <= 0.540ns, 0 <= 0.570ns, 0 <= 0.600ns}
      Leaf  : target=0.150ns count=38 avg=0.132ns sd=0.013ns min=0.096ns max=0.145ns {0 <= 0.090ns, 5 <= 0.120ns, 10 <= 0.135ns, 19 <= 0.142ns, 4 <= 0.150ns}
    Clock DAG library cell distribution after 'Clustering' {count}:
       Bufs: CLKBUFX8: 43 
    Primary reporting skew groups after 'Clustering':
      skew_group core_clock/func: insertion delay [min=0.908, max=0.973, avg=0.949, sd=0.017, skn=-0.689, kur=-0.632], skew [0.065 vs 0.183], 100% {0.908, 0.973} (wid=0.080 ws=0.058) (gid=0.905 gs=0.041)
    Skew group summary after 'Clustering':
      skew_group core_clock/func: insertion delay [min=0.908, max=0.973, avg=0.949, sd=0.017, skn=-0.689, kur=-0.632], skew [0.065 vs 0.183], 100% {0.908, 0.973} (wid=0.080 ws=0.058) (gid=0.905 gs=0.041)
    Legalizer API calls during this step: 592 succeeded with high effort: 592 succeeded with medium effort: 0 succeeded with low effort: 0 succeeded with basic effort: 0 succeeded with basic unbounded effort: 0
  Clustering done. (took cpu=0:00:02.4 real=0:00:02.4)
  Looking for fanout violations...
  Looking for fanout violations done.
  Removing clustering added virtual delays...
    Resynthesising clock tree into netlist...
      Reset timing graph...
Ignoring AAE DB Resetting ...
      Reset timing graph done.
    Resynthesising clock tree into netlist done.
    Disconnecting clock tree from netlist...
    Disconnecting clock tree from netlist done.
  Removing clustering added virtual delays done.
  CongRepair After Initial Clustering...
  Reset timing graph...
Ignoring AAE DB Resetting ...
  Reset timing graph done.
  Leaving CCOpt scope - Early Global Route...
  Clock implementation routing...
Net route status summary:
  Clock:        44 (unrouted=44, trialRouted=0, noStatus=0, routed=0, fixed=0, [crossesIlmBoundary=0, tooFewTerms=0, (crossesIlmBoundary AND tooFewTerms=0)], steiner=0)
  Non-clock:  9983 (unrouted=1595, trialRouted=8388, noStatus=0, routed=0, fixed=0, [crossesIlmBoundary=0, tooFewTerms=1593, (crossesIlmBoundary AND tooFewTerms=0)])
    Routing using eGR only...
      Early Global Route - eGR only step...
(ccopt eGR): There are 44 nets to be routed. 0 nets have skip routing designation.
(ccopt eGR): There are 44 nets for routing of which 44 have one or more fixed wires.
(ccopt eGR): Start to route 44 all nets
**WARN: (IMPPTN-1250):	Pin placement has been enabled on metal layer 1.
Type 'man IMPPTN-1250' for more detail.
**WARN: (IMPPTN-1250):	Pin placement has been enabled on metal layer 1.
Type 'man IMPPTN-1250' for more detail.
[PSP]    Started Early Global Route ( Curr Mem: 2.67 MB )
[PSP]    Started Early Global Route kernel ( Curr Mem: 2.67 MB )
[NR-eGR] Early global route reroute 44 out of 8432 routable nets
[NR-eGR] Track table information for default rule: 
[NR-eGR] met1 has single uniform track structure
[NR-eGR] met2 has single uniform track structure
[NR-eGR] met3 has single uniform track structure
[NR-eGR] met4 has single uniform track structure
[NR-eGR] met5 has single uniform track structure
[NR-eGR] Read 9895 PG shapes
[NR-eGR] Read 0 clock shapes
[NR-eGR] Read 0 other shapes
[NR-eGR] #Routing Blockages  : 8
[NR-eGR] #Bump Blockages     : 0
[NR-eGR] #Instance Blockages : 116526
[NR-eGR] #PG Blockages       : 9895
[NR-eGR] #Halo Blockages     : 0
[NR-eGR] #Boundary Blockages : 0
[NR-eGR] #Clock Blockages    : 0
[NR-eGR] #Other Blockages    : 0
[NR-eGR] #prerouted nets         : 0
[NR-eGR] #prerouted special nets : 0
[NR-eGR] #prerouted wires        : 0
[NR-eGR] Read 8432 nets ( ignored 8388 )
[NR-eGR] Connected 0 must-join pins/ports (pre-process)
[NR-eGR] #via pillars        : 0
[NR-eGR] #must join all port : 0
[NR-eGR] #multiple ports     : 0
[NR-eGR] #has must join      : 0
[NR-eGR] Handle net priority by net group ordering
[NR-eGR] There are 44 clock nets ( 44 with NDR ).
[NR-eGR] == Routing rule table ==
[NR-eGR]  ID  Name  #Nets 
[NR-eGR] -----------------
[NR-eGR]   0           44 
[NR-eGR] Layer group 1: route 44 net(s) in layer range [3, 4]
[NR-eGR] Early Global Route overflow of layer group 1: 0.00% H + 0.01% V. EstWL: 1.810836e+04um
[NR-eGR] Congestion Analysis By layer: (blocked Gcells are excluded) 
[NR-eGR]                        OverCon            
[NR-eGR]                         #Gcell     %Gcell
[NR-eGR]        Layer             (1-2)    OverCon
[NR-eGR] ----------------------------------------------
[NR-eGR]    met1 ( 1)         8( 0.05%)   ( 0.05%) 
[NR-eGR]    met2 ( 2)         0( 0.00%)   ( 0.00%) 
[NR-eGR]    met3 ( 3)         0( 0.00%)   ( 0.00%) 
[NR-eGR]    met4 ( 4)         7( 0.03%)   ( 0.03%) 
[NR-eGR]    met5 ( 5)         6( 0.02%)   ( 0.02%) 
[NR-eGR] ----------------------------------------------
[NR-eGR]        Total        21( 0.02%)   ( 0.02%) 
[NR-eGR] 
[NR-eGR] Overflow after Early Global Route 0.00% H + 0.00% V
[NR-eGR] Connected 0 must-join pins/ports (post-process)
[NR-eGR] Total eGR-routed clock nets wire length: 18464um, number of vias: 3275
[NR-eGR] --------------------------------------------------------------------------
[NR-eGR] Report for selected net(s) only.
[NR-eGR]               Length (um)  Vias 
[NR-eGR] --------------------------------
[NR-eGR]  met1  (1H)          1002  1475 
[NR-eGR]  met2  (2V)          4223  1203 
[NR-eGR]  met3  (3H)          8167   505 
[NR-eGR]  met4  (4V)          4819    92 
[NR-eGR]  met5  (5H)           254     0 
[NR-eGR] --------------------------------
[NR-eGR]        Total        18464  3275 
[NR-eGR] --------------------------------------------------------------------------
[NR-eGR] Total half perimeter of net bounding box: 9866um
[NR-eGR] Total length: 18464um, number of vias: 3275
[NR-eGR] --------------------------------------------------------------------------
[NR-eGR] Total routed clock nets wire length: 18464um, number of vias: 3275
[NR-eGR] --------------------------------------------------------------------------
[NR-eGR]               Length (um)   Vias 
[NR-eGR] ---------------------------------
[NR-eGR]  met1  (1H)         32321  30006 
[NR-eGR]  met2  (2V)        191395  16949 
[NR-eGR]  met3  (3H)        200681   3970 
[NR-eGR]  met4  (4V)         70651   2164 
[NR-eGR]  met5  (5H)         20752      0 
[NR-eGR] ---------------------------------
[NR-eGR]        Total       515801  53089 
[NR-eGR] --------------------------------------------------------------------------
[NR-eGR] Total half perimeter of net bounding box: 436155um
[NR-eGR] Total length: 515801um, number of vias: 53089
[NR-eGR] --------------------------------------------------------------------------
[NR-eGR] Finished Early Global Route kernel ( CPU: 0.43 sec, Real: 0.48 sec, Curr Mem: 2.68 MB )
[NR-eGR] Finished Early Global Route ( CPU: 0.44 sec, Real: 0.49 sec, Curr Mem: 2.67 MB )
      Early Global Route - eGR only step done. (took cpu=0:00:00.6 real=0:00:00.6)
[hotspot] +----------------+-------------------+-------------------+-------------------------------------+
[hotspot] |      layer     |    max hotspot    |   total hotspot   |            hotspot bbox             |
[hotspot] +----------------+-------------------+-------------------+-------------------------------------+
[hotspot] |     met3(H)    |              0.00 |              0.00 |   (none)                            |
[hotspot] |     met4(V)    |              0.00 |              0.00 |   (none)                            |
[hotspot] +----------------+-------------------+-------------------+-------------------------------------+
[hotspot] |      worst     |              0.00 |              0.00 |                                     |
[hotspot] +----------------+-------------------+-------------------+-------------------------------------+
[hotspot] |   all layers   |              0.00 |              0.00 |                                     |
[hotspot] +----------------+-------------------+-------------------+-------------------------------------+
Local HotSpot Analysis (3d): normalized congestion max/total hotspot area = 0.00/0.00 (area is in unit of 4 std-cell row bins)
    Routing using eGR only done.
Net route status summary:
  Clock:        44 (unrouted=0, trialRouted=0, noStatus=0, routed=44, fixed=0, [crossesIlmBoundary=0, tooFewTerms=0, (crossesIlmBoundary AND tooFewTerms=0)], steiner=44)
  Non-clock:  9983 (unrouted=1595, trialRouted=8388, noStatus=0, routed=0, fixed=0, [crossesIlmBoundary=0, tooFewTerms=1593, (crossesIlmBoundary AND tooFewTerms=0)])

CCOPT: Done with clock implementation routing.

  Clock implementation routing done.
  CCOpt: Starting congestion repair using flow wrapper...
    Congestion Repair...
*** IncrReplace #1 [begin] (CTS #1 / clock_opt_design #1) : totSession cpu/real = 0:01:10.0/0:01:19.8 (0.9), mem = 2802.3M
Info: Enable timing driven in postCTS congRepair.

*** Start incrementalPlace ***
Effort level <high> specified for tdgp_reg2reg_default path_group
No Views given, use default active views for adaptive view pruning
Active views:
  tt_v1.8_25C_Nominal_25_func
**WARN: (IMPPTN-1250):	Pin placement has been enabled on metal layer 1.
Type 'man IMPPTN-1250' for more detail.
[NR-eGR] Started Early Global Route kernel ( Curr Mem: 2.75 MB )
[NR-eGR] Early global route reroute all routable nets
[NR-eGR] Track table information for default rule: 
[NR-eGR] met1 has single uniform track structure
[NR-eGR] met2 has single uniform track structure
[NR-eGR] met3 has single uniform track structure
[NR-eGR] met4 has single uniform track structure
[NR-eGR] met5 has single uniform track structure
[NR-eGR] Read 14141 PG shapes
[NR-eGR] Read 0 clock shapes
[NR-eGR] Read 0 other shapes
[NR-eGR] #Routing Blockages  : 8
[NR-eGR] #Bump Blockages     : 0
[NR-eGR] #Instance Blockages : 105974
[NR-eGR] #PG Blockages       : 14141
[NR-eGR] #Halo Blockages     : 0
[NR-eGR] #Boundary Blockages : 0
[NR-eGR] #Clock Blockages    : 0
[NR-eGR] #Other Blockages    : 0
[NR-eGR] #prerouted nets         : 44
[NR-eGR] #prerouted special nets : 0
[NR-eGR] #prerouted wires        : 5326
[NR-eGR] Read 8432 nets ( ignored 44 )
[NR-eGR] Handle net priority by net group ordering
[NR-eGR] == Routing rule table ==
[NR-eGR]  ID  Name       #Nets 
[NR-eGR] ----------------------
[NR-eGR]   1  (Default)   8388 
[NR-eGR] Layer group 1: route 8388 net(s) in layer range [1, 5]
[NR-eGR] Early Global Route overflow of layer group 1: 2.46% H + 0.43% V. EstWL: 4.817097e+05um
[NR-eGR] Congestion Analysis By layer: (blocked Gcells are excluded) 
[NR-eGR]                        OverCon           OverCon           OverCon            
[NR-eGR]                         #Gcell            #Gcell            #Gcell     %Gcell
[NR-eGR]        Layer             (1-4)             (5-8)            (9-12)    OverCon
[NR-eGR] --------------------------------------------------------------------------------
[NR-eGR]    met1 ( 1)       214( 1.22%)         0( 0.00%)         0( 0.00%)   ( 1.22%) 
[NR-eGR]    met2 ( 2)       110( 0.43%)         0( 0.00%)         0( 0.00%)   ( 0.43%) 
[NR-eGR]    met3 ( 3)      2928(11.50%)       148( 0.58%)         2( 0.01%)   (12.09%) 
[NR-eGR]    met4 ( 4)       364( 1.47%)        12( 0.05%)         0( 0.00%)   ( 1.52%) 
[NR-eGR]    met5 ( 5)       415( 1.05%)         0( 0.00%)         0( 0.00%)   ( 1.05%) 
[NR-eGR] --------------------------------------------------------------------------------
[NR-eGR]        Total      4031( 3.03%)       160( 0.12%)         2( 0.00%)   ( 3.15%) 
[NR-eGR] 
[NR-eGR] Overflow after Early Global Route 2.96% H + 0.56% V
[NR-eGR] Finished Early Global Route kernel ( CPU: 0.84 sec, Real: 0.89 sec, Curr Mem: 2.77 MB )
Early Global Route congestion estimation runtime: 0.90 seconds, mem = 2856.4M
Local HotSpot Analysis: normalized max congestion hotspot area = 24.89, normalized total congestion hotspot area = 105.56 (area is in unit of 4 std-cell row bins)

=== incrementalPlace Internal Loop 1 ===
      flow.cputime  flow.realtime  timing.setup.tns  timing.setup.wns  snapshot
UM:*                                                                   incrNP_iter_start
[spp] 0
AAE_INFO: opIsDesignInPostRouteState() is 0
#################################################################################
# Design Stage: PreRoute
# Design Name: Core
# Design Mode: 130nm
# Analysis Mode: MMMC OCV 
# Parasitics Mode: No SPEF/RCDB 
# Signoff Settings: SI Off 
#################################################################################
Extraction called for design 'Core' of instances=8316 and nets=10027 using extraction engine 'pre_route' .
pre_route RC Extraction called for design Core.
RC Extraction called in multi-corner(1) mode.
RCMode: PreRoute
      RC Corner Indexes            0   
Capacitance Scaling Factor   : 1.00000 
Resistance Scaling Factor    : 1.00000 
Clock Cap. Scaling Factor    : 1.00000 
Clock Res. Scaling Factor    : 1.00000 
Shrink Factor                : 1.00000
Using Quantus QRC technology file ...
Updating RC Grid density data for preRoute extraction ...
Initializing multi-corner resistance tables ...
PreRoute RC Extraction DONE (CPU Time: 0:00:00.2  Real Time: 0:00:01.0  MEM: 2876.348M)
Start delay calculation (fullDC) (1 T). (MEM=2889.57)
Total number of fetched objects 9959
AAE_INFO: Total number of nets for which stage creation was skipped for all views 0
End delay calculation. (MEM=2919.6 CPU=0:00:01.8 REAL=0:00:02.0)
End delay calculation (fullDC). (MEM=2908.71 CPU=0:00:02.4 REAL=0:00:02.0)
*** Finished SKP initialization (cpu=0:00:04.4, real=0:00:05.0)***
SKP will use view:
  tt_v1.8_25C_Nominal_25_func
Iteration  8: Total net bbox = 4.862e+05 (2.55e+05 2.31e+05)
              Est.  stn bbox = 6.247e+05 (3.11e+05 3.14e+05)
              cpu = 0:00:06.6 real = 0:00:07.0 mem = 2977.3M
Iteration  9: Total net bbox = 4.496e+05 (2.32e+05 2.17e+05)
              Est.  stn bbox = 5.851e+05 (2.86e+05 2.99e+05)
              cpu = 0:00:09.3 real = 0:00:10.0 mem = 2977.7M
[NR-eGR] Started Early Global Route kernel ( Curr Mem: 2.90 MB )
Iteration 10: Total net bbox = 4.455e+05 (2.26e+05 2.20e+05)
              Est.  stn bbox = 5.759e+05 (2.77e+05 2.99e+05)
              cpu = 0:00:33.9 real = 0:00:34.0 mem = 3009.4M
Iteration 11: Total net bbox = 4.331e+05 (2.13e+05 2.20e+05)
              Est.  stn bbox = 5.592e+05 (2.60e+05 2.99e+05)
              cpu = 0:00:03.3 real = 0:00:04.0 mem = 2983.3M
Move report: Timing Driven Placement moved 8271 insts, mean move: 25.86 um, max move: 543.53 um 
	Max move on inst (prects_FE_OFC461_InstructionExecute_Module_ArthimeticLogicUnit_lt_43_52_n_15): (765.90, 696.44) --> (462.30, 936.37)

Finished Incremental Placement (cpu=0:00:58.9, real=0:01:01, mem=2982.6M)
*** Starting place_detail (0:02:10 mem=2958.4M) ***
Total net bbox length = 4.405e+05 (2.177e+05 2.228e+05) (ext = 9.022e+02)
Move report: Detail placement moved 8269 insts, mean move: 0.95 um, max move: 52.53 um 
	Max move on inst (prects_FE_OFC1415_n_7433): (445.67, 506.02) --> (494.04, 501.86)
	Runtime: CPU: 0:00:00.9 REAL: 0:00:01.0 MEM: 2978.2MB
Summary Report:
Instances moved: 8269 (out of 8271 movable)
Instances flipped: 1
Mean displacement: 0.95 um
Max displacement: 52.53 um (Instance: prects_FE_OFC1415_n_7433) (445.665, 506.016) -> (494.04, 501.86)
	Length: 3 sites, height: 1 rows, site name: CoreSite, cell type: CLKINVX2
Physical-only instances moved: 0 (out of 0 movable physical-only)
Total net bbox length = 4.360e+05 (2.132e+05 2.228e+05) (ext = 9.050e+02)
Runtime: CPU: 0:00:01.0 REAL: 0:00:01.0 MEM: 2978.2MB
*** Finished place_detail (0:02:11 mem=2978.2M) ***
[NR-eGR] Early global route reroute all routable nets
[NR-eGR] Track table information for default rule: 
[NR-eGR] met1 has single uniform track structure
[NR-eGR] met2 has single uniform track structure
[NR-eGR] met3 has single uniform track structure
[NR-eGR] met4 has single uniform track structure
[NR-eGR] met5 has single uniform track structure
[NR-eGR] Read 0 clock shapes
[NR-eGR] Read 0 other shapes
[NR-eGR] #Routing Blockages  : 8
[NR-eGR] #Bump Blockages     : 0
[NR-eGR] #Instance Blockages : 105974
[NR-eGR] #PG Blockages       : 14141
[NR-eGR] #Halo Blockages     : 0
[NR-eGR] #Boundary Blockages : 0
[NR-eGR] #Clock Blockages    : 0
[NR-eGR] #Other Blockages    : 0
[NR-eGR] #prerouted nets         : 44
[NR-eGR] #prerouted special nets : 0
[NR-eGR] #prerouted wires        : 5326
[NR-eGR] Read 8432 nets ( ignored 44 )
[NR-eGR] Handle net priority by net group ordering
[NR-eGR] == Routing rule table ==
[NR-eGR]  ID  Name       #Nets 
[NR-eGR] ----------------------
[NR-eGR]   1  (Default)   8388 
[NR-eGR] Layer group 1: route 8388 net(s) in layer range [1, 5]
[NR-eGR] Early Global Route overflow of layer group 1: 2.45% H + 0.44% V. EstWL: 4.876713e+05um
[NR-eGR] Congestion Analysis By layer: (blocked Gcells are excluded) 
[NR-eGR]                        OverCon           OverCon           OverCon            
[NR-eGR]                         #Gcell            #Gcell            #Gcell     %Gcell
[NR-eGR]        Layer             (1-4)             (5-8)            (9-11)    OverCon
[NR-eGR] --------------------------------------------------------------------------------
[NR-eGR]    met1 ( 1)       228( 1.34%)         0( 0.00%)         0( 0.00%)   ( 1.34%) 
[NR-eGR]    met2 ( 2)       167( 0.65%)         3( 0.01%)         0( 0.00%)   ( 0.67%) 
[NR-eGR]    met3 ( 3)      3277(12.87%)       182( 0.71%)         3( 0.01%)   (13.60%) 
[NR-eGR]    met4 ( 4)       413( 1.67%)         9( 0.04%)         0( 0.00%)   ( 1.70%) 
[NR-eGR]    met5 ( 5)       446( 1.12%)         0( 0.00%)         0( 0.00%)   ( 1.12%) 
[NR-eGR] --------------------------------------------------------------------------------
[NR-eGR]        Total      4531( 3.42%)       194( 0.15%)         3( 0.00%)   ( 3.57%) 
[NR-eGR] 
[NR-eGR] Overflow after Early Global Route 3.41% H + 0.74% V
[NR-eGR] Finished Early Global Route kernel ( CPU: 0.79 sec, Real: 0.85 sec, Curr Mem: 2.83 MB )
Early Global Route congestion estimation runtime: 0.86 seconds, mem = 2959.7M
Local HotSpot Analysis: normalized max congestion hotspot area = 45.44, normalized total congestion hotspot area = 138.22 (area is in unit of 4 std-cell row bins)
[NR-eGR] Connected 0 must-join pins/ports (post-process)
[NR-eGR] Total eGR-routed clock nets wire length: 0um, number of vias: 0
[NR-eGR] --------------------------------------------------------------------------
[NR-eGR]               Length (um)   Vias 
[NR-eGR] ---------------------------------
[NR-eGR]  met1  (1H)         32131  30399 
[NR-eGR]  met2  (2V)        190495  19000 
[NR-eGR]  met3  (3H)        204886   4519 
[NR-eGR]  met4  (4V)         73193   2530 
[NR-eGR]  met5  (5H)         22697      0 
[NR-eGR] ---------------------------------
[NR-eGR]        Total       523402  56448 
[NR-eGR] --------------------------------------------------------------------------
[NR-eGR] Total half perimeter of net bounding box: 436013um
[NR-eGR] Total length: 523402um, number of vias: 56448
[NR-eGR] --------------------------------------------------------------------------
Early Global Route wiring runtime: 0.42 seconds, mem = 2916.0M

*** Finished incrementalPlace (cpu=0:01:02, real=0:01:05)***
*** IncrReplace #1 [finish] (CTS #1 / clock_opt_design #1) : cpu/real = 0:01:02.4/0:01:04.9 (1.0), totSession cpu/real = 0:02:12.4/0:02:24.8 (0.9), mem = 2915.4M
    Congestion Repair done. (took cpu=0:01:03 real=0:01:05)
  CCOpt: Starting congestion repair using flow wrapper done.
  Leaving CCOpt scope - Early Global Route done. (took cpu=0:01:03 real=0:01:06)
  Leaving CCOpt scope - extractRC...
  Updating RC parasitics by calling: "extract_rc -noRouteCheck"...
Extraction called for design 'Core' of instances=8316 and nets=10027 using extraction engine 'pre_route' .
pre_route RC Extraction called for design Core.
RC Extraction called in multi-corner(1) mode.
RCMode: PreRoute
      RC Corner Indexes            0   
Capacitance Scaling Factor   : 1.00000 
Resistance Scaling Factor    : 1.00000 
Clock Cap. Scaling Factor    : 1.00000 
Clock Res. Scaling Factor    : 1.00000 
Shrink Factor                : 1.00000
PreRoute extraction is honoring NDR/Shielding/ExtraSpace for clock nets.
Using Quantus QRC technology file ...
Updating RC Grid density data for preRoute extraction ...
Initializing multi-corner resistance tables ...
PreRoute RC Extraction DONE (CPU Time: 0:00:00.2  Real Time: 0:00:01.0  MEM: 2875.902M)
  Updating RC parasitics by calling: "extract_rc -noRouteCheck" done.
  Leaving CCOpt scope - extractRC done. (took cpu=0:00:00.2 real=0:00:00.2)
  Clock tree timing engine global stage delay update for tt_v1.8_25C_Nominal_25:both.late...
  Clock tree timing engine global stage delay update for tt_v1.8_25C_Nominal_25:both.late done. (took cpu=0:00:00.1 real=0:00:00.1)
  Clock DAG stats after clustering cong repair call:
    cell counts      : b=43, i=0, icg=0, dcg=0, l=0, total=43
    sink counts      : regular=1447, enable_latch=0, load_capacitance=0, antenna=0, node_sink=0, port=0, total=1447
    misc counts      : r=1, pp=0, mci=0
    cell areas       : b=900.781um^2, i=0.000um^2, icg=0.000um^2, dcg=0.000um^2, l=0.000um^2, total=900.781um^2
    cell capacitance : b=0.239pF, i=0.000pF, icg=0.000pF, dcg=0.000pF, l=0.000pF, total=0.239pF
    sink capacitance : total=2.762pF, avg=0.002pF, sd=0.000pF, min=0.002pF, max=0.007pF
    wire capacitance : top=0.000pF, trunk=0.849pF, leaf=2.342pF, total=3.191pF
    wire lengths     : top=0.000um, trunk=4718.677um, leaf=11650.861um, total=16369.538um
    hp wire lengths  : top=0.000um, trunk=3423.780um, leaf=5695.420um, total=9119.200um
  Clock DAG net violations after clustering cong repair call: none
  Clock DAG primary half-corner transition distribution after clustering cong repair call:
    Trunk : target=0.600ns count=6 avg=0.167ns sd=0.165ns min=0.003ns max=0.461ns {5 <= 0.360ns, 1 <= 0.480ns, 0 <= 0.540ns, 0 <= 0.570ns, 0 <= 0.600ns}
    Leaf  : target=0.150ns count=38 avg=0.126ns sd=0.014ns min=0.085ns max=0.145ns {2 <= 0.090ns, 3 <= 0.120ns, 24 <= 0.135ns, 8 <= 0.142ns, 1 <= 0.150ns}
  Clock DAG library cell distribution after clustering cong repair call {count}:
     Bufs: CLKBUFX8: 43 
  Primary reporting skew groups after clustering cong repair call:
    skew_group core_clock/func: insertion delay [min=0.905, max=0.977, avg=0.950, sd=0.019, skn=-0.592, kur=-0.815], skew [0.072 vs 0.183], 100% {0.905, 0.977} (wid=0.080 ws=0.057) (gid=0.908 gs=0.046)
  Skew group summary after clustering cong repair call:
    skew_group core_clock/func: insertion delay [min=0.905, max=0.977, avg=0.950, sd=0.019, skn=-0.592, kur=-0.815], skew [0.072 vs 0.183], 100% {0.905, 0.977} (wid=0.080 ws=0.057) (gid=0.908 gs=0.046)
  CongRepair After Initial Clustering done. (took cpu=0:01:04 real=0:01:06)
  Stage::Clustering done. (took cpu=0:01:06 real=0:01:09)
  Stage::DRV Fixing...
  Fixing clock tree slew time and max cap violations...
    Fixing clock tree overload: ...20% ...40% ...60% ...80% ...100% 
    Clock DAG stats after 'Fixing clock tree slew time and max cap violations':
      cell counts      : b=43, i=0, icg=0, dcg=0, l=0, total=43
      sink counts      : regular=1447, enable_latch=0, load_capacitance=0, antenna=0, node_sink=0, port=0, total=1447
      misc counts      : r=1, pp=0, mci=0
      cell areas       : b=900.781um^2, i=0.000um^2, icg=0.000um^2, dcg=0.000um^2, l=0.000um^2, total=900.781um^2
      cell capacitance : b=0.239pF, i=0.000pF, icg=0.000pF, dcg=0.000pF, l=0.000pF, total=0.239pF
      sink capacitance : total=2.762pF, avg=0.002pF, sd=0.000pF, min=0.002pF, max=0.007pF
      wire capacitance : top=0.000pF, trunk=0.849pF, leaf=2.342pF, total=3.191pF
      wire lengths     : top=0.000um, trunk=4718.677um, leaf=11650.861um, total=16369.538um
      hp wire lengths  : top=0.000um, trunk=3423.780um, leaf=5695.420um, total=9119.200um
    Clock DAG net violations after 'Fixing clock tree slew time and max cap violations': none
    Clock DAG primary half-corner transition distribution after 'Fixing clock tree slew time and max cap violations':
      Trunk : target=0.600ns count=6 avg=0.167ns sd=0.165ns min=0.003ns max=0.461ns {5 <= 0.360ns, 1 <= 0.480ns, 0 <= 0.540ns, 0 <= 0.570ns, 0 <= 0.600ns}
      Leaf  : target=0.150ns count=38 avg=0.126ns sd=0.014ns min=0.085ns max=0.145ns {2 <= 0.090ns, 3 <= 0.120ns, 24 <= 0.135ns, 8 <= 0.142ns, 1 <= 0.150ns}
    Clock DAG library cell distribution after 'Fixing clock tree slew time and max cap violations' {count}:
       Bufs: CLKBUFX8: 43 
    Primary reporting skew groups after 'Fixing clock tree slew time and max cap violations':
      skew_group core_clock/func: insertion delay [min=0.905, max=0.977], skew [0.072 vs 0.183]
    Skew group summary after 'Fixing clock tree slew time and max cap violations':
      skew_group core_clock/func: insertion delay [min=0.905, max=0.977], skew [0.072 vs 0.183]
    Legalizer API calls during this step: 0 succeeded with high effort: 0 succeeded with medium effort: 0 succeeded with low effort: 0 succeeded with basic effort: 0 succeeded with basic unbounded effort: 0
  Fixing clock tree slew time and max cap violations done. (took cpu=0:00:00.0 real=0:00:00.0)
  Fixing clock tree slew time and max cap violations - detailed pass...
    Fixing clock tree overload: ...20% ...40% ...60% ...80% ...100% 
    Clock DAG stats after 'Fixing clock tree slew time and max cap violations - detailed pass':
      cell counts      : b=43, i=0, icg=0, dcg=0, l=0, total=43
      sink counts      : regular=1447, enable_latch=0, load_capacitance=0, antenna=0, node_sink=0, port=0, total=1447
      misc counts      : r=1, pp=0, mci=0
      cell areas       : b=900.781um^2, i=0.000um^2, icg=0.000um^2, dcg=0.000um^2, l=0.000um^2, total=900.781um^2
      cell capacitance : b=0.239pF, i=0.000pF, icg=0.000pF, dcg=0.000pF, l=0.000pF, total=0.239pF
      sink capacitance : total=2.762pF, avg=0.002pF, sd=0.000pF, min=0.002pF, max=0.007pF
      wire capacitance : top=0.000pF, trunk=0.849pF, leaf=2.342pF, total=3.191pF
      wire lengths     : top=0.000um, trunk=4718.677um, leaf=11650.861um, total=16369.538um
      hp wire lengths  : top=0.000um, trunk=3423.780um, leaf=5695.420um, total=9119.200um
    Clock DAG net violations after 'Fixing clock tree slew time and max cap violations - detailed pass': none
    Clock DAG primary half-corner transition distribution after 'Fixing clock tree slew time and max cap violations - detailed pass':
      Trunk : target=0.600ns count=6 avg=0.167ns sd=0.165ns min=0.003ns max=0.461ns {5 <= 0.360ns, 1 <= 0.480ns, 0 <= 0.540ns, 0 <= 0.570ns, 0 <= 0.600ns}
      Leaf  : target=0.150ns count=38 avg=0.126ns sd=0.014ns min=0.085ns max=0.145ns {2 <= 0.090ns, 3 <= 0.120ns, 24 <= 0.135ns, 8 <= 0.142ns, 1 <= 0.150ns}
    Clock DAG library cell distribution after 'Fixing clock tree slew time and max cap violations - detailed pass' {count}:
       Bufs: CLKBUFX8: 43 
    Primary reporting skew groups after 'Fixing clock tree slew time and max cap violations - detailed pass':
      skew_group core_clock/func: insertion delay [min=0.905, max=0.977, avg=0.950, sd=0.019, skn=-0.592, kur=-0.815], skew [0.072 vs 0.183], 100% {0.905, 0.977} (wid=0.080 ws=0.057) (gid=0.908 gs=0.046)
    Skew group summary after 'Fixing clock tree slew time and max cap violations - detailed pass':
      skew_group core_clock/func: insertion delay [min=0.905, max=0.977, avg=0.950, sd=0.019, skn=-0.592, kur=-0.815], skew [0.072 vs 0.183], 100% {0.905, 0.977} (wid=0.080 ws=0.057) (gid=0.908 gs=0.046)
    Legalizer API calls during this step: 0 succeeded with high effort: 0 succeeded with medium effort: 0 succeeded with low effort: 0 succeeded with basic effort: 0 succeeded with basic unbounded effort: 0
  Fixing clock tree slew time and max cap violations - detailed pass done. (took cpu=0:00:00.1 real=0:00:00.1)
  Stage::DRV Fixing done. (took cpu=0:00:00.1 real=0:00:00.1)
  Stage::Insertion Delay Reduction...
  Removing unnecessary root buffering...
    Clock DAG stats after 'Removing unnecessary root buffering':
      cell counts      : b=41, i=0, icg=0, dcg=0, l=0, total=41
      sink counts      : regular=1447, enable_latch=0, load_capacitance=0, antenna=0, node_sink=0, port=0, total=1447
      misc counts      : r=1, pp=0, mci=0
      cell areas       : b=858.884um^2, i=0.000um^2, icg=0.000um^2, dcg=0.000um^2, l=0.000um^2, total=858.884um^2
      cell capacitance : b=0.228pF, i=0.000pF, icg=0.000pF, dcg=0.000pF, l=0.000pF, total=0.228pF
      sink capacitance : total=2.762pF, avg=0.002pF, sd=0.000pF, min=0.002pF, max=0.007pF
      wire capacitance : top=0.000pF, trunk=0.897pF, leaf=2.342pF, total=3.239pF
      wire lengths     : top=0.000um, trunk=5117.490um, leaf=11650.861um, total=16768.351um
      hp wire lengths  : top=0.000um, trunk=3614.680um, leaf=5695.420um, total=9310.100um
    Clock DAG net violations after 'Removing unnecessary root buffering': none
    Clock DAG primary half-corner transition distribution after 'Removing unnecessary root buffering':
      Trunk : target=0.600ns count=4 avg=0.238ns sd=0.232ns min=0.009ns max=0.560ns {3 <= 0.360ns, 0 <= 0.480ns, 0 <= 0.540ns, 1 <= 0.570ns, 0 <= 0.600ns}
      Leaf  : target=0.150ns count=38 avg=0.127ns sd=0.015ns min=0.085ns max=0.146ns {2 <= 0.090ns, 3 <= 0.120ns, 22 <= 0.135ns, 9 <= 0.142ns, 2 <= 0.150ns}
    Clock DAG library cell distribution after 'Removing unnecessary root buffering' {count}:
       Bufs: CLKBUFX8: 41 
    Primary reporting skew groups after 'Removing unnecessary root buffering':
      skew_group core_clock/func: insertion delay [min=0.631, max=0.744], skew [0.114 vs 0.183]
    Skew group summary after 'Removing unnecessary root buffering':
      skew_group core_clock/func: insertion delay [min=0.631, max=0.744], skew [0.114 vs 0.183]
    Legalizer API calls during this step: 39 succeeded with high effort: 39 succeeded with medium effort: 0 succeeded with low effort: 0 succeeded with basic effort: 0 succeeded with basic unbounded effort: 0
  Removing unnecessary root buffering done. (took cpu=0:00:00.6 real=0:00:00.6)
  Removing unconstrained drivers...
    Clock DAG stats after 'Removing unconstrained drivers':
      cell counts      : b=41, i=0, icg=0, dcg=0, l=0, total=41
      sink counts      : regular=1447, enable_latch=0, load_capacitance=0, antenna=0, node_sink=0, port=0, total=1447
      misc counts      : r=1, pp=0, mci=0
      cell areas       : b=858.884um^2, i=0.000um^2, icg=0.000um^2, dcg=0.000um^2, l=0.000um^2, total=858.884um^2
      cell capacitance : b=0.228pF, i=0.000pF, icg=0.000pF, dcg=0.000pF, l=0.000pF, total=0.228pF
      sink capacitance : total=2.762pF, avg=0.002pF, sd=0.000pF, min=0.002pF, max=0.007pF
      wire capacitance : top=0.000pF, trunk=0.897pF, leaf=2.342pF, total=3.239pF
      wire lengths     : top=0.000um, trunk=5117.490um, leaf=11650.861um, total=16768.351um
      hp wire lengths  : top=0.000um, trunk=3614.680um, leaf=5695.420um, total=9310.100um
    Clock DAG net violations after 'Removing unconstrained drivers': none
    Clock DAG primary half-corner transition distribution after 'Removing unconstrained drivers':
      Trunk : target=0.600ns count=4 avg=0.238ns sd=0.232ns min=0.009ns max=0.560ns {3 <= 0.360ns, 0 <= 0.480ns, 0 <= 0.540ns, 1 <= 0.570ns, 0 <= 0.600ns}
      Leaf  : target=0.150ns count=38 avg=0.127ns sd=0.015ns min=0.085ns max=0.146ns {2 <= 0.090ns, 3 <= 0.120ns, 22 <= 0.135ns, 9 <= 0.142ns, 2 <= 0.150ns}
    Clock DAG library cell distribution after 'Removing unconstrained drivers' {count}:
       Bufs: CLKBUFX8: 41 
    Primary reporting skew groups after 'Removing unconstrained drivers':
      skew_group core_clock/func: insertion delay [min=0.631, max=0.744], skew [0.114 vs 0.183]
    Skew group summary after 'Removing unconstrained drivers':
      skew_group core_clock/func: insertion delay [min=0.631, max=0.744], skew [0.114 vs 0.183]
    Legalizer API calls during this step: 0 succeeded with high effort: 0 succeeded with medium effort: 0 succeeded with low effort: 0 succeeded with basic effort: 0 succeeded with basic unbounded effort: 0
  Removing unconstrained drivers done. (took cpu=0:00:00.0 real=0:00:00.0)
  Reducing insertion delay 1...
    Clock DAG stats after 'Reducing insertion delay 1':
      cell counts      : b=41, i=0, icg=0, dcg=0, l=0, total=41
      sink counts      : regular=1447, enable_latch=0, load_capacitance=0, antenna=0, node_sink=0, port=0, total=1447
      misc counts      : r=1, pp=0, mci=0
      cell areas       : b=858.884um^2, i=0.000um^2, icg=0.000um^2, dcg=0.000um^2, l=0.000um^2, total=858.884um^2
      cell capacitance : b=0.228pF, i=0.000pF, icg=0.000pF, dcg=0.000pF, l=0.000pF, total=0.228pF
      sink capacitance : total=2.762pF, avg=0.002pF, sd=0.000pF, min=0.002pF, max=0.007pF
      wire capacitance : top=0.000pF, trunk=0.897pF, leaf=2.342pF, total=3.239pF
      wire lengths     : top=0.000um, trunk=5117.490um, leaf=11650.861um, total=16768.351um
      hp wire lengths  : top=0.000um, trunk=3614.680um, leaf=5695.420um, total=9310.100um
    Clock DAG net violations after 'Reducing insertion delay 1': none
    Clock DAG primary half-corner transition distribution after 'Reducing insertion delay 1':
      Trunk : target=0.600ns count=4 avg=0.238ns sd=0.232ns min=0.009ns max=0.560ns {3 <= 0.360ns, 0 <= 0.480ns, 0 <= 0.540ns, 1 <= 0.570ns, 0 <= 0.600ns}
      Leaf  : target=0.150ns count=38 avg=0.127ns sd=0.015ns min=0.085ns max=0.146ns {2 <= 0.090ns, 3 <= 0.120ns, 22 <= 0.135ns, 9 <= 0.142ns, 2 <= 0.150ns}
    Clock DAG library cell distribution after 'Reducing insertion delay 1' {count}:
       Bufs: CLKBUFX8: 41 
    Primary reporting skew groups after 'Reducing insertion delay 1':
      skew_group core_clock/func: insertion delay [min=0.631, max=0.744], skew [0.114 vs 0.183]
    Skew group summary after 'Reducing insertion delay 1':
      skew_group core_clock/func: insertion delay [min=0.631, max=0.744], skew [0.114 vs 0.183]
    Legalizer API calls during this step: 3 succeeded with high effort: 3 succeeded with medium effort: 0 succeeded with low effort: 0 succeeded with basic effort: 0 succeeded with basic unbounded effort: 0
  Reducing insertion delay 1 done. (took cpu=0:00:00.1 real=0:00:00.1)
  Removing longest path buffering...
    Clock DAG stats after 'Removing longest path buffering':
      cell counts      : b=41, i=0, icg=0, dcg=0, l=0, total=41
      sink counts      : regular=1447, enable_latch=0, load_capacitance=0, antenna=0, node_sink=0, port=0, total=1447
      misc counts      : r=1, pp=0, mci=0
      cell areas       : b=858.884um^2, i=0.000um^2, icg=0.000um^2, dcg=0.000um^2, l=0.000um^2, total=858.884um^2
      cell capacitance : b=0.228pF, i=0.000pF, icg=0.000pF, dcg=0.000pF, l=0.000pF, total=0.228pF
      sink capacitance : total=2.762pF, avg=0.002pF, sd=0.000pF, min=0.002pF, max=0.007pF
      wire capacitance : top=0.000pF, trunk=0.897pF, leaf=2.342pF, total=3.239pF
      wire lengths     : top=0.000um, trunk=5117.490um, leaf=11650.861um, total=16768.351um
      hp wire lengths  : top=0.000um, trunk=3614.680um, leaf=5695.420um, total=9310.100um
    Clock DAG net violations after 'Removing longest path buffering': none
    Clock DAG primary half-corner transition distribution after 'Removing longest path buffering':
      Trunk : target=0.600ns count=4 avg=0.238ns sd=0.232ns min=0.009ns max=0.560ns {3 <= 0.360ns, 0 <= 0.480ns, 0 <= 0.540ns, 1 <= 0.570ns, 0 <= 0.600ns}
      Leaf  : target=0.150ns count=38 avg=0.127ns sd=0.015ns min=0.085ns max=0.146ns {2 <= 0.090ns, 3 <= 0.120ns, 22 <= 0.135ns, 9 <= 0.142ns, 2 <= 0.150ns}
    Clock DAG library cell distribution after 'Removing longest path buffering' {count}:
       Bufs: CLKBUFX8: 41 
    Primary reporting skew groups after 'Removing longest path buffering':
      skew_group core_clock/func: insertion delay [min=0.631, max=0.744], skew [0.114 vs 0.183]
    Skew group summary after 'Removing longest path buffering':
      skew_group core_clock/func: insertion delay [min=0.631, max=0.744], skew [0.114 vs 0.183]
    Legalizer API calls during this step: 0 succeeded with high effort: 0 succeeded with medium effort: 0 succeeded with low effort: 0 succeeded with basic effort: 0 succeeded with basic unbounded effort: 0
  Removing longest path buffering done. (took cpu=0:00:00.0 real=0:00:00.0)
  Reducing delay of long paths...
    Clock DAG stats after 'Reducing delay of long paths':
      cell counts      : b=41, i=0, icg=0, dcg=0, l=0, total=41
      sink counts      : regular=1447, enable_latch=0, load_capacitance=0, antenna=0, node_sink=0, port=0, total=1447
      misc counts      : r=1, pp=0, mci=0
      cell areas       : b=858.884um^2, i=0.000um^2, icg=0.000um^2, dcg=0.000um^2, l=0.000um^2, total=858.884um^2
      cell capacitance : b=0.228pF, i=0.000pF, icg=0.000pF, dcg=0.000pF, l=0.000pF, total=0.228pF
      sink capacitance : total=2.762pF, avg=0.002pF, sd=0.000pF, min=0.002pF, max=0.007pF
      wire capacitance : top=0.000pF, trunk=0.640pF, leaf=2.736pF, total=3.376pF
      wire lengths     : top=0.000um, trunk=3893.900um, leaf=13966.878um, total=17860.778um
      hp wire lengths  : top=0.000um, trunk=3278.420um, leaf=7772.810um, total=11051.230um
    Clock DAG net violations after 'Reducing delay of long paths': none
    Clock DAG primary half-corner transition distribution after 'Reducing delay of long paths':
      Trunk : target=0.600ns count=4 avg=0.170ns sd=0.153ns min=0.014ns max=0.378ns {3 <= 0.360ns, 1 <= 0.480ns, 0 <= 0.540ns, 0 <= 0.570ns, 0 <= 0.600ns}
      Leaf  : target=0.150ns count=38 avg=0.134ns sd=0.009ns min=0.097ns max=0.149ns {0 <= 0.090ns, 3 <= 0.120ns, 16 <= 0.135ns, 14 <= 0.142ns, 5 <= 0.150ns}
    Clock DAG library cell distribution after 'Reducing delay of long paths' {count}:
       Bufs: CLKBUFX8: 41 
    Primary reporting skew groups after 'Reducing delay of long paths':
      skew_group core_clock/func: insertion delay [min=0.550, max=0.602, avg=0.587, sd=0.012, skn=-0.890, kur=0.356], skew [0.052 vs 0.183], 100% {0.550, 0.602} (wid=0.054 ws=0.040) (gid=0.559 gs=0.023)
    Skew group summary after 'Reducing delay of long paths':
      skew_group core_clock/func: insertion delay [min=0.550, max=0.602, avg=0.587, sd=0.012, skn=-0.890, kur=0.356], skew [0.052 vs 0.183], 100% {0.550, 0.602} (wid=0.054 ws=0.040) (gid=0.559 gs=0.023)
    Legalizer API calls during this step: 3834 succeeded with high effort: 3834 succeeded with medium effort: 0 succeeded with low effort: 0 succeeded with basic effort: 0 succeeded with basic unbounded effort: 0
  Reducing delay of long paths done. (took cpu=0:00:20.3 real=0:00:20.4)
  Stage::Insertion Delay Reduction done. (took cpu=0:00:21.0 real=0:00:21.1)
  CCOpt::Phase::Construction done. (took cpu=0:01:27 real=0:01:30)
  CCOpt::Phase::Implementation...
  Stage::Reducing Power...
  Improving clock tree routing...
    Iteration 1...
    Iteration 1 done.
    Clock DAG stats after 'Improving clock tree routing':
      cell counts      : b=41, i=0, icg=0, dcg=0, l=0, total=41
      sink counts      : regular=1447, enable_latch=0, load_capacitance=0, antenna=0, node_sink=0, port=0, total=1447
      misc counts      : r=1, pp=0, mci=0
      cell areas       : b=858.884um^2, i=0.000um^2, icg=0.000um^2, dcg=0.000um^2, l=0.000um^2, total=858.884um^2
      cell capacitance : b=0.228pF, i=0.000pF, icg=0.000pF, dcg=0.000pF, l=0.000pF, total=0.228pF
      sink capacitance : total=2.762pF, avg=0.002pF, sd=0.000pF, min=0.002pF, max=0.007pF
      wire capacitance : top=0.000pF, trunk=0.640pF, leaf=2.736pF, total=3.376pF
      wire lengths     : top=0.000um, trunk=3893.900um, leaf=13966.878um, total=17860.778um
      hp wire lengths  : top=0.000um, trunk=3278.420um, leaf=7772.810um, total=11051.230um
    Clock DAG net violations after 'Improving clock tree routing': none
    Clock DAG primary half-corner transition distribution after 'Improving clock tree routing':
      Trunk : target=0.600ns count=4 avg=0.170ns sd=0.153ns min=0.014ns max=0.378ns {3 <= 0.360ns, 1 <= 0.480ns, 0 <= 0.540ns, 0 <= 0.570ns, 0 <= 0.600ns}
      Leaf  : target=0.150ns count=38 avg=0.134ns sd=0.009ns min=0.097ns max=0.149ns {0 <= 0.090ns, 3 <= 0.120ns, 16 <= 0.135ns, 14 <= 0.142ns, 5 <= 0.150ns}
    Clock DAG library cell distribution after 'Improving clock tree routing' {count}:
       Bufs: CLKBUFX8: 41 
    Primary reporting skew groups after 'Improving clock tree routing':
      skew_group core_clock/func: insertion delay [min=0.550, max=0.602], skew [0.052 vs 0.183]
    Skew group summary after 'Improving clock tree routing':
      skew_group core_clock/func: insertion delay [min=0.550, max=0.602], skew [0.052 vs 0.183]
    Legalizer API calls during this step: 6 succeeded with high effort: 6 succeeded with medium effort: 0 succeeded with low effort: 0 succeeded with basic effort: 0 succeeded with basic unbounded effort: 0
  Improving clock tree routing done. (took cpu=0:00:00.1 real=0:00:00.1)
  Reducing clock tree power 1...
    Resizing gates: 
    ...20% ...40% ...60% ...80% ...Legalizing clock trees...
    Legalizing clock trees done. (took cpu=0:00:00.0 real=0:00:00.0)
    100% 
    Clock DAG stats after 'Reducing clock tree power 1':
      cell counts      : b=41, i=0, icg=0, dcg=0, l=0, total=41
      sink counts      : regular=1447, enable_latch=0, load_capacitance=0, antenna=0, node_sink=0, port=0, total=1447
      misc counts      : r=1, pp=0, mci=0
      cell areas       : b=858.884um^2, i=0.000um^2, icg=0.000um^2, dcg=0.000um^2, l=0.000um^2, total=858.884um^2
      cell capacitance : b=0.228pF, i=0.000pF, icg=0.000pF, dcg=0.000pF, l=0.000pF, total=0.228pF
      sink capacitance : total=2.762pF, avg=0.002pF, sd=0.000pF, min=0.002pF, max=0.007pF
      wire capacitance : top=0.000pF, trunk=0.640pF, leaf=2.736pF, total=3.376pF
      wire lengths     : top=0.000um, trunk=3893.900um, leaf=13966.878um, total=17860.778um
      hp wire lengths  : top=0.000um, trunk=3278.420um, leaf=7772.810um, total=11051.230um
    Clock DAG net violations after 'Reducing clock tree power 1': none
    Clock DAG primary half-corner transition distribution after 'Reducing clock tree power 1':
      Trunk : target=0.600ns count=4 avg=0.170ns sd=0.153ns min=0.014ns max=0.378ns {3 <= 0.360ns, 1 <= 0.480ns, 0 <= 0.540ns, 0 <= 0.570ns, 0 <= 0.600ns}
      Leaf  : target=0.150ns count=38 avg=0.134ns sd=0.009ns min=0.097ns max=0.149ns {0 <= 0.090ns, 3 <= 0.120ns, 16 <= 0.135ns, 14 <= 0.142ns, 5 <= 0.150ns}
    Clock DAG library cell distribution after 'Reducing clock tree power 1' {count}:
       Bufs: CLKBUFX8: 41 
    Primary reporting skew groups after 'Reducing clock tree power 1':
      skew_group core_clock/func: insertion delay [min=0.550, max=0.602], skew [0.052 vs 0.183]
    Skew group summary after 'Reducing clock tree power 1':
      skew_group core_clock/func: insertion delay [min=0.550, max=0.602], skew [0.052 vs 0.183]
    Legalizer API calls during this step: 82 succeeded with high effort: 82 succeeded with medium effort: 0 succeeded with low effort: 0 succeeded with basic effort: 0 succeeded with basic unbounded effort: 0
  Reducing clock tree power 1 done. (took cpu=0:00:00.1 real=0:00:00.1)
  Reducing clock tree power 2...
    Clock DAG stats after 'Reducing clock tree power 2':
      cell counts      : b=41, i=0, icg=0, dcg=0, l=0, total=41
      sink counts      : regular=1447, enable_latch=0, load_capacitance=0, antenna=0, node_sink=0, port=0, total=1447
      misc counts      : r=1, pp=0, mci=0
      cell areas       : b=858.884um^2, i=0.000um^2, icg=0.000um^2, dcg=0.000um^2, l=0.000um^2, total=858.884um^2
      cell capacitance : b=0.228pF, i=0.000pF, icg=0.000pF, dcg=0.000pF, l=0.000pF, total=0.228pF
      sink capacitance : total=2.762pF, avg=0.002pF, sd=0.000pF, min=0.002pF, max=0.007pF
      wire capacitance : top=0.000pF, trunk=0.640pF, leaf=2.736pF, total=3.376pF
      wire lengths     : top=0.000um, trunk=3893.900um, leaf=13966.878um, total=17860.778um
      hp wire lengths  : top=0.000um, trunk=3278.420um, leaf=7772.810um, total=11051.230um
    Clock DAG net violations after 'Reducing clock tree power 2': none
    Clock DAG primary half-corner transition distribution after 'Reducing clock tree power 2':
      Trunk : target=0.600ns count=4 avg=0.170ns sd=0.153ns min=0.014ns max=0.378ns {3 <= 0.360ns, 1 <= 0.480ns, 0 <= 0.540ns, 0 <= 0.570ns, 0 <= 0.600ns}
      Leaf  : target=0.150ns count=38 avg=0.134ns sd=0.009ns min=0.097ns max=0.149ns {0 <= 0.090ns, 3 <= 0.120ns, 16 <= 0.135ns, 14 <= 0.142ns, 5 <= 0.150ns}
    Clock DAG library cell distribution after 'Reducing clock tree power 2' {count}:
       Bufs: CLKBUFX8: 41 
    Primary reporting skew groups after 'Reducing clock tree power 2':
      skew_group core_clock/func: insertion delay [min=0.550, max=0.602, avg=0.587, sd=0.012, skn=-0.890, kur=0.356], skew [0.052 vs 0.183], 100% {0.550, 0.602} (wid=0.054 ws=0.040) (gid=0.559 gs=0.023)
    Skew group summary after 'Reducing clock tree power 2':
      skew_group core_clock/func: insertion delay [min=0.550, max=0.602, avg=0.587, sd=0.012, skn=-0.890, kur=0.356], skew [0.052 vs 0.183], 100% {0.550, 0.602} (wid=0.054 ws=0.040) (gid=0.559 gs=0.023)
    Legalizer API calls during this step: 0 succeeded with high effort: 0 succeeded with medium effort: 0 succeeded with low effort: 0 succeeded with basic effort: 0 succeeded with basic unbounded effort: 0
  Reducing clock tree power 2 done. (took cpu=0:00:00.0 real=0:00:00.0)
  Stage::Reducing Power done. (took cpu=0:00:00.3 real=0:00:00.3)
  Stage::Balancing...
  Improving subtree skew...
    Clock DAG stats after 'Improving subtree skew':
      cell counts      : b=41, i=0, icg=0, dcg=0, l=0, total=41
      sink counts      : regular=1447, enable_latch=0, load_capacitance=0, antenna=0, node_sink=0, port=0, total=1447
      misc counts      : r=1, pp=0, mci=0
      cell areas       : b=858.884um^2, i=0.000um^2, icg=0.000um^2, dcg=0.000um^2, l=0.000um^2, total=858.884um^2
      cell capacitance : b=0.228pF, i=0.000pF, icg=0.000pF, dcg=0.000pF, l=0.000pF, total=0.228pF
      sink capacitance : total=2.762pF, avg=0.002pF, sd=0.000pF, min=0.002pF, max=0.007pF
      wire capacitance : top=0.000pF, trunk=0.640pF, leaf=2.736pF, total=3.376pF
      wire lengths     : top=0.000um, trunk=3893.900um, leaf=13966.878um, total=17860.778um
      hp wire lengths  : top=0.000um, trunk=3278.420um, leaf=7772.810um, total=11051.230um
    Clock DAG net violations after 'Improving subtree skew': none
    Clock DAG primary half-corner transition distribution after 'Improving subtree skew':
      Trunk : target=0.600ns count=4 avg=0.170ns sd=0.153ns min=0.014ns max=0.378ns {3 <= 0.360ns, 1 <= 0.480ns, 0 <= 0.540ns, 0 <= 0.570ns, 0 <= 0.600ns}
      Leaf  : target=0.150ns count=38 avg=0.134ns sd=0.009ns min=0.097ns max=0.149ns {0 <= 0.090ns, 3 <= 0.120ns, 16 <= 0.135ns, 14 <= 0.142ns, 5 <= 0.150ns}
    Clock DAG library cell distribution after 'Improving subtree skew' {count}:
       Bufs: CLKBUFX8: 41 
    Primary reporting skew groups after 'Improving subtree skew':
      skew_group core_clock/func: insertion delay [min=0.550, max=0.602, avg=0.587, sd=0.012, skn=-0.890, kur=0.356], skew [0.052 vs 0.183], 100% {0.550, 0.602} (wid=0.054 ws=0.040) (gid=0.559 gs=0.023)
    Skew group summary after 'Improving subtree skew':
      skew_group core_clock/func: insertion delay [min=0.550, max=0.602, avg=0.587, sd=0.012, skn=-0.890, kur=0.356], skew [0.052 vs 0.183], 100% {0.550, 0.602} (wid=0.054 ws=0.040) (gid=0.559 gs=0.023)
    Legalizer API calls during this step: 38 succeeded with high effort: 38 succeeded with medium effort: 0 succeeded with low effort: 0 succeeded with basic effort: 0 succeeded with basic unbounded effort: 0
  Improving subtree skew done. (took cpu=0:00:00.1 real=0:00:00.1)
  Offloading subtrees by buffering...
    Clock DAG stats after 'Offloading subtrees by buffering':
      cell counts      : b=41, i=0, icg=0, dcg=0, l=0, total=41
      sink counts      : regular=1447, enable_latch=0, load_capacitance=0, antenna=0, node_sink=0, port=0, total=1447
      misc counts      : r=1, pp=0, mci=0
      cell areas       : b=858.884um^2, i=0.000um^2, icg=0.000um^2, dcg=0.000um^2, l=0.000um^2, total=858.884um^2
      cell capacitance : b=0.228pF, i=0.000pF, icg=0.000pF, dcg=0.000pF, l=0.000pF, total=0.228pF
      sink capacitance : total=2.762pF, avg=0.002pF, sd=0.000pF, min=0.002pF, max=0.007pF
      wire capacitance : top=0.000pF, trunk=0.640pF, leaf=2.736pF, total=3.376pF
      wire lengths     : top=0.000um, trunk=3893.900um, leaf=13966.878um, total=17860.778um
      hp wire lengths  : top=0.000um, trunk=3278.420um, leaf=7772.810um, total=11051.230um
    Clock DAG net violations after 'Offloading subtrees by buffering': none
    Clock DAG primary half-corner transition distribution after 'Offloading subtrees by buffering':
      Trunk : target=0.600ns count=4 avg=0.170ns sd=0.153ns min=0.014ns max=0.378ns {3 <= 0.360ns, 1 <= 0.480ns, 0 <= 0.540ns, 0 <= 0.570ns, 0 <= 0.600ns}
      Leaf  : target=0.150ns count=38 avg=0.134ns sd=0.009ns min=0.097ns max=0.149ns {0 <= 0.090ns, 3 <= 0.120ns, 16 <= 0.135ns, 14 <= 0.142ns, 5 <= 0.150ns}
    Clock DAG library cell distribution after 'Offloading subtrees by buffering' {count}:
       Bufs: CLKBUFX8: 41 
    Primary reporting skew groups after 'Offloading subtrees by buffering':
      skew_group core_clock/func: insertion delay [min=0.550, max=0.602, avg=0.587, sd=0.012, skn=-0.890, kur=0.356], skew [0.052 vs 0.183], 100% {0.550, 0.602} (wid=0.054 ws=0.040) (gid=0.559 gs=0.023)
    Skew group summary after 'Offloading subtrees by buffering':
      skew_group core_clock/func: insertion delay [min=0.550, max=0.602, avg=0.587, sd=0.012, skn=-0.890, kur=0.356], skew [0.052 vs 0.183], 100% {0.550, 0.602} (wid=0.054 ws=0.040) (gid=0.559 gs=0.023)
    Legalizer API calls during this step: 38 succeeded with high effort: 38 succeeded with medium effort: 0 succeeded with low effort: 0 succeeded with basic effort: 0 succeeded with basic unbounded effort: 0
  Offloading subtrees by buffering done. (took cpu=0:00:00.1 real=0:00:00.1)
  AdjustingMinPinPIDs for balancing...
    Approximately balancing fragments step...
      Resolve constraints - Approximately balancing fragments...
      Resolving skew group constraints...
        Solving LP: 1 skew groups; 2 fragments, 2 fraglets and 3 vertices; 12 variables and 27 constraints; tolerance 1
      Resolving skew group constraints done.
      Resolve constraints - Approximately balancing fragments done. (took cpu=0:00:00.1 real=0:00:00.1)
      Estimate delay to be added in balancing - Approximately balancing fragments...
      Trial balancer estimated the amount of delay to be added in balancing: 0.000ns
      Estimate delay to be added in balancing - Approximately balancing fragments done. (took cpu=0:00:00.0 real=0:00:00.0)
      Approximately balancing fragments...
        Moving gates to improve sub-tree skew...
          Tried: 43 Succeeded: 0
          Clock DAG stats after 'Moving gates to improve sub-tree skew':
            cell counts      : b=41, i=0, icg=0, dcg=0, l=0, total=41
            sink counts      : regular=1447, enable_latch=0, load_capacitance=0, antenna=0, node_sink=0, port=0, total=1447
            misc counts      : r=1, pp=0, mci=0
            cell areas       : b=858.884um^2, i=0.000um^2, icg=0.000um^2, dcg=0.000um^2, l=0.000um^2, total=858.884um^2
            cell capacitance : b=0.228pF, i=0.000pF, icg=0.000pF, dcg=0.000pF, l=0.000pF, total=0.228pF
            sink capacitance : total=2.762pF, avg=0.002pF, sd=0.000pF, min=0.002pF, max=0.007pF
            wire capacitance : top=0.000pF, trunk=0.640pF, leaf=2.736pF, total=3.376pF
            wire lengths     : top=0.000um, trunk=3893.900um, leaf=13966.878um, total=17860.778um
            hp wire lengths  : top=0.000um, trunk=3278.420um, leaf=7772.810um, total=11051.230um
          Clock DAG net violations after 'Moving gates to improve sub-tree skew': none
          Clock DAG primary half-corner transition distribution after 'Moving gates to improve sub-tree skew':
            Trunk : target=0.600ns count=4 avg=0.170ns sd=0.153ns min=0.014ns max=0.378ns {3 <= 0.360ns, 1 <= 0.480ns, 0 <= 0.540ns, 0 <= 0.570ns, 0 <= 0.600ns}
            Leaf  : target=0.150ns count=38 avg=0.134ns sd=0.009ns min=0.097ns max=0.149ns {0 <= 0.090ns, 3 <= 0.120ns, 16 <= 0.135ns, 14 <= 0.142ns, 5 <= 0.150ns}
          Clock DAG library cell distribution after 'Moving gates to improve sub-tree skew' {count}:
             Bufs: CLKBUFX8: 41 
          Legalizer API calls during this step: 0 succeeded with high effort: 0 succeeded with medium effort: 0 succeeded with low effort: 0 succeeded with basic effort: 0 succeeded with basic unbounded effort: 0
        Moving gates to improve sub-tree skew done. (took cpu=0:00:00.0 real=0:00:00.0)
        Approximately balancing fragments bottom up...
          Clock DAG stats after 'Approximately balancing fragments bottom up':
            cell counts      : b=41, i=0, icg=0, dcg=0, l=0, total=41
            sink counts      : regular=1447, enable_latch=0, load_capacitance=0, antenna=0, node_sink=0, port=0, total=1447
            misc counts      : r=1, pp=0, mci=0
            cell areas       : b=858.884um^2, i=0.000um^2, icg=0.000um^2, dcg=0.000um^2, l=0.000um^2, total=858.884um^2
            cell capacitance : b=0.228pF, i=0.000pF, icg=0.000pF, dcg=0.000pF, l=0.000pF, total=0.228pF
            sink capacitance : total=2.762pF, avg=0.002pF, sd=0.000pF, min=0.002pF, max=0.007pF
            wire capacitance : top=0.000pF, trunk=0.640pF, leaf=2.736pF, total=3.376pF
            wire lengths     : top=0.000um, trunk=3893.900um, leaf=13966.878um, total=17860.778um
            hp wire lengths  : top=0.000um, trunk=3278.420um, leaf=7772.810um, total=11051.230um
          Clock DAG net violations after 'Approximately balancing fragments bottom up': none
          Clock DAG primary half-corner transition distribution after 'Approximately balancing fragments bottom up':
            Trunk : target=0.600ns count=4 avg=0.170ns sd=0.153ns min=0.014ns max=0.378ns {3 <= 0.360ns, 1 <= 0.480ns, 0 <= 0.540ns, 0 <= 0.570ns, 0 <= 0.600ns}
            Leaf  : target=0.150ns count=38 avg=0.134ns sd=0.009ns min=0.097ns max=0.149ns {0 <= 0.090ns, 3 <= 0.120ns, 16 <= 0.135ns, 14 <= 0.142ns, 5 <= 0.150ns}
          Clock DAG library cell distribution after 'Approximately balancing fragments bottom up' {count}:
             Bufs: CLKBUFX8: 41 
          Legalizer API calls during this step: 0 succeeded with high effort: 0 succeeded with medium effort: 0 succeeded with low effort: 0 succeeded with basic effort: 0 succeeded with basic unbounded effort: 0
        Approximately balancing fragments bottom up done. (took cpu=0:00:00.0 real=0:00:00.0)
        
        Virtual Delay Histogram:
        
        -----------------
        Histogram
        -----------------
        {1530 <= 0.000ns}
        -----------------
        
        Virtual delay statistics:
        
        --------------------------------------------------------
        Mean     Min      Max      Std. Dev    Count       Total
        --------------------------------------------------------
        0.000    0.000    0.000     0.000      1530.000    0.000
        --------------------------------------------------------
        
        Biggest Virtual delays:
        
        ---------------------------------------
        Virtual    Clock Tree    Pin    Pre-CTS
        Delay                           net
        ---------------------------------------
          (empty table)
        ---------------------------------------
        
        Approximately balancing fragments, wire and cell delays...
        Approximately balancing fragments, wire and cell delays, iteration 1...
          Clock DAG stats after Approximately balancing fragments, wire and cell delays, iteration 1:
            cell counts      : b=41, i=0, icg=0, dcg=0, l=0, total=41
            sink counts      : regular=1447, enable_latch=0, load_capacitance=0, antenna=0, node_sink=0, port=0, total=1447
            misc counts      : r=1, pp=0, mci=0
            cell areas       : b=858.884um^2, i=0.000um^2, icg=0.000um^2, dcg=0.000um^2, l=0.000um^2, total=858.884um^2
            cell capacitance : b=0.228pF, i=0.000pF, icg=0.000pF, dcg=0.000pF, l=0.000pF, total=0.228pF
            sink capacitance : total=2.762pF, avg=0.002pF, sd=0.000pF, min=0.002pF, max=0.007pF
            wire capacitance : top=0.000pF, trunk=0.640pF, leaf=2.736pF, total=3.376pF
            wire lengths     : top=0.000um, trunk=3893.900um, leaf=13966.878um, total=17860.778um
            hp wire lengths  : top=0.000um, trunk=3278.420um, leaf=7772.810um, total=11051.230um
          Clock DAG net violations after Approximately balancing fragments, wire and cell delays, iteration 1: none
          Clock DAG primary half-corner transition distribution after Approximately balancing fragments, wire and cell delays, iteration 1:
            Trunk : target=0.600ns count=4 avg=0.170ns sd=0.153ns min=0.014ns max=0.378ns {3 <= 0.360ns, 1 <= 0.480ns, 0 <= 0.540ns, 0 <= 0.570ns, 0 <= 0.600ns}
            Leaf  : target=0.150ns count=38 avg=0.134ns sd=0.009ns min=0.097ns max=0.149ns {0 <= 0.090ns, 3 <= 0.120ns, 16 <= 0.135ns, 14 <= 0.142ns, 5 <= 0.150ns}
          Clock DAG library cell distribution after Approximately balancing fragments, wire and cell delays, iteration 1 {count}:
             Bufs: CLKBUFX8: 41 
        Approximately balancing fragments, wire and cell delays, iteration 1 done.
        Approximately balancing fragments, wire and cell delays done. (took cpu=0:00:00.0 real=0:00:00.0)
      Approximately balancing fragments done.
      Clock DAG stats after 'Approximately balancing fragments step':
        cell counts      : b=41, i=0, icg=0, dcg=0, l=0, total=41
        sink counts      : regular=1447, enable_latch=0, load_capacitance=0, antenna=0, node_sink=0, port=0, total=1447
        misc counts      : r=1, pp=0, mci=0
        cell areas       : b=858.884um^2, i=0.000um^2, icg=0.000um^2, dcg=0.000um^2, l=0.000um^2, total=858.884um^2
        cell capacitance : b=0.228pF, i=0.000pF, icg=0.000pF, dcg=0.000pF, l=0.000pF, total=0.228pF
        sink capacitance : total=2.762pF, avg=0.002pF, sd=0.000pF, min=0.002pF, max=0.007pF
        wire capacitance : top=0.000pF, trunk=0.640pF, leaf=2.736pF, total=3.376pF
        wire lengths     : top=0.000um, trunk=3893.900um, leaf=13966.878um, total=17860.778um
        hp wire lengths  : top=0.000um, trunk=3278.420um, leaf=7772.810um, total=11051.230um
      Clock DAG net violations after 'Approximately balancing fragments step': none
      Clock DAG primary half-corner transition distribution after 'Approximately balancing fragments step':
        Trunk : target=0.600ns count=4 avg=0.170ns sd=0.153ns min=0.014ns max=0.378ns {3 <= 0.360ns, 1 <= 0.480ns, 0 <= 0.540ns, 0 <= 0.570ns, 0 <= 0.600ns}
        Leaf  : target=0.150ns count=38 avg=0.134ns sd=0.009ns min=0.097ns max=0.149ns {0 <= 0.090ns, 3 <= 0.120ns, 16 <= 0.135ns, 14 <= 0.142ns, 5 <= 0.150ns}
      Clock DAG library cell distribution after 'Approximately balancing fragments step' {count}:
         Bufs: CLKBUFX8: 41 
      Legalizer API calls during this step: 0 succeeded with high effort: 0 succeeded with medium effort: 0 succeeded with low effort: 0 succeeded with basic effort: 0 succeeded with basic unbounded effort: 0
    Approximately balancing fragments step done. (took cpu=0:00:00.3 real=0:00:00.3)
    Clock DAG stats after Approximately balancing fragments:
      cell counts      : b=41, i=0, icg=0, dcg=0, l=0, total=41
      sink counts      : regular=1447, enable_latch=0, load_capacitance=0, antenna=0, node_sink=0, port=0, total=1447
      misc counts      : r=1, pp=0, mci=0
      cell areas       : b=858.884um^2, i=0.000um^2, icg=0.000um^2, dcg=0.000um^2, l=0.000um^2, total=858.884um^2
      cell capacitance : b=0.228pF, i=0.000pF, icg=0.000pF, dcg=0.000pF, l=0.000pF, total=0.228pF
      sink capacitance : total=2.762pF, avg=0.002pF, sd=0.000pF, min=0.002pF, max=0.007pF
      wire capacitance : top=0.000pF, trunk=0.640pF, leaf=2.736pF, total=3.376pF
      wire lengths     : top=0.000um, trunk=3893.900um, leaf=13966.878um, total=17860.778um
      hp wire lengths  : top=0.000um, trunk=3278.420um, leaf=7772.810um, total=11051.230um
    Clock DAG net violations after Approximately balancing fragments: none
    Clock DAG primary half-corner transition distribution after Approximately balancing fragments:
      Trunk : target=0.600ns count=4 avg=0.170ns sd=0.153ns min=0.014ns max=0.378ns {3 <= 0.360ns, 1 <= 0.480ns, 0 <= 0.540ns, 0 <= 0.570ns, 0 <= 0.600ns}
      Leaf  : target=0.150ns count=38 avg=0.134ns sd=0.009ns min=0.097ns max=0.149ns {0 <= 0.090ns, 3 <= 0.120ns, 16 <= 0.135ns, 14 <= 0.142ns, 5 <= 0.150ns}
    Clock DAG library cell distribution after Approximately balancing fragments {count}:
       Bufs: CLKBUFX8: 41 
    Primary reporting skew groups after Approximately balancing fragments:
      skew_group core_clock/func: insertion delay [min=0.550, max=0.602], skew [0.052 vs 0.183]
    Skew group summary after Approximately balancing fragments:
      skew_group core_clock/func: insertion delay [min=0.550, max=0.602], skew [0.052 vs 0.183]
    Improving fragments clock skew...
      Clock DAG stats after 'Improving fragments clock skew':
        cell counts      : b=41, i=0, icg=0, dcg=0, l=0, total=41
        sink counts      : regular=1447, enable_latch=0, load_capacitance=0, antenna=0, node_sink=0, port=0, total=1447
        misc counts      : r=1, pp=0, mci=0
        cell areas       : b=858.884um^2, i=0.000um^2, icg=0.000um^2, dcg=0.000um^2, l=0.000um^2, total=858.884um^2
        cell capacitance : b=0.228pF, i=0.000pF, icg=0.000pF, dcg=0.000pF, l=0.000pF, total=0.228pF
        sink capacitance : total=2.762pF, avg=0.002pF, sd=0.000pF, min=0.002pF, max=0.007pF
        wire capacitance : top=0.000pF, trunk=0.640pF, leaf=2.736pF, total=3.376pF
        wire lengths     : top=0.000um, trunk=3893.900um, leaf=13966.878um, total=17860.778um
        hp wire lengths  : top=0.000um, trunk=3278.420um, leaf=7772.810um, total=11051.230um
      Clock DAG net violations after 'Improving fragments clock skew': none
      Clock DAG primary half-corner transition distribution after 'Improving fragments clock skew':
        Trunk : target=0.600ns count=4 avg=0.170ns sd=0.153ns min=0.014ns max=0.378ns {3 <= 0.360ns, 1 <= 0.480ns, 0 <= 0.540ns, 0 <= 0.570ns, 0 <= 0.600ns}
        Leaf  : target=0.150ns count=38 avg=0.134ns sd=0.009ns min=0.097ns max=0.149ns {0 <= 0.090ns, 3 <= 0.120ns, 16 <= 0.135ns, 14 <= 0.142ns, 5 <= 0.150ns}
      Clock DAG library cell distribution after 'Improving fragments clock skew' {count}:
         Bufs: CLKBUFX8: 41 
      Primary reporting skew groups after 'Improving fragments clock skew':
        skew_group core_clock/func: insertion delay [min=0.550, max=0.602], skew [0.052 vs 0.183]
      Skew group summary after 'Improving fragments clock skew':
        skew_group core_clock/func: insertion delay [min=0.550, max=0.602], skew [0.052 vs 0.183]
      Legalizer API calls during this step: 0 succeeded with high effort: 0 succeeded with medium effort: 0 succeeded with low effort: 0 succeeded with basic effort: 0 succeeded with basic unbounded effort: 0
    Improving fragments clock skew done. (took cpu=0:00:00.0 real=0:00:00.0)
    Legalizer API calls during this step: 0 succeeded with high effort: 0 succeeded with medium effort: 0 succeeded with low effort: 0 succeeded with basic effort: 0 succeeded with basic unbounded effort: 0
  AdjustingMinPinPIDs for balancing done. (took cpu=0:00:00.4 real=0:00:00.4)
  Approximately balancing step...
    Resolve constraints - Approximately balancing...
    Resolving skew group constraints...
      Solving LP: 1 skew groups; 2 fragments, 2 fraglets and 3 vertices; 12 variables and 27 constraints; tolerance 1
    Resolving skew group constraints done.
    Resolve constraints - Approximately balancing done. (took cpu=0:00:00.0 real=0:00:00.0)
    Approximately balancing...
      Approximately balancing, wire and cell delays...
      Approximately balancing, wire and cell delays, iteration 1...
        Clock DAG stats after Approximately balancing, wire and cell delays, iteration 1:
          cell counts      : b=41, i=0, icg=0, dcg=0, l=0, total=41
          sink counts      : regular=1447, enable_latch=0, load_capacitance=0, antenna=0, node_sink=0, port=0, total=1447
          misc counts      : r=1, pp=0, mci=0
          cell areas       : b=858.884um^2, i=0.000um^2, icg=0.000um^2, dcg=0.000um^2, l=0.000um^2, total=858.884um^2
          cell capacitance : b=0.228pF, i=0.000pF, icg=0.000pF, dcg=0.000pF, l=0.000pF, total=0.228pF
          sink capacitance : total=2.762pF, avg=0.002pF, sd=0.000pF, min=0.002pF, max=0.007pF
          wire capacitance : top=0.000pF, trunk=0.640pF, leaf=2.736pF, total=3.376pF
          wire lengths     : top=0.000um, trunk=3893.900um, leaf=13966.878um, total=17860.778um
          hp wire lengths  : top=0.000um, trunk=3278.420um, leaf=7772.810um, total=11051.230um
        Clock DAG net violations after Approximately balancing, wire and cell delays, iteration 1: none
        Clock DAG primary half-corner transition distribution after Approximately balancing, wire and cell delays, iteration 1:
          Trunk : target=0.600ns count=4 avg=0.170ns sd=0.153ns min=0.014ns max=0.378ns {3 <= 0.360ns, 1 <= 0.480ns, 0 <= 0.540ns, 0 <= 0.570ns, 0 <= 0.600ns}
          Leaf  : target=0.150ns count=38 avg=0.134ns sd=0.009ns min=0.097ns max=0.149ns {0 <= 0.090ns, 3 <= 0.120ns, 16 <= 0.135ns, 14 <= 0.142ns, 5 <= 0.150ns}
        Clock DAG library cell distribution after Approximately balancing, wire and cell delays, iteration 1 {count}:
           Bufs: CLKBUFX8: 41 
      Approximately balancing, wire and cell delays, iteration 1 done.
      Approximately balancing, wire and cell delays done. (took cpu=0:00:00.0 real=0:00:00.0)
    Approximately balancing done.
    Clock DAG stats after 'Approximately balancing step':
      cell counts      : b=41, i=0, icg=0, dcg=0, l=0, total=41
      sink counts      : regular=1447, enable_latch=0, load_capacitance=0, antenna=0, node_sink=0, port=0, total=1447
      misc counts      : r=1, pp=0, mci=0
      cell areas       : b=858.884um^2, i=0.000um^2, icg=0.000um^2, dcg=0.000um^2, l=0.000um^2, total=858.884um^2
      cell capacitance : b=0.228pF, i=0.000pF, icg=0.000pF, dcg=0.000pF, l=0.000pF, total=0.228pF
      sink capacitance : total=2.762pF, avg=0.002pF, sd=0.000pF, min=0.002pF, max=0.007pF
      wire capacitance : top=0.000pF, trunk=0.640pF, leaf=2.736pF, total=3.376pF
      wire lengths     : top=0.000um, trunk=3893.900um, leaf=13966.878um, total=17860.778um
      hp wire lengths  : top=0.000um, trunk=3278.420um, leaf=7772.810um, total=11051.230um
    Clock DAG net violations after 'Approximately balancing step': none
    Clock DAG primary half-corner transition distribution after 'Approximately balancing step':
      Trunk : target=0.600ns count=4 avg=0.170ns sd=0.153ns min=0.014ns max=0.378ns {3 <= 0.360ns, 1 <= 0.480ns, 0 <= 0.540ns, 0 <= 0.570ns, 0 <= 0.600ns}
      Leaf  : target=0.150ns count=38 avg=0.134ns sd=0.009ns min=0.097ns max=0.149ns {0 <= 0.090ns, 3 <= 0.120ns, 16 <= 0.135ns, 14 <= 0.142ns, 5 <= 0.150ns}
    Clock DAG library cell distribution after 'Approximately balancing step' {count}:
       Bufs: CLKBUFX8: 41 
    Primary reporting skew groups after 'Approximately balancing step':
      skew_group core_clock/func: insertion delay [min=0.550, max=0.602], skew [0.052 vs 0.183]
    Skew group summary after 'Approximately balancing step':
      skew_group core_clock/func: insertion delay [min=0.550, max=0.602], skew [0.052 vs 0.183]
    Legalizer API calls during this step: 0 succeeded with high effort: 0 succeeded with medium effort: 0 succeeded with low effort: 0 succeeded with basic effort: 0 succeeded with basic unbounded effort: 0
  Approximately balancing step done. (took cpu=0:00:00.1 real=0:00:00.1)
  Approximately balancing paths...
    Added 0 buffers.
    Clock DAG stats after 'Approximately balancing paths':
      cell counts      : b=41, i=0, icg=0, dcg=0, l=0, total=41
      sink counts      : regular=1447, enable_latch=0, load_capacitance=0, antenna=0, node_sink=0, port=0, total=1447
      misc counts      : r=1, pp=0, mci=0
      cell areas       : b=858.884um^2, i=0.000um^2, icg=0.000um^2, dcg=0.000um^2, l=0.000um^2, total=858.884um^2
      cell capacitance : b=0.228pF, i=0.000pF, icg=0.000pF, dcg=0.000pF, l=0.000pF, total=0.228pF
      sink capacitance : total=2.762pF, avg=0.002pF, sd=0.000pF, min=0.002pF, max=0.007pF
      wire capacitance : top=0.000pF, trunk=0.640pF, leaf=2.736pF, total=3.376pF
      wire lengths     : top=0.000um, trunk=3893.900um, leaf=13966.878um, total=17860.778um
      hp wire lengths  : top=0.000um, trunk=3278.420um, leaf=7772.810um, total=11051.230um
    Clock DAG net violations after 'Approximately balancing paths': none
    Clock DAG primary half-corner transition distribution after 'Approximately balancing paths':
      Trunk : target=0.600ns count=4 avg=0.170ns sd=0.153ns min=0.014ns max=0.378ns {3 <= 0.360ns, 1 <= 0.480ns, 0 <= 0.540ns, 0 <= 0.570ns, 0 <= 0.600ns}
      Leaf  : target=0.150ns count=38 avg=0.134ns sd=0.009ns min=0.097ns max=0.149ns {0 <= 0.090ns, 3 <= 0.120ns, 16 <= 0.135ns, 14 <= 0.142ns, 5 <= 0.150ns}
    Clock DAG library cell distribution after 'Approximately balancing paths' {count}:
       Bufs: CLKBUFX8: 41 
    Primary reporting skew groups after 'Approximately balancing paths':
      skew_group core_clock/func: insertion delay [min=0.550, max=0.602, avg=0.587, sd=0.012, skn=-0.890, kur=0.356], skew [0.052 vs 0.183], 100% {0.550, 0.602} (wid=0.054 ws=0.040) (gid=0.559 gs=0.023)
    Skew group summary after 'Approximately balancing paths':
      skew_group core_clock/func: insertion delay [min=0.550, max=0.602, avg=0.587, sd=0.012, skn=-0.890, kur=0.356], skew [0.052 vs 0.183], 100% {0.550, 0.602} (wid=0.054 ws=0.040) (gid=0.559 gs=0.023)
    Legalizer API calls during this step: 0 succeeded with high effort: 0 succeeded with medium effort: 0 succeeded with low effort: 0 succeeded with basic effort: 0 succeeded with basic unbounded effort: 0
  Approximately balancing paths done. (took cpu=0:00:00.0 real=0:00:00.0)
  Stage::Balancing done. (took cpu=0:00:00.7 real=0:00:00.7)
  Stage::Polishing...
  Clock tree timing engine global stage delay update for tt_v1.8_25C_Nominal_25:both.late...
  Clock tree timing engine global stage delay update for tt_v1.8_25C_Nominal_25:both.late done. (took cpu=0:00:00.1 real=0:00:00.1)
  Clock DAG stats before polishing:
    cell counts      : b=41, i=0, icg=0, dcg=0, l=0, total=41
    sink counts      : regular=1447, enable_latch=0, load_capacitance=0, antenna=0, node_sink=0, port=0, total=1447
    misc counts      : r=1, pp=0, mci=0
    cell areas       : b=858.884um^2, i=0.000um^2, icg=0.000um^2, dcg=0.000um^2, l=0.000um^2, total=858.884um^2
    cell capacitance : b=0.228pF, i=0.000pF, icg=0.000pF, dcg=0.000pF, l=0.000pF, total=0.228pF
    sink capacitance : total=2.762pF, avg=0.002pF, sd=0.000pF, min=0.002pF, max=0.007pF
    wire capacitance : top=0.000pF, trunk=0.640pF, leaf=2.736pF, total=3.376pF
    wire lengths     : top=0.000um, trunk=3893.900um, leaf=13966.878um, total=17860.778um
    hp wire lengths  : top=0.000um, trunk=3278.420um, leaf=7772.810um, total=11051.230um
  Clock DAG net violations before polishing: none
  Clock DAG primary half-corner transition distribution before polishing:
    Trunk : target=0.600ns count=4 avg=0.170ns sd=0.153ns min=0.014ns max=0.378ns {3 <= 0.360ns, 1 <= 0.480ns, 0 <= 0.540ns, 0 <= 0.570ns, 0 <= 0.600ns}
    Leaf  : target=0.150ns count=38 avg=0.134ns sd=0.009ns min=0.097ns max=0.149ns {0 <= 0.090ns, 3 <= 0.120ns, 16 <= 0.135ns, 14 <= 0.142ns, 5 <= 0.150ns}
  Clock DAG library cell distribution before polishing {count}:
     Bufs: CLKBUFX8: 41 
  Primary reporting skew groups before polishing:
    skew_group core_clock/func: insertion delay [min=0.549, max=0.602], skew [0.052 vs 0.183]
  Skew group summary before polishing:
    skew_group core_clock/func: insertion delay [min=0.549, max=0.602], skew [0.052 vs 0.183]
  Merging balancing drivers for power...
    Tried: 43 Succeeded: 0
    Clock DAG stats after 'Merging balancing drivers for power':
      cell counts      : b=41, i=0, icg=0, dcg=0, l=0, total=41
      sink counts      : regular=1447, enable_latch=0, load_capacitance=0, antenna=0, node_sink=0, port=0, total=1447
      misc counts      : r=1, pp=0, mci=0
      cell areas       : b=858.884um^2, i=0.000um^2, icg=0.000um^2, dcg=0.000um^2, l=0.000um^2, total=858.884um^2
      cell capacitance : b=0.228pF, i=0.000pF, icg=0.000pF, dcg=0.000pF, l=0.000pF, total=0.228pF
      sink capacitance : total=2.762pF, avg=0.002pF, sd=0.000pF, min=0.002pF, max=0.007pF
      wire capacitance : top=0.000pF, trunk=0.640pF, leaf=2.736pF, total=3.376pF
      wire lengths     : top=0.000um, trunk=3893.900um, leaf=13966.878um, total=17860.778um
      hp wire lengths  : top=0.000um, trunk=3278.420um, leaf=7772.810um, total=11051.230um
    Clock DAG net violations after 'Merging balancing drivers for power': none
    Clock DAG primary half-corner transition distribution after 'Merging balancing drivers for power':
      Trunk : target=0.600ns count=4 avg=0.170ns sd=0.153ns min=0.014ns max=0.378ns {3 <= 0.360ns, 1 <= 0.480ns, 0 <= 0.540ns, 0 <= 0.570ns, 0 <= 0.600ns}
      Leaf  : target=0.150ns count=38 avg=0.134ns sd=0.009ns min=0.097ns max=0.149ns {0 <= 0.090ns, 3 <= 0.120ns, 16 <= 0.135ns, 14 <= 0.142ns, 5 <= 0.150ns}
    Clock DAG library cell distribution after 'Merging balancing drivers for power' {count}:
       Bufs: CLKBUFX8: 41 
    Primary reporting skew groups after 'Merging balancing drivers for power':
      skew_group core_clock/func: insertion delay [min=0.549, max=0.602], skew [0.052 vs 0.183]
    Skew group summary after 'Merging balancing drivers for power':
      skew_group core_clock/func: insertion delay [min=0.549, max=0.602], skew [0.052 vs 0.183]
    Legalizer API calls during this step: 0 succeeded with high effort: 0 succeeded with medium effort: 0 succeeded with low effort: 0 succeeded with basic effort: 0 succeeded with basic unbounded effort: 0
  Merging balancing drivers for power done. (took cpu=0:00:00.0 real=0:00:00.0)
  Improving clock skew...
    Clock DAG stats after 'Improving clock skew':
      cell counts      : b=41, i=0, icg=0, dcg=0, l=0, total=41
      sink counts      : regular=1447, enable_latch=0, load_capacitance=0, antenna=0, node_sink=0, port=0, total=1447
      misc counts      : r=1, pp=0, mci=0
      cell areas       : b=858.884um^2, i=0.000um^2, icg=0.000um^2, dcg=0.000um^2, l=0.000um^2, total=858.884um^2
      cell capacitance : b=0.228pF, i=0.000pF, icg=0.000pF, dcg=0.000pF, l=0.000pF, total=0.228pF
      sink capacitance : total=2.762pF, avg=0.002pF, sd=0.000pF, min=0.002pF, max=0.007pF
      wire capacitance : top=0.000pF, trunk=0.640pF, leaf=2.736pF, total=3.376pF
      wire lengths     : top=0.000um, trunk=3893.900um, leaf=13966.878um, total=17860.778um
      hp wire lengths  : top=0.000um, trunk=3278.420um, leaf=7772.810um, total=11051.230um
    Clock DAG net violations after 'Improving clock skew': none
    Clock DAG primary half-corner transition distribution after 'Improving clock skew':
      Trunk : target=0.600ns count=4 avg=0.170ns sd=0.153ns min=0.014ns max=0.378ns {3 <= 0.360ns, 1 <= 0.480ns, 0 <= 0.540ns, 0 <= 0.570ns, 0 <= 0.600ns}
      Leaf  : target=0.150ns count=38 avg=0.134ns sd=0.009ns min=0.097ns max=0.149ns {0 <= 0.090ns, 3 <= 0.120ns, 16 <= 0.135ns, 14 <= 0.142ns, 5 <= 0.150ns}
    Clock DAG library cell distribution after 'Improving clock skew' {count}:
       Bufs: CLKBUFX8: 41 
    Primary reporting skew groups after 'Improving clock skew':
      skew_group core_clock/func: insertion delay [min=0.549, max=0.602, avg=0.586, sd=0.012, skn=-0.902, kur=0.418], skew [0.052 vs 0.183], 100% {0.549, 0.602} (wid=0.054 ws=0.040) (gid=0.558 gs=0.023)
    Skew group summary after 'Improving clock skew':
      skew_group core_clock/func: insertion delay [min=0.549, max=0.602, avg=0.586, sd=0.012, skn=-0.902, kur=0.418], skew [0.052 vs 0.183], 100% {0.549, 0.602} (wid=0.054 ws=0.040) (gid=0.558 gs=0.023)
    Legalizer API calls during this step: 0 succeeded with high effort: 0 succeeded with medium effort: 0 succeeded with low effort: 0 succeeded with basic effort: 0 succeeded with basic unbounded effort: 0
  Improving clock skew done. (took cpu=0:00:00.0 real=0:00:00.0)
  Moving gates to reduce wire capacitance...
    Modified slew target multipliers. Leaf=(1 to 0.9) Trunk=(1 to 0.95) Top=(1 to 0.95)
    Iteration 1...
      Artificially removing short and long paths...
        Legalizer API calls during this step: 0 succeeded with high effort: 0 succeeded with medium effort: 0 succeeded with low effort: 0 succeeded with basic effort: 0 succeeded with basic unbounded effort: 0
      Artificially removing short and long paths done. (took cpu=0:00:00.0 real=0:00:00.0)
      Moving gates to reduce wire capacitance - iteration 1: WireCapReduction...
        Legalizing clock trees...
        Legalizing clock trees done. (took cpu=0:00:00.0 real=0:00:00.0)
        Legalizer API calls during this step: 253 succeeded with high effort: 253 succeeded with medium effort: 0 succeeded with low effort: 0 succeeded with basic effort: 0 succeeded with basic unbounded effort: 0
      Moving gates to reduce wire capacitance - iteration 1: WireCapReduction done. (took cpu=0:00:02.4 real=0:00:02.4)
      Moving gates to reduce wire capacitance - iteration 1: MoveGates...
        Moving gates: 
        ...20% ...40% ...60% ...80% ...Legalizing clock trees...
        Legalizing clock trees done. (took cpu=0:00:00.0 real=0:00:00.0)
        100% 
        Legalizer API calls during this step: 574 succeeded with high effort: 574 succeeded with medium effort: 0 succeeded with low effort: 0 succeeded with basic effort: 0 succeeded with basic unbounded effort: 0
      Moving gates to reduce wire capacitance - iteration 1: MoveGates done. (took cpu=0:00:03.6 real=0:00:03.6)
    Iteration 1 done.
    Iteration 2...
      Artificially removing short and long paths...
        Legalizer API calls during this step: 0 succeeded with high effort: 0 succeeded with medium effort: 0 succeeded with low effort: 0 succeeded with basic effort: 0 succeeded with basic unbounded effort: 0
      Artificially removing short and long paths done. (took cpu=0:00:00.0 real=0:00:00.0)
      Moving gates to reduce wire capacitance - iteration 2: WireCapReduction...
        Legalizing clock trees...
        Legalizing clock trees done. (took cpu=0:00:00.0 real=0:00:00.0)
        Legalizer API calls during this step: 222 succeeded with high effort: 222 succeeded with medium effort: 0 succeeded with low effort: 0 succeeded with basic effort: 0 succeeded with basic unbounded effort: 0
      Moving gates to reduce wire capacitance - iteration 2: WireCapReduction done. (took cpu=0:00:00.8 real=0:00:00.8)
      Moving gates to reduce wire capacitance - iteration 2: MoveGates...
        Moving gates: 
        ...20% ...40% ...60% ...80% ...Legalizing clock trees...
        Legalizing clock trees done. (took cpu=0:00:00.0 real=0:00:00.0)
        100% 
        Legalizer API calls during this step: 574 succeeded with high effort: 574 succeeded with medium effort: 0 succeeded with low effort: 0 succeeded with basic effort: 0 succeeded with basic unbounded effort: 0
      Moving gates to reduce wire capacitance - iteration 2: MoveGates done. (took cpu=0:00:03.0 real=0:00:03.0)
    Iteration 2 done.
    Reverted slew target multipliers. Leaf=(0.9 to 1) Trunk=(0.95 to 1) Top=(0.95 to 1)
    Clock DAG stats after 'Moving gates to reduce wire capacitance':
      cell counts      : b=41, i=0, icg=0, dcg=0, l=0, total=41
      sink counts      : regular=1447, enable_latch=0, load_capacitance=0, antenna=0, node_sink=0, port=0, total=1447
      misc counts      : r=1, pp=0, mci=0
      cell areas       : b=858.884um^2, i=0.000um^2, icg=0.000um^2, dcg=0.000um^2, l=0.000um^2, total=858.884um^2
      cell capacitance : b=0.228pF, i=0.000pF, icg=0.000pF, dcg=0.000pF, l=0.000pF, total=0.228pF
      sink capacitance : total=2.762pF, avg=0.002pF, sd=0.000pF, min=0.002pF, max=0.007pF
      wire capacitance : top=0.000pF, trunk=0.629pF, leaf=2.451pF, total=3.080pF
      wire lengths     : top=0.000um, trunk=3818.460um, leaf=12298.542um, total=16117.002um
      hp wire lengths  : top=0.000um, trunk=3284.860um, leaf=6284.220um, total=9569.080um
    Clock DAG net violations after 'Moving gates to reduce wire capacitance': none
    Clock DAG primary half-corner transition distribution after 'Moving gates to reduce wire capacitance':
      Trunk : target=0.600ns count=4 avg=0.169ns sd=0.148ns min=0.013ns max=0.367ns {3 <= 0.360ns, 1 <= 0.480ns, 0 <= 0.540ns, 0 <= 0.570ns, 0 <= 0.600ns}
      Leaf  : target=0.150ns count=38 avg=0.127ns sd=0.012ns min=0.092ns max=0.142ns {0 <= 0.090ns, 6 <= 0.120ns, 23 <= 0.135ns, 9 <= 0.142ns, 0 <= 0.150ns}
    Clock DAG library cell distribution after 'Moving gates to reduce wire capacitance' {count}:
       Bufs: CLKBUFX8: 41 
    Primary reporting skew groups after 'Moving gates to reduce wire capacitance':
      skew_group core_clock/func: insertion delay [min=0.544, max=0.602, avg=0.575, sd=0.012, skn=-0.620, kur=-0.239], skew [0.058 vs 0.183], 100% {0.544, 0.602} (wid=0.053 ws=0.036) (gid=0.560 gs=0.033)
    Skew group summary after 'Moving gates to reduce wire capacitance':
      skew_group core_clock/func: insertion delay [min=0.544, max=0.602, avg=0.575, sd=0.012, skn=-0.620, kur=-0.239], skew [0.058 vs 0.183], 100% {0.544, 0.602} (wid=0.053 ws=0.036) (gid=0.560 gs=0.033)
    Legalizer API calls during this step: 1623 succeeded with high effort: 1623 succeeded with medium effort: 0 succeeded with low effort: 0 succeeded with basic effort: 0 succeeded with basic unbounded effort: 0
  Moving gates to reduce wire capacitance done. (took cpu=0:00:09.9 real=0:00:09.9)
  Improving clock tree routing in polishing stage...
    Iteration 1...
      Improving clock tree routing in polishing stage - iteration 1: MoveGates...
        Moving gates: ...20% ...40% ...60% ...80% ...100% 
        Legalizer API calls during this step: 804 succeeded with high effort: 804 succeeded with medium effort: 0 succeeded with low effort: 0 succeeded with basic effort: 0 succeeded with basic unbounded effort: 0
      Improving clock tree routing in polishing stage - iteration 1: MoveGates done. (took cpu=0:00:03.1 real=0:00:03.0)
    Iteration 1 done.
    Iteration 2...
      Improving clock tree routing in polishing stage - iteration 2: MoveGates...
        Moving gates: ...20% ...40% ...60% ...80% ...100% 
        Legalizer API calls during this step: 736 succeeded with high effort: 736 succeeded with medium effort: 0 succeeded with low effort: 0 succeeded with basic effort: 0 succeeded with basic unbounded effort: 0
      Improving clock tree routing in polishing stage - iteration 2: MoveGates done. (took cpu=0:00:02.1 real=0:00:02.1)
    Iteration 2 done.
    Iteration 3...
      Improving clock tree routing in polishing stage - iteration 3: MoveGates...
        Moving gates: ...20% ...40% ...60% ...80% ...100% 
        Legalizer API calls during this step: 700 succeeded with high effort: 700 succeeded with medium effort: 0 succeeded with low effort: 0 succeeded with basic effort: 0 succeeded with basic unbounded effort: 0
      Improving clock tree routing in polishing stage - iteration 3: MoveGates done. (took cpu=0:00:01.8 real=0:00:01.8)
    Iteration 3 done.
    Clock DAG stats after 'Improving clock tree routing in polishing stage':
      cell counts      : b=41, i=0, icg=0, dcg=0, l=0, total=41
      sink counts      : regular=1447, enable_latch=0, load_capacitance=0, antenna=0, node_sink=0, port=0, total=1447
      misc counts      : r=1, pp=0, mci=0
      cell areas       : b=858.884um^2, i=0.000um^2, icg=0.000um^2, dcg=0.000um^2, l=0.000um^2, total=858.884um^2
      cell capacitance : b=0.228pF, i=0.000pF, icg=0.000pF, dcg=0.000pF, l=0.000pF, total=0.228pF
      sink capacitance : total=2.762pF, avg=0.002pF, sd=0.000pF, min=0.002pF, max=0.007pF
      wire capacitance : top=0.000pF, trunk=0.629pF, leaf=2.394pF, total=3.023pF
      wire lengths     : top=0.000um, trunk=3799.600um, leaf=11985.048um, total=15784.648um
      hp wire lengths  : top=0.000um, trunk=3275.660um, leaf=5981.540um, total=9257.200um
    Clock DAG net violations after 'Improving clock tree routing in polishing stage': none
    Clock DAG primary half-corner transition distribution after 'Improving clock tree routing in polishing stage':
      Trunk : target=0.600ns count=4 avg=0.171ns sd=0.151ns min=0.013ns max=0.360ns {4 <= 0.360ns, 0 <= 0.480ns, 0 <= 0.540ns, 0 <= 0.570ns, 0 <= 0.600ns}
      Leaf  : target=0.150ns count=38 avg=0.126ns sd=0.013ns min=0.085ns max=0.143ns {1 <= 0.090ns, 8 <= 0.120ns, 21 <= 0.135ns, 7 <= 0.142ns, 1 <= 0.150ns}
    Clock DAG library cell distribution after 'Improving clock tree routing in polishing stage' {count}:
       Bufs: CLKBUFX8: 41 
    Primary reporting skew groups after 'Improving clock tree routing in polishing stage':
      skew_group core_clock/func: insertion delay [min=0.527, max=0.603, avg=0.567, sd=0.016, skn=-0.527, kur=-0.082], skew [0.075 vs 0.183], 100% {0.527, 0.603} (wid=0.059 ws=0.044) (gid=0.566 gs=0.054)
    Skew group summary after 'Improving clock tree routing in polishing stage':
      skew_group core_clock/func: insertion delay [min=0.527, max=0.603, avg=0.567, sd=0.016, skn=-0.527, kur=-0.082], skew [0.075 vs 0.183], 100% {0.527, 0.603} (wid=0.059 ws=0.044) (gid=0.566 gs=0.054)
    Legalizer API calls during this step: 2240 succeeded with high effort: 2240 succeeded with medium effort: 0 succeeded with low effort: 0 succeeded with basic effort: 0 succeeded with basic unbounded effort: 0
  Improving clock tree routing in polishing stage done. (took cpu=0:00:07.0 real=0:00:07.0)
  Reducing clock tree power 3...
    Artificially removing short and long paths...
      Legalizer API calls during this step: 0 succeeded with high effort: 0 succeeded with medium effort: 0 succeeded with low effort: 0 succeeded with basic effort: 0 succeeded with basic unbounded effort: 0
    Artificially removing short and long paths done. (took cpu=0:00:00.0 real=0:00:00.0)
    Initial gate capacitance is (rise=3.023pF fall=2.922pF).
    Resizing gates: 
    ...20% ...40% ...60% ...80% ...Legalizing clock trees...
    Legalizing clock trees done. (took cpu=0:00:00.0 real=0:00:00.0)
    100% 
    Clock DAG stats after 'Reducing clock tree power 3':
      cell counts      : b=41, i=0, icg=0, dcg=0, l=0, total=41
      sink counts      : regular=1447, enable_latch=0, load_capacitance=0, antenna=0, node_sink=0, port=0, total=1447
      misc counts      : r=1, pp=0, mci=0
      cell areas       : b=858.884um^2, i=0.000um^2, icg=0.000um^2, dcg=0.000um^2, l=0.000um^2, total=858.884um^2
      cell capacitance : b=0.228pF, i=0.000pF, icg=0.000pF, dcg=0.000pF, l=0.000pF, total=0.228pF
      sink capacitance : total=2.762pF, avg=0.002pF, sd=0.000pF, min=0.002pF, max=0.007pF
      wire capacitance : top=0.000pF, trunk=0.629pF, leaf=2.394pF, total=3.023pF
      wire lengths     : top=0.000um, trunk=3799.600um, leaf=11985.048um, total=15784.648um
      hp wire lengths  : top=0.000um, trunk=3275.660um, leaf=5981.540um, total=9257.200um
    Clock DAG net violations after 'Reducing clock tree power 3': none
    Clock DAG primary half-corner transition distribution after 'Reducing clock tree power 3':
      Trunk : target=0.600ns count=4 avg=0.171ns sd=0.151ns min=0.013ns max=0.360ns {4 <= 0.360ns, 0 <= 0.480ns, 0 <= 0.540ns, 0 <= 0.570ns, 0 <= 0.600ns}
      Leaf  : target=0.150ns count=38 avg=0.126ns sd=0.013ns min=0.085ns max=0.143ns {1 <= 0.090ns, 8 <= 0.120ns, 21 <= 0.135ns, 7 <= 0.142ns, 1 <= 0.150ns}
    Clock DAG library cell distribution after 'Reducing clock tree power 3' {count}:
       Bufs: CLKBUFX8: 41 
    Primary reporting skew groups after 'Reducing clock tree power 3':
      skew_group core_clock/func: insertion delay [min=0.527, max=0.603, avg=0.567, sd=0.016, skn=-0.527, kur=-0.082], skew [0.075 vs 0.183], 100% {0.527, 0.603} (wid=0.059 ws=0.044) (gid=0.566 gs=0.054)
    Skew group summary after 'Reducing clock tree power 3':
      skew_group core_clock/func: insertion delay [min=0.527, max=0.603, avg=0.567, sd=0.016, skn=-0.527, kur=-0.082], skew [0.075 vs 0.183], 100% {0.527, 0.603} (wid=0.059 ws=0.044) (gid=0.566 gs=0.054)
    Legalizer API calls during this step: 82 succeeded with high effort: 82 succeeded with medium effort: 0 succeeded with low effort: 0 succeeded with basic effort: 0 succeeded with basic unbounded effort: 0
  Reducing clock tree power 3 done. (took cpu=0:00:00.2 real=0:00:00.2)
  Improving insertion delay...
    Clock DAG stats after 'Improving insertion delay':
      cell counts      : b=41, i=0, icg=0, dcg=0, l=0, total=41
      sink counts      : regular=1447, enable_latch=0, load_capacitance=0, antenna=0, node_sink=0, port=0, total=1447
      misc counts      : r=1, pp=0, mci=0
      cell areas       : b=858.884um^2, i=0.000um^2, icg=0.000um^2, dcg=0.000um^2, l=0.000um^2, total=858.884um^2
      cell capacitance : b=0.228pF, i=0.000pF, icg=0.000pF, dcg=0.000pF, l=0.000pF, total=0.228pF
      sink capacitance : total=2.762pF, avg=0.002pF, sd=0.000pF, min=0.002pF, max=0.007pF
      wire capacitance : top=0.000pF, trunk=0.629pF, leaf=2.394pF, total=3.023pF
      wire lengths     : top=0.000um, trunk=3799.600um, leaf=11985.048um, total=15784.648um
      hp wire lengths  : top=0.000um, trunk=3275.660um, leaf=5981.540um, total=9257.200um
    Clock DAG net violations after 'Improving insertion delay': none
    Clock DAG primary half-corner transition distribution after 'Improving insertion delay':
      Trunk : target=0.600ns count=4 avg=0.171ns sd=0.151ns min=0.013ns max=0.360ns {4 <= 0.360ns, 0 <= 0.480ns, 0 <= 0.540ns, 0 <= 0.570ns, 0 <= 0.600ns}
      Leaf  : target=0.150ns count=38 avg=0.126ns sd=0.013ns min=0.085ns max=0.143ns {1 <= 0.090ns, 8 <= 0.120ns, 21 <= 0.135ns, 7 <= 0.142ns, 1 <= 0.150ns}
    Clock DAG library cell distribution after 'Improving insertion delay' {count}:
       Bufs: CLKBUFX8: 41 
    Primary reporting skew groups after 'Improving insertion delay':
      skew_group core_clock/func: insertion delay [min=0.527, max=0.603, avg=0.567, sd=0.016, skn=-0.527, kur=-0.082], skew [0.075 vs 0.183], 100% {0.527, 0.603} (wid=0.059 ws=0.044) (gid=0.566 gs=0.054)
    Skew group summary after 'Improving insertion delay':
      skew_group core_clock/func: insertion delay [min=0.527, max=0.603, avg=0.567, sd=0.016, skn=-0.527, kur=-0.082], skew [0.075 vs 0.183], 100% {0.527, 0.603} (wid=0.059 ws=0.044) (gid=0.566 gs=0.054)
    Legalizer API calls during this step: 0 succeeded with high effort: 0 succeeded with medium effort: 0 succeeded with low effort: 0 succeeded with basic effort: 0 succeeded with basic unbounded effort: 0
  Improving insertion delay done. (took cpu=0:00:00.0 real=0:00:00.0)
  Reducing clock tree power 4...
    Iteration 1...
      Reducing clock tree power 4 - iteration 1: MoveGates...
        Moving gates: ...20% ...40% ...60% ...80% ...100% 
        Legalizer API calls during this step: 660 succeeded with high effort: 660 succeeded with medium effort: 0 succeeded with low effort: 0 succeeded with basic effort: 0 succeeded with basic unbounded effort: 0
      Reducing clock tree power 4 - iteration 1: MoveGates done. (took cpu=0:00:01.3 real=0:00:01.4)
    Iteration 1 done.
    Iteration 2...
      Reducing clock tree power 4 - iteration 2: MoveGates...
        Moving gates: ...20% ...40% ...60% ...80% ...100% 
        Legalizer API calls during this step: 656 succeeded with high effort: 656 succeeded with medium effort: 0 succeeded with low effort: 0 succeeded with basic effort: 0 succeeded with basic unbounded effort: 0
      Reducing clock tree power 4 - iteration 2: MoveGates done. (took cpu=0:00:01.3 real=0:00:01.3)
    Iteration 2 done.
    Clock DAG stats after 'Reducing clock tree power 4':
      cell counts      : b=41, i=0, icg=0, dcg=0, l=0, total=41
      sink counts      : regular=1447, enable_latch=0, load_capacitance=0, antenna=0, node_sink=0, port=0, total=1447
      misc counts      : r=1, pp=0, mci=0
      cell areas       : b=858.884um^2, i=0.000um^2, icg=0.000um^2, dcg=0.000um^2, l=0.000um^2, total=858.884um^2
      cell capacitance : b=0.228pF, i=0.000pF, icg=0.000pF, dcg=0.000pF, l=0.000pF, total=0.228pF
      sink capacitance : total=2.762pF, avg=0.002pF, sd=0.000pF, min=0.002pF, max=0.007pF
      wire capacitance : top=0.000pF, trunk=0.629pF, leaf=2.394pF, total=3.023pF
      wire lengths     : top=0.000um, trunk=3799.140um, leaf=11985.048um, total=15784.188um
      hp wire lengths  : top=0.000um, trunk=3275.660um, leaf=5981.540um, total=9257.200um
    Clock DAG net violations after 'Reducing clock tree power 4': none
    Clock DAG primary half-corner transition distribution after 'Reducing clock tree power 4':
      Trunk : target=0.600ns count=4 avg=0.171ns sd=0.151ns min=0.013ns max=0.360ns {4 <= 0.360ns, 0 <= 0.480ns, 0 <= 0.540ns, 0 <= 0.570ns, 0 <= 0.600ns}
      Leaf  : target=0.150ns count=38 avg=0.126ns sd=0.013ns min=0.085ns max=0.143ns {1 <= 0.090ns, 8 <= 0.120ns, 21 <= 0.135ns, 7 <= 0.142ns, 1 <= 0.150ns}
    Clock DAG library cell distribution after 'Reducing clock tree power 4' {count}:
       Bufs: CLKBUFX8: 41 
    Primary reporting skew groups after 'Reducing clock tree power 4':
      skew_group core_clock/func: insertion delay [min=0.527, max=0.603, avg=0.567, sd=0.016, skn=-0.519, kur=-0.093], skew [0.075 vs 0.183], 100% {0.527, 0.603} (wid=0.059 ws=0.044) (gid=0.566 gs=0.054)
    Skew group summary after 'Reducing clock tree power 4':
      skew_group core_clock/func: insertion delay [min=0.527, max=0.603, avg=0.567, sd=0.016, skn=-0.519, kur=-0.093], skew [0.075 vs 0.183], 100% {0.527, 0.603} (wid=0.059 ws=0.044) (gid=0.566 gs=0.054)
    Legalizer API calls during this step: 1316 succeeded with high effort: 1316 succeeded with medium effort: 0 succeeded with low effort: 0 succeeded with basic effort: 0 succeeded with basic unbounded effort: 0
  Reducing clock tree power 4 done. (took cpu=0:00:02.7 real=0:00:02.7)
  Wire Opt OverFix...
    Wire Reduction extra effort...
      Modified slew target multipliers. Leaf=(1 to 0.95) Trunk=(1 to 1) Top=(1 to 1)
      Artificially removing short and long paths...
        Legalizer API calls during this step: 0 succeeded with high effort: 0 succeeded with medium effort: 0 succeeded with low effort: 0 succeeded with basic effort: 0 succeeded with basic unbounded effort: 0
      Artificially removing short and long paths done. (took cpu=0:00:00.0 real=0:00:00.0)
      Global shorten wires A0...
        Legalizer API calls during this step: 9 succeeded with high effort: 9 succeeded with medium effort: 0 succeeded with low effort: 0 succeeded with basic effort: 0 succeeded with basic unbounded effort: 0
      Global shorten wires A0 done. (took cpu=0:00:00.0 real=0:00:00.0)
      Move For Wirelength - core...
        Move for wirelength. considered=42, filtered=0, permitted=41, cannotCompute=6, computed=35, moveTooSmall=61, resolved=0, predictFail=10, currentlyIllegal=0, legalizationFail=8, legalizedMoveTooSmall=1, ignoredLeafDriver=0, invalidLoc=0, worse=139, accepted=1
        Max accepted move=12.420um, total accepted move=12.420um, average move=12.420um
        Move for wirelength. considered=42, filtered=0, permitted=41, cannotCompute=6, computed=35, moveTooSmall=62, resolved=0, predictFail=10, currentlyIllegal=0, legalizationFail=6, legalizedMoveTooSmall=1, ignoredLeafDriver=0, invalidLoc=0, worse=135, accepted=1
        Max accepted move=15.180um, total accepted move=15.180um, average move=15.180um
        Move for wirelength. considered=42, filtered=0, permitted=41, cannotCompute=6, computed=35, moveTooSmall=61, resolved=0, predictFail=9, currentlyIllegal=0, legalizationFail=7, legalizedMoveTooSmall=1, ignoredLeafDriver=0, invalidLoc=0, worse=137, accepted=0
        Max accepted move=0.000um, total accepted move=0.000um
        Legalizer API calls during this step: 565 succeeded with high effort: 565 succeeded with medium effort: 0 succeeded with low effort: 0 succeeded with basic effort: 0 succeeded with basic unbounded effort: 0
      Move For Wirelength - core done. (took cpu=0:00:01.3 real=0:00:01.3)
      Global shorten wires A1...
        Legalizer API calls during this step: 9 succeeded with high effort: 9 succeeded with medium effort: 0 succeeded with low effort: 0 succeeded with basic effort: 0 succeeded with basic unbounded effort: 0
      Global shorten wires A1 done. (took cpu=0:00:00.0 real=0:00:00.0)
      Move For Wirelength - core...
        Move for wirelength. considered=42, filtered=0, permitted=41, cannotCompute=37, computed=4, moveTooSmall=99, resolved=0, predictFail=0, currentlyIllegal=0, legalizationFail=0, legalizedMoveTooSmall=0, ignoredLeafDriver=0, invalidLoc=0, worse=7, accepted=0
        Max accepted move=0.000um, total accepted move=0.000um
        Legalizer API calls during this step: 40 succeeded with high effort: 40 succeeded with medium effort: 0 succeeded with low effort: 0 succeeded with basic effort: 0 succeeded with basic unbounded effort: 0
      Move For Wirelength - core done. (took cpu=0:00:00.0 real=0:00:00.0)
      Global shorten wires B...
        Legalizer API calls during this step: 148 succeeded with high effort: 148 succeeded with medium effort: 0 succeeded with low effort: 0 succeeded with basic effort: 0 succeeded with basic unbounded effort: 0
      Global shorten wires B done. (took cpu=0:00:00.2 real=0:00:00.2)
      Move For Wirelength - branch...
        Move for wirelength. considered=42, filtered=0, permitted=41, cannotCompute=0, computed=41, moveTooSmall=0, resolved=0, predictFail=0, currentlyIllegal=0, legalizationFail=38, legalizedMoveTooSmall=0, ignoredLeafDriver=0, invalidLoc=0, worse=15, accepted=0
        Max accepted move=0.000um, total accepted move=0.000um
        Legalizer API calls during this step: 86 succeeded with high effort: 86 succeeded with medium effort: 0 succeeded with low effort: 0 succeeded with basic effort: 0 succeeded with basic unbounded effort: 0
      Move For Wirelength - branch done. (took cpu=0:00:00.1 real=0:00:00.1)
      Reverted slew target multipliers. Leaf=(0.95 to 1) Trunk=(1 to 1) Top=(1 to 1)
      Clock DAG stats after 'Wire Reduction extra effort':
        cell counts      : b=41, i=0, icg=0, dcg=0, l=0, total=41
        sink counts      : regular=1447, enable_latch=0, load_capacitance=0, antenna=0, node_sink=0, port=0, total=1447
        misc counts      : r=1, pp=0, mci=0
        cell areas       : b=858.884um^2, i=0.000um^2, icg=0.000um^2, dcg=0.000um^2, l=0.000um^2, total=858.884um^2
        cell capacitance : b=0.228pF, i=0.000pF, icg=0.000pF, dcg=0.000pF, l=0.000pF, total=0.228pF
        sink capacitance : total=2.762pF, avg=0.002pF, sd=0.000pF, min=0.002pF, max=0.007pF
        wire capacitance : top=0.000pF, trunk=0.630pF, leaf=2.392pF, total=3.022pF
        wire lengths     : top=0.000um, trunk=3801.440um, leaf=11974.008um, total=15775.448um
        hp wire lengths  : top=0.000um, trunk=3275.660um, leaf=5972.800um, total=9248.460um
      Clock DAG net violations after 'Wire Reduction extra effort': none
      Clock DAG primary half-corner transition distribution after 'Wire Reduction extra effort':
        Trunk : target=0.600ns count=4 avg=0.171ns sd=0.152ns min=0.013ns max=0.361ns {3 <= 0.360ns, 1 <= 0.480ns, 0 <= 0.540ns, 0 <= 0.570ns, 0 <= 0.600ns}
        Leaf  : target=0.150ns count=38 avg=0.126ns sd=0.012ns min=0.085ns max=0.143ns {1 <= 0.090ns, 8 <= 0.120ns, 21 <= 0.135ns, 7 <= 0.142ns, 1 <= 0.150ns}
      Clock DAG library cell distribution after 'Wire Reduction extra effort' {count}:
         Bufs: CLKBUFX8: 41 
      Primary reporting skew groups after 'Wire Reduction extra effort':
        skew_group core_clock/func: insertion delay [min=0.527, max=0.603, avg=0.567, sd=0.016, skn=-0.566, kur=-0.033], skew [0.075 vs 0.183], 100% {0.527, 0.603} (wid=0.059 ws=0.045) (gid=0.566 gs=0.054)
      Skew group summary after 'Wire Reduction extra effort':
        skew_group core_clock/func: insertion delay [min=0.527, max=0.603, avg=0.567, sd=0.016, skn=-0.566, kur=-0.033], skew [0.075 vs 0.183], 100% {0.527, 0.603} (wid=0.059 ws=0.045) (gid=0.566 gs=0.054)
      Legalizer API calls during this step: 857 succeeded with high effort: 857 succeeded with medium effort: 0 succeeded with low effort: 0 succeeded with basic effort: 0 succeeded with basic unbounded effort: 0
    Wire Reduction extra effort done. (took cpu=0:00:01.7 real=0:00:01.7)
    Optimizing orientation...
    FlipOpt...
    Disconnecting clock tree from netlist...
    Disconnecting clock tree from netlist done.
    Orientation Wirelength Optimization: Attempted = 41 , Succeeded = 6 , Constraints Broken = 35 , CannotMove = 0 , Illegal = 0 , Other = 0
    Resynthesising clock tree into netlist...
      Reset timing graph...
Ignoring AAE DB Resetting ...
      Reset timing graph done.
    Resynthesising clock tree into netlist done.
    FlipOpt done. (took cpu=0:00:00.8 real=0:00:00.8)
    Optimizing orientation done. (took cpu=0:00:00.8 real=0:00:00.8)
    Clock DAG stats after 'Wire Opt OverFix':
      cell counts      : b=41, i=0, icg=0, dcg=0, l=0, total=41
      sink counts      : regular=1447, enable_latch=0, load_capacitance=0, antenna=0, node_sink=0, port=0, total=1447
      misc counts      : r=1, pp=0, mci=0
      cell areas       : b=858.884um^2, i=0.000um^2, icg=0.000um^2, dcg=0.000um^2, l=0.000um^2, total=858.884um^2
      cell capacitance : b=0.228pF, i=0.000pF, icg=0.000pF, dcg=0.000pF, l=0.000pF, total=0.228pF
      sink capacitance : total=2.762pF, avg=0.002pF, sd=0.000pF, min=0.002pF, max=0.007pF
      wire capacitance : top=0.000pF, trunk=0.631pF, leaf=2.391pF, total=3.022pF
      wire lengths     : top=0.000um, trunk=3804.200um, leaf=11956.530um, total=15760.730um
      hp wire lengths  : top=0.000um, trunk=3282.560um, leaf=5970.960um, total=9253.520um
    Clock DAG net violations after 'Wire Opt OverFix': none
    Clock DAG primary half-corner transition distribution after 'Wire Opt OverFix':
      Trunk : target=0.600ns count=4 avg=0.172ns sd=0.153ns min=0.013ns max=0.364ns {3 <= 0.360ns, 1 <= 0.480ns, 0 <= 0.540ns, 0 <= 0.570ns, 0 <= 0.600ns}
      Leaf  : target=0.150ns count=38 avg=0.126ns sd=0.013ns min=0.086ns max=0.143ns {1 <= 0.090ns, 8 <= 0.120ns, 21 <= 0.135ns, 7 <= 0.142ns, 1 <= 0.150ns}
    Clock DAG library cell distribution after 'Wire Opt OverFix' {count}:
       Bufs: CLKBUFX8: 41 
    Primary reporting skew groups after 'Wire Opt OverFix':
      skew_group core_clock/func: insertion delay [min=0.527, max=0.603, avg=0.569, sd=0.016, skn=-0.687, kur=-0.029], skew [0.076 vs 0.183], 100% {0.527, 0.603} (wid=0.064 ws=0.048) (gid=0.566 gs=0.056)
    Skew group summary after 'Wire Opt OverFix':
      skew_group core_clock/func: insertion delay [min=0.527, max=0.603, avg=0.569, sd=0.016, skn=-0.687, kur=-0.029], skew [0.076 vs 0.183], 100% {0.527, 0.603} (wid=0.064 ws=0.048) (gid=0.566 gs=0.056)
    Legalizer API calls during this step: 1054 succeeded with high effort: 1052 succeeded with medium effort: 0 succeeded with low effort: 0 succeeded with basic effort: 0 succeeded with basic unbounded effort: 0
  Wire Opt OverFix done. (took cpu=0:00:02.6 real=0:00:02.6)
**WARN: (IMPCCOPT-1484):	No activity file is loaded; therefore the CTS activity driven optimization will not be triggered.
Type 'man IMPCCOPT-1484' for more detail.
  Total capacitance is (rise=6.045pF fall=5.944pF), of which (rise=3.022pF fall=3.022pF) is wire, and (rise=3.023pF fall=2.922pF) is gate.
  Stage::Polishing done. (took cpu=0:00:22.6 real=0:00:22.7)
  Stage::Updating netlist...
  Reset timing graph...
Ignoring AAE DB Resetting ...
  Reset timing graph done.
  Setting non-default rules before calling refine place.
  Leaving CCOpt scope - Cleaning up placement interface...
  Leaving CCOpt scope - Cleaning up placement interface done. (took cpu=0:00:00.0 real=0:00:00.0)
  Leaving CCOpt scope - ClockRefiner...
  Soft fixed 43 clock instances and 0 clock sinks.
  Performing clock and sink only refine place with checks partially disabled for sinks.
*** Starting place_detail (0:02:58 mem=2878.8M) ***
Total net bbox length = 4.362e+05 (2.133e+05 2.228e+05) (ext = 1.626e+03)
Move report: Detail placement moved 0 insts, mean move: 0.00 um, max move: 0.00 um 
	Runtime: CPU: 0:00:00.1 REAL: 0:00:00.0 MEM: 2877.5MB
Summary Report:
Instances moved: 0 (out of 8312 movable)
Instances flipped: 0
Mean displacement: 0.00 um
Max displacement: 0.00 um 
Physical-only instances moved: 0 (out of 0 movable physical-only)
Total net bbox length = 4.362e+05 (2.133e+05 2.228e+05) (ext = 1.626e+03)
Runtime: CPU: 0:00:00.1 REAL: 0:00:00.0 MEM: 2877.5MB
*** Finished place_detail (0:02:58 mem=2877.5M) ***
  ClockRefiner summary
  All clock instances: Moved 0, flipped 0 and cell swapped 0 (out of a total of 1486).
  Restoring place_status_cts on 41 clock instances.
  Leaving CCOpt scope - ClockRefiner done. (took cpu=0:00:00.2 real=0:00:00.2)
  Stage::Updating netlist done. (took cpu=0:00:00.2 real=0:00:00.2)
  CCOpt::Phase::Implementation done. (took cpu=0:00:23.8 real=0:00:23.9)
  CCOpt::Phase::eGRPC...
  eGR Post Conditioning...
    Clock implementation routing...
      Leaving CCOpt scope - Routing Tools...
Net route status summary:
  Clock:        42 (unrouted=42, trialRouted=0, noStatus=0, routed=0, fixed=0, [crossesIlmBoundary=0, tooFewTerms=0, (crossesIlmBoundary AND tooFewTerms=0)], steiner=0)
  Non-clock:  9983 (unrouted=1595, trialRouted=8388, noStatus=0, routed=0, fixed=0, [crossesIlmBoundary=0, tooFewTerms=1593, (crossesIlmBoundary AND tooFewTerms=0)])
      Routing using eGR only...
        Early Global Route - eGR only step...
(ccopt eGR): There are 42 nets to be routed. 0 nets have skip routing designation.
(ccopt eGR): There are 42 nets for routing of which 42 have one or more fixed wires.
(ccopt eGR): Start to route 42 all nets
**WARN: (IMPPTN-1250):	Pin placement has been enabled on metal layer 1.
Type 'man IMPPTN-1250' for more detail.
**WARN: (IMPPTN-1250):	Pin placement has been enabled on metal layer 1.
Type 'man IMPPTN-1250' for more detail.
[PSP]    Started Early Global Route ( Curr Mem: 2.65 MB )
[PSP]    Started Early Global Route kernel ( Curr Mem: 2.65 MB )
[NR-eGR] Early global route reroute 42 out of 8430 routable nets
[NR-eGR] Track table information for default rule: 
[NR-eGR] met1 has single uniform track structure
[NR-eGR] met2 has single uniform track structure
[NR-eGR] met3 has single uniform track structure
[NR-eGR] met4 has single uniform track structure
[NR-eGR] met5 has single uniform track structure
[NR-eGR] Read 9895 PG shapes
[NR-eGR] Read 0 clock shapes
[NR-eGR] Read 0 other shapes
[NR-eGR] #Routing Blockages  : 8
[NR-eGR] #Bump Blockages     : 0
[NR-eGR] #Instance Blockages : 116486
[NR-eGR] #PG Blockages       : 9895
[NR-eGR] #Halo Blockages     : 0
[NR-eGR] #Boundary Blockages : 0
[NR-eGR] #Clock Blockages    : 0
[NR-eGR] #Other Blockages    : 0
[NR-eGR] #prerouted nets         : 0
[NR-eGR] #prerouted special nets : 0
[NR-eGR] #prerouted wires        : 0
[NR-eGR] Read 8430 nets ( ignored 8388 )
[NR-eGR] Connected 0 must-join pins/ports (pre-process)
[NR-eGR] #via pillars        : 0
[NR-eGR] #must join all port : 0
[NR-eGR] #multiple ports     : 0
[NR-eGR] #has must join      : 0
[NR-eGR] Handle net priority by net group ordering
[NR-eGR] There are 42 clock nets ( 42 with NDR ).
[NR-eGR] == Routing rule table ==
[NR-eGR]  ID  Name  #Nets 
[NR-eGR] -----------------
[NR-eGR]   0           42 
[NR-eGR] Layer group 1: route 42 net(s) in layer range [3, 4]
[NR-eGR] Early Global Route overflow of layer group 1: 0.00% H + 0.01% V. EstWL: 1.562850e+04um
[NR-eGR] Congestion Analysis By layer: (blocked Gcells are excluded) 
[NR-eGR]                        OverCon           OverCon            
[NR-eGR]                         #Gcell            #Gcell     %Gcell
[NR-eGR]        Layer             (1-2)               (3)    OverCon
[NR-eGR] ---------------------------------------------------------------
[NR-eGR]    met1 ( 1)        13( 0.08%)         0( 0.00%)   ( 0.08%) 
[NR-eGR]    met2 ( 2)         0( 0.00%)         0( 0.00%)   ( 0.00%) 
[NR-eGR]    met3 ( 3)         0( 0.00%)         0( 0.00%)   ( 0.00%) 
[NR-eGR]    met4 ( 4)         4( 0.02%)         1( 0.00%)   ( 0.02%) 
[NR-eGR]    met5 ( 5)         3( 0.01%)         0( 0.00%)   ( 0.01%) 
[NR-eGR] ---------------------------------------------------------------
[NR-eGR]        Total        20( 0.02%)         1( 0.00%)   ( 0.02%) 
[NR-eGR] 
[NR-eGR] Overflow after Early Global Route 0.00% H + 0.00% V
[NR-eGR] Connected 0 must-join pins/ports (post-process)
[NR-eGR] Total eGR-routed clock nets wire length: 16143um, number of vias: 3267
[NR-eGR] --------------------------------------------------------------------------
[NR-eGR] Report for selected net(s) only.
[NR-eGR]               Length (um)  Vias 
[NR-eGR] --------------------------------
[NR-eGR]  met1  (1H)           802  1564 
[NR-eGR]  met2  (2V)          3814  1172 
[NR-eGR]  met3  (3H)          7115   480 
[NR-eGR]  met4  (4V)          4276    51 
[NR-eGR]  met5  (5H)           137     0 
[NR-eGR] --------------------------------
[NR-eGR]        Total        16143  3267 
[NR-eGR] --------------------------------------------------------------------------
[NR-eGR] Total half perimeter of net bounding box: 9209um
[NR-eGR] Total length: 16143um, number of vias: 3267
[NR-eGR] --------------------------------------------------------------------------
[NR-eGR] Total routed clock nets wire length: 16143um, number of vias: 3267
[NR-eGR] --------------------------------------------------------------------------
[NR-eGR]               Length (um)   Vias 
[NR-eGR] ---------------------------------
[NR-eGR]  met1  (1H)         31930  30488 
[NR-eGR]  met2  (2V)        190087  18969 
[NR-eGR]  met3  (3H)        203833   4494 
[NR-eGR]  met4  (4V)         72650   2489 
[NR-eGR]  met5  (5H)         22580      0 
[NR-eGR] ---------------------------------
[NR-eGR]        Total       521081  56440 
[NR-eGR] --------------------------------------------------------------------------
[NR-eGR] Total half perimeter of net bounding box: 436173um
[NR-eGR] Total length: 521081um, number of vias: 56440
[NR-eGR] --------------------------------------------------------------------------
[NR-eGR] Finished Early Global Route kernel ( CPU: 0.41 sec, Real: 0.47 sec, Curr Mem: 2.66 MB )
[NR-eGR] Finished Early Global Route ( CPU: 0.42 sec, Real: 0.48 sec, Curr Mem: 2.65 MB )
        Early Global Route - eGR only step done. (took cpu=0:00:00.6 real=0:00:00.6)
[hotspot] +----------------+-------------------+-------------------+-------------------------------------+
[hotspot] |      layer     |    max hotspot    |   total hotspot   |            hotspot bbox             |
[hotspot] +----------------+-------------------+-------------------+-------------------------------------+
[hotspot] |     met3(H)    |              0.00 |              0.00 |   (none)                            |
[hotspot] |     met4(V)    |              0.00 |              0.00 |   (none)                            |
[hotspot] +----------------+-------------------+-------------------+-------------------------------------+
[hotspot] |      worst     |              0.00 |              0.00 |                                     |
[hotspot] +----------------+-------------------+-------------------+-------------------------------------+
[hotspot] |   all layers   |              0.00 |              0.00 |                                     |
[hotspot] +----------------+-------------------+-------------------+-------------------------------------+
Local HotSpot Analysis (3d): normalized congestion max/total hotspot area = 0.00/0.00 (area is in unit of 4 std-cell row bins)
      Routing using eGR only done.
Net route status summary:
  Clock:        42 (unrouted=0, trialRouted=0, noStatus=0, routed=42, fixed=0, [crossesIlmBoundary=0, tooFewTerms=0, (crossesIlmBoundary AND tooFewTerms=0)], steiner=42)
  Non-clock:  9983 (unrouted=1595, trialRouted=8388, noStatus=0, routed=0, fixed=0, [crossesIlmBoundary=0, tooFewTerms=1593, (crossesIlmBoundary AND tooFewTerms=0)])

CCOPT: Done with clock implementation routing.

      Leaving CCOpt scope - Routing Tools done. (took cpu=0:00:00.6 real=0:00:00.7)
    Clock implementation routing done.
    Leaving CCOpt scope - Initializing placement interface...
    Leaving CCOpt scope - Initializing placement interface done. (took cpu=0:00:00.0 real=0:00:00.0)
    Calling post conditioning for eGRPC...
      eGRPC...
        eGRPC active optimizations:
         - Move Down
         - Downsizing before DRV sizing
         - DRV fixing with sizing
         - Move to fanout
         - Cloning
        
        Currently running CTS, using active skew data
        Loading clock net RC data...
        Preprocessing clock nets...
        Nets initialized for optimization: Seen: 42 Attempted: 42 Successful: 42 Unsuccessful: 0 Invalid: 0
        Preprocessing clock nets done. (took cpu=0:00:00.0 real=0:00:00.0)
        Loading clock net RC data done. (took cpu=0:00:00.0 real=0:00:00.0)
        ProEngine running disconnected to DB
        Disconnecting...
        Disconnecting Clock Trees
        Disconnecting done. (took cpu=0:00:00.0 real=0:00:00.0)
        Reset bufferability constraints...
        Resetting previous bufferability status on all nets so that eGRPC will attempt to fix all clock tree violations.
        Clock tree timing engine global stage delay update for tt_v1.8_25C_Nominal_25:both.late...
        Clock tree timing engine global stage delay update for tt_v1.8_25C_Nominal_25:both.late done. (took cpu=0:00:00.0 real=0:00:00.0)
        Reset bufferability constraints done. (took cpu=0:00:00.0 real=0:00:00.0)
        Clock DAG stats eGRPC initial state:
          cell counts      : b=41, i=0, icg=0, dcg=0, l=0, total=41
          sink counts      : regular=1447, enable_latch=0, load_capacitance=0, antenna=0, node_sink=0, port=0, total=1447
          misc counts      : r=1, pp=0, mci=0
          cell areas       : b=858.884um^2, i=0.000um^2, icg=0.000um^2, dcg=0.000um^2, l=0.000um^2, total=858.884um^2
          cell capacitance : b=0.228pF, i=0.000pF, icg=0.000pF, dcg=0.000pF, l=0.000pF, total=0.228pF
          sink capacitance : total=2.762pF, avg=0.002pF, sd=0.000pF, min=0.002pF, max=0.007pF
          wire capacitance : top=0.000pF, trunk=0.658pF, leaf=2.352pF, total=3.010pF
          wire lengths     : top=0.000um, trunk=3845.050um, leaf=12298.245um, total=16143.295um
          hp wire lengths  : top=0.000um, trunk=3282.560um, leaf=5970.960um, total=9253.520um
        Clock DAG net violations eGRPC initial state: none
        Clock DAG primary half-corner transition distribution eGRPC initial state:
          Trunk : target=0.600ns count=4 avg=0.176ns sd=0.151ns min=0.013ns max=0.365ns {3 <= 0.360ns, 1 <= 0.480ns, 0 <= 0.540ns, 0 <= 0.570ns, 0 <= 0.600ns}
          Leaf  : target=0.150ns count=38 avg=0.125ns sd=0.012ns min=0.088ns max=0.142ns {1 <= 0.090ns, 10 <= 0.120ns, 19 <= 0.135ns, 8 <= 0.142ns, 0 <= 0.150ns}
        Clock DAG library cell distribution eGRPC initial state {count}:
           Bufs: CLKBUFX8: 41 
        Primary reporting skew groups eGRPC initial state:
          skew_group core_clock/func: insertion delay [min=0.535, max=0.621, avg=0.573, sd=0.017, skn=0.185, kur=0.327], skew [0.086 vs 0.183], 100% {0.535, 0.621} (wid=0.055 ws=0.040) (gid=0.581 gs=0.063)
        Skew group summary eGRPC initial state:
          skew_group core_clock/func: insertion delay [min=0.535, max=0.621, avg=0.573, sd=0.017, skn=0.185, kur=0.327], skew [0.086 vs 0.183], 100% {0.535, 0.621} (wid=0.055 ws=0.040) (gid=0.581 gs=0.063)
        eGRPC Moving buffers...
          Modifying slew-target multiplier by 1
          Violation analysis...
          Violation analysis done. (took cpu=0:00:00.0 real=0:00:00.0)
          Restoring slew-target multiplier
          Clock DAG stats after 'eGRPC Moving buffers':
            cell counts      : b=41, i=0, icg=0, dcg=0, l=0, total=41
            sink counts      : regular=1447, enable_latch=0, load_capacitance=0, antenna=0, node_sink=0, port=0, total=1447
            misc counts      : r=1, pp=0, mci=0
            cell areas       : b=858.884um^2, i=0.000um^2, icg=0.000um^2, dcg=0.000um^2, l=0.000um^2, total=858.884um^2
            cell capacitance : b=0.228pF, i=0.000pF, icg=0.000pF, dcg=0.000pF, l=0.000pF, total=0.228pF
            sink capacitance : total=2.762pF, avg=0.002pF, sd=0.000pF, min=0.002pF, max=0.007pF
            wire capacitance : top=0.000pF, trunk=0.658pF, leaf=2.352pF, total=3.010pF
            wire lengths     : top=0.000um, trunk=3845.050um, leaf=12298.245um, total=16143.295um
            hp wire lengths  : top=0.000um, trunk=3282.560um, leaf=5970.960um, total=9253.520um
          Clock DAG net violations after 'eGRPC Moving buffers': none
          Clock DAG primary half-corner transition distribution after 'eGRPC Moving buffers':
            Trunk : target=0.600ns count=4 avg=0.176ns sd=0.151ns min=0.013ns max=0.365ns {3 <= 0.360ns, 1 <= 0.480ns, 0 <= 0.540ns, 0 <= 0.570ns, 0 <= 0.600ns}
            Leaf  : target=0.150ns count=38 avg=0.125ns sd=0.012ns min=0.088ns max=0.142ns {1 <= 0.090ns, 10 <= 0.120ns, 19 <= 0.135ns, 8 <= 0.142ns, 0 <= 0.150ns}
          Clock DAG library cell distribution after 'eGRPC Moving buffers' {count}:
             Bufs: CLKBUFX8: 41 
          Primary reporting skew groups after 'eGRPC Moving buffers':
            skew_group core_clock/func: insertion delay [min=0.535, max=0.621], skew [0.086 vs 0.183]
          Skew group summary after 'eGRPC Moving buffers':
            skew_group core_clock/func: insertion delay [min=0.535, max=0.621], skew [0.086 vs 0.183]
          Legalizer API calls during this step: 0 succeeded with high effort: 0 succeeded with medium effort: 0 succeeded with low effort: 0 succeeded with basic effort: 0 succeeded with basic unbounded effort: 0
        eGRPC Moving buffers done. (took cpu=0:00:00.0 real=0:00:00.0)
        eGRPC Initial Pass of Downsizing Clock Tree cells...
          Modifying slew-target multiplier by  Leaf:0.9 Trunk:0.9 Top:0.9
          Artificially removing short and long paths...
            Legalizer API calls during this step: 0 succeeded with high effort: 0 succeeded with medium effort: 0 succeeded with low effort: 0 succeeded with basic effort: 0 succeeded with basic unbounded effort: 0
          Artificially removing short and long paths done. (took cpu=0:00:00.0 real=0:00:00.0)
          Downsizing prefiltering...
          Downsizing prefiltering done.
          Prefiltering Summary : numPassedPreFiltering = 6, numSkippedDueToCloseToSlewTarget = 27, numSkippedDueToCloseToSkewTarget = 9
          Downsizing Pass 0...
          Resizing gates: ...20% ...40% ...60% ...80% ...100% 
          Downsizing Pass 0 done. (took cpu=0:00:00.0 real=0:00:00.0)
          Downsizing Pass Summary 0, attempted = 6, resized = 0, running total = 0
          DoDownSizing Summary : numSized = 0
          Restoring slew-target multiplier
          Clock DAG stats after 'eGRPC Initial Pass of Downsizing Clock Tree cells':
            cell counts      : b=41, i=0, icg=0, dcg=0, l=0, total=41
            sink counts      : regular=1447, enable_latch=0, load_capacitance=0, antenna=0, node_sink=0, port=0, total=1447
            misc counts      : r=1, pp=0, mci=0
            cell areas       : b=858.884um^2, i=0.000um^2, icg=0.000um^2, dcg=0.000um^2, l=0.000um^2, total=858.884um^2
            cell capacitance : b=0.228pF, i=0.000pF, icg=0.000pF, dcg=0.000pF, l=0.000pF, total=0.228pF
            sink capacitance : total=2.762pF, avg=0.002pF, sd=0.000pF, min=0.002pF, max=0.007pF
            wire capacitance : top=0.000pF, trunk=0.658pF, leaf=2.352pF, total=3.010pF
            wire lengths     : top=0.000um, trunk=3845.050um, leaf=12298.245um, total=16143.295um
            hp wire lengths  : top=0.000um, trunk=3282.560um, leaf=5970.960um, total=9253.520um
          Clock DAG net violations after 'eGRPC Initial Pass of Downsizing Clock Tree cells': none
          Clock DAG primary half-corner transition distribution after 'eGRPC Initial Pass of Downsizing Clock Tree cells':
            Trunk : target=0.600ns count=4 avg=0.176ns sd=0.151ns min=0.013ns max=0.365ns {3 <= 0.360ns, 1 <= 0.480ns, 0 <= 0.540ns, 0 <= 0.570ns, 0 <= 0.600ns}
            Leaf  : target=0.150ns count=38 avg=0.125ns sd=0.012ns min=0.088ns max=0.142ns {1 <= 0.090ns, 10 <= 0.120ns, 19 <= 0.135ns, 8 <= 0.142ns, 0 <= 0.150ns}
          Clock DAG library cell distribution after 'eGRPC Initial Pass of Downsizing Clock Tree cells' {count}:
             Bufs: CLKBUFX8: 41 
          Primary reporting skew groups after 'eGRPC Initial Pass of Downsizing Clock Tree cells':
            skew_group core_clock/func: insertion delay [min=0.535, max=0.621], skew [0.086 vs 0.183]
          Skew group summary after 'eGRPC Initial Pass of Downsizing Clock Tree cells':
            skew_group core_clock/func: insertion delay [min=0.535, max=0.621], skew [0.086 vs 0.183]
          Legalizer API calls during this step: 0 succeeded with high effort: 0 succeeded with medium effort: 0 succeeded with low effort: 0 succeeded with basic effort: 0 succeeded with basic unbounded effort: 0
        eGRPC Initial Pass of Downsizing Clock Tree cells done. (took cpu=0:00:00.1 real=0:00:00.1)
        eGRPC Fixing DRVs...
          Fixing clock tree DRVs: ...20% ...40% ...60% ...80% ...100% 
          CCOpt-eGRPC: considered: 42, tested: 42, violation detected: 0, violation ignored (due to small violation): 0, cannot run: 0, attempted: 0, unsuccessful: 0, sized: 0
          
          Statistics: Fix DRVs (cell sizing):
          ===================================
          
          Cell changes by Net Type:
          
          -------------------------------------------------------------------------------------------------
          Net Type    Attempted    Upsized     Downsized    Swapped Same Size    Total Changed    Not Sized
          -------------------------------------------------------------------------------------------------
          top                0            0           0            0                    0                0
          trunk              0            0           0            0                    0                0
          leaf               0            0           0            0                    0                0
          -------------------------------------------------------------------------------------------------
          Total              0            0           0            0                    0                0
          -------------------------------------------------------------------------------------------------
          
          Upsized: 0, Downsized: 0, Sized but same area: 0, Unchanged: 0, Area change: 0.000um^2 (0.000%)
          Max. move: 0.000um, Min. move: 0.000um, Avg. move: N/A
          
          Clock DAG stats after 'eGRPC Fixing DRVs':
            cell counts      : b=41, i=0, icg=0, dcg=0, l=0, total=41
            sink counts      : regular=1447, enable_latch=0, load_capacitance=0, antenna=0, node_sink=0, port=0, total=1447
            misc counts      : r=1, pp=0, mci=0
            cell areas       : b=858.884um^2, i=0.000um^2, icg=0.000um^2, dcg=0.000um^2, l=0.000um^2, total=858.884um^2
            cell capacitance : b=0.228pF, i=0.000pF, icg=0.000pF, dcg=0.000pF, l=0.000pF, total=0.228pF
            sink capacitance : total=2.762pF, avg=0.002pF, sd=0.000pF, min=0.002pF, max=0.007pF
            wire capacitance : top=0.000pF, trunk=0.658pF, leaf=2.352pF, total=3.010pF
            wire lengths     : top=0.000um, trunk=3845.050um, leaf=12298.245um, total=16143.295um
            hp wire lengths  : top=0.000um, trunk=3282.560um, leaf=5970.960um, total=9253.520um
          Clock DAG net violations after 'eGRPC Fixing DRVs': none
          Clock DAG primary half-corner transition distribution after 'eGRPC Fixing DRVs':
            Trunk : target=0.600ns count=4 avg=0.176ns sd=0.151ns min=0.013ns max=0.365ns {3 <= 0.360ns, 1 <= 0.480ns, 0 <= 0.540ns, 0 <= 0.570ns, 0 <= 0.600ns}
            Leaf  : target=0.150ns count=38 avg=0.125ns sd=0.012ns min=0.088ns max=0.142ns {1 <= 0.090ns, 10 <= 0.120ns, 19 <= 0.135ns, 8 <= 0.142ns, 0 <= 0.150ns}
          Clock DAG library cell distribution after 'eGRPC Fixing DRVs' {count}:
             Bufs: CLKBUFX8: 41 
          Primary reporting skew groups after 'eGRPC Fixing DRVs':
            skew_group core_clock/func: insertion delay [min=0.535, max=0.621], skew [0.086 vs 0.183]
          Skew group summary after 'eGRPC Fixing DRVs':
            skew_group core_clock/func: insertion delay [min=0.535, max=0.621], skew [0.086 vs 0.183]
          Legalizer API calls during this step: 0 succeeded with high effort: 0 succeeded with medium effort: 0 succeeded with low effort: 0 succeeded with basic effort: 0 succeeded with basic unbounded effort: 0
        eGRPC Fixing DRVs done. (took cpu=0:00:00.0 real=0:00:00.0)
        Reconnecting optimized routes...
        Reset timing graph...
Ignoring AAE DB Resetting ...
        Reset timing graph done.
        Reconnecting optimized routes done. (took cpu=0:00:00.0 real=0:00:00.0)
        Violation analysis...
        Violation analysis done. (took cpu=0:00:00.1 real=0:00:00.1)
        Reset timing graph...
Ignoring AAE DB Resetting ...
        Reset timing graph done.
        Clock DAG stats before routing clock trees:
          cell counts      : b=41, i=0, icg=0, dcg=0, l=0, total=41
          sink counts      : regular=1447, enable_latch=0, load_capacitance=0, antenna=0, node_sink=0, port=0, total=1447
          misc counts      : r=1, pp=0, mci=0
          cell areas       : b=858.884um^2, i=0.000um^2, icg=0.000um^2, dcg=0.000um^2, l=0.000um^2, total=858.884um^2
          cell capacitance : b=0.228pF, i=0.000pF, icg=0.000pF, dcg=0.000pF, l=0.000pF, total=0.228pF
          sink capacitance : total=2.762pF, avg=0.002pF, sd=0.000pF, min=0.002pF, max=0.007pF
          wire capacitance : top=0.000pF, trunk=0.658pF, leaf=2.352pF, total=3.010pF
          wire lengths     : top=0.000um, trunk=3845.050um, leaf=12298.245um, total=16143.295um
          hp wire lengths  : top=0.000um, trunk=3282.560um, leaf=5970.960um, total=9253.520um
        Clock DAG net violations before routing clock trees: none
        Clock DAG primary half-corner transition distribution before routing clock trees:
          Trunk : target=0.600ns count=4 avg=0.176ns sd=0.151ns min=0.013ns max=0.365ns {3 <= 0.360ns, 1 <= 0.480ns, 0 <= 0.540ns, 0 <= 0.570ns, 0 <= 0.600ns}
          Leaf  : target=0.150ns count=38 avg=0.125ns sd=0.012ns min=0.088ns max=0.142ns {1 <= 0.090ns, 10 <= 0.120ns, 19 <= 0.135ns, 8 <= 0.142ns, 0 <= 0.150ns}
        Clock DAG library cell distribution before routing clock trees {count}:
           Bufs: CLKBUFX8: 41 
        Primary reporting skew groups before routing clock trees:
          skew_group core_clock/func: insertion delay [min=0.535, max=0.621, avg=0.573, sd=0.017, skn=0.185, kur=0.327], skew [0.086 vs 0.183], 100% {0.535, 0.621} (wid=0.055 ws=0.040) (gid=0.581 gs=0.063)
        Skew group summary before routing clock trees:
          skew_group core_clock/func: insertion delay [min=0.535, max=0.621, avg=0.573, sd=0.017, skn=0.185, kur=0.327], skew [0.086 vs 0.183], 100% {0.535, 0.621} (wid=0.055 ws=0.040) (gid=0.581 gs=0.063)
        Legalizer API calls during this step: 0 succeeded with high effort: 0 succeeded with medium effort: 0 succeeded with low effort: 0 succeeded with basic effort: 0 succeeded with basic unbounded effort: 0
      eGRPC done.
    Calling post conditioning for eGRPC done.
  eGR Post Conditioning done.
  Refine place not called during Post Conditioning. Calling it now the eGR->PC Loop is complete.
  Leaving CCOpt scope - Cleaning up placement interface...
  Leaving CCOpt scope - Cleaning up placement interface done. (took cpu=0:00:00.0 real=0:00:00.0)
  Leaving CCOpt scope - ClockRefiner...
  Soft fixed 43 clock instances and 0 clock sinks.
  Performing Single Pass Refine Place.
*** Starting place_detail (0:02:59 mem=2879.0M) ***
Total net bbox length = 4.362e+05 (2.133e+05 2.228e+05) (ext = 1.626e+03)
Move report: Detail placement moved 122 insts, mean move: 1.79 um, max move: 5.98 um 
	Max move on inst (g36677): (868.94, 406.64) --> (870.78, 410.78)
	Runtime: CPU: 0:00:00.5 REAL: 0:00:01.0 MEM: 2886.9MB
Summary Report:
Instances moved: 122 (out of 8312 movable)
Instances flipped: 0
Mean displacement: 1.79 um
Max displacement: 5.98 um (Instance: g36677) (868.94, 406.64) -> (870.78, 410.78)
	Length: 8 sites, height: 1 rows, site name: CoreSite, cell type: MX2X1
Physical-only instances moved: 0 (out of 0 movable physical-only)
Total net bbox length = 4.363e+05 (2.134e+05 2.228e+05) (ext = 1.626e+03)
Runtime: CPU: 0:00:00.5 REAL: 0:00:01.0 MEM: 2886.9MB
*** Finished place_detail (0:02:59 mem=2886.9M) ***
  ClockRefiner summary
  All clock instances: Moved 28, flipped 2 and cell swapped 0 (out of a total of 1486).
  All Clock instances: Average move = 1.74um
  The largest move was 5.98 um for InstructionDecode_Module_register_file_RF[5].RF_data_op_reg[11].
  Restoring place_status_cts on 41 clock instances.
  Leaving CCOpt scope - ClockRefiner done. (took cpu=0:00:00.5 real=0:00:00.5)
  CCOpt::Phase::eGRPC done. (took cpu=0:00:01.7 real=0:00:01.8)
  CCOpt::Phase::Routing...
  Clock implementation routing...
    Leaving CCOpt scope - Routing Tools...
Net route status summary:
  Clock:        42 (unrouted=0, trialRouted=0, noStatus=0, routed=42, fixed=0, [crossesIlmBoundary=0, tooFewTerms=0, (crossesIlmBoundary AND tooFewTerms=0)], steiner=0)
  Non-clock:  9983 (unrouted=1595, trialRouted=8388, noStatus=0, routed=0, fixed=0, [crossesIlmBoundary=0, tooFewTerms=1593, (crossesIlmBoundary AND tooFewTerms=0)])
    Routing using eGR in eGR->NR Step...
      Early Global Route - eGR->Nr High Frequency step...
(ccopt eGR): There are 42 nets to be routed. 0 nets have skip routing designation.
(ccopt eGR): There are 42 nets for routing of which 42 have one or more fixed wires.
(ccopt eGR): Start to route 42 all nets
**WARN: (IMPPTN-1250):	Pin placement has been enabled on metal layer 1.
Type 'man IMPPTN-1250' for more detail.
**WARN: (IMPPTN-1250):	Pin placement has been enabled on metal layer 1.
Type 'man IMPPTN-1250' for more detail.
[PSP]    Started Early Global Route ( Curr Mem: 2.65 MB )
[PSP]    Started Early Global Route kernel ( Curr Mem: 2.65 MB )
[NR-eGR] Early global route reroute 42 out of 8430 routable nets
[NR-eGR] Track table information for default rule: 
[NR-eGR] met1 has single uniform track structure
[NR-eGR] met2 has single uniform track structure
[NR-eGR] met3 has single uniform track structure
[NR-eGR] met4 has single uniform track structure
[NR-eGR] met5 has single uniform track structure
[NR-eGR] Read 9895 PG shapes
[NR-eGR] Read 0 clock shapes
[NR-eGR] Read 0 other shapes
[NR-eGR] #Routing Blockages  : 8
[NR-eGR] #Bump Blockages     : 0
[NR-eGR] #Instance Blockages : 116486
[NR-eGR] #PG Blockages       : 9895
[NR-eGR] #Halo Blockages     : 0
[NR-eGR] #Boundary Blockages : 0
[NR-eGR] #Clock Blockages    : 0
[NR-eGR] #Other Blockages    : 0
[NR-eGR] #prerouted nets         : 0
[NR-eGR] #prerouted special nets : 0
[NR-eGR] #prerouted wires        : 0
[NR-eGR] Read 8430 nets ( ignored 8388 )
[NR-eGR] Connected 0 must-join pins/ports (pre-process)
[NR-eGR] #via pillars        : 0
[NR-eGR] #must join all port : 0
[NR-eGR] #multiple ports     : 0
[NR-eGR] #has must join      : 0
[NR-eGR] Handle net priority by net group ordering
[NR-eGR] There are 42 clock nets ( 42 with NDR ).
[NR-eGR] == Routing rule table ==
[NR-eGR]  ID  Name  #Nets 
[NR-eGR] -----------------
[NR-eGR]   0           42 
[NR-eGR] Layer group 1: route 42 net(s) in layer range [3, 4]
[NR-eGR] Early Global Route overflow of layer group 1: 0.00% H + 0.01% V. EstWL: 1.565748e+04um
[NR-eGR] Congestion Analysis By layer: (blocked Gcells are excluded) 
[NR-eGR]                        OverCon           OverCon            
[NR-eGR]                         #Gcell            #Gcell     %Gcell
[NR-eGR]        Layer             (1-2)               (3)    OverCon
[NR-eGR] ---------------------------------------------------------------
[NR-eGR]    met1 ( 1)        13( 0.08%)         0( 0.00%)   ( 0.08%) 
[NR-eGR]    met2 ( 2)         0( 0.00%)         0( 0.00%)   ( 0.00%) 
[NR-eGR]    met3 ( 3)         0( 0.00%)         0( 0.00%)   ( 0.00%) 
[NR-eGR]    met4 ( 4)         2( 0.01%)         1( 0.00%)   ( 0.01%) 
[NR-eGR]    met5 ( 5)         3( 0.01%)         0( 0.00%)   ( 0.01%) 
[NR-eGR] ---------------------------------------------------------------
[NR-eGR]        Total        18( 0.01%)         1( 0.00%)   ( 0.01%) 
[NR-eGR] 
[NR-eGR] Overflow after Early Global Route 0.00% H + 0.00% V
[NR-eGR] Connected 0 must-join pins/ports (post-process)
[NR-eGR] Total eGR-routed clock nets wire length: 16148um, number of vias: 3281
[NR-eGR] --------------------------------------------------------------------------
[NR-eGR] Report for selected net(s) only.
[NR-eGR]               Length (um)  Vias 
[NR-eGR] --------------------------------
[NR-eGR]  met1  (1H)           773  1561 
[NR-eGR]  met2  (2V)          3808  1191 
[NR-eGR]  met3  (3H)          7160   482 
[NR-eGR]  met4  (4V)          4278    47 
[NR-eGR]  met5  (5H)           130     0 
[NR-eGR] --------------------------------
[NR-eGR]        Total        16148  3281 
[NR-eGR] --------------------------------------------------------------------------
[NR-eGR] Total half perimeter of net bounding box: 9211um
[NR-eGR] Total length: 16148um, number of vias: 3281
[NR-eGR] --------------------------------------------------------------------------
[NR-eGR] Total routed clock nets wire length: 16148um, number of vias: 3281
[NR-eGR] --------------------------------------------------------------------------
[NR-eGR]               Length (um)   Vias 
[NR-eGR] ---------------------------------
[NR-eGR]  met1  (1H)         31901  30485 
[NR-eGR]  met2  (2V)        190081  18988 
[NR-eGR]  met3  (3H)        203878   4496 
[NR-eGR]  met4  (4V)         72652   2485 
[NR-eGR]  met5  (5H)         22573      0 
[NR-eGR] ---------------------------------
[NR-eGR]        Total       521086  56454 
[NR-eGR] --------------------------------------------------------------------------
[NR-eGR] Total half perimeter of net bounding box: 436279um
[NR-eGR] Total length: 521086um, number of vias: 56454
[NR-eGR] --------------------------------------------------------------------------
[NR-eGR] Finished Early Global Route kernel ( CPU: 0.41 sec, Real: 0.47 sec, Curr Mem: 2.66 MB )
[NR-eGR] Finished Early Global Route ( CPU: 0.42 sec, Real: 0.48 sec, Curr Mem: 2.65 MB )
      Early Global Route - eGR->Nr High Frequency step done. (took cpu=0:00:00.5 real=0:00:00.6)
[hotspot] +----------------+-------------------+-------------------+-------------------------------------+
[hotspot] |      layer     |    max hotspot    |   total hotspot   |            hotspot bbox             |
[hotspot] +----------------+-------------------+-------------------+-------------------------------------+
[hotspot] |     met3(H)    |              0.00 |              0.00 |   (none)                            |
[hotspot] |     met4(V)    |              0.00 |              0.00 |   (none)                            |
[hotspot] +----------------+-------------------+-------------------+-------------------------------------+
[hotspot] |      worst     |              0.00 |              0.00 |                                     |
[hotspot] +----------------+-------------------+-------------------+-------------------------------------+
[hotspot] |   all layers   |              0.00 |              0.00 |                                     |
[hotspot] +----------------+-------------------+-------------------+-------------------------------------+
Local HotSpot Analysis (3d): normalized congestion max/total hotspot area = 0.00/0.00 (area is in unit of 4 std-cell row bins)
    Routing using eGR in eGR->NR Step done.
    Routing using NR in eGR->NR Step...

CCOPT: Preparing to route 42 clock nets with NanoRoute.
  All net are default rule.
  Preferred NanoRoute mode settings: Current
      Clock detailed routing...
        NanoRoute...

route_global_detail

#Start route_global_detail on Mon Mar 23 22:24:59 2026
#
#NanoRoute Version 25.11-s102_1 NR250730-0928/25_11-UB
#
#Wire/Via statistics before line assignment ...
#Total number of nets with non-default rule or having extra spacing = 42
#
#  Routing Statistics
#
#-------------+-----------+-----+
#  Layer      | Length(um)| Vias|
#-------------+-----------+-----+
#  poly ( 0H) |          0|    0|
#  met1 ( 1H) |        773| 1561|
#  met2 ( 2V) |       3808| 1191|
#  met3 ( 3H) |       7160|  482|
#  met4 ( 4V) |       4278|   47|
#  met5 ( 5H) |        130|    0|
#-------------+-----------+-----+
#  Total      |      16148| 3281|
#-------------+-----------+-----+
#
# Total half perimeter of net bounding box: 9306 um.
#Start routing data preparation on Mon Mar 23 22:25:00 2026
#
#WARNING (NRDB-2040) Rule LEF_DEFAULT doesn't specify any vias that satisfy all of the area rules for layer met3 
#Rebuild pin access data for design.
#Initial pin access analysis.
#Detail pin access analysis.
#Done pin access analysis.
# met1         H   Track-Pitch = 0.4600    Line-2-Via Pitch = 0.3400
# met2         V   Track-Pitch = 0.4600    Line-2-Via Pitch = 0.3400
# met3         H   Track-Pitch = 0.6100    Line-2-Via Pitch = 0.6100
# met4         V   Track-Pitch = 0.6150    Line-2-Via Pitch = 0.6150
# met5         H   Track-Pitch = 3.6600    Line-2-Via Pitch = 3.2000
#Bottom routing layer index=1(met1), bottom routing layer for shielding=1(met1), bottom shield layer=1(met1) top shield layer=5(met5)
#shield_bottom_stripe_layer=1(met1), shield_top_stripe_layer=5(met5)
#pin_access_rlayer=2(met2) num_routing_layer=5 top_routing_layer=5 top_ripin_layer=5
#shield_top_dpt_rlayer=-1 top_rlayer=5 top_trim_metal_rlayer=-1 rlayer_lowest=1 bottom_rlayer=1
#enable_trim_layer_shield=F enable_dpt_layer_shield=F has_line_end_grid=F
#cpu time = 00:00:00, elapsed time = 00:00:00, memory = 2899.57 (MB), peak = 3011.93 (MB)
#Regenerating Ggrids automatically.
#Auto generating G-grids with size=15 tracks, using layer met3's pitch = 0.6150.
#Using automatically generated G-grids.
#Done routing data preparation.
#cpu time = 00:00:01, elapsed time = 00:00:01, memory = 2910.67 (MB), peak = 3011.93 (MB)
#
#Connectivity extraction summary:
#42 routed net(s) are imported.
#1593 nets are fixed|skipped|trivial (not extracted).
#Total number of nets = 1635.
#
Updating RC Grid density data for preRoute extraction ...
Initializing multi-corner resistance tables ...
#
#Distribution of nets:
#  
# #pin range           #net       % 
#------------------------------------
#          2            5942 ( 59.3%)
#          3             620 (  6.2%)
#          4            1209 ( 12.1%)
#          5             129 (  1.3%)
#          6              36 (  0.4%)
#          7              40 (  0.4%)
#          8              30 (  0.3%)
#          9              29 (  0.3%)
#  10  -  19             176 (  1.8%)
#  20  -  29              93 (  0.9%)
#  30  -  39              80 (  0.8%)
#  40  -  49              40 (  0.4%)
#  50  -  59               4 (  0.0%)
#  60  -  69               2 (  0.0%)
#  70  -  79               2 (  0.0%)
#     >=2000               0 (  0.0%)
#
#Total: 10025 nets, 8432 non-trivial nets
#                                    #net       % 
#-------------------------------------------------
#  Fully global routed                 42 ( 0.5%)
#  Clock                               42
#  Tie-net                              2
#  Extra space                         42
#  Prefer layer range                  42
#
#Nets in 1 layer range:
#  Bottom Pref.Layer    Top Pref.Layer       #net       % 
#---------------------------------------------------------
#               met3             met4          42 (  0.5%)
#
#42 nets selected.
#
#
#..
#
#Iteration 1.1: cpu:00:00:00, real:00:00:00, mem:2.9 GB, peak:2.9 GB
#Iteration 1.2: cpu:00:00:00, real:00:00:00, mem:2.9 GB, peak:2.9 GB
#Iteration 1.3: cpu:00:00:00, real:00:00:00, mem:2.9 GB, peak:2.9 GB
#Iteration 1.4: cpu:00:00:00, real:00:00:00, mem:2.9 GB, peak:2.9 GB
#Iteration 2.1: cpu:00:00:00, real:00:00:00, mem:2.9 GB, peak:2.9 GB
#Iteration 2.2: cpu:00:00:00, real:00:00:00, mem:2.9 GB, peak:2.9 GB
#Iteration 2.3: cpu:00:00:00, real:00:00:00, mem:2.9 GB, peak:2.9 GB
#Iteration 2.4: cpu:00:00:00, real:00:00:00, mem:2.9 GB, peak:2.9 GB
#Iteration 3.1: cpu:00:00:00, real:00:00:00, mem:2.9 GB, peak:2.9 GB
#Iteration 3.2: cpu:00:00:00, real:00:00:00, mem:2.9 GB, peak:2.9 GB
#Iteration 3.3: cpu:00:00:00, real:00:00:00, mem:2.9 GB, peak:2.9 GB
#Iteration 3.4: cpu:00:00:00, real:00:00:00, mem:2.9 GB, peak:2.9 GB
#
#Line Assignment statistics:
#Cpu time = 00:00:00
#Elapsed time = 00:00:00
#Increased memory = 1.46 (MB)
#Total memory = 2933.45 (MB)
#Peak memory = 3011.93 (MB)
#End Line Assignment: cpu:00:00:01, real:00:00:01, mem:2.9 GB, peak:2.9 GB
#
#Wire/Via statistics after line assignment ...
#Total number of nets with non-default rule or having extra spacing = 42
#
#  Routing Statistics
#
#-------------+-----------+-----+
#  Layer      | Length(um)| Vias|
#-------------+-----------+-----+
#  poly ( 0H) |          0|    0|
#  met1 ( 1H) |        740| 1561|
#  met2 ( 2V) |       4058| 1102|
#  met3 ( 3H) |       7218|  399|
#  met4 ( 4V) |       4315|    8|
#  met5 ( 5H) |         51|    0|
#-------------+-----------+-----+
#  Total      |      16382| 3070|
#-------------+-----------+-----+
#
# Total half perimeter of net bounding box: 9306 um.
#Routing data preparation, pin analysis, line assignment statistics:
#Cpu time = 00:00:01
#Elapsed time = 00:00:01
#Increased memory = 41.86 (MB)
#Total memory = 2928.31 (MB)
#Peak memory = 3011.93 (MB)
#Skip comparing routing design signature in db-snapshot flow
#
#Start Detail Routing..
#start initial detail routing ...
#   number of violations = 0
#cpu time = 00:00:12, elapsed time = 00:00:12, memory = 2930.89 (MB), peak = 3057.39 (MB)
#Complete Detail Routing.
#Total number of nets with non-default rule or having extra spacing = 42
#
#  Routing Statistics
#
#-------------+-----------+-----+
#  Layer      | Length(um)| Vias|
#-------------+-----------+-----+
#  poly ( 0H) |          0|    0|
#  met1 ( 1H) |        149| 1525|
#  met2 ( 2V) |       2370| 1303|
#  met3 ( 3H) |       8377|  833|
#  met4 ( 4V) |       5507|    8|
#  met5 ( 5H) |         51|    0|
#-------------+-----------+-----+
#  Total      |      16454| 3669|
#-------------+-----------+-----+
#
# Total half perimeter of net bounding box: 9306 um.
#Total number of DRC violations = 0
#Cpu time = 00:00:12
#Elapsed time = 00:00:12
#Increased memory = 1.77 (MB)
#Total memory = 2930.08 (MB)
#Peak memory = 3057.39 (MB)
#route_detail Statistics:
#Cpu time = 00:00:12
#Elapsed time = 00:00:12
#Increased memory = 1.77 (MB)
#Total memory = 2930.08 (MB)
#Peak memory = 3057.39 (MB)
#
#route_global_detail statistics:
#Cpu time = 00:00:13
#Elapsed time = 00:00:14
#Increased memory = 45.81 (MB)
#Total memory = 2927.80 (MB)
#Peak memory = 3057.39 (MB)
#Number of warnings = 1
#Total number of warnings = 1
#Number of fails = 0
#Total number of fails = 0
#Complete route_global_detail on Mon Mar 23 22:25:13 2026
#
#
#  Scalability Statistics
#
#-------------------------+---------+-------------+------------+
#  route_global_detail    | cpu time| elapsed time| scalability|
#-------------------------+---------+-------------+------------+
#  Pre Callback           | 00:00:00|     00:00:00|         1.0|
#  Post Callback          | 00:00:00|     00:00:00|         1.0|
#  Timing Data Generation | 00:00:00|     00:00:00|         1.0|
#  DB Import              | 00:00:00|     00:00:00|         1.0|
#  DB Export              | 00:00:00|     00:00:00|         1.0|
#  Cell Pin Access        | 00:00:01|     00:00:01|         1.0|
#  Data Preparation       | 00:00:00|     00:00:00|         1.0|
#  Line Assignment        | 00:00:01|     00:00:01|         1.0|
#  Detail Routing         | 00:00:12|     00:00:12|         1.0|
#  (-) Signature          | 00:00:00|     00:00:00|         1.0|
#  Entire Command         | 00:00:13|     00:00:14|         1.0|
#-------------------------+---------+-------------+------------+
#
        NanoRoute done. (took cpu=0:00:13.5 real=0:00:13.6)
      Clock detailed routing done.
Skipping check of guided vs. routed net lengths.
Set FIXED routing status on 42 net(s)
Set FIXED placed status on 41 instance(s)
      Route Remaining Unrouted Nets...
Running route_early_global to complete any remaining unrouted nets.
Updating RC Grid density data for preRoute extraction ...
Initializing multi-corner resistance tables ...
**WARN: (IMPPTN-1250):	Pin placement has been enabled on metal layer 1.
Type 'man IMPPTN-1250' for more detail.
[NR-eGR] Started Early Global Route ( Curr Mem: 2.70 MB )
[NR-eGR] Started Early Global Route kernel ( Curr Mem: 2.70 MB )
[NR-eGR] Early global route reroute all routable nets
[NR-eGR] Track table information for default rule: 
[NR-eGR] met1 has single uniform track structure
[NR-eGR] met2 has single uniform track structure
[NR-eGR] met3 has single uniform track structure
[NR-eGR] met4 has single uniform track structure
[NR-eGR] met5 has single uniform track structure
[NR-eGR] Read 14141 PG shapes
[NR-eGR] Read 0 clock shapes
[NR-eGR] Read 0 other shapes
[NR-eGR] #Routing Blockages  : 8
[NR-eGR] #Bump Blockages     : 0
[NR-eGR] #Instance Blockages : 105942
[NR-eGR] #PG Blockages       : 14141
[NR-eGR] #Halo Blockages     : 0
[NR-eGR] #Boundary Blockages : 0
[NR-eGR] #Clock Blockages    : 0
[NR-eGR] #Other Blockages    : 0
[NR-eGR] #prerouted nets         : 42
[NR-eGR] #prerouted special nets : 0
[NR-eGR] #prerouted wires        : 6439
[NR-eGR] Read 8430 nets ( ignored 42 )
[NR-eGR] Handle net priority by net group ordering
[NR-eGR] == Routing rule table ==
[NR-eGR]  ID  Name       #Nets 
[NR-eGR] ----------------------
[NR-eGR]   1  (Default)   8388 
[NR-eGR] Layer group 1: route 8388 net(s) in layer range [1, 5]
[NR-eGR] Early Global Route overflow of layer group 1: 2.17% H + 0.47% V. EstWL: 4.880315e+05um
[NR-eGR] Congestion Analysis By layer: (blocked Gcells are excluded) 
[NR-eGR]                        OverCon           OverCon           OverCon            
[NR-eGR]                         #Gcell            #Gcell            #Gcell     %Gcell
[NR-eGR]        Layer             (1-4)             (5-8)               (9)    OverCon
[NR-eGR] --------------------------------------------------------------------------------
[NR-eGR]    met1 ( 1)       223( 1.31%)         0( 0.00%)         0( 0.00%)   ( 1.31%) 
[NR-eGR]    met2 ( 2)       150( 0.59%)         4( 0.02%)         0( 0.00%)   ( 0.60%) 
[NR-eGR]    met3 ( 3)      3175(12.47%)       159( 0.62%)         2( 0.01%)   (13.10%) 
[NR-eGR]    met4 ( 4)       202( 0.82%)         2( 0.01%)         0( 0.00%)   ( 0.82%) 
[NR-eGR]    met5 ( 5)       268( 0.68%)         0( 0.00%)         0( 0.00%)   ( 0.68%) 
[NR-eGR] --------------------------------------------------------------------------------
[NR-eGR]        Total      4018( 3.03%)       165( 0.12%)         2( 0.00%)   ( 3.16%) 
[NR-eGR] 
[NR-eGR] Overflow after Early Global Route 2.98% H + 0.38% V
[NR-eGR] Connected 0 must-join pins/ports (post-process)
[NR-eGR] Total eGR-routed clock nets wire length: 0um, number of vias: 0
[NR-eGR] --------------------------------------------------------------------------
[NR-eGR]               Length (um)   Vias 
[NR-eGR] ---------------------------------
[NR-eGR]  met1  (1H)         31398  30440 
[NR-eGR]  met2  (2V)        193015  19489 
[NR-eGR]  met3  (3H)        208673   2833 
[NR-eGR]  met4  (4V)         69319    699 
[NR-eGR]  met5  (5H)         18556      0 
[NR-eGR] ---------------------------------
[NR-eGR]        Total       520961  53461 
[NR-eGR] --------------------------------------------------------------------------
[NR-eGR] Total half perimeter of net bounding box: 436279um
[NR-eGR] Total length: 520961um, number of vias: 53461
[NR-eGR] --------------------------------------------------------------------------
[NR-eGR] Finished Early Global Route kernel ( CPU: 1.00 sec, Real: 1.07 sec, Curr Mem: 2.73 MB )
[NR-eGR] Finished Early Global Route ( CPU: 1.01 sec, Real: 1.08 sec, Curr Mem: 2.71 MB )
      Route Remaining Unrouted Nets done. (took cpu=0:00:01.1 real=0:00:01.2)
    Routing using NR in eGR->NR Step done.
Net route status summary:
  Clock:        42 (unrouted=0, trialRouted=0, noStatus=0, routed=0, fixed=42, [crossesIlmBoundary=0, tooFewTerms=0, (crossesIlmBoundary AND tooFewTerms=0)], steiner=0)
  Non-clock:  9983 (unrouted=1595, trialRouted=8388, noStatus=0, routed=0, fixed=0, [crossesIlmBoundary=0, tooFewTerms=1593, (crossesIlmBoundary AND tooFewTerms=0)])

CCOPT: Done with clock implementation routing.

    Leaving CCOpt scope - Routing Tools done. (took cpu=0:00:15.3 real=0:00:15.6)
  Clock implementation routing done.
  Leaving CCOpt scope - extractRC...
  Updating RC parasitics by calling: "extract_rc -noRouteCheck"...
Extraction called for design 'Core' of instances=8314 and nets=10025 using extraction engine 'pre_route' .
pre_route RC Extraction called for design Core.
RC Extraction called in multi-corner(1) mode.
RCMode: PreRoute
      RC Corner Indexes            0   
Capacitance Scaling Factor   : 1.00000 
Resistance Scaling Factor    : 1.00000 
Clock Cap. Scaling Factor    : 1.00000 
Clock Res. Scaling Factor    : 1.00000 
Shrink Factor                : 1.00000
PreRoute extraction is honoring NDR/Shielding/ExtraSpace for clock nets.
Using Quantus QRC technology file ...
Updating RC Grid density data for preRoute extraction ...
Initializing multi-corner resistance tables ...
PreRoute RC Extraction DONE (CPU Time: 0:00:00.2  Real Time: 0:00:00.0  MEM: 2927.383M)
  Updating RC parasitics by calling: "extract_rc -noRouteCheck" done.
  Leaving CCOpt scope - extractRC done. (took cpu=0:00:00.2 real=0:00:00.2)
  Clock tree timing engine global stage delay update for tt_v1.8_25C_Nominal_25:both.late...
  Clock tree timing engine global stage delay update for tt_v1.8_25C_Nominal_25:both.late done. (took cpu=0:00:00.1 real=0:00:00.1)
  Clock DAG stats after routing clock trees:
    cell counts      : b=41, i=0, icg=0, dcg=0, l=0, total=41
    sink counts      : regular=1447, enable_latch=0, load_capacitance=0, antenna=0, node_sink=0, port=0, total=1447
    misc counts      : r=1, pp=0, mci=0
    cell areas       : b=858.884um^2, i=0.000um^2, icg=0.000um^2, dcg=0.000um^2, l=0.000um^2, total=858.884um^2
    cell capacitance : b=0.228pF, i=0.000pF, icg=0.000pF, dcg=0.000pF, l=0.000pF, total=0.228pF
    sink capacitance : total=2.762pF, avg=0.002pF, sd=0.000pF, min=0.002pF, max=0.007pF
    wire capacitance : top=0.000pF, trunk=0.659pF, leaf=2.472pF, total=3.131pF
    wire lengths     : top=0.000um, trunk=3846.555um, leaf=12607.045um, total=16453.600um
    hp wire lengths  : top=0.000um, trunk=3282.560um, leaf=5973.260um, total=9255.820um
  Clock DAG net violations after routing clock trees: none
  Clock DAG primary half-corner transition distribution after routing clock trees:
    Trunk : target=0.600ns count=4 avg=0.176ns sd=0.151ns min=0.013ns max=0.366ns {3 <= 0.360ns, 1 <= 0.480ns, 0 <= 0.540ns, 0 <= 0.570ns, 0 <= 0.600ns}
    Leaf  : target=0.150ns count=38 avg=0.127ns sd=0.012ns min=0.091ns max=0.148ns {0 <= 0.090ns, 6 <= 0.120ns, 23 <= 0.135ns, 8 <= 0.142ns, 1 <= 0.150ns}
  Clock DAG library cell distribution after routing clock trees {count}:
     Bufs: CLKBUFX8: 41 
  Primary reporting skew groups after routing clock trees:
    skew_group core_clock/func: insertion delay [min=0.540, max=0.620, avg=0.575, sd=0.017, skn=0.240, kur=0.328], skew [0.080 vs 0.183], 100% {0.540, 0.620} (wid=0.054 ws=0.039) (gid=0.588 gs=0.067)
  Skew group summary after routing clock trees:
    skew_group core_clock/func: insertion delay [min=0.540, max=0.620, avg=0.575, sd=0.017, skn=0.240, kur=0.328], skew [0.080 vs 0.183], 100% {0.540, 0.620} (wid=0.054 ws=0.039) (gid=0.588 gs=0.067)
  CCOpt::Phase::Routing done. (took cpu=0:00:15.6 real=0:00:15.9)
  CCOpt::Phase::PostConditioning...
  Leaving CCOpt scope - Initializing placement interface...
  Leaving CCOpt scope - Initializing placement interface done. (took cpu=0:00:00.1 real=0:00:00.1)
  PostConditioning...
    PostConditioning active optimizations:
     - DRV fixing with initial upsizing, sizing and buffering
     - Skew fixing with sizing
    
    Currently running CTS, using active skew data
    ProEngine running partially connected to DB
    Reset bufferability constraints...
    Resetting previous bufferability status on all nets so that PostConditioning will attempt to fix all clock tree violations.
    Reset bufferability constraints done. (took cpu=0:00:00.0 real=0:00:00.0)
    PostConditioning Upsizing To Fix DRVs...
      Fixing clock tree DRVs with upsizing: ...20% ...40% ...60% ...80% ...100% 
      CCOpt-PostConditioning: considered: 42, tested: 42, violation detected: 0, violation ignored (due to small violation): 0, cannot run: 0, attempted: 0, unsuccessful: 0, sized: 0
      
      Statistics: Fix DRVs (initial upsizing):
      ========================================
      
      Cell changes by Net Type:
      
      -------------------------------------------------------------------------------------------------
      Net Type    Attempted    Upsized     Downsized    Swapped Same Size    Total Changed    Not Sized
      -------------------------------------------------------------------------------------------------
      top                0            0           0            0                    0                0
      trunk              0            0           0            0                    0                0
      leaf               0            0           0            0                    0                0
      -------------------------------------------------------------------------------------------------
      Total              0            0           0            0                    0                0
      -------------------------------------------------------------------------------------------------
      
      Upsized: 0, Downsized: 0, Sized but same area: 0, Unchanged: 0, Area change: 0.000um^2 (0.000%)
      Max. move: 0.000um, Min. move: 0.000um, Avg. move: N/A
      
      Clock DAG stats after 'PostConditioning Upsizing To Fix DRVs':
        cell counts      : b=41, i=0, icg=0, dcg=0, l=0, total=41
        sink counts      : regular=1447, enable_latch=0, load_capacitance=0, antenna=0, node_sink=0, port=0, total=1447
        misc counts      : r=1, pp=0, mci=0
        cell areas       : b=858.884um^2, i=0.000um^2, icg=0.000um^2, dcg=0.000um^2, l=0.000um^2, total=858.884um^2
        cell capacitance : b=0.228pF, i=0.000pF, icg=0.000pF, dcg=0.000pF, l=0.000pF, total=0.228pF
        sink capacitance : total=2.762pF, avg=0.002pF, sd=0.000pF, min=0.002pF, max=0.007pF
        wire capacitance : top=0.000pF, trunk=0.659pF, leaf=2.472pF, total=3.131pF
        wire lengths     : top=0.000um, trunk=3846.555um, leaf=12607.045um, total=16453.600um
        hp wire lengths  : top=0.000um, trunk=3282.560um, leaf=5973.260um, total=9255.820um
      Clock DAG net violations after 'PostConditioning Upsizing To Fix DRVs': none
      Clock DAG primary half-corner transition distribution after 'PostConditioning Upsizing To Fix DRVs':
        Trunk : target=0.600ns count=4 avg=0.176ns sd=0.151ns min=0.013ns max=0.366ns {3 <= 0.360ns, 1 <= 0.480ns, 0 <= 0.540ns, 0 <= 0.570ns, 0 <= 0.600ns}
        Leaf  : target=0.150ns count=38 avg=0.127ns sd=0.012ns min=0.091ns max=0.148ns {0 <= 0.090ns, 6 <= 0.120ns, 23 <= 0.135ns, 8 <= 0.142ns, 1 <= 0.150ns}
      Clock DAG library cell distribution after 'PostConditioning Upsizing To Fix DRVs' {count}:
         Bufs: CLKBUFX8: 41 
      Primary reporting skew groups after 'PostConditioning Upsizing To Fix DRVs':
        skew_group core_clock/func: insertion delay [min=0.540, max=0.620], skew [0.080 vs 0.183]
      Skew group summary after 'PostConditioning Upsizing To Fix DRVs':
        skew_group core_clock/func: insertion delay [min=0.540, max=0.620], skew [0.080 vs 0.183]
      Legalizer API calls during this step: 0 succeeded with high effort: 0 succeeded with medium effort: 0 succeeded with low effort: 0 succeeded with basic effort: 0 succeeded with basic unbounded effort: 0
    PostConditioning Upsizing To Fix DRVs done. (took cpu=0:00:00.0 real=0:00:00.0)
    Recomputing CTS skew targets...
    Resolving skew group constraints...
      Solving LP: 1 skew groups; 2 fragments, 2 fraglets and 3 vertices; 12 variables and 27 constraints; tolerance 1
    Resolving skew group constraints done.
    Recomputing CTS skew targets done. (took cpu=0:00:00.1 real=0:00:00.1)
    PostConditioning Fixing DRVs...
      Fixing clock tree DRVs: ...20% ...40% ...60% ...80% ...100% 
      CCOpt-PostConditioning: considered: 42, tested: 42, violation detected: 0, violation ignored (due to small violation): 0, cannot run: 0, attempted: 0, unsuccessful: 0, sized: 0
      
      Statistics: Fix DRVs (cell sizing):
      ===================================
      
      Cell changes by Net Type:
      
      -------------------------------------------------------------------------------------------------
      Net Type    Attempted    Upsized     Downsized    Swapped Same Size    Total Changed    Not Sized
      -------------------------------------------------------------------------------------------------
      top                0            0           0            0                    0                0
      trunk              0            0           0            0                    0                0
      leaf               0            0           0            0                    0                0
      -------------------------------------------------------------------------------------------------
      Total              0            0           0            0                    0                0
      -------------------------------------------------------------------------------------------------
      
      Upsized: 0, Downsized: 0, Sized but same area: 0, Unchanged: 0, Area change: 0.000um^2 (0.000%)
      Max. move: 0.000um, Min. move: 0.000um, Avg. move: N/A
      
      Clock DAG stats after 'PostConditioning Fixing DRVs':
        cell counts      : b=41, i=0, icg=0, dcg=0, l=0, total=41
        sink counts      : regular=1447, enable_latch=0, load_capacitance=0, antenna=0, node_sink=0, port=0, total=1447
        misc counts      : r=1, pp=0, mci=0
        cell areas       : b=858.884um^2, i=0.000um^2, icg=0.000um^2, dcg=0.000um^2, l=0.000um^2, total=858.884um^2
        cell capacitance : b=0.228pF, i=0.000pF, icg=0.000pF, dcg=0.000pF, l=0.000pF, total=0.228pF
        sink capacitance : total=2.762pF, avg=0.002pF, sd=0.000pF, min=0.002pF, max=0.007pF
        wire capacitance : top=0.000pF, trunk=0.659pF, leaf=2.472pF, total=3.131pF
        wire lengths     : top=0.000um, trunk=3846.555um, leaf=12607.045um, total=16453.600um
        hp wire lengths  : top=0.000um, trunk=3282.560um, leaf=5973.260um, total=9255.820um
      Clock DAG net violations after 'PostConditioning Fixing DRVs': none
      Clock DAG primary half-corner transition distribution after 'PostConditioning Fixing DRVs':
        Trunk : target=0.600ns count=4 avg=0.176ns sd=0.151ns min=0.013ns max=0.366ns {3 <= 0.360ns, 1 <= 0.480ns, 0 <= 0.540ns, 0 <= 0.570ns, 0 <= 0.600ns}
        Leaf  : target=0.150ns count=38 avg=0.127ns sd=0.012ns min=0.091ns max=0.148ns {0 <= 0.090ns, 6 <= 0.120ns, 23 <= 0.135ns, 8 <= 0.142ns, 1 <= 0.150ns}
      Clock DAG library cell distribution after 'PostConditioning Fixing DRVs' {count}:
         Bufs: CLKBUFX8: 41 
      Primary reporting skew groups after 'PostConditioning Fixing DRVs':
        skew_group core_clock/func: insertion delay [min=0.540, max=0.620], skew [0.080 vs 0.183]
      Skew group summary after 'PostConditioning Fixing DRVs':
        skew_group core_clock/func: insertion delay [min=0.540, max=0.620], skew [0.080 vs 0.183]
      Legalizer API calls during this step: 0 succeeded with high effort: 0 succeeded with medium effort: 0 succeeded with low effort: 0 succeeded with basic effort: 0 succeeded with basic unbounded effort: 0
    PostConditioning Fixing DRVs done. (took cpu=0:00:00.0 real=0:00:00.0)
    Buffering to fix DRVs...
    Fixing DRVs with route buffering pass 1. Quick buffering: enabled
    Rebuffering to fix clock tree DRVs: ...20% ...40% ...60% ...80% ...100% 
    Inserted 0 buffers and inverters.
    success count. Default: 0, QS: 0, QD: 0, FS: 0, MQS: 0
    CCOpt-PostConditioning: nets considered: 42, nets tested: 42, nets violation detected: 0, nets violation ignored (due to small violation): 0, nets cannot run: 0, nets attempted: 0, nets unsuccessful: 0, buffered: 0
    Clock DAG stats PostConditioning after re-buffering DRV fixing:
      cell counts      : b=41, i=0, icg=0, dcg=0, l=0, total=41
      sink counts      : regular=1447, enable_latch=0, load_capacitance=0, antenna=0, node_sink=0, port=0, total=1447
      misc counts      : r=1, pp=0, mci=0
      cell areas       : b=858.884um^2, i=0.000um^2, icg=0.000um^2, dcg=0.000um^2, l=0.000um^2, total=858.884um^2
      cell capacitance : b=0.228pF, i=0.000pF, icg=0.000pF, dcg=0.000pF, l=0.000pF, total=0.228pF
      sink capacitance : total=2.762pF, avg=0.002pF, sd=0.000pF, min=0.002pF, max=0.007pF
      wire capacitance : top=0.000pF, trunk=0.659pF, leaf=2.472pF, total=3.131pF
      wire lengths     : top=0.000um, trunk=3846.555um, leaf=12607.045um, total=16453.600um
      hp wire lengths  : top=0.000um, trunk=3282.560um, leaf=5973.260um, total=9255.820um
    Clock DAG net violations PostConditioning after re-buffering DRV fixing: none
    Clock DAG primary half-corner transition distribution PostConditioning after re-buffering DRV fixing:
      Trunk : target=0.600ns count=4 avg=0.176ns sd=0.151ns min=0.013ns max=0.366ns {3 <= 0.360ns, 1 <= 0.480ns, 0 <= 0.540ns, 0 <= 0.570ns, 0 <= 0.600ns}
      Leaf  : target=0.150ns count=38 avg=0.127ns sd=0.012ns min=0.091ns max=0.148ns {0 <= 0.090ns, 6 <= 0.120ns, 23 <= 0.135ns, 8 <= 0.142ns, 1 <= 0.150ns}
    Clock DAG library cell distribution PostConditioning after re-buffering DRV fixing {count}:
       Bufs: CLKBUFX8: 41 
    Primary reporting skew groups PostConditioning after re-buffering DRV fixing:
      skew_group core_clock/func: insertion delay [min=0.540, max=0.620, avg=0.575, sd=0.017, skn=0.240, kur=0.328], skew [0.080 vs 0.183], 100% {0.540, 0.620} (wid=0.054 ws=0.039) (gid=0.588 gs=0.067)
    Skew group summary PostConditioning after re-buffering DRV fixing:
      skew_group core_clock/func: insertion delay [min=0.540, max=0.620, avg=0.575, sd=0.017, skn=0.240, kur=0.328], skew [0.080 vs 0.183], 100% {0.540, 0.620} (wid=0.054 ws=0.039) (gid=0.588 gs=0.067)
    Buffering to fix DRVs done. (took cpu=0:00:00.0 real=0:00:00.0)
    PostConditioning Fixing Skew by cell sizing...
      Modifying slew-target multiplier by 1
      Resized 0 clock insts to decrease delay.
      Resized 0 clock insts to increase delay.
      Restoring slew-target multiplier
      
      Statistics: Fix Skew (cell sizing):
      ===================================
      
      Cell changes by Net Type:
      
      -------------------------------------------------------------------------------------------------
      Net Type    Attempted    Upsized     Downsized    Swapped Same Size    Total Changed    Not Sized
      -------------------------------------------------------------------------------------------------
      top                0            0           0            0                    0                0
      trunk              0            0           0            0                    0                0
      leaf               0            0           0            0                    0                0
      -------------------------------------------------------------------------------------------------
      Total              0            0           0            0                    0                0
      -------------------------------------------------------------------------------------------------
      
      Upsized: 0, Downsized: 0, Sized but same area: 0, Unchanged: 0, Area change: 0.000um^2 (0.000%)
      Max. move: 0.000um, Min. move: 0.000um, Avg. move: N/A
      
      Clock DAG stats after 'PostConditioning Fixing Skew by cell sizing':
        cell counts      : b=41, i=0, icg=0, dcg=0, l=0, total=41
        sink counts      : regular=1447, enable_latch=0, load_capacitance=0, antenna=0, node_sink=0, port=0, total=1447
        misc counts      : r=1, pp=0, mci=0
        cell areas       : b=858.884um^2, i=0.000um^2, icg=0.000um^2, dcg=0.000um^2, l=0.000um^2, total=858.884um^2
        cell capacitance : b=0.228pF, i=0.000pF, icg=0.000pF, dcg=0.000pF, l=0.000pF, total=0.228pF
        sink capacitance : total=2.762pF, avg=0.002pF, sd=0.000pF, min=0.002pF, max=0.007pF
        wire capacitance : top=0.000pF, trunk=0.659pF, leaf=2.472pF, total=3.131pF
        wire lengths     : top=0.000um, trunk=3846.555um, leaf=12607.045um, total=16453.600um
        hp wire lengths  : top=0.000um, trunk=3282.560um, leaf=5973.260um, total=9255.820um
      Clock DAG net violations after 'PostConditioning Fixing Skew by cell sizing': none
      Clock DAG primary half-corner transition distribution after 'PostConditioning Fixing Skew by cell sizing':
        Trunk : target=0.600ns count=4 avg=0.176ns sd=0.151ns min=0.013ns max=0.366ns {3 <= 0.360ns, 1 <= 0.480ns, 0 <= 0.540ns, 0 <= 0.570ns, 0 <= 0.600ns}
        Leaf  : target=0.150ns count=38 avg=0.127ns sd=0.012ns min=0.091ns max=0.148ns {0 <= 0.090ns, 6 <= 0.120ns, 23 <= 0.135ns, 8 <= 0.142ns, 1 <= 0.150ns}
      Clock DAG library cell distribution after 'PostConditioning Fixing Skew by cell sizing' {count}:
         Bufs: CLKBUFX8: 41 
      Primary reporting skew groups after 'PostConditioning Fixing Skew by cell sizing':
        skew_group core_clock/func: insertion delay [min=0.540, max=0.620, avg=0.575, sd=0.017, skn=0.240, kur=0.328], skew [0.080 vs 0.183], 100% {0.540, 0.620} (wid=0.054 ws=0.039) (gid=0.588 gs=0.067)
      Skew group summary after 'PostConditioning Fixing Skew by cell sizing':
        skew_group core_clock/func: insertion delay [min=0.540, max=0.620, avg=0.575, sd=0.017, skn=0.240, kur=0.328], skew [0.080 vs 0.183], 100% {0.540, 0.620} (wid=0.054 ws=0.039) (gid=0.588 gs=0.067)
      Legalizer API calls during this step: 0 succeeded with high effort: 0 succeeded with medium effort: 0 succeeded with low effort: 0 succeeded with basic effort: 0 succeeded with basic unbounded effort: 0
    PostConditioning Fixing Skew by cell sizing done. (took cpu=0:00:00.0 real=0:00:00.0)
    Reconnecting optimized routes...
    Reset timing graph...
Ignoring AAE DB Resetting ...
    Reset timing graph done.
    Reconnecting optimized routes done. (took cpu=0:00:00.0 real=0:00:00.0)
Skipping place_detail: no changes were made during DRV and/or skew fixing steps so it is unnecessary.
    Legalizer API calls during this step: 0 succeeded with high effort: 0 succeeded with medium effort: 0 succeeded with low effort: 0 succeeded with basic effort: 0 succeeded with basic unbounded effort: 0
  PostConditioning done.
Net route status summary:
  Clock:        42 (unrouted=0, trialRouted=0, noStatus=0, routed=0, fixed=42, [crossesIlmBoundary=0, tooFewTerms=0, (crossesIlmBoundary AND tooFewTerms=0)], steiner=0)
  Non-clock:  9983 (unrouted=1595, trialRouted=8388, noStatus=0, routed=0, fixed=0, [crossesIlmBoundary=0, tooFewTerms=1593, (crossesIlmBoundary AND tooFewTerms=0)])
  Update timing and DAG stats after post-conditioning...
  Update timing and DAG stats after post-conditioning done. (took cpu=0:00:00.0 real=0:00:00.0)
  Clock tree timing engine global stage delay update for tt_v1.8_25C_Nominal_25:both.late...
  Clock tree timing engine global stage delay update for tt_v1.8_25C_Nominal_25:both.late done. (took cpu=0:00:00.1 real=0:00:00.1)
  Clock DAG stats after post-conditioning:
    cell counts      : b=41, i=0, icg=0, dcg=0, l=0, total=41
    sink counts      : regular=1447, enable_latch=0, load_capacitance=0, antenna=0, node_sink=0, port=0, total=1447
    misc counts      : r=1, pp=0, mci=0
    cell areas       : b=858.884um^2, i=0.000um^2, icg=0.000um^2, dcg=0.000um^2, l=0.000um^2, total=858.884um^2
    cell capacitance : b=0.228pF, i=0.000pF, icg=0.000pF, dcg=0.000pF, l=0.000pF, total=0.228pF
    sink capacitance : total=2.762pF, avg=0.002pF, sd=0.000pF, min=0.002pF, max=0.007pF
    wire capacitance : top=0.000pF, trunk=0.659pF, leaf=2.472pF, total=3.131pF
    wire lengths     : top=0.000um, trunk=3846.555um, leaf=12607.045um, total=16453.600um
    hp wire lengths  : top=0.000um, trunk=3282.560um, leaf=5973.260um, total=9255.820um
  Clock DAG net violations after post-conditioning: none
  Clock DAG primary half-corner transition distribution after post-conditioning:
    Trunk : target=0.600ns count=4 avg=0.176ns sd=0.151ns min=0.013ns max=0.366ns {3 <= 0.360ns, 1 <= 0.480ns, 0 <= 0.540ns, 0 <= 0.570ns, 0 <= 0.600ns}
    Leaf  : target=0.150ns count=38 avg=0.127ns sd=0.012ns min=0.091ns max=0.148ns {0 <= 0.090ns, 6 <= 0.120ns, 23 <= 0.135ns, 8 <= 0.142ns, 1 <= 0.150ns}
  Clock DAG library cell distribution after post-conditioning {count}:
     Bufs: CLKBUFX8: 41 
  Primary reporting skew groups after post-conditioning:
    skew_group core_clock/func: insertion delay [min=0.540, max=0.620, avg=0.575, sd=0.017, skn=0.240, kur=0.328], skew [0.080 vs 0.183], 100% {0.540, 0.620} (wid=0.054 ws=0.039) (gid=0.588 gs=0.067)
  Skew group summary after post-conditioning:
    skew_group core_clock/func: insertion delay [min=0.540, max=0.620, avg=0.575, sd=0.017, skn=0.240, kur=0.328], skew [0.080 vs 0.183], 100% {0.540, 0.620} (wid=0.054 ws=0.039) (gid=0.588 gs=0.067)
  CCOpt::Phase::PostConditioning done. (took cpu=0:00:00.4 real=0:00:00.4)
  Post-balance tidy up or trial balance steps...
  
  Clock DAG stats at end of CTS:
  ==============================
  
  ---------------------------------------------------------
  Cell type                 Count    Area       Capacitance
  ---------------------------------------------------------
  Buffers                    41      858.884       0.228
  Inverters                   0        0.000       0.000
  Integrated Clock Gates      0        0.000       0.000
  Discrete Clock Gates        0        0.000       0.000
  Clock Logic                 0        0.000       0.000
  All                        41      858.884       0.228
  ---------------------------------------------------------
  
  Clock DAG miscellaneous counts at end of CTS:
  =============================================
  
  ------------------------------
  Type                     Count
  ------------------------------
  Roots                      1
  Preserved Ports            0
  Multiple Clock Inputs      0
  ------------------------------
  
  
  Clock DAG sink counts at end of CTS:
  ====================================
  
  -------------------------
  Sink type           Count
  -------------------------
  Regular             1447
  Enable Latch           0
  Load Capacitance       0
  Antenna Diode          0
  Node Sink              0
  Port                   0
  Total               1447
  -------------------------
  
  
  Clock DAG wire lengths at end of CTS:
  =====================================
  
  --------------------
  Type     Wire Length
  --------------------
  Top           0.000
  Trunk      3846.555
  Leaf      12607.045
  Total     16453.600
  --------------------
  
  
  Clock DAG hp wire lengths at end of CTS:
  ========================================
  
  -----------------------
  Type     hp Wire Length
  -----------------------
  Top            0.000
  Trunk       3282.560
  Leaf        5973.260
  Total       9255.820
  -----------------------
  
  
  Clock DAG capacitances at end of CTS:
  =====================================
  
  --------------------------------
  Type     Gate     Wire     Total
  --------------------------------
  Top      0.000    0.000    0.000
  Trunk    0.262    0.659    0.921
  Leaf     2.762    2.472    5.234
  Total    3.023    3.131    6.154
  --------------------------------
  
  
  Clock DAG sink capacitances at end of CTS:
  ==========================================
  
  -----------------------------------------------
  Total    Average    Std. Dev.    Min      Max
  -----------------------------------------------
  2.762     0.002       0.000      0.002    0.007
  -----------------------------------------------
  
  
  Clock DAG net violations at end of CTS:
  =======================================
  
  None
  
  
  Clock DAG primary half-corner transition distribution at end of CTS:
  ====================================================================
  
  ---------------------------------------------------------------------------------------------------------------------------------------------------------------
  Net Type    Target    Count    Average    Std. Dev.    Min      Max      Distribution                                                               Over Target
  ---------------------------------------------------------------------------------------------------------------------------------------------------------------
  Trunk       0.600       4       0.176       0.151      0.013    0.366    {3 <= 0.360ns, 1 <= 0.480ns, 0 <= 0.540ns, 0 <= 0.570ns, 0 <= 0.600ns}          -
  Leaf        0.150      38       0.127       0.012      0.091    0.148    {0 <= 0.090ns, 6 <= 0.120ns, 23 <= 0.135ns, 8 <= 0.142ns, 1 <= 0.150ns}         -
  ---------------------------------------------------------------------------------------------------------------------------------------------------------------
  
  
  Clock DAG library cell distribution at end of CTS:
  ==================================================
  
  -----------------------------------------
  Name        Type      Inst     Inst Area 
                        Count    (um^2)
  -----------------------------------------
  CLKBUFX8    buffer     41       858.884
  -----------------------------------------
  
  
  Primary reporting skew groups summary at end of CTS:
  ====================================================
  
  ---------------------------------------------------------------------------------------------------------------------------------------------------------------------------------------------------------
  Half-corner                         Skew Group         Min ID    Max ID    Skew     Skew target    Wire skew    Worst sink skew    Average ID    Std.Dev    Skewness    Kurtosis    Skew window occupancy
  ---------------------------------------------------------------------------------------------------------------------------------------------------------------------------------------------------------
  tt_v1.8_25C_Nominal_25:both.late    core_clock/func    0.540     0.620     0.080       0.183         0.039           0.005           0.575        0.017      0.240       0.328      100% {0.540, 0.620}
  ---------------------------------------------------------------------------------------------------------------------------------------------------------------------------------------------------------
  
  
  Skew group summary at end of CTS:
  =================================
  
  ---------------------------------------------------------------------------------------------------------------------------------------------------------------------------------------------------------
  Half-corner                         Skew Group         Min ID    Max ID    Skew     Skew target    Wire skew    Worst sink skew    Average ID    Std.Dev    Skewness    Kurtosis    Skew window occupancy
  ---------------------------------------------------------------------------------------------------------------------------------------------------------------------------------------------------------
  tt_v1.8_25C_Nominal_25:both.late    core_clock/func    0.540     0.620     0.080       0.183         0.039           0.005           0.575        0.017      0.240       0.328      100% {0.540, 0.620}
  ---------------------------------------------------------------------------------------------------------------------------------------------------------------------------------------------------------
  
  
  Found a total of 0 clock tree pins with a slew violation.
  
  Post-balance tidy up or trial balance steps done. (took cpu=0:00:00.0 real=0:00:00.0)
Synthesizing clock trees done.
Tidy Up And Update Timing...
External - Set all clocks to propagated mode...
Innovus updating I/O latencies
AAE_INFO: opIsDesignInPostRouteState() is 0
#################################################################################
# Design Stage: PreRoute
# Design Name: Core
# Design Mode: 130nm
# Analysis Mode: MMMC OCV 
# Parasitics Mode: No SPEF/RCDB 
# Signoff Settings: SI Off 
#################################################################################
Start delay calculation (fullDC) (1 T). (MEM=2965.43)
Total number of fetched objects 9957
AAE_INFO: Total number of nets for which stage creation was skipped for all views 0
End delay calculation. (MEM=3007.31 CPU=0:00:00.2 REAL=0:00:00.0)
End delay calculation (fullDC). (MEM=3007.31 CPU=0:00:00.6 REAL=0:00:01.0)
	Clock: core_clock, View: tt_v1.8_25C_Nominal_25_func, Ideal Latency: 0, Propagated Latency: 0.563432
	 Executing: set_clock_latency -source -early -min -rise -0.563432 [get_pins clock]
	Clock: core_clock, View: tt_v1.8_25C_Nominal_25_func, Ideal Latency: 0, Propagated Latency: 0.563432
	 Executing: set_clock_latency -source -late -min -rise -0.563432 [get_pins clock]
	Clock: core_clock, View: tt_v1.8_25C_Nominal_25_func, Ideal Latency: 0, Propagated Latency: 0.493869
	 Executing: set_clock_latency -source -early -min -fall -0.493869 [get_pins clock]
	Clock: core_clock, View: tt_v1.8_25C_Nominal_25_func, Ideal Latency: 0, Propagated Latency: 0.493869
	 Executing: set_clock_latency -source -late -min -fall -0.493869 [get_pins clock]
	Clock: core_clock, View: tt_v1.8_25C_Nominal_25_func, Ideal Latency: 0, Propagated Latency: 0.563432
	 Executing: set_clock_latency -source -early -max -rise -0.563432 [get_pins clock]
	Clock: core_clock, View: tt_v1.8_25C_Nominal_25_func, Ideal Latency: 0, Propagated Latency: 0.563432
	 Executing: set_clock_latency -source -late -max -rise -0.563432 [get_pins clock]
	Clock: core_clock, View: tt_v1.8_25C_Nominal_25_func, Ideal Latency: 0, Propagated Latency: 0.493869
	 Executing: set_clock_latency -source -early -max -fall -0.493869 [get_pins clock]
	Clock: core_clock, View: tt_v1.8_25C_Nominal_25_func, Ideal Latency: 0, Propagated Latency: 0.493869
	 Executing: set_clock_latency -source -late -max -fall -0.493869 [get_pins clock]
Setting all clocks to propagated mode.
External - Set all clocks to propagated mode done. (took cpu=0:00:02.0 real=0:00:02.0)
Clock DAG stats after update timingGraph:
  cell counts      : b=41, i=0, icg=0, dcg=0, l=0, total=41
  sink counts      : regular=1447, enable_latch=0, load_capacitance=0, antenna=0, node_sink=0, port=0, total=1447
  misc counts      : r=1, pp=0, mci=0
  cell areas       : b=858.884um^2, i=0.000um^2, icg=0.000um^2, dcg=0.000um^2, l=0.000um^2, total=858.884um^2
  cell capacitance : b=0.228pF, i=0.000pF, icg=0.000pF, dcg=0.000pF, l=0.000pF, total=0.228pF
  sink capacitance : total=2.762pF, avg=0.002pF, sd=0.000pF, min=0.002pF, max=0.007pF
  wire capacitance : top=0.000pF, trunk=0.659pF, leaf=2.472pF, total=3.131pF
  wire lengths     : top=0.000um, trunk=3846.555um, leaf=12607.045um, total=16453.600um
  hp wire lengths  : top=0.000um, trunk=3282.560um, leaf=5973.260um, total=9255.820um
Clock DAG net violations after update timingGraph: none
Clock DAG primary half-corner transition distribution after update timingGraph:
  Trunk : target=0.600ns count=4 avg=0.176ns sd=0.151ns min=0.013ns max=0.366ns {3 <= 0.360ns, 1 <= 0.480ns, 0 <= 0.540ns, 0 <= 0.570ns, 0 <= 0.600ns}
  Leaf  : target=0.150ns count=38 avg=0.127ns sd=0.012ns min=0.091ns max=0.148ns {0 <= 0.090ns, 6 <= 0.120ns, 23 <= 0.135ns, 8 <= 0.142ns, 1 <= 0.150ns}
Clock DAG library cell distribution after update timingGraph {count}:
   Bufs: CLKBUFX8: 41 
Primary reporting skew groups after update timingGraph:
  skew_group core_clock/func: insertion delay [min=0.540, max=0.620, avg=0.575, sd=0.017, skn=0.240, kur=0.328], skew [0.080 vs 0.183], 100% {0.540, 0.620} (wid=0.054 ws=0.039) (gid=0.588 gs=0.067)
Skew group summary after update timingGraph:
  skew_group core_clock/func: insertion delay [min=0.540, max=0.620, avg=0.575, sd=0.017, skn=0.240, kur=0.328], skew [0.080 vs 0.183], 100% {0.540, 0.620} (wid=0.054 ws=0.039) (gid=0.588 gs=0.067)
Logging CTS constraint violations...
  No violations found.
Logging CTS constraint violations done.
Tidy Up And Update Timing done. (took cpu=0:00:02.0 real=0:00:02.0)
Runtime done. (took cpu=0:02:17 real=0:02:20)
Runtime Summary
===============
Clock Runtime:  (37%) Core CTS          51.92 (Init 3.02, Construction 23.14, Implementation 23.72, eGRPC 0.59, PostConditioning 0.43, Other 1.03)
Clock Runtime:  (12%) CTS services      16.81 (RefinePlace 1.40, EarlyGlobalClock 1.48, NanoRoute 13.58, ExtractRC 0.34, TimingAnalysis 0.00)
Clock Runtime:  (50%) Other CTS         69.43 (Init 1.32, CongRepair/EGR-DP 66.15, TimingUpdate 1.96, Other 0.00)
Clock Runtime: (100%) Total            138.16

Leaving CCOpt scope - Cleaning up placement interface...
Leaving CCOpt scope - Cleaning up placement interface done. (took cpu=0:00:00.0 real=0:00:00.0)
*** CTS #1 [finish] (clock_opt_design #1) : cpu/real = 0:02:13.4/0:02:16.7 (1.0), totSession cpu/real = 0:03:17.6/0:03:30.5 (0.9), mem = 2939.7M
Synthesizing clock trees with CCOpt done.
      flow.cputime  flow.realtime  timing.setup.tns  timing.setup.wns  snapshot
UM:*                                                                   cts
Begin: Reorder Scan Chains
**WARN: (IMPSP-9025):	No scan chain specified/traced.
Type 'man IMPSP-9025' for more detail.
End: Reorder Scan Chains
**opt_design ... cpu = 0:00:00, real = 0:00:00, mem = 2938.7M, totSessionCpu=0:03:18 **
GigaOpt running with 1 threads.
*** InitOpt #1 [begin] (clock_opt_design #1) : totSession cpu/real = 0:03:17.7/0:03:30.6 (0.9), mem = 2938.7M
**INFO: set_db design_flow_effort standard -> setting 'set_db opt_all_end_points true' for the duration of this command.
Need call spDPlaceInit before registerPrioInstLoc.
	CornerforLayerOpt timing analysis view tt_v1.8_25C_Nominal_25_func has been selected for calibration 
	CornerforLayerOpt timing analysis view tt_v1.8_25C_Nominal_25_func has been selected for calibration 
ff_v1.98_0C tt_v1.8_25C ss_v1.62_125C
Info: Using SynthesisEngine executable '/tools/software/cadence/ddi/latest/INNOVUS251/bin/innovus_'.
      (normalized executable '/tools/software/cadence/ddi/25.11.001/INNOVUS251/bin/innovus_')
      SynthesisEngine workers will not check out additional licenses.
#################################################################################
# Design Stage: PreRoute
# Design Name: Core
# Design Mode: 130nm
# Analysis Mode: MMMC OCV 
# Parasitics Mode: No SPEF/RCDB 
# Signoff Settings: SI Off 
#################################################################################
CK: assigning clock core_clock to net clock

Starting Levelizing
2026-Mar-23 22:25:55 (2026-Mar-24 02:25:55 GMT)
2026-Mar-23 22:25:55 (2026-Mar-24 02:25:55 GMT): 10%
2026-Mar-23 22:25:55 (2026-Mar-24 02:25:55 GMT): 20%
2026-Mar-23 22:25:55 (2026-Mar-24 02:25:55 GMT): 30%
2026-Mar-23 22:25:55 (2026-Mar-24 02:25:55 GMT): 40%
2026-Mar-23 22:25:55 (2026-Mar-24 02:25:55 GMT): 50%
2026-Mar-23 22:25:55 (2026-Mar-24 02:25:55 GMT): 60%
2026-Mar-23 22:25:55 (2026-Mar-24 02:25:55 GMT): 70%
2026-Mar-23 22:25:55 (2026-Mar-24 02:25:55 GMT): 80%
2026-Mar-23 22:25:55 (2026-Mar-24 02:25:55 GMT): 90%

Finished Levelizing
2026-Mar-23 22:25:55 (2026-Mar-24 02:25:55 GMT)

Starting Activity Propagation
2026-Mar-23 22:25:55 (2026-Mar-24 02:25:55 GMT)
2026-Mar-23 22:25:55 (2026-Mar-24 02:25:55 GMT): 10%
2026-Mar-23 22:25:55 (2026-Mar-24 02:25:55 GMT): 20%

Finished Activity Propagation
2026-Mar-23 22:25:55 (2026-Mar-24 02:25:55 GMT)

**INFO: Power effort not set by setOptMode, so setting 'setOptMode -opt_power_effort high', as set by setDesignMode
**opt_design ... cpu = 0:00:05, real = 0:00:40, mem = 2983.8M, totSessionCpu=0:03:22 **
#optDebug: { P: 130 W: 2201 FE: standard PE: high LDR: 0.5}
*** opt_design -post_cts ***
DRC Margin: user margin 0.0; extra margin 0.2
Hold Target Slack: user slack 0.05
Setup Target Slack: user slack 0.2; extra slack 0.0
set_db opt_skew_eco_route false
**INFO: setOptMode -opt_power_effort high -> Total Power Opt will be called for all Setup Timing optDesign commands, with leakageToDynamicRatio 0.5.
**INFO: Using Advanced Metric Collection system.
Start to check current routing status for nets...
All nets are already routed correctly.
End to check current routing status for nets (mem=2984.8M)
Compute RC Scale Done ...
Starting delay calculation for Setup views
AAE_INFO: opIsDesignInPostRouteState() is 0
#################################################################################
# Design Stage: PreRoute
# Design Name: Core
# Design Mode: 130nm
# Analysis Mode: MMMC OCV 
# Parasitics Mode: No SPEF/RCDB 
# Signoff Settings: SI Off 
#################################################################################
Start delay calculation (fullDC) (1 T). (MEM=3015.35)
Total number of fetched objects 9957
AAE_INFO: Total number of nets for which stage creation was skipped for all views 0
End delay calculation. (MEM=3048.91 CPU=0:00:02.0 REAL=0:00:02.0)
End delay calculation (fullDC). (MEM=3048.91 CPU=0:00:02.5 REAL=0:00:03.0)
*** Done Building Timing Graph (cpu=0:00:04.5 real=0:00:04.0 totSessionCpu=0:03:28 mem=3051.0M)

OptSummary:

------------------------------------------------------------------
             Initial Summary
------------------------------------------------------------------

Setup views included:
 tt_v1.8_25C_Nominal_25_func 

+--------------------+---------+---------+---------+
|     Setup mode     |   all   | reg2reg | default |
+--------------------+---------+---------+---------+
|           WNS (ns):| -1.950  | -1.950  |  6.223  |
|           TNS (ns):| -49.821 | -49.821 |  0.000  |
|    Violating Paths:|   73    |   73    |    0    |
|          All Paths:|  1510   |  1508   |  1456   |
+--------------------+---------+---------+---------+

+----------------+-------------------------------+------------------+
|                |              Real             |       Total      |
|    DRVs        +------------------+------------+------------------|
|                |  Nr nets(terms)  | Worst Vio  |  Nr nets(terms)  |
+----------------+------------------+------------+------------------+
|   max_cap      |     32 (32)      |   -0.121   |     32 (32)      |
|   max_tran     |     28 (72)      |   -2.559   |     28 (72)      |
|   max_fanout   |      0 (0)       |     0      |      0 (0)       |
|   max_length   |      0 (0)       |     0      |      0 (0)       |
+----------------+------------------+------------+------------------+

Density: 40.158%
------------------------------------------------------------------
**opt_design ... cpu = 0:00:10, real = 0:00:46, mem = 3036.9M, totSessionCpu=0:03:28 **
*** InitOpt #1 [finish] (clock_opt_design #1) : cpu/real = 0:00:10.4/0:00:45.6 (0.2), totSession cpu/real = 0:03:28.1/0:04:16.1 (0.8), mem = 3036.9M
** INFO : this run is activating low effort ccoptDesign flow
OPTC: m4 20.0 50.0 [ 500.0 20.0 50.0 ]
OPTC: view 50.0:500.0 [ 0.0500 ]
tt_v1.8_25C_Nominal_25_func

Power view               = tt_v1.8_25C_Nominal_25_func
Number of VT partitions  = 2
Standard cells in design = 109
Instances in design      = 8314

Instance distribution across the VT partitions:

 LVT : inst = 871 (10.5%), cells = 30 (27.52%)
   Lib sky130_tt_1.8_25     : inst = 871 (10.5%)

 HVT : inst = 7370 (88.6%), cells = 72 (66.06%)
   Lib sky130_tt_1.8_25     : inst = 7370 (88.6%)

Reporting took 0 sec
#optDebug: fT-E <X 2 0 0 1>
-opt_post_cts_congestion_repair false      # bool, default=false, private
GigaOpt Checkpoint: Internal congRefineRouteType -postCTS -congThreshold 0.001 -rescheduleForCongestion -resetVeryShortNets -resetShortNets -useSpineBased -rescheduleForAdherence -minSlack -188.0 -useBottleneckAnalyzer -drvRatio 0.4
Begin: GigaOpt Route Type Constraints Refinement
*** CongRefineRouteType #1 [begin] (clock_opt_design #1) : totSession cpu/real = 0:03:29.8/0:04:17.8 (0.8), mem = 3039.0M

Footprint cell information for calculating maxBufDist
*info: There are 7 candidate Buffer cells
*info: There are 9 candidate Inverter cells

Updated routing constraints on 0 nets.
Bottom Preferred Layer:
+-------------+------------+----------+
|    Layer    |    CLK     |   Rule   |
+-------------+------------+----------+
| met3 (z=3)  |         42 | default  |
+-------------+------------+----------+
Via Pillar Rule:
    None
*** CongRefineRouteType #1 [finish] (clock_opt_design #1) : cpu/real = 0:00:00.2/0:00:00.2 (1.0), totSession cpu/real = 0:03:29.9/0:04:18.0 (0.8), mem = 3039.9M
End: GigaOpt Route Type Constraints Refinement
#InfoCS: Num dontuse cells 1, Num usable cells 118, Num real usable cells 117
optDesignOneStep: Power Flow
#InfoCS: Num dontuse cells 1, Num usable cells 118, Num real usable cells 117
*** SimplifyNetlist #1 [begin] (clock_opt_design #1) : totSession cpu/real = 0:03:30.1/0:04:18.2 (0.8), mem = 3037.8M
Info: 42 nets with fixed/cover wires excluded.
Info: 42 clock nets excluded from IPO operation.
(I,S,L,T): tt_v1.8_25C_Nominal_25_func: 7.98374, 4.06603, 0.00539092, 12.0552
(I,S,L) ClockInsts: tt_v1.8_25C_Nominal_25_func: 0.47425, 1.9428, 4.5854e-05

Netlist preparation processing... 
Removed 0 instance
*info: Marking 0 isolation instances dont touch
*info: Marking 0 level shifter instances dont touch
(I,S,L,T): tt_v1.8_25C_Nominal_25_func: 7.98374, 4.06603, 0.00539092, 12.0552
(I,S,L) ClockInsts: tt_v1.8_25C_Nominal_25_func: 0.47425, 1.9428, 4.5854e-05
*** SimplifyNetlist #1 [finish] (clock_opt_design #1) : cpu/real = 0:00:01.4/0:00:01.5 (1.0), totSession cpu/real = 0:03:31.6/0:04:19.6 (0.8), mem = 3040.5M
*** ExcludedClockNetOpt #1 [begin] (clock_opt_design #1) : totSession cpu/real = 0:03:31.7/0:04:19.8 (0.8), mem = 3038.3M
*** Starting optimizing excluded clock nets MEM= 3038.3M) ***
*info: No excluded clock nets to be optimized.
*** Finished optimizing excluded clock nets (CPU Time= 0:00:00.0  MEM= 3038.5M) ***
*** ExcludedClockNetOpt #1 [finish] (clock_opt_design #1) : cpu/real = 0:00:00.0/0:00:00.0 (2.7), totSession cpu/real = 0:03:31.7/0:04:19.8 (0.8), mem = 3038.5M
*** ExcludedClockNetOpt #2 [begin] (clock_opt_design #1) : totSession cpu/real = 0:03:31.7/0:04:19.8 (0.8), mem = 3038.5M
*** Starting optimizing excluded clock nets MEM= 3038.5M) ***
*info: No excluded clock nets to be optimized.
*** Finished optimizing excluded clock nets (CPU Time= 0:00:00.0  MEM= 3038.5M) ***
*** ExcludedClockNetOpt #2 [finish] (clock_opt_design #1) : cpu/real = 0:00:00.0/0:00:00.0 (0.0), totSession cpu/real = 0:03:31.7/0:04:19.8 (0.8), mem = 3038.5M
Info: Done creating the CCOpt slew target map.
Begin: GigaOpt high fanout net optimization
GigaOpt HFN: use maxLocalDensity 1.2
GigaOpt Checkpoint: Internal optDRV -useLevelizedBufferTreeOnly -auxMaxFanoutCountLimit 500 -largeScaleFixing -maxIter 1 -maxLocalDensity 1.2 -numThreads 1 -postCTS -preRouteDontEndWithRefinePlaceIncrSteinerRouteDC
*** DrvOpt #1 [begin] (clock_opt_design #1) : totSession cpu/real = 0:03:31.9/0:04:20.0 (0.8), mem = 3038.7M
Info: 42 nets with fixed/cover wires excluded.
Info: 42 clock nets excluded from IPO operation.
(I,S,L,T): tt_v1.8_25C_Nominal_25_func: 7.98374, 4.06603, 0.00539092, 12.0552
(I,S,L) ClockInsts: tt_v1.8_25C_Nominal_25_func: 0.47425, 1.9428, 4.5854e-05
	CornerforLayerOpt timing analysis view tt_v1.8_25C_Nominal_25_func has been selected for calibration 
	CornerforLayerOpt timing analysis view tt_v1.8_25C_Nominal_25_func has been selected for calibration 
	CornerforLayerOpt timing analysis view tt_v1.8_25C_Nominal_25_func has been selected for calibration 
	CornerforLayerOpt timing analysis view tt_v1.8_25C_Nominal_25_func has been selected for calibration 
(I,S,L,T): tt_v1.8_25C_Nominal_25_func: 7.98374, 4.06603, 0.00539092, 12.0552
(I,S,L) ClockInsts: tt_v1.8_25C_Nominal_25_func: 0.47425, 1.9428, 4.5854e-05
*** DrvOpt #1 [finish] (clock_opt_design #1) : cpu/real = 0:00:01.4/0:00:01.4 (1.0), totSession cpu/real = 0:03:33.3/0:04:21.4 (0.8), mem = 3039.9M
GigaOpt HFN: restore maxLocalDensity to 0.98
End: GigaOpt high fanout net optimization
skipped the cell partition in DRV
Leakage Power Opt: re-selecting buf/inv list 
#InfoCS: Num dontuse cells 1, Num usable cells 118, Num real usable cells 117
optDesignOneStep: Power Flow
#InfoCS: Num dontuse cells 1, Num usable cells 118, Num real usable cells 117
Begin: GigaOpt DRV Optimization
[GPS-DRV] number of DCLS groups: 0; maxIter: 2
GigaOpt Checkpoint: Internal optDRV -max_tran -max_cap -maxLocalDensity 0.98 -numThreads 1 -smallScaleFixing -maxIter 3 -setupTNSCostFactor 3.0 -postCTS -preRouteDontEndWithRefinePlaceIncrSteinerRouteDC
*** DrvOpt #2 [begin] (clock_opt_design #1) : totSession cpu/real = 0:03:33.4/0:04:21.5 (0.8), mem = 3040.0M
Info: 42 nets with fixed/cover wires excluded.
Info: 42 clock nets excluded from IPO operation.
(I,S,L,T): tt_v1.8_25C_Nominal_25_func: 7.98374, 4.06603, 0.00539092, 12.0552
(I,S,L) ClockInsts: tt_v1.8_25C_Nominal_25_func: 0.47425, 1.9428, 4.5854e-05
	CornerforLayerOpt timing analysis view tt_v1.8_25C_Nominal_25_func has been selected for calibration 
	CornerforLayerOpt timing analysis view tt_v1.8_25C_Nominal_25_func has been selected for calibration 
	CornerforLayerOpt timing analysis view tt_v1.8_25C_Nominal_25_func has been selected for calibration 
	CornerforLayerOpt timing analysis view tt_v1.8_25C_Nominal_25_func has been selected for calibration 
#InfoCS: Num dontuse cells 1, Num usable cells 118, Num real usable cells 117
+-------------------------------------------------------------------------------------------------------------------------------------------------------+
|        max-tran       |        max-cap        |  max-fanout |  max-length |       setup       |        |        |        |       |          |         |
+-------------------------------------------------------------------------------------------------------------------------------------------------------+
| nets | terms|  wViol  | nets | terms|  wViol  | nets | terms| nets | terms|   WNS   |   TNS   |  #Buf  |  #Inv  | #Resize|Density|   Real   |   Mem   |
+-------------------------------------------------------------------------------------------------------------------------------------------------------+
|   129|   700|    -2.68|    94|    94|    -0.13|     0|     0|     0|     0|    -1.95|   -49.82|       0|       0|       0| 40.26%|          |         |
|    11|    11|    -0.01|     0|     0|     0.00|     0|     0|     0|     0|    -0.36|    -1.74|      60|      30|      76| 40.75%| 0:00:03.0|  3090.4M|
|     7|     7|    -0.00|     0|     0|     0.00|     0|     0|     0|     0|    -0.36|    -1.74|       3|       0|       1| 40.79%| 0:00:00.0|  3090.6M|
|     7|     7|    -0.00|     0|     0|     0.00|     0|     0|     0|     0|    -0.36|    -1.74|       0|       0|       0| 40.79%| 0:00:00.0|  3090.6M|
+-------------------------------------------------------------------------------------------------------------------------------------------------------+
Bottom Preferred Layer:
+-------------+------------+----------+
|    Layer    |    CLK     |   Rule   |
+-------------+------------+----------+
| met3 (z=3)  |         42 | default  |
+-------------+------------+----------+
Via Pillar Rule:
    None


=======================================================================
                Reasons for remaining drv violations
=======================================================================
*info: Total 7 net(s) have violations which can't be fixed by DRV optimization.

MultiBuffering failure reasons
------------------------------------------------
*info:     7 net(s): Could not be fixed because the gain is not enough.

SingleBuffering failure reasons
------------------------------------------------
*info:     7 net(s): Could not be fixed because of the buffering solution introduces DRV degradation.

Resizing failure reasons
------------------------------------------------
*info:     7 net(s): Could not be fixed because no move is found.


*** Finish DRV Fixing (cpu=0:00:03.3 real=0:00:03.0 mem=3090.6M) ***

(I,S,L,T): tt_v1.8_25C_Nominal_25_func: 8.05957, 4.09313, 0.00547534, 12.1582
(I,S,L) ClockInsts: tt_v1.8_25C_Nominal_25_func: 0.47425, 1.9428, 4.5854e-05
*** DrvOpt #2 [finish] (clock_opt_design #1) : cpu/real = 0:00:05.0/0:00:05.0 (1.0), totSession cpu/real = 0:03:38.4/0:04:26.5 (0.8), mem = 3055.9M
End: GigaOpt DRV Optimization
GigaOpt DRV: restore maxLocalDensity to 0.98
Leakage Power Opt: resetting the buf/inv selection
**opt_design ... cpu = 0:00:21, real = 0:00:56, mem = 3054.1M, totSessionCpu=0:03:38 **
Number of setup views: 1
Leakage Power Opt: re-selecting buf/inv list 
#InfoCS: Num dontuse cells 1, Num usable cells 118, Num real usable cells 117
optDesignOneStep: Power Flow
#InfoCS: Num dontuse cells 1, Num usable cells 118, Num real usable cells 117
Begin: GigaOpt Global Optimization
*info: use new DP (enabled)
GigaOpt Checkpoint: Internal globalOpt -maxLocalDensity 1.2 -numThreads 1 -postCTS -preRouteDontEndWithRefinePlaceIncrSteinerRouteDC -enableHighLayerOpt -maxIter 3 -maxIterForLEPG 50
Info: 42 nets with fixed/cover wires excluded.
Info: 42 clock nets excluded from IPO operation.
*** GlobalOpt #1 [begin] (clock_opt_design #1) : totSession cpu/real = 0:03:38.6/0:04:26.7 (0.8), mem = 3054.1M
(I,S,L,T): tt_v1.8_25C_Nominal_25_func: 8.05957, 4.09313, 0.00547534, 12.1582
(I,S,L) ClockInsts: tt_v1.8_25C_Nominal_25_func: 0.47425, 1.9428, 4.5854e-05
*info: 42 clock nets excluded
*info: 66 no-driver nets excluded.
*info: 42 nets with fixed/cover wires excluded.
#InfoCS: Num dontuse cells 1, Num usable cells 118, Num real usable cells 117
** GigaOpt Global Opt WNS Slack -0.356  TNS Slack -1.742 
+--------+--------+---------+------------+--------+---------------------------+---------+----------------------------------------------------+
|  WNS   |  TNS   | Density |    Real    |  Mem   |        Worst View         |Pathgroup|                     End Point                      |
+--------+--------+---------+------------+--------+---------------------------+---------+----------------------------------------------------+
|  -0.356|  -1.742|   40.79%|   0:00:00.0| 3067.8M|tt_v1.8_25C_Nominal_25_func|  reg2reg| InstructionExecute_Module_alu_result_op_reg[0]/D   |
|   0.200|   0.000|   40.79%|   0:00:00.0| 3087.8M|                         NA|       NA| NA                                                 |
+--------+--------+---------+------------+--------+---------------------------+---------+----------------------------------------------------+

*** Finish post-CTS Global Setup Fixing (cpu=0:00:00.6 real=0:00:00.0 mem=3087.8M) ***

*** Finish post-CTS Setup Fixing (cpu=0:00:00.6 real=0:00:00.0 mem=3087.8M) ***
Bottom Preferred Layer:
+-------------+------------+----------+
|    Layer    |    CLK     |   Rule   |
+-------------+------------+----------+
| met3 (z=3)  |         42 | default  |
+-------------+------------+----------+
Via Pillar Rule:
    None
** GigaOpt Global Opt End WNS Slack 0.200  TNS Slack 0.000 
(I,S,L,T): tt_v1.8_25C_Nominal_25_func: 8.0598, 4.09336, 0.00547547, 12.1586
(I,S,L) ClockInsts: tt_v1.8_25C_Nominal_25_func: 0.47425, 1.9428, 4.5854e-05
*** GlobalOpt #1 [finish] (clock_opt_design #1) : cpu/real = 0:00:02.4/0:00:02.3 (1.0), totSession cpu/real = 0:03:41.0/0:04:29.0 (0.8), mem = 3067.0M
End: GigaOpt Global Optimization
Leakage Power Opt: resetting the buf/inv selection
*** Timing Is met
*** Check timing (0:00:00.0)
#InfoCS: Num dontuse cells 1, Num usable cells 118, Num real usable cells 117
optDesignOneStep: Power Flow
#InfoCS: Num dontuse cells 1, Num usable cells 118, Num real usable cells 117
GigaOpt Checkpoint: Internal reclaim -numThreads 1 -postCTS -area -noRecovery -combinePowerAreaNew -downSize -noViewPrune -force -nonLegal  -doRemoveUselessTerm -tgtSlackMult 3 -routeType -noRouteTypeResizePolish -noViewPrune -weedwhack -nonLegal -nativePathGroupFlow -SimpCCIn
Info: 42 nets with fixed/cover wires excluded.
Info: 42 clock nets excluded from IPO operation.

Begin: Area Power Optimization
Begin: Area Power Reclaim Optimization
#InfoCS: Num dontuse cells 1, Num usable cells 118, Num real usable cells 117
*** AreaOpt #1 [begin] (clock_opt_design #1) : totSession cpu/real = 0:03:41.3/0:04:29.5 (0.8), mem = 3065.1M
(I,S,L,T): tt_v1.8_25C_Nominal_25_func: 8.0598, 4.09336, 0.00547547, 12.1586
(I,S,L) ClockInsts: tt_v1.8_25C_Nominal_25_func: 0.47425, 1.9428, 4.5854e-05
Reclaim Optimization WNS Slack 0.225  TNS Slack 0.000 Density 40.79
+---------+---------+--------+--------+------------+--------+
| Density | Commits |  WNS   |  TNS   |    Real    |  Mem   |
+---------+---------+--------+--------+------------+--------+
|   40.79%|        -|   0.225|   0.000|   0:00:00.0| 3069.7M|
|   40.57%|       28|   0.225|   0.000|   0:00:04.0| 3075.3M|
|   40.57%|        0|   0.225|   0.000|   0:00:00.0| 3075.3M|
|   40.51%|       20|   0.225|   0.000|   0:00:02.0| 3075.4M|
|   40.39%|       64|   0.225|   0.000|   0:00:02.0| 3075.9M|
|   40.38%|        8|   0.225|   0.000|   0:00:01.0| 3075.9M|
|   40.38%|        0|   0.225|   0.000|   0:00:01.0| 3075.9M|
|   40.38%|        0|   0.225|   0.000|   0:00:01.0| 3079.0M|
|   40.38%|        0|   0.225|   0.000|   0:00:00.0| 3079.0M|
+---------+---------+--------+--------+------------+--------+
Reclaim Optimization End WNS Slack 0.225  TNS Slack 0.000 Density 40.38
Bottom Preferred Layer:
+-------------+------------+----------+
|    Layer    |    CLK     |   Rule   |
+-------------+------------+----------+
| met3 (z=3)  |         42 | default  |
+-------------+------------+----------+
Via Pillar Rule:
    None

Number of times islegalLocAvaiable called = 0 skipped = 0, called in commitmove = 0, skipped in commitmove = 0
End: Core Area Reclaim Optimization (cpu = 0:00:11.7) (real = 0:00:12.0) **
(I,S,L,T): tt_v1.8_25C_Nominal_25_func: 7.98531, 4.08157, 0.0054063, 12.0723
(I,S,L) ClockInsts: tt_v1.8_25C_Nominal_25_func: 0.47425, 1.9428, 4.5854e-05
*** AreaOpt #1 [finish] (clock_opt_design #1) : cpu/real = 0:00:11.8/0:00:11.9 (1.0), totSession cpu/real = 0:03:53.2/0:04:41.4 (0.8), mem = 3079.0M
Executing incremental physical updates
Executing incremental physical updates
End: Area Reclaim Optimization (cpu=0:00:12, real=0:00:12, mem=3072.68M, totSessionCpu=0:03:53).
skipped the cell partition in DRV
Leakage Power Opt: re-selecting buf/inv list 
#InfoCS: Num dontuse cells 1, Num usable cells 118, Num real usable cells 117
optDesignOneStep: Power Flow
#InfoCS: Num dontuse cells 1, Num usable cells 118, Num real usable cells 117
Begin: GigaOpt DRV Optimization
[GPS-DRV] number of DCLS groups: 0; maxIter: 2
GigaOpt Checkpoint: Internal optDRV -max_tran -max_cap -maxLocalDensity 0.98 -numThreads 1 -smallScaleFixing -maxIter 3 -setupTNSCostFactor 3.0 -postCTS -preRouteDontEndWithRefinePlaceIncrSteinerRouteDC
*** DrvOpt #3 [begin] (clock_opt_design #1) : totSession cpu/real = 0:03:53.6/0:04:41.8 (0.8), mem = 3072.8M
Info: 42 nets with fixed/cover wires excluded.
Info: 42 clock nets excluded from IPO operation.
(I,S,L,T): tt_v1.8_25C_Nominal_25_func: 7.98531, 4.08157, 0.0054063, 12.0723
(I,S,L) ClockInsts: tt_v1.8_25C_Nominal_25_func: 0.47425, 1.9428, 4.5854e-05
	CornerforLayerOpt timing analysis view tt_v1.8_25C_Nominal_25_func has been selected for calibration 
	CornerforLayerOpt timing analysis view tt_v1.8_25C_Nominal_25_func has been selected for calibration 
	CornerforLayerOpt timing analysis view tt_v1.8_25C_Nominal_25_func has been selected for calibration 
	CornerforLayerOpt timing analysis view tt_v1.8_25C_Nominal_25_func has been selected for calibration 
#InfoCS: Num dontuse cells 1, Num usable cells 118, Num real usable cells 117
+-------------------------------------------------------------------------------------------------------------------------------------------------------+
|        max-tran       |        max-cap        |  max-fanout |  max-length |       setup       |        |        |        |       |          |         |
+-------------------------------------------------------------------------------------------------------------------------------------------------------+
| nets | terms|  wViol  | nets | terms|  wViol  | nets | terms| nets | terms|   WNS   |   TNS   |  #Buf  |  #Inv  | #Resize|Density|   Real   |   Mem   |
+-------------------------------------------------------------------------------------------------------------------------------------------------------+
|    20|    25|    -0.07|     2|     2|    -0.04|     0|     0|     0|     0|     0.22|     0.00|       0|       0|       0| 40.38%|          |         |
|    13|    13|    -0.01|     0|     0|     0.00|     0|     0|     0|     0|     0.22|     0.00|      13|       2|      13| 40.44%| 0:00:00.0|  3091.9M|
|     8|     8|    -0.00|     0|     0|     0.00|     0|     0|     0|     0|     0.22|     0.00|       0|       0|       9| 40.50%| 0:00:00.0|  3091.9M|
|     5|     5|    -0.00|     0|     0|     0.00|     0|     0|     0|     0|     0.22|     0.00|       3|       0|       0| 40.54%| 0:00:01.0|  3091.9M|
+-------------------------------------------------------------------------------------------------------------------------------------------------------+
Bottom Preferred Layer:
+-------------+------------+----------+
|    Layer    |    CLK     |   Rule   |
+-------------+------------+----------+
| met3 (z=3)  |         42 | default  |
+-------------+------------+----------+
Via Pillar Rule:
    None


=======================================================================
                Reasons for remaining drv violations
=======================================================================
*info: Total 5 net(s) have violations which can't be fixed by DRV optimization.

MultiBuffering failure reasons
------------------------------------------------
*info:     5 net(s): Could not be fixed because the gain is not enough.

SingleBuffering failure reasons
------------------------------------------------
*info:     5 net(s): Could not be fixed because of the buffering solution introduces DRV degradation.

Resizing failure reasons
------------------------------------------------
*info:     5 net(s): Could not be fixed because no move is found.


*** Finish DRV Fixing (cpu=0:00:00.7 real=0:00:01.0 mem=3093.9M) ***

(I,S,L,T): tt_v1.8_25C_Nominal_25_func: 8.01697, 4.08509, 0.00543483, 12.1075
(I,S,L) ClockInsts: tt_v1.8_25C_Nominal_25_func: 0.47425, 1.9428, 4.5854e-05
*** DrvOpt #3 [finish] (clock_opt_design #1) : cpu/real = 0:00:02.3/0:00:02.4 (1.0), totSession cpu/real = 0:03:55.9/0:04:44.1 (0.8), mem = 3073.1M
End: GigaOpt DRV Optimization
GigaOpt DRV: restore maxLocalDensity to 0.98
Leakage Power Opt: resetting the buf/inv selection

OptSummary:

------------------------------------------------------------------
     Summary (cpu=0.04min real=0.05min mem=3072.1M)
------------------------------------------------------------------

Setup views included:
 tt_v1.8_25C_Nominal_25_func 

+--------------------+---------+---------+---------+
|     Setup mode     |   all   | reg2reg | default |
+--------------------+---------+---------+---------+
|           WNS (ns):|  0.225  |  0.225  |  6.062  |
|           TNS (ns):|  0.000  |  0.000  |  0.000  |
|    Violating Paths:|    0    |    0    |    0    |
|          All Paths:|  1510   |  1508   |  1456   |
+--------------------+---------+---------+---------+

+----------------+-------------------------------+------------------+
|                |              Real             |       Total      |
|    DRVs        +------------------+------------+------------------|
|                |  Nr nets(terms)  | Worst Vio  |  Nr nets(terms)  |
+----------------+------------------+------------+------------------+
|   max_cap      |      0 (0)       |   0.000    |      0 (0)       |
|   max_tran     |      0 (0)       |   0.000    |      0 (0)       |
|   max_fanout   |      0 (0)       |     0      |      0 (0)       |
|   max_length   |      0 (0)       |     0      |      0 (0)       |
+----------------+------------------+------------+------------------+

Density: 40.440%
Routing Overflow: 2.98% H and 0.38% V
------------------------------------------------------------------
**opt_design ... cpu = 0:00:39, real = 0:01:14, mem = 3072.5M, totSessionCpu=0:03:56 **
#InfoCS: Num dontuse cells 1, Num usable cells 118, Num real usable cells 117
optDesignOneStep: Power Flow
#InfoCS: Num dontuse cells 1, Num usable cells 118, Num real usable cells 117
Begin: GigaOpt Optimization in WNS mode
GigaOpt Checkpoint: Internal optTiming -maxLocalDensity 1.0 -maxLocalDensityForHardenOpt 0.92 -numThreads 1 -postCTS -wtns -integratedAreaOpt -pgMode all -ipoTgtSlackCoef 1.5 -effTgtSlackCoef 1 -nativePathGroupFlow -NDROptEffortAuto -usefulSkew -nonLegalPlaceEcoBumpRecoveryInWNSOpt
Info: 42 nets with fixed/cover wires excluded.
Info: 42 clock nets excluded from IPO operation.
*** WnsOpt #1 [begin] (clock_opt_design #1) : totSession cpu/real = 0:03:56.5/0:04:44.7 (0.8), mem = 3072.5M
(I,S,L,T): tt_v1.8_25C_Nominal_25_func: 8.01697, 4.08509, 0.00543483, 12.1075
(I,S,L) ClockInsts: tt_v1.8_25C_Nominal_25_func: 0.47425, 1.9428, 4.5854e-05
*info: 42 clock nets excluded
*info: 66 no-driver nets excluded.
*info: 42 nets with fixed/cover wires excluded.
#InfoCS: Num dontuse cells 1, Num usable cells 118, Num real usable cells 117
** GigaOpt Optimizer WNS Slack 0.225 TNS Slack 0.000 Density 40.54
OptDebug: Start of Optimizer WNS Pass 0:
+----------+-----+-----+
|Path Group|  WNS|  TNS|
+----------+-----+-----+
|default   |6.062|0.000|
|reg2reg   |0.225|0.000|
|HEPG      |0.225|0.000|
|All Paths |0.225|0.000|
+----------+-----+-----+

CCOptDebug: Start of Optimizer WNS Pass 0: reg2reg* WNS 0.225ns TNS 0.000ns; HEPG WNS 0.225ns TNS 0.000ns; all paths WNS 0.225ns TNS 0.000ns; Real time 0:03:36
Active Path Group: reg2reg  
Info: pruned 4 cells for critical region restructuring (50% target).
Info: initial physical memory for 2 CRR processes is 1125.39MB.
+--------+---------+--------+---------+---------+------------+--------+---------------------------+---------+----------------------------------------------------+
|  WNS   | All WNS |  TNS   | All TNS | Density |    Real    |  Mem   |        Worst View         |Pathgroup|                     End Point                      |
+--------+---------+--------+---------+---------+------------+--------+---------------------------+---------+----------------------------------------------------+
|   0.225|    0.225|   0.000|    0.000|   40.54%|   0:00:00.0| 3073.1M|tt_v1.8_25C_Nominal_25_func|  reg2reg| InstructionExecute_Module_alu_result_op_reg[27]/D  |
|   0.256|    0.262|   0.000|    0.000|   40.54%|   0:00:00.0| 3079.5M|                         NA|       NA| NA                                                 |
|   0.256|    0.262|   0.000|    0.000|   40.54%|   0:00:00.0| 3079.5M|tt_v1.8_25C_Nominal_25_func|       NA| NA                                                 |
+--------+---------+--------+---------+---------+------------+--------+---------------------------+---------+----------------------------------------------------+

*** Finish Core Optimize Step (cpu=0:00:00.1 real=0:00:00.0 mem=3079.5M) ***

*** Finished Optimize Step Cumulative (cpu=0:00:00.4 real=0:00:08.0 mem=3079.5M) ***
OptDebug: End of Optimizer WNS Pass 0:
+----------+-----+-----+
|Path Group|  WNS|  TNS|
+----------+-----+-----+
|default   |6.062|0.000|
|reg2reg   |0.262|0.000|
|HEPG      |0.262|0.000|
|All Paths |0.262|0.000|
+----------+-----+-----+

CCOptDebug: End of Optimizer WNS Pass 0: reg2reg* WNS 0.262ns TNS 0.000ns; HEPG WNS 0.262ns TNS 0.000ns; all paths WNS 0.262ns TNS 0.000ns; Real time 0:03:44
** GigaOpt Optimizer WNS Slack 0.256 TNS Slack 0.000 Density 40.54
** GigaOpt Optimizer WNS Slack 0.256 TNS Slack 0.000 Density 40.54
** GigaOpt Optimizer WNS Slack 0.256 TNS Slack 0.000 Density 40.54
** GigaOpt Optimizer WNS Slack 0.256 TNS Slack 0.000 Density 40.54
OptDebug: End of Setup Fixing:
+----------+-----+-----+
|Path Group|  WNS|  TNS|
+----------+-----+-----+
|default   |6.062|0.000|
|reg2reg   |0.262|0.000|
|HEPG      |0.262|0.000|
|All Paths |0.262|0.000|
+----------+-----+-----+

Bottom Preferred Layer:
+-------------+------------+----------+
|    Layer    |    CLK     |   Rule   |
+-------------+------------+----------+
| met3 (z=3)  |         42 | default  |
+-------------+------------+----------+
Via Pillar Rule:
    None

*** Finish post-CTS Setup Fixing (cpu=0:00:01.4 real=0:00:09.0 mem=3079.5M) ***

(I,S,L,T): tt_v1.8_25C_Nominal_25_func: 8.01712, 4.08537, 0.00543494, 12.1079
(I,S,L) ClockInsts: tt_v1.8_25C_Nominal_25_func: 0.47425, 1.9428, 4.5854e-05
*** WnsOpt #1 [finish] (clock_opt_design #1) : cpu/real = 0:00:02.8/0:00:10.6 (0.3), totSession cpu/real = 0:03:59.3/0:04:55.3 (0.8), mem = 3071.1M
End: GigaOpt Optimization in WNS mode
#InfoCS: Num dontuse cells 1, Num usable cells 118, Num real usable cells 117
optDesignOneStep: Power Flow
#InfoCS: Num dontuse cells 1, Num usable cells 118, Num real usable cells 117
GigaOpt: target slack met, skip TNS optimization
GigaOpt Checkpoint: Internal reclaim -noViewPrune -rebufferOnly -costCleanup -preRouteDontEndWithRefinePlaceIncrSteinerRouteDC -force -numThreads 1 -postCTS
Info: 42 nets with fixed/cover wires excluded.
Info: 42 clock nets excluded from IPO operation.
Begin: Area Reclaim Optimization
#InfoCS: Num dontuse cells 1, Num usable cells 118, Num real usable cells 117
*** AreaOpt #2 [begin] (clock_opt_design #1) : totSession cpu/real = 0:03:59.7/0:04:55.8 (0.8), mem = 3068.7M
(I,S,L,T): tt_v1.8_25C_Nominal_25_func: 8.01712, 4.08537, 0.00543494, 12.1079
(I,S,L) ClockInsts: tt_v1.8_25C_Nominal_25_func: 0.47425, 1.9428, 4.5854e-05
Reclaim Optimization WNS Slack 0.200  TNS Slack 0.000 Density 40.54
+---------+---------+--------+--------+------------+--------+
| Density | Commits |  WNS   |  TNS   |    Real    |  Mem   |
+---------+---------+--------+--------+------------+--------+
|   40.54%|        -|   0.200|   0.000|   0:00:00.0| 3073.0M|
|   40.16%|      247|   0.200|   0.000|   0:00:17.0| 3211.0M|
+---------+---------+--------+--------+------------+--------+
Reclaim Optimization End WNS Slack 0.200  TNS Slack 0.000 Density 40.16
Bottom Preferred Layer:
+-------------+------------+----------+
|    Layer    |    CLK     |   Rule   |
+-------------+------------+----------+
| met3 (z=3)  |         42 | default  |
+-------------+------------+----------+
Via Pillar Rule:
    None

Number of times islegalLocAvaiable called = 0 skipped = 0, called in commitmove = 0, skipped in commitmove = 0
End: Core Area Reclaim Optimization (cpu = 0:00:17.9) (real = 0:00:18.0) **
(I,S,L,T): tt_v1.8_25C_Nominal_25_func: 7.9789, 4.07972, 0.00537655, 12.064
(I,S,L) ClockInsts: tt_v1.8_25C_Nominal_25_func: 0.47425, 1.9428, 4.5854e-05
*** AreaOpt #2 [finish] (clock_opt_design #1) : cpu/real = 0:00:18.0/0:00:18.1 (1.0), totSession cpu/real = 0:04:17.8/0:05:13.9 (0.8), mem = 3211.0M
End: Area Reclaim Optimization (cpu=0:00:18, real=0:00:18, mem=3121.23M, totSessionCpu=0:04:18).
GigaOpt Checkpoint: Internal reclaim -numThreads 1 -customPhyUpdate -noGCompAndPhase -force -svrReclaim -rtrShortNets -allowDegradingShortNetRemoval -postCTS -area -noRecovery -combinePowerAreaNew -downSize -noViewPrune -force -tgtSlackMult 2 -wtns -noRouteTypeResizePolish -noViewPrune -nativePathGroupFlow -SimpCCIn
Info: 42 nets with fixed/cover wires excluded.
Info: 42 clock nets excluded from IPO operation.

Begin: Area Power Optimization
Begin: Area Power Reclaim Optimization
#InfoCS: Num dontuse cells 1, Num usable cells 118, Num real usable cells 117
*** AreaOpt #3 [begin] (clock_opt_design #1) : totSession cpu/real = 0:04:18.2/0:05:14.3 (0.8), mem = 3121.2M
(I,S,L,T): tt_v1.8_25C_Nominal_25_func: 7.9789, 4.07972, 0.00537655, 12.064
(I,S,L) ClockInsts: tt_v1.8_25C_Nominal_25_func: 0.47425, 1.9428, 4.5854e-05
Reclaim Optimization WNS Slack 0.225  TNS Slack 0.000 Density 40.16
+---------+---------+--------+--------+------------+--------+
| Density | Commits |  WNS   |  TNS   |    Real    |  Mem   |
+---------+---------+--------+--------+------------+--------+
|   40.16%|        -|   0.225|   0.000|   0:00:00.0| 3121.4M|
|   40.16%|        0|   0.225|   0.000|   0:00:02.0| 3122.7M|
|   40.16%|        0|   0.225|   0.000|   0:00:00.0| 3122.8M|
|   40.13%|        4|   0.225|   0.000|   0:00:01.0| 3125.4M|
|   40.10%|       16|   0.223|   0.000|   0:00:01.0| 3125.7M|
|   40.10%|        1|   0.223|   0.000|   0:00:01.0| 3125.7M|
|   40.10%|        0|   0.223|   0.000|   0:00:01.0| 3125.7M|
|   40.10%|        0|   0.223|   0.000|   0:00:01.0| 3127.0M|
|   40.10%|        0|   0.223|   0.000|   0:00:00.0| 3127.0M|
+---------+---------+--------+--------+------------+--------+
Reclaim Optimization End WNS Slack 0.223  TNS Slack 0.000 Density 40.10
Bottom Preferred Layer:
+-------------+------------+----------+
|    Layer    |    CLK     |   Rule   |
+-------------+------------+----------+
| met3 (z=3)  |         42 | default  |
+-------------+------------+----------+
Via Pillar Rule:
    None

Number of times islegalLocAvaiable called = 30 skipped = 0, called in commitmove = 17, skipped in commitmove = 0
End: Core Area Reclaim Optimization (cpu = 0:00:06.9) (real = 0:00:07.0) **
*** Starting place_detail (0:04:25 mem=3126.2M) ***
Total net bbox length = 4.387e+05 (2.155e+05 2.233e+05) (ext = 1.626e+03)
Move report: Detail placement moved 224 insts, mean move: 2.29 um, max move: 8.74 um 
	Max move on inst (prects_FE_OFC1210_n_7820): (767.74, 294.86) --> (759.00, 294.86)
	Runtime: CPU: 0:00:00.3 REAL: 0:00:00.0 MEM: 3130.8MB
Summary Report:
Instances moved: 224 (out of 8186 movable)
Instances flipped: 0
Mean displacement: 2.29 um
Max displacement: 8.74 um (Instance: prects_FE_OFC1210_n_7820) (767.74, 294.86) -> (759, 294.86)
	Length: 3 sites, height: 1 rows, site name: CoreSite, cell type: CLKINVX2
Physical-only instances moved: 0 (out of 0 movable physical-only)
Total net bbox length = 4.391e+05 (2.157e+05 2.234e+05) (ext = 1.626e+03)
Runtime: CPU: 0:00:00.3 REAL: 0:00:00.0 MEM: 3130.8MB
*** Finished place_detail (0:04:26 mem=3130.8M) ***
*** maximum move = 8.74 um ***
*** Finished re-routing un-routed nets (3126.3M) ***

*** Finish Physical Update (cpu=0:00:00.7 real=0:00:00.0 mem=3126.3M) ***
(I,S,L,T): tt_v1.8_25C_Nominal_25_func: 7.96867, 4.08616, 0.00536605, 12.0602
(I,S,L) ClockInsts: tt_v1.8_25C_Nominal_25_func: 0.47425, 1.9428, 4.5854e-05
*** AreaOpt #3 [finish] (clock_opt_design #1) : cpu/real = 0:00:07.7/0:00:07.7 (1.0), totSession cpu/real = 0:04:25.9/0:05:22.0 (0.8), mem = 3126.3M
End: Area Reclaim Optimization (cpu=0:00:08, real=0:00:08, mem=3121.46M, totSessionCpu=0:04:26).
**opt_design ... cpu = 0:01:09, real = 0:01:52, mem = 3125.4M, totSessionCpu=0:04:26 **

OptSummary:

------------------------------------------------------------------
        Before Power Reclaim
------------------------------------------------------------------

Setup views included:
 tt_v1.8_25C_Nominal_25_func 

+--------------------+---------+---------+---------+
|     Setup mode     |   all   | reg2reg | default |
+--------------------+---------+---------+---------+
|           WNS (ns):|  0.223  |  0.223  |  6.567  |
|           TNS (ns):|  0.000  |  0.000  |  0.000  |
|    Violating Paths:|    0    |    0    |    0    |
|          All Paths:|  1510   |  1508   |  1456   |
+--------------------+---------+---------+---------+

+----------------+-------------------------------+------------------+
|                |              Real             |       Total      |
|    DRVs        +------------------+------------+------------------|
|                |  Nr nets(terms)  | Worst Vio  |  Nr nets(terms)  |
+----------------+------------------+------------+------------------+
|   max_cap      |      0 (0)       |   0.000    |      0 (0)       |
|   max_tran     |      8 (10)      |   -0.290   |     18 (20)      |
|   max_fanout   |      0 (0)       |     0      |      0 (0)       |
|   max_length   |      0 (0)       |     0      |      0 (0)       |
+----------------+------------------+------------+------------------+

Density: 40.004%
Routing Overflow: 2.98% H and 0.38% V
------------------------------------------------------------------
GigaOpt Checkpoint: Internal reclaim -useCPE -maxLocalDensity 0.98 -numThreads 1 -noDelbuf -noDeclone -aggressivePowerReclaim -forceNonLefsafeRecovery -skipLegalCheckForLefsafeSwaps -combineAggressive -skipLowEffort -noRecovery -postCTS -leakage -dynamic -total_power -aggrMinBoundValPostCts 0.05 -nativePathGroupFlow -noRouting
Info: 42 nets with fixed/cover wires excluded.
Info: 42 clock nets excluded from IPO operation.

Begin: Power Optimization
env CDS_WORKAREA is set to /nethome/dkhalil8/InnovateECE/PhysicalDesign/RTL2GDS/design

Power Net Detected:
        Voltage	    Name
             0V	    VSS
           1.8V	    VDD
             0V	    VSS
           1.8V	    VDD
Using Power View tt_v1.8_25C_Nominal_25_func
.

Begin Power Analysis

             0V	    VSS
           1.8V	    VDD

Begin Processing Timing Library for Power Calculation

Ended Processing Timing Library for Power Calculation: (cpu=0:00:00, real=0:00:00, mem(process/total/peak)=3127.75MB/6224.01MB/3210.81MB)



Begin Processing Power Net/Grid for Power Calculation

Ended Processing Power Net/Grid for Power Calculation: (cpu=0:00:00, real=0:00:00, mem(process/total/peak)=3127.75MB/6224.01MB/3210.81MB)

Begin Processing Timing Window Data for Power Calculation

core_clock(100MHz) CK: assigning clock core_clock to net clock
Ended Processing Timing Window Data for Power Calculation: (cpu=0:00:00, real=0:00:00, mem(process/total/peak)=3127.87MB/6224.01MB/3210.81MB)

Begin Processing User Attributes

Ended Processing User Attributes: (cpu=0:00:00, real=0:00:00, mem(process/total/peak)=3127.87MB/6224.01MB/3210.81MB)

Begin Processing Signal Activity


Starting Levelizing
2026-Mar-23 22:27:10 (2026-Mar-24 02:27:10 GMT)
2026-Mar-23 22:27:10 (2026-Mar-24 02:27:10 GMT): 10%
2026-Mar-23 22:27:10 (2026-Mar-24 02:27:10 GMT): 20%
2026-Mar-23 22:27:10 (2026-Mar-24 02:27:10 GMT): 30%
2026-Mar-23 22:27:10 (2026-Mar-24 02:27:10 GMT): 40%
2026-Mar-23 22:27:10 (2026-Mar-24 02:27:10 GMT): 50%
2026-Mar-23 22:27:10 (2026-Mar-24 02:27:10 GMT): 60%
2026-Mar-23 22:27:10 (2026-Mar-24 02:27:10 GMT): 70%
2026-Mar-23 22:27:10 (2026-Mar-24 02:27:10 GMT): 80%
2026-Mar-23 22:27:10 (2026-Mar-24 02:27:10 GMT): 90%

Finished Levelizing
2026-Mar-23 22:27:10 (2026-Mar-24 02:27:10 GMT)

Starting Activity Propagation
2026-Mar-23 22:27:10 (2026-Mar-24 02:27:10 GMT)
2026-Mar-23 22:27:10 (2026-Mar-24 02:27:10 GMT): 10%
2026-Mar-23 22:27:10 (2026-Mar-24 02:27:10 GMT): 20%

Finished Activity Propagation
2026-Mar-23 22:27:10 (2026-Mar-24 02:27:10 GMT)
Ended Processing Signal Activity: (cpu=0:00:00, real=0:00:00, mem(process/total/peak)=3128.21MB/6224.01MB/3210.81MB)

Begin Power Computation

      ----------------------------------------------------------
      # of cell(s) missing both power/leakage table: 0
      # of cell(s) missing power table: 0
      # of cell(s) missing leakage table: 0
      ----------------------------------------------------------



Starting Calculating power
2026-Mar-23 22:27:10 (2026-Mar-24 02:27:10 GMT)
 ... Calculating switching power
2026-Mar-23 22:27:10 (2026-Mar-24 02:27:10 GMT): 10%
2026-Mar-23 22:27:10 (2026-Mar-24 02:27:10 GMT): 20%
2026-Mar-23 22:27:10 (2026-Mar-24 02:27:10 GMT): 30%
2026-Mar-23 22:27:10 (2026-Mar-24 02:27:10 GMT): 40%
2026-Mar-23 22:27:10 (2026-Mar-24 02:27:10 GMT): 50%
 ... Calculating internal and leakage power
2026-Mar-23 22:27:10 (2026-Mar-24 02:27:10 GMT): 60%
2026-Mar-23 22:27:10 (2026-Mar-24 02:27:10 GMT): 70%
2026-Mar-23 22:27:11 (2026-Mar-24 02:27:11 GMT): 80%
2026-Mar-23 22:27:11 (2026-Mar-24 02:27:11 GMT): 90%

Finished Calculating power
2026-Mar-23 22:27:11 (2026-Mar-24 02:27:11 GMT)
      # of MSMV cell(s) missing power_level: 0
Ended Power Computation: (cpu=0:00:00, real=0:00:01, mem(process/total/peak)=3128.63MB/6224.01MB/3210.81MB)

Begin Processing User Attributes

Begin Processing set_power
Ended Processing set_power: (cpu=0:00:00, real=0:00:00,
mem(process/total/peak)=3128.63MB/6224.01MB/3210.81MB)
Ended Processing User Attributes: (cpu=0:00:00, real=0:00:00, mem(process/total/peak)=3128.63MB/6224.01MB/3210.81MB)

Ended Power Analysis: (cpu=0:00:01, real=0:00:01, mem(process/total/peak)=3128.63MB/6224.01MB/3210.81MB)

Begin Boundary Leakage Calculation
Ended Boundary Leakage Calculation: (cpu=0:00:00, real=0:00:00,
mem(process/total/peak)=3128.75MB/6224.01MB/3210.81MB)
Begin Static Power Report Generation
*----------------------------------------------------------------------------------------
*	Innovus 25.11-s102_1 (64bit) 08/27/2025 13:03 (Linux 4.18.0-305.el8.x86_64)
*	
*
* 	Date & Time:	2026-Mar-23 22:27:11 (2026-Mar-24 02:27:11 GMT)
*
*----------------------------------------------------------------------------------------
*
*	Design: Core
*
*	Parasitic Files used:
*
*       Dynamic View: tt_v1.8_25C_Nominal_25_func
*
*       Leakage View: tt_v1.8_25C_Nominal_25_func
*
*       User-Defined Activity : N.A.
*
*       Activity File: N.A.
*
*       Hierarchical Global Activity: N.A.
*
*       Global Activity: N.A.
*
*       Sequential Element Activity: 0.200000
*
*       Primary Input Activity: 0.200000
*
*       Default icg ratio: N.A.
*
*       Global Comb ClockGate Ratio: N.A.
*
*	Power Units = 1mW
*
*	Time Units = 1e-09 secs
*
*       report_power
*
-----------------------------------------------------------------------------------------
*



Total Power
-----------------------------------------------------------------------------------------
Total Internal Power:       19.66165400 	   76.3613%
Total Switching Power:       6.04555234 	   23.4795%
Total Leakage Power:         0.04098939 	    0.1592%
Total Power:                25.74819573
-----------------------------------------------------------------------------------------


Group                           Internal   Switching     Leakage       Total  Percentage 
                                Power      Power         Power         Power  (%)        
-----------------------------------------------------------------------------------------
Sequential                         6.852      0.6148    0.002924        7.47       29.01
Macro                              11.05     0.01659     0.03545        11.1       43.11
IO                                     0           0           0           0           0
Combinational                      1.291       3.471    0.002567       4.764        18.5
Clock (Combinational)             0.4721       1.943   4.585e-05       2.415       9.379
Clock (Sequential)                     0           0           0           0           0
-----------------------------------------------------------------------------------------
Total                              19.66       6.046     0.04099       25.75         100
-----------------------------------------------------------------------------------------


Rail                  Voltage   Internal   Switching     Leakage       Total  Percentage 
                                Power      Power         Power         Power  (%)        
-----------------------------------------------------------------------------------------
VDD                       1.8      19.66       6.046     0.04099       25.75         100


Clock                           Internal   Switching     Leakage       Total  Percentage 
                                Power      Power         Power         Power  (%)        
-----------------------------------------------------------------------------------------
core_clock                        0.4721       1.943   4.585e-05       2.415       9.379
-----------------------------------------------------------------------------------------
Total                             0.4721       1.943   4.585e-05       2.415       9.379
-----------------------------------------------------------------------------------------
Clock: core_clock
Clock Period: 0.010000 usec 
Clock Toggle Rate:   200.0000 Mhz 
Clock Static Probability:  0.5000
  
 
 
-----------------------------------------------------------------------------------------
*	Power Distribution Summary: 
*              Highest Average Power:      MainMemory_data_sram (sky130_sram_2kbyte_1rw1r_32x512_8):            5.552
*              Highest Leakage Power: InstructionFetch_Module_InstructionMemory_instr_sram (sky130_sram_2kbyte_1rw1r_32x512_8):          0.01773
*                Total Cap:      1.70985e-10 F
*                Total instances in design:  8229
*                Total instances in design with no power:     0
*                Total instances in design with no activty:     0

*                Total Fillers and Decap:     0
-----------------------------------------------------------------------------------------
 
** INFO:  (VOLTUS_POWR-3465): There are 0 decaps and 0 fillers in the design

Ended Static Power Report Generation: (cpu=0:00:00, real=0:00:00,
mem(process/total/peak)=3131.13MB/6224.01MB/3210.81MB)

OptDebug: Start of Power Reclaim:
+----------+-----+-----+
|Path Group|  WNS|  TNS|
+----------+-----+-----+
|default   |6.567|0.000|
|reg2reg   |0.223|0.000|
|HEPG      |0.223|0.000|
|All Paths |0.223|0.000|
+----------+-----+-----+

Begin: Core Power Optimization
#InfoCS: Num dontuse cells 1, Num usable cells 118, Num real usable cells 117
*** PowerOpt #1 [begin] (clock_opt_design #1) : totSession cpu/real = 0:04:28.9/0:05:25.1 (0.8), mem = 3126.5M
(I,S,L,T): tt_v1.8_25C_Nominal_25_func: 7.96867, 4.08616, 0.00536605, 12.0602
(I,S,L) ClockInsts: tt_v1.8_25C_Nominal_25_func: 0.47425, 1.9428, 4.5854e-05
** INFO: The user may notice some TNS degradation **
+---------+---------+--------+--------+------------+--------+
| Density | Commits |  WNS   |  TNS   |    Real    |  Mem   |
+---------+---------+--------+--------+------------+--------+
|   40.10%|        -|   0.100|   0.000|   0:00:00.0| 3126.5M|
|   40.10%|       42|   0.100|   0.000|   0:00:02.0| 3132.3M|
+---------+---------+--------+--------+------------+--------+
Reclaim Optimization End WNS Slack 0.100  TNS Slack 0.000 Density 40.10
Bottom Preferred Layer:
+-------------+------------+----------+
|    Layer    |    CLK     |   Rule   |
+-------------+------------+----------+
| met3 (z=3)  |         42 | default  |
+-------------+------------+----------+
Via Pillar Rule:
    None

Number of insts committed for which the initial cell was dont use = 0

Number of times islegalLocAvaiable called = 0 skipped = 0, called in commitmove = 0, skipped in commitmove = 0
Info : Out of 20 seq cells, 0 cells are internal dont use, and 1 cells are db dont use.
End: Core Power Optimization (cpu = 0:00:02.0) (real = 0:00:02.0) **
(I,S,L,T): tt_v1.8_25C_Nominal_25_func: 7.96794, 4.08467, 0.00536383, 12.058
(I,S,L) ClockInsts: tt_v1.8_25C_Nominal_25_func: 0.47425, 1.9428, 4.5854e-05
*** PowerOpt #1 [finish] (clock_opt_design #1) : cpu/real = 0:00:02.1/0:00:02.1 (1.0), totSession cpu/real = 0:04:31.0/0:05:27.2 (0.8), mem = 3132.4M
OptDebug: End of Power Reclaim:
+----------+-----+-----+
|Path Group|  WNS|  TNS|
+----------+-----+-----+
|default   |6.567|0.000|
|reg2reg   |0.223|0.000|
|HEPG      |0.223|0.000|
|All Paths |0.223|0.000|
+----------+-----+-----+

End: Power Optimization (cpu=0:00:02, real=0:00:02, mem=3127.34M, totSessionCpu=0:04:31).
Storing power gain ratio parameter in DB at postCts power optimization stage 0
**opt_design ... cpu = 0:01:14, real = 0:01:57, mem = 3127.3M, totSessionCpu=0:04:31 **
*** LocalWireReclaim #1 [begin] (clock_opt_design #1) : totSession cpu/real = 0:04:31.3/0:05:27.6 (0.8), mem = 3127.3M
Starting local wire reclaim
*** Starting place_detail (0:04:31 mem=3127.3M) ***
*** Finished SKP initialization (cpu=0:00:00.6, real=0:00:01.0)***
Timing cost in AAE based: 640.7224187670794890
Call icdpEval cleanup ...
Move report: Detail placement moved 3694 insts, mean move: 8.24 um, max move: 82.80 um 
	Max move on inst (cts_FE_OFC143_n_3205): (356.96, 501.86) --> (274.16, 501.86)
	Runtime: CPU: 0:00:19.8 REAL: 0:00:20.0 MEM: 3167.4MB
Summary Report:
Instances moved: 3694 (out of 8186 movable)
Instances flipped: 14
Mean displacement: 8.24 um
Max displacement: 82.80 um (Instance: cts_FE_OFC143_n_3205) (356.96, 501.86) -> (274.16, 501.86)
	Length: 3 sites, height: 1 rows, site name: CoreSite, cell type: CLKINVX2
Physical-only instances moved: 0 (out of 0 movable physical-only)
Runtime: CPU: 0:00:19.9 REAL: 0:00:20.0 MEM: 3167.4MB
*** Finished place_detail (0:04:51 mem=3167.4M) ***
*** LocalWireReclaim #1 [finish] (clock_opt_design #1) : cpu/real = 0:00:20.0/0:00:20.0 (1.0), totSession cpu/real = 0:04:51.3/0:05:47.6 (0.8), mem = 3130.3M
eGR doReRoute: optGuide
**WARN: (IMPPTN-1250):	Pin placement has been enabled on metal layer 1.
Type 'man IMPPTN-1250' for more detail.
[NR-eGR] Early global route reroute all routable nets
[NR-eGR] Track table information for default rule: 
[NR-eGR] met1 has single uniform track structure
[NR-eGR] met2 has single uniform track structure
[NR-eGR] met3 has single uniform track structure
[NR-eGR] met4 has single uniform track structure
[NR-eGR] met5 has single uniform track structure
[NR-eGR] Read 14141 PG shapes
[NR-eGR] Read 0 clock shapes
[NR-eGR] Read 0 other shapes
[NR-eGR] #Routing Blockages  : 8
[NR-eGR] #Bump Blockages     : 0
[NR-eGR] #Instance Blockages : 105225
[NR-eGR] #PG Blockages       : 14141
[NR-eGR] #Halo Blockages     : 0
[NR-eGR] #Boundary Blockages : 0
[NR-eGR] #Clock Blockages    : 0
[NR-eGR] #Other Blockages    : 0
[NR-eGR] #prerouted nets         : 42
[NR-eGR] #prerouted special nets : 0
[NR-eGR] #prerouted wires        : 6439
[NR-eGR] Read 8345 nets ( ignored 42 )
[NR-eGR] Handle net priority by net group ordering
[NR-eGR] == Routing rule table ==
[NR-eGR]  ID  Name       #Nets 
[NR-eGR] ----------------------
[NR-eGR]   0  (Default)   8303 
[NR-eGR] Layer group 1: route 8303 net(s) in layer range [1, 5]
[NR-eGR] Early Global Route overflow of layer group 1: 1.99% H + 0.48% V. EstWL: 4.767583e+05um
[NR-eGR] Congestion Analysis By layer: (blocked Gcells are excluded) 
[NR-eGR]                        OverCon           OverCon           OverCon            
[NR-eGR]                         #Gcell            #Gcell            #Gcell     %Gcell
[NR-eGR]        Layer             (1-4)             (5-8)            (9-11)    OverCon
[NR-eGR] --------------------------------------------------------------------------------
[NR-eGR]    met1 ( 1)       185( 1.07%)         0( 0.00%)         0( 0.00%)   ( 1.07%) 
[NR-eGR]    met2 ( 2)       142( 0.56%)         0( 0.00%)         0( 0.00%)   ( 0.56%) 
[NR-eGR]    met3 ( 3)      2973(11.68%)       115( 0.45%)         2( 0.01%)   (12.13%) 
[NR-eGR]    met4 ( 4)       201( 0.81%)         1( 0.00%)         0( 0.00%)   ( 0.82%) 
[NR-eGR]    met5 ( 5)       200( 0.50%)         0( 0.00%)         0( 0.00%)   ( 0.50%) 
[NR-eGR] --------------------------------------------------------------------------------
[NR-eGR]        Total      3701( 2.79%)       116( 0.09%)         2( 0.00%)   ( 2.88%) 
[NR-eGR] 
[NR-eGR] Overflow after Early Global Route 2.54% H + 0.40% V
[NR-eGR] Connected 0 must-join pins/ports (post-process)
[NR-eGR] Total eGR-routed clock nets wire length: 0um, number of vias: 0
[NR-eGR] --------------------------------------------------------------------------
[NR-eGR]               Length (um)   Vias 
[NR-eGR] ---------------------------------
[NR-eGR]  met1  (1H)         31407  29873 
[NR-eGR]  met2  (2V)        184429  18118 
[NR-eGR]  met3  (3H)        204015   2794 
[NR-eGR]  met4  (4V)         70001    703 
[NR-eGR]  met5  (5H)         17503      0 
[NR-eGR] ---------------------------------
[NR-eGR]        Total       507355  51488 
[NR-eGR] --------------------------------------------------------------------------
[NR-eGR] Total half perimeter of net bounding box: 430198um
[NR-eGR] Total length: 507355um, number of vias: 51488
[NR-eGR] --------------------------------------------------------------------------
[NR-eGR] Finished Early Global Route kernel ( CPU: 0.97 sec, Real: 1.03 sec, Curr Mem: 2.82 MB )
[NR-eGR] Finished Early Global Route ( CPU: 0.98 sec, Real: 1.04 sec, Curr Mem: 2.80 MB )
Extraction called for design 'Core' of instances=8229 and nets=9940 using extraction engine 'pre_route' .
pre_route RC Extraction called for design Core.
RC Extraction called in multi-corner(1) mode.
RCMode: PreRoute
      RC Corner Indexes            0   
Capacitance Scaling Factor   : 1.00000 
Resistance Scaling Factor    : 1.00000 
Clock Cap. Scaling Factor    : 1.00000 
Clock Res. Scaling Factor    : 1.00000 
Shrink Factor                : 1.00000
PreRoute extraction is honoring NDR/Shielding/ExtraSpace for clock nets.
Using Quantus QRC technology file ...
Updating RC Grid density data for preRoute extraction ...
Initializing multi-corner resistance tables ...
PreRoute RC Extraction DONE (CPU Time: 0:00:00.2  Real Time: 0:00:00.0  MEM: 3068.172M)
Compute RC Scale Done ...
[hotspot] +------------+---------------+---------------+
[hotspot] |            |   max hotspot | total hotspot |
[hotspot] +------------+---------------+---------------+
[hotspot] | normalized |         29.89 |         89.00 |
[hotspot] +------------+---------------+---------------+
Local HotSpot Analysis: normalized max congestion hotspot area = 29.89, normalized total congestion hotspot area = 89.00 (area is in unit of 4 std-cell row bins)
[hotspot] top 5 congestion hotspot bounding boxes and scores of normalized hotspot
[hotspot] +-----+-------------------------------------+---------------+-------------------------------+
[hotspot] | top |            hotspot bbox             | hotspot score |           module              |
[hotspot] +-----+-------------------------------------+---------------+-------------------------------+
[hotspot] |  1  |   414.92   961.40   630.20  1027.64 |       31.22   |             NA                |
[hotspot] +-----+-------------------------------------+---------------+-------------------------------+
[hotspot] |  2  |    34.04   448.04   116.84   514.28 |       11.67   |             NA                |
[hotspot] +-----+-------------------------------------+---------------+-------------------------------+
[hotspot] |  3  |   713.00   464.60   779.24   514.28 |        9.22   |             NA                |
[hotspot] +-----+-------------------------------------+---------------+-------------------------------+
[hotspot] |  4  |   199.64   464.60   249.32   514.28 |        5.33   |             NA                |
[hotspot] +-----+-------------------------------------+---------------+-------------------------------+
[hotspot] |  5  |   630.20   464.60   663.32   514.28 |        4.67   |             NA                |
[hotspot] +-----+-------------------------------------+---------------+-------------------------------+
GigaOpt Checkpoint: Internal congRefineRouteType -postCTS -resetVeryShortNets -rescheduleForAdherence  
Begin: GigaOpt Route Type Constraints Refinement
*** CongRefineRouteType #2 [begin] (clock_opt_design #1) : totSession cpu/real = 0:04:53.4/0:05:49.8 (0.8), mem = 3068.6M
Updated routing constraints on 0 nets.
Bottom Preferred Layer:
+-------------+------------+----------+
|    Layer    |    CLK     |   Rule   |
+-------------+------------+----------+
| met3 (z=3)  |         42 | default  |
+-------------+------------+----------+
Via Pillar Rule:
    None
*** CongRefineRouteType #2 [finish] (clock_opt_design #1) : cpu/real = 0:00:00.1/0:00:00.1 (1.0), totSession cpu/real = 0:04:53.5/0:05:49.8 (0.8), mem = 3068.6M
End: GigaOpt Route Type Constraints Refinement
skip EGR on cluster skew clock nets.
AAE_INFO: opIsDesignInPostRouteState() is 0
#################################################################################
# Design Stage: PreRoute
# Design Name: Core
# Design Mode: 130nm
# Analysis Mode: MMMC OCV 
# Parasitics Mode: No SPEF/RCDB 
# Signoff Settings: SI Off 
#################################################################################
Start delay calculation (fullDC) (1 T). (MEM=3096.7)
Total number of fetched objects 9872
AAE_INFO: Total number of nets for which stage creation was skipped for all views 0
End delay calculation. (MEM=3131.51 CPU=0:00:01.8 REAL=0:00:01.0)
End delay calculation (fullDC). (MEM=3131.51 CPU=0:00:02.1 REAL=0:00:02.0)
OPT: Doing preprocessing before recovery...
OptDebug: Start of preprocessForPowerRecovery:
+----------+------+------+
|Path Group|   WNS|   TNS|
+----------+------+------+
|default   | 6.452| 0.000|
|reg2reg   |-0.075|-0.075|
|HEPG      |-0.075|-0.075|
|All Paths |-0.075|-0.075|
+----------+------+------+

*** Timing NOT met, worst failing slack is -0.075
*** Check timing (0:00:00.0)
OptDebug: End of preprocessForPowerRecovery:
+----------+------+------+
|Path Group|   WNS|   TNS|
+----------+------+------+
|default   | 6.452| 0.000|
|reg2reg   |-0.075|-0.075|
|HEPG      |-0.075|-0.075|
|All Paths |-0.075|-0.075|
+----------+------+------+

-opt_exp_set_preroute_early_power_reclaim_recovery_split_flow false
                                           # bool, default=false, private
Begin: GigaOpt postEco DRV Optimization
GigaOpt Checkpoint: Internal optDRV -inPostEcoStage -smallScaleFixing -maxIter 3 -max_tran -max_cap -maxLocalDensity 0.98 -numThreads 1 -preRouteDontEndWithRefinePlaceIncrSteinerRouteDC -setupTNSCostFactor 1.0 -postCTS
*** DrvOpt #4 [begin] (clock_opt_design #1) : totSession cpu/real = 0:04:57.8/0:05:54.3 (0.8), mem = 3103.8M
Info: 42 nets with fixed/cover wires excluded.
Info: 42 clock nets excluded from IPO operation.
(I,S,L,T): tt_v1.8_25C_Nominal_25_func: 7.96752, 4.00038, 0.00536383, 11.9733
(I,S,L) ClockInsts: tt_v1.8_25C_Nominal_25_func: 0.474217, 1.94096, 4.5854e-05
	CornerforLayerOpt timing analysis view tt_v1.8_25C_Nominal_25_func has been selected for calibration 
	CornerforLayerOpt timing analysis view tt_v1.8_25C_Nominal_25_func has been selected for calibration 
	CornerforLayerOpt timing analysis view tt_v1.8_25C_Nominal_25_func has been selected for calibration 
	CornerforLayerOpt timing analysis view tt_v1.8_25C_Nominal_25_func has been selected for calibration 
#InfoCS: Num dontuse cells 1, Num usable cells 118, Num real usable cells 117
+-------------------------------------------------------------------------------------------------------------------------------------------------------+
|        max-tran       |        max-cap        |  max-fanout |  max-length |       setup       |        |        |        |       |          |         |
+-------------------------------------------------------------------------------------------------------------------------------------------------------+
| nets | terms|  wViol  | nets | terms|  wViol  | nets | terms| nets | terms|   WNS   |   TNS   |  #Buf  |  #Inv  | #Resize|Density|   Real   |   Mem   |
+-------------------------------------------------------------------------------------------------------------------------------------------------------+
|    47|    85|    -0.39|    39|    39|    -0.01|     0|     0|     0|     0|    -0.08|    -0.08|       0|       0|       0| 40.10%|          |         |
|    22|    22|    -0.01|     1|     1|    -0.01|     0|     0|     0|     0|     0.26|     0.00|      51|      10|      43| 40.26%| 0:00:01.0|  3132.6M|
|     3|     3|    -0.01|     0|     0|     0.00|     0|     0|     0|     0|     0.26|     0.00|       1|       2|      23| 40.40%| 0:00:01.0|  3132.8M|
|     0|     0|     0.00|     0|     0|     0.00|     0|     0|     0|     0|     0.26|     0.00|       2|       0|       1| 40.42%| 0:00:00.0|  3132.8M|
+-------------------------------------------------------------------------------------------------------------------------------------------------------+
Bottom Preferred Layer:
+-------------+------------+----------+
|    Layer    |    CLK     |   Rule   |
+-------------+------------+----------+
| met3 (z=3)  |         42 | default  |
+-------------+------------+----------+
Via Pillar Rule:
    None

*** Finish DRV Fixing (cpu=0:00:01.5 real=0:00:02.0 mem=3132.8M) ***

(I,S,L,T): tt_v1.8_25C_Nominal_25_func: 8.00978, 4.02164, 0.00541516, 12.0368
(I,S,L) ClockInsts: tt_v1.8_25C_Nominal_25_func: 0.474217, 1.94096, 4.5854e-05
*** DrvOpt #4 [finish] (clock_opt_design #1) : cpu/real = 0:00:02.9/0:00:03.0 (1.0), totSession cpu/real = 0:05:00.8/0:05:57.2 (0.8), mem = 3114.3M
End: GigaOpt postEco DRV Optimization
**INFO: Triggering refine place with 0 non-legal commits and 17 dirty legal commits
Running refinePlace -preserveRouting true -hardFence false
*** Starting place_detail (0:05:01 mem=3113.4M) ***

Starting Small incrNP...
Density distribution unevenness ratio = 28.149%
Skipped incrNP (cpu=0:00:00.0, real=0:00:00.0, mem=3113.7M)
End of Small incrNP (cpu=0:00:00.0, real=0:00:00.0)
Move report: Detail placement moved 116 insts, mean move: 2.86 um, max move: 12.42 um 
	Max move on inst (cts_FE_OFC458_n): (676.66, 46.46) --> (672.52, 38.18)
	Runtime: CPU: 0:00:00.4 REAL: 0:00:01.0 MEM: 3126.8MB
Summary Report:
Instances moved: 116 (out of 8252 movable)
Instances flipped: 0
Mean displacement: 2.86 um
Max displacement: 12.42 um (Instance: cts_FE_OFC458_n) (676.66, 46.46) -> (672.52, 38.18)
	Length: 20 sites, height: 1 rows, site name: CoreSite, cell type: BUFX16
Physical-only instances moved: 0 (out of 0 movable physical-only)
Runtime: CPU: 0:00:00.5 REAL: 0:00:01.0 MEM: 3126.8MB
*** Finished place_detail (0:05:02 mem=3126.8M) ***
Design TNS changes after trial route: 0.200 -> 0.200
GigaOpt: Skipping post-eco QFTNS optimization
GigaOpt: WNS changes after postEco optimization: 0.200 -> 0.200 (bump = 0.0)
GigaOpt: Skipping nonLegal postEco optimization
Design TNS changes after trial route: 0.200 -> 0.200
GigaOpt: Skipping post-eco TNS optimization
Adjusting target slack by 0.0 ns for power optimization
**opt_design ... cpu = 0:01:44, real = 0:02:28, mem = 3118.7M, totSessionCpu=0:05:02 **

OptSummary:

------------------------------------------------------------------
        Before Power Reclaim
------------------------------------------------------------------

Setup views included:
 tt_v1.8_25C_Nominal_25_func 

+--------------------+---------+---------+---------+
|     Setup mode     |   all   | reg2reg | default |
+--------------------+---------+---------+---------+
|           WNS (ns):|  0.260  |  0.260  |  6.621  |
|           TNS (ns):|  0.000  |  0.000  |  0.000  |
|    Violating Paths:|    0    |    0    |    0    |
|          All Paths:|  1510   |  1508   |  1456   |
+--------------------+---------+---------+---------+

+----------------+-------------------------------+------------------+
|                |              Real             |       Total      |
|    DRVs        +------------------+------------+------------------|
|                |  Nr nets(terms)  | Worst Vio  |  Nr nets(terms)  |
+----------------+------------------+------------+------------------+
|   max_cap      |      0 (0)       |   0.000    |      0 (0)       |
|   max_tran     |      0 (0)       |   0.000    |      0 (0)       |
|   max_fanout   |      0 (0)       |     0      |      0 (0)       |
|   max_length   |      0 (0)       |     0      |      0 (0)       |
+----------------+------------------+------------+------------------+

Density: 40.325%
Routing Overflow: 2.54% H and 0.40% V
------------------------------------------------------------------
GigaOpt Checkpoint: Internal reclaim -useCPE -maxLocalDensity 0.98 -numThreads 1 -total_power -noUpsize -noDelbuf -noDeclone -useCPE -downsize -samesize -forceNonLefsafeRecovery -noViewPrune -keepTimingUpdate -postCTS -leakage -dynamic -total_power -aggrMinBoundValPostCts 0.05 -nativePathGroupFlow -noRouting
Info: 42 nets with fixed/cover wires excluded.
Info: 42 clock nets excluded from IPO operation.

Begin: Power Optimization
core_clock(100MHz) CK: assigning clock core_clock to net clock

Starting Levelizing
2026-Mar-23 22:27:46 (2026-Mar-24 02:27:46 GMT)
2026-Mar-23 22:27:46 (2026-Mar-24 02:27:46 GMT): 10%
2026-Mar-23 22:27:46 (2026-Mar-24 02:27:46 GMT): 20%
2026-Mar-23 22:27:46 (2026-Mar-24 02:27:46 GMT): 30%
2026-Mar-23 22:27:46 (2026-Mar-24 02:27:46 GMT): 40%
2026-Mar-23 22:27:46 (2026-Mar-24 02:27:46 GMT): 50%
2026-Mar-23 22:27:46 (2026-Mar-24 02:27:46 GMT): 60%
2026-Mar-23 22:27:46 (2026-Mar-24 02:27:46 GMT): 70%
2026-Mar-23 22:27:46 (2026-Mar-24 02:27:46 GMT): 80%
2026-Mar-23 22:27:46 (2026-Mar-24 02:27:46 GMT): 90%

Finished Levelizing
2026-Mar-23 22:27:46 (2026-Mar-24 02:27:46 GMT)

Starting Activity Propagation
2026-Mar-23 22:27:46 (2026-Mar-24 02:27:46 GMT)
2026-Mar-23 22:27:46 (2026-Mar-24 02:27:46 GMT): 10%
2026-Mar-23 22:27:46 (2026-Mar-24 02:27:46 GMT): 20%

Finished Activity Propagation
2026-Mar-23 22:27:46 (2026-Mar-24 02:27:46 GMT)
OptDebug: Start of Power Reclaim:
+----------+-----+-----+
|Path Group|  WNS|  TNS|
+----------+-----+-----+
|default   |6.621|0.000|
|reg2reg   |0.260|0.000|
|HEPG      |0.260|0.000|
|All Paths |0.260|0.000|
+----------+-----+-----+

Begin: Core Power Optimization
#InfoCS: Num dontuse cells 1, Num usable cells 118, Num real usable cells 117
*** PowerOpt #2 [begin] (clock_opt_design #1) : totSession cpu/real = 0:05:03.2/0:05:59.6 (0.8), mem = 3119.3M
(I,S,L,T): tt_v1.8_25C_Nominal_25_func: 8.00978, 4.02164, 0.00541516, 12.0368
(I,S,L) ClockInsts: tt_v1.8_25C_Nominal_25_func: 0.474217, 1.94096, 4.5854e-05
Reclaim Optimization WNS Slack 0.200  TNS Slack 0.000 Density 40.42
+---------+---------+--------+--------+------------+--------+
| Density | Commits |  WNS   |  TNS   |    Real    |  Mem   |
+---------+---------+--------+--------+------------+--------+
|   40.42%|        -|   0.200|   0.000|   0:00:00.0| 3119.4M|
|   40.42%|        0|   0.200|   0.000|   0:00:00.0| 3120.7M|
|   40.41%|        6|   0.200|   0.000|   0:00:04.0| 3130.6M|
|   40.41%|        1|   0.200|   0.000|   0:00:01.0| 3130.6M|
|   40.27%|       36|   0.200|   0.000|   0:00:01.0| 3132.1M|
|   40.26%|       15|   0.200|   0.000|   0:00:01.0| 3132.3M|
+---------+---------+--------+--------+------------+--------+
Reclaim Optimization End WNS Slack 0.200  TNS Slack 0.000 Density 40.26
Bottom Preferred Layer:
+-------------+------------+----------+
|    Layer    |    CLK     |   Rule   |
+-------------+------------+----------+
| met3 (z=3)  |         42 | default  |
+-------------+------------+----------+
Via Pillar Rule:
    None

Number of insts committed for which the initial cell was dont use = 0

Number of times islegalLocAvaiable called = 0 skipped = 0, called in commitmove = 0, skipped in commitmove = 0
Info : Out of 20 seq cells, 0 cells are internal dont use, and 1 cells are db dont use.
End: Core Power Optimization (cpu = 0:00:08.2) (real = 0:00:08.0) **
(I,S,L,T): tt_v1.8_25C_Nominal_25_func: 7.97741, 4.0121, 0.00538768, 11.9949
(I,S,L) ClockInsts: tt_v1.8_25C_Nominal_25_func: 0.474217, 1.94096, 4.5854e-05
*** PowerOpt #2 [finish] (clock_opt_design #1) : cpu/real = 0:00:08.3/0:00:08.4 (1.0), totSession cpu/real = 0:05:11.5/0:06:08.0 (0.8), mem = 3132.3M
*** Starting place_detail (0:05:12 mem=3131.8M) ***
Total net bbox length = 4.311e+05 (2.112e+05 2.198e+05) (ext = 1.587e+03)
Move report: Detail placement moved 0 insts, mean move: 0.00 um, max move: 0.00 um 
	Runtime: CPU: 0:00:00.3 REAL: 0:00:00.0 MEM: 3130.9MB
Summary Report:
Instances moved: 0 (out of 8240 movable)
Instances flipped: 0
Mean displacement: 0.00 um
Max displacement: 0.00 um 
Physical-only instances moved: 0 (out of 0 movable physical-only)
Total net bbox length = 4.311e+05 (2.112e+05 2.198e+05) (ext = 1.587e+03)
Runtime: CPU: 0:00:00.3 REAL: 0:00:00.0 MEM: 3131.1MB
*** Finished place_detail (0:05:12 mem=3131.1M) ***
*** maximum move = 0.00 um ***
*** Finished re-routing un-routed nets (3130.7M) ***

*** Finish Physical Update (cpu=0:00:00.7 real=0:00:00.0 mem=3130.8M) ***
AAE_INFO: opIsDesignInPostRouteState() is 0
#################################################################################
# Design Stage: PreRoute
# Design Name: Core
# Design Mode: 130nm
# Analysis Mode: MMMC OCV 
# Parasitics Mode: No SPEF/RCDB 
# Signoff Settings: SI Off 
#################################################################################
Start delay calculation (fullDC) (1 T). (MEM=3115.07)
Total number of fetched objects 9926
AAE_INFO: Total number of nets for which stage creation was skipped for all views 0
End delay calculation. (MEM=3143.95 CPU=0:00:01.8 REAL=0:00:02.0)
End delay calculation (fullDC). (MEM=3143.95 CPU=0:00:02.1 REAL=0:00:02.0)
Running DRV recovery as an increase was found in the number of tran violations from 0 to 10.
Running DRV recovery as an increase was found in the number of cap violations from 0 to 5.
skipped the cell partition in DRV
Begin: GigaOpt postEco DRV Optimization
GigaOpt Checkpoint: Internal optDRV -inPostEcoStage -smallScaleFixing -maxIter 3 -max_tran -max_cap -maxLocalDensity 0.98 -numThreads 1 -maintainWNS -setupTNSCostFactor 1.0 -postCTS
*** DrvOpt #5 [begin] (clock_opt_design #1) : totSession cpu/real = 0:05:16.1/0:06:12.7 (0.8), mem = 3124.5M
Info: 42 nets with fixed/cover wires excluded.
Info: 42 clock nets excluded from IPO operation.
(I,S,L,T): tt_v1.8_25C_Nominal_25_func: 7.97741, 4.0121, 0.00538768, 11.9949
(I,S,L) ClockInsts: tt_v1.8_25C_Nominal_25_func: 0.474217, 1.94096, 4.5854e-05
#InfoCS: Num dontuse cells 1, Num usable cells 118, Num real usable cells 117
+-------------------------------------------------------------------------------------------------------------------------------------------------------+
|        max-tran       |        max-cap        |  max-fanout |  max-length |       setup       |        |        |        |       |          |         |
+-------------------------------------------------------------------------------------------------------------------------------------------------------+
| nets | terms|  wViol  | nets | terms|  wViol  | nets | terms| nets | terms|   WNS   |   TNS   |  #Buf  |  #Inv  | #Resize|Density|   Real   |   Mem   |
+-------------------------------------------------------------------------------------------------------------------------------------------------------+
|    10|    17|    -0.76|     5|     5|    -0.06|     0|     0|     0|     0|     0.24|     0.00|       0|       0|       0| 40.26%|          |         |
|     2|     2|    -0.00|     0|     0|     0.00|     0|     0|     0|     0|     0.24|     0.00|       4|       8|       1| 40.32%| 0:00:00.0|  3147.3M|
|     1|     1|    -0.00|     0|     0|     0.00|     0|     0|     0|     0|     0.24|     0.00|       1|       0|       0| 40.33%| 0:00:00.0|  3147.3M|
|     1|     1|    -0.00|     0|     0|     0.00|     0|     0|     0|     0|     0.24|     0.00|       0|       0|       0| 40.33%| 0:00:00.0|  3147.3M|
+-------------------------------------------------------------------------------------------------------------------------------------------------------+
Bottom Preferred Layer:
+-------------+------------+----------+
|    Layer    |    CLK     |   Rule   |
+-------------+------------+----------+
| met3 (z=3)  |         42 | default  |
+-------------+------------+----------+
Via Pillar Rule:
    None


=======================================================================
                Reasons for remaining drv violations
=======================================================================
*info: Total 1 net(s) have violations which can't be fixed by DRV optimization.

MultiBuffering failure reasons
------------------------------------------------
*info:     1 net(s): Could not be fixed because the gain is not enough.

SingleBuffering failure reasons
------------------------------------------------
*info:     1 net(s): Could not be fixed because of the buffering solution introduces DRV degradation.

Resizing failure reasons
------------------------------------------------
*info:     1 net(s): Could not be fixed because no move is found.


*** Finish DRV Fixing (cpu=0:00:00.4 real=0:00:01.0 mem=3149.3M) ***

*** Starting place_detail (0:05:18 mem=3144.0M) ***
Total net bbox length = 4.311e+05 (2.112e+05 2.198e+05) (ext = 1.587e+03)
Move report: Detail placement moved 23 insts, mean move: 3.86 um, max move: 8.28 um 
	Max move on inst (cts_FE_OFC473_n): (140.76, 506.00) --> (140.76, 497.72)
	Runtime: CPU: 0:00:00.3 REAL: 0:00:00.0 MEM: 3148.2MB
Summary Report:
Instances moved: 23 (out of 8253 movable)
Instances flipped: 0
Mean displacement: 3.86 um
Max displacement: 8.28 um (Instance: cts_FE_OFC473_n) (140.76, 506) -> (140.76, 497.72)
	Length: 20 sites, height: 1 rows, site name: CoreSite, cell type: BUFX16
Physical-only instances moved: 0 (out of 0 movable physical-only)
Total net bbox length = 4.311e+05 (2.112e+05 2.199e+05) (ext = 1.587e+03)
Runtime: CPU: 0:00:00.4 REAL: 0:00:00.0 MEM: 3148.2MB
*** Finished place_detail (0:05:18 mem=3148.2M) ***
*** maximum move = 8.28 um ***
*** Finished re-routing un-routed nets (3142.2M) ***

*** Finish Physical Update (cpu=0:00:00.7 real=0:00:01.0 mem=3142.3M) ***
(I,S,L,T): tt_v1.8_25C_Nominal_25_func: 7.98783, 4.01513, 0.00539913, 12.0084
(I,S,L) ClockInsts: tt_v1.8_25C_Nominal_25_func: 0.474217, 1.94096, 4.5854e-05
*** DrvOpt #5 [finish] (clock_opt_design #1) : cpu/real = 0:00:02.4/0:00:02.4 (1.0), totSession cpu/real = 0:05:18.5/0:06:15.1 (0.8), mem = 3142.2M
End: GigaOpt postEco DRV Optimization
Checking setup slack degradation ...
OptDebug: End of Power Reclaim:
+----------+-----+-----+
|Path Group|  WNS|  TNS|
+----------+-----+-----+
|default   |6.605|0.000|
|reg2reg   |0.239|0.000|
|HEPG      |0.239|0.000|
|All Paths |0.239|0.000|
+----------+-----+-----+

End: Power Optimization (cpu=0:00:16, real=0:00:16, mem=3121.42M, totSessionCpu=0:05:19).
Storing power gain ratio parameter in DB at postCts power optimization stage 0.00236497
**opt_design ... cpu = 0:02:01, real = 0:02:45, mem = 3121.4M, totSessionCpu=0:05:19 **
#optDebug: fT-D <X 1 0 0 0>
Register exp ratio and priority group on 0 nets on 9939 nets : 

Active setup views:
 tt_v1.8_25C_Nominal_25_func
  Dominating endpoints: 0
  Dominating TNS: -0.000

Extraction called for design 'Core' of instances=8296 and nets=10007 using extraction engine 'pre_route' .
pre_route RC Extraction called for design Core.
RC Extraction called in multi-corner(1) mode.
RCMode: PreRoute
      RC Corner Indexes            0   
Capacitance Scaling Factor   : 1.00000 
Resistance Scaling Factor    : 1.00000 
Clock Cap. Scaling Factor    : 1.00000 
Clock Res. Scaling Factor    : 1.00000 
Shrink Factor                : 1.00000
PreRoute extraction is honoring NDR/Shielding/ExtraSpace for clock nets.
Using Quantus QRC technology file ...
Grid density data update skipped
Initializing multi-corner resistance tables ...
PreRoute RC Extraction DONE (CPU Time: 0:00:00.2  Real Time: 0:00:00.0  MEM: 3069.062M)
<optDesign CMD> Restore Using all VT Cells
Starting delay calculation for Setup views
AAE_INFO: opIsDesignInPostRouteState() is 0
#################################################################################
# Design Stage: PreRoute
# Design Name: Core
# Design Mode: 130nm
# Analysis Mode: MMMC OCV 
# Parasitics Mode: No SPEF/RCDB 
# Signoff Settings: SI Off 
#################################################################################
Start delay calculation (fullDC) (1 T). (MEM=3098.12)
Total number of fetched objects 9939
AAE_INFO: Total number of nets for which stage creation was skipped for all views 0
End delay calculation. (MEM=3126.02 CPU=0:00:02.0 REAL=0:00:02.0)
End delay calculation (fullDC). (MEM=3126.02 CPU=0:00:02.4 REAL=0:00:02.0)
*** Done Building Timing Graph (cpu=0:00:03.6 real=0:00:04.0 totSessionCpu=0:05:23 mem=3126.0M)
OPTC: user 20.0 (reset)
**WARN: (IMPPTN-1250):	Pin placement has been enabled on metal layer 1.
Type 'man IMPPTN-1250' for more detail.
**WARN: (IMPPTN-1250):	Pin placement has been enabled on metal layer 1.
Type 'man IMPPTN-1250' for more detail.
[NR-eGR] Early global route reroute all routable nets
[NR-eGR] Track table information for default rule: 
[NR-eGR] met1 has single uniform track structure
[NR-eGR] met2 has single uniform track structure
[NR-eGR] met3 has single uniform track structure
[NR-eGR] met4 has single uniform track structure
[NR-eGR] met5 has single uniform track structure
[NR-eGR] Read 14141 PG shapes
[NR-eGR] Read 0 clock shapes
[NR-eGR] Read 0 other shapes
[NR-eGR] #Routing Blockages  : 8
[NR-eGR] #Bump Blockages     : 0
[NR-eGR] #Instance Blockages : 105939
[NR-eGR] #PG Blockages       : 14141
[NR-eGR] #Halo Blockages     : 0
[NR-eGR] #Boundary Blockages : 0
[NR-eGR] #Clock Blockages    : 0
[NR-eGR] #Other Blockages    : 0
[NR-eGR] #prerouted nets         : 42
[NR-eGR] #prerouted special nets : 0
[NR-eGR] #prerouted wires        : 6439
[NR-eGR] Read 8412 nets ( ignored 42 )
[NR-eGR] Handle net priority by net group ordering
[NR-eGR] == Routing rule table ==
[NR-eGR]  ID  Name       #Nets 
[NR-eGR] ----------------------
[NR-eGR]   0  (Default)   8370 
[NR-eGR] Layer group 1: route 8370 net(s) in layer range [1, 5]
[NR-eGR] Early Global Route overflow of layer group 1: 2.05% H + 0.40% V. EstWL: 4.774041e+05um
[NR-eGR] Congestion Analysis By layer: (blocked Gcells are excluded) 
[NR-eGR]                        OverCon           OverCon           OverCon            
[NR-eGR]                         #Gcell            #Gcell            #Gcell     %Gcell
[NR-eGR]        Layer             (1-4)             (5-8)               (9)    OverCon
[NR-eGR] --------------------------------------------------------------------------------
[NR-eGR]    met1 ( 1)       196( 1.13%)         0( 0.00%)         0( 0.00%)   ( 1.13%) 
[NR-eGR]    met2 ( 2)       101( 0.40%)         0( 0.00%)         0( 0.00%)   ( 0.40%) 
[NR-eGR]    met3 ( 3)      3022(11.87%)       144( 0.57%)         5( 0.02%)   (12.45%) 
[NR-eGR]    met4 ( 4)       206( 0.83%)         1( 0.00%)         0( 0.00%)   ( 0.84%) 
[NR-eGR]    met5 ( 5)       213( 0.54%)         0( 0.00%)         0( 0.00%)   ( 0.54%) 
[NR-eGR] --------------------------------------------------------------------------------
[NR-eGR]        Total      3738( 2.82%)       145( 0.11%)         5( 0.00%)   ( 2.93%) 
[NR-eGR] 
[NR-eGR] Overflow after Early Global Route 2.64% H + 0.30% V
[NR-eGR] Finished Early Global Route kernel ( CPU: 0.83 sec, Real: 0.88 sec, Curr Mem: 2.86 MB )
[NR-eGR] Finished Early Global Route ( CPU: 0.84 sec, Real: 0.89 sec, Curr Mem: 2.83 MB )
[hotspot] +------------+---------------+---------------+
[hotspot] |            |   max hotspot | total hotspot |
[hotspot] +------------+---------------+---------------+
[hotspot] | normalized |         26.67 |         99.78 |
[hotspot] +------------+---------------+---------------+
Local HotSpot Analysis: normalized max congestion hotspot area = 26.67, normalized total congestion hotspot area = 99.78 (area is in unit of 4 std-cell row bins)
[hotspot] top 5 congestion hotspot bounding boxes and scores of normalized hotspot
[hotspot] +-----+-------------------------------------+---------------+-------------------------------+
[hotspot] | top |            hotspot bbox             | hotspot score |           module              |
[hotspot] +-----+-------------------------------------+---------------+-------------------------------+
[hotspot] |  1  |   431.48   961.40   630.20  1027.64 |       27.67   |             NA                |
[hotspot] +-----+-------------------------------------+---------------+-------------------------------+
[hotspot] |  2  |    34.04   448.04   116.84   514.28 |       11.67   |             NA                |
[hotspot] +-----+-------------------------------------+---------------+-------------------------------+
[hotspot] |  3  |   563.96   928.28   646.76   977.96 |        9.78   |             NA                |
[hotspot] +-----+-------------------------------------+---------------+-------------------------------+
[hotspot] |  4  |   696.44   464.60   762.68   514.28 |        8.78   |             NA                |
[hotspot] +-----+-------------------------------------+---------------+-------------------------------+
[hotspot] |  5  |   630.20   464.60   679.88   514.28 |        6.78   |             NA                |
[hotspot] +-----+-------------------------------------+---------------+-------------------------------+
[hotspot] Hotspot report including placement blocked areas
[hotspot] +------------+---------------+---------------+
[hotspot] |            |   max hotspot | total hotspot |
[hotspot] +------------+---------------+---------------+
[hotspot] | normalized |         28.22 |        110.89 |
[hotspot] +------------+---------------+---------------+
Local HotSpot Analysis (blockage included): normalized max congestion hotspot area = 28.22, normalized total congestion hotspot area = 110.89 (area is in unit of 4 std-cell row bins)
[hotspot] top 5 congestion hotspot bounding boxes and scores of normalized hotspot
[hotspot] +-----+-------------------------------------+---------------+-------------------------------+
[hotspot] | top |            hotspot bbox             | hotspot score |           module              |
[hotspot] +-----+-------------------------------------+---------------+-------------------------------+
[hotspot] |  1  |   431.48   961.40   630.20  1027.64 |       29.22   |             NA                |
[hotspot] +-----+-------------------------------------+---------------+-------------------------------+
[hotspot] |  2  |    34.04   448.04   116.84   530.84 |       13.67   |             NA                |
[hotspot] +-----+-------------------------------------+---------------+-------------------------------+
[hotspot] |  3  |   563.96   911.72   646.76   977.96 |       10.89   |             NA                |
[hotspot] +-----+-------------------------------------+---------------+-------------------------------+
[hotspot] |  4  |   696.44   464.60   762.68   514.28 |        8.78   |             NA                |
[hotspot] +-----+-------------------------------------+---------------+-------------------------------+
[hotspot] |  5  |   696.44   977.96   762.68  1027.64 |        8.78   |             NA                |
[hotspot] +-----+-------------------------------------+---------------+-------------------------------+
Reported timing to dir debug
**opt_design ... cpu = 0:02:08, real = 0:02:52, mem = 3108.4M, totSessionCpu=0:05:25 **
env CDS_WORKAREA is set to /nethome/dkhalil8/InnovateECE/PhysicalDesign/RTL2GDS/design
             0V	    VSS
           1.8V	    VDD
Using Power View tt_v1.8_25C_Nominal_25_func
.

Begin Power Analysis

             0V	    VSS
           1.8V	    VDD

Begin Processing Timing Library for Power Calculation

Ended Processing Timing Library for Power Calculation: (cpu=0:00:00, real=0:00:00, mem(process/total/peak)=3109.18MB/6252.16MB/3210.81MB)



Begin Processing Power Net/Grid for Power Calculation

Ended Processing Power Net/Grid for Power Calculation: (cpu=0:00:00, real=0:00:00, mem(process/total/peak)=3109.18MB/6252.16MB/3210.81MB)

Begin Processing Timing Window Data for Power Calculation

core_clock(100MHz) CK: assigning clock core_clock to net clock
Ended Processing Timing Window Data for Power Calculation: (cpu=0:00:00, real=0:00:00, mem(process/total/peak)=3109.18MB/6252.16MB/3210.81MB)

Begin Processing User Attributes

Ended Processing User Attributes: (cpu=0:00:00, real=0:00:00, mem(process/total/peak)=3109.18MB/6252.16MB/3210.81MB)

Begin Processing Signal Activity


Starting Levelizing
2026-Mar-23 22:28:09 (2026-Mar-24 02:28:09 GMT)
2026-Mar-23 22:28:09 (2026-Mar-24 02:28:09 GMT): 10%
2026-Mar-23 22:28:09 (2026-Mar-24 02:28:09 GMT): 20%
2026-Mar-23 22:28:09 (2026-Mar-24 02:28:09 GMT): 30%
2026-Mar-23 22:28:09 (2026-Mar-24 02:28:09 GMT): 40%
2026-Mar-23 22:28:09 (2026-Mar-24 02:28:09 GMT): 50%
2026-Mar-23 22:28:09 (2026-Mar-24 02:28:09 GMT): 60%
2026-Mar-23 22:28:09 (2026-Mar-24 02:28:09 GMT): 70%
2026-Mar-23 22:28:09 (2026-Mar-24 02:28:09 GMT): 80%
2026-Mar-23 22:28:09 (2026-Mar-24 02:28:09 GMT): 90%

Finished Levelizing
2026-Mar-23 22:28:09 (2026-Mar-24 02:28:09 GMT)

Starting Activity Propagation
2026-Mar-23 22:28:09 (2026-Mar-24 02:28:09 GMT)
2026-Mar-23 22:28:10 (2026-Mar-24 02:28:10 GMT): 10%
2026-Mar-23 22:28:10 (2026-Mar-24 02:28:10 GMT): 20%

Finished Activity Propagation
2026-Mar-23 22:28:10 (2026-Mar-24 02:28:10 GMT)
Ended Processing Signal Activity: (cpu=0:00:01, real=0:00:00, mem(process/total/peak)=3109.42MB/6252.16MB/3210.81MB)

Begin Power Computation

      ----------------------------------------------------------
      # of cell(s) missing both power/leakage table: 0
      # of cell(s) missing power table: 0
      # of cell(s) missing leakage table: 0
      ----------------------------------------------------------



Starting Calculating power
2026-Mar-23 22:28:10 (2026-Mar-24 02:28:10 GMT)
 ... Calculating switching power
2026-Mar-23 22:28:10 (2026-Mar-24 02:28:10 GMT): 10%
2026-Mar-23 22:28:10 (2026-Mar-24 02:28:10 GMT): 20%
2026-Mar-23 22:28:10 (2026-Mar-24 02:28:10 GMT): 30%
2026-Mar-23 22:28:10 (2026-Mar-24 02:28:10 GMT): 40%
2026-Mar-23 22:28:10 (2026-Mar-24 02:28:10 GMT): 50%
 ... Calculating internal and leakage power
2026-Mar-23 22:28:10 (2026-Mar-24 02:28:10 GMT): 60%
2026-Mar-23 22:28:10 (2026-Mar-24 02:28:10 GMT): 70%
2026-Mar-23 22:28:10 (2026-Mar-24 02:28:10 GMT): 80%
2026-Mar-23 22:28:11 (2026-Mar-24 02:28:11 GMT): 90%

Finished Calculating power
2026-Mar-23 22:28:11 (2026-Mar-24 02:28:11 GMT)
      # of MSMV cell(s) missing power_level: 0
Ended Power Computation: (cpu=0:00:00, real=0:00:01, mem(process/total/peak)=3109.42MB/6252.16MB/3210.81MB)

Begin Processing User Attributes

Begin Processing set_power
Ended Processing set_power: (cpu=0:00:00, real=0:00:00,
mem(process/total/peak)=3109.42MB/6252.16MB/3210.81MB)
Ended Processing User Attributes: (cpu=0:00:00, real=0:00:00, mem(process/total/peak)=3109.42MB/6252.16MB/3210.81MB)

Ended Power Analysis: (cpu=0:00:02, real=0:00:02, mem(process/total/peak)=3109.42MB/6252.16MB/3210.81MB)

Begin Boundary Leakage Calculation
Ended Boundary Leakage Calculation: (cpu=0:00:00, real=0:00:00,
mem(process/total/peak)=3109.42MB/6252.16MB/3210.81MB)
Begin Static Power Report Generation
*----------------------------------------------------------------------------------------
*	Innovus 25.11-s102_1 (64bit) 08/27/2025 13:03 (Linux 4.18.0-305.el8.x86_64)
*	
*
* 	Date & Time:	2026-Mar-23 22:28:11 (2026-Mar-24 02:28:11 GMT)
*
*----------------------------------------------------------------------------------------

*

*	Design: Core

*

*	Power Domain used: 

*              Rail:        VDD      Voltage:        1.8 

*

*       Dynamic View: tt_v1.8_25C_Nominal_25_func
*
*       Leakage View: tt_v1.8_25C_Nominal_25_func
*
*       User-Defined Activity : N.A.
*
*       Activity File: N.A.
*
*       Hierarchical Global Activity: N.A.
*
*       Global Activity: N.A.
*
*       Sequential Element Activity: 0.200000
*
*       Primary Input Activity: 0.200000
*
*       Default icg ratio: N.A.
*
*       Global Comb ClockGate Ratio: N.A.
*
*	Power Units = 1mW

*

*	Time Units = 1e-09 secs 

*

*       report_power -outfile debug/cts.power

*

-----------------------------------------------------------------------------------------

*



Total Power
-----------------------------------------------------------------------------------------
Total Internal Power:       19.68075183 	   76.5998%
Total Switching Power:       5.97117445 	   23.2405%
Total Leakage Power:         0.04102036 	    0.1597%
Total Power:                25.69294664
-----------------------------------------------------------------------------------------


Group                           Internal   Switching     Leakage       Total  Percentage 
                                Power      Power         Power         Power  (%)        
-----------------------------------------------------------------------------------------
Sequential                         6.852      0.6008    0.002924       7.456       29.02
Macro                              11.05     0.01508     0.03545        11.1       43.19
IO                                     0           0           0           0           0
Combinational                       1.31       3.414    0.002598       4.727        18.4
Clock (Combinational)              0.472       1.941   4.585e-05       2.413       9.392
Clock (Sequential)                     0           0           0           0           0
-----------------------------------------------------------------------------------------
Total                              19.68       5.971     0.04102       25.69         100
-----------------------------------------------------------------------------------------


Rail                  Voltage   Internal   Switching     Leakage       Total  Percentage 
                                Power      Power         Power         Power  (%)        
-----------------------------------------------------------------------------------------
VDD                       1.8      19.68       5.971     0.04102       25.69         100


Clock                           Internal   Switching     Leakage       Total  Percentage 
                                Power      Power         Power         Power  (%)        
-----------------------------------------------------------------------------------------
core_clock                         0.472       1.941   4.585e-05       2.413       9.392
-----------------------------------------------------------------------------------------
Total                              0.472       1.941   4.585e-05       2.413       9.392
-----------------------------------------------------------------------------------------
Clock: core_clock
Clock Period: 0.010000 usec 
Clock Toggle Rate:   200.0000 Mhz 
Clock Static Probability:  0.5000
  
** INFO:  (VOLTUS_POWR-3465): There are 0 decaps and 0 fillers in the design

Total leakage power = 0.0410204 mW
Cell usage statistics:  
Library sky130_sram_2kbyte_1rw1r_32x512_8_TT_1p8V_25C_lib , 2 cells ( 0.024108%) , 0.035452 mW ( 86.425369%  ) 
Library sky130_tt_1.8_25 , 8294 cells ( 99.975891%) , 0.00556836 mW ( 13.574631%  ) 
Ended Static Power Report Generation: (cpu=0:00:00, real=0:00:00,
mem(process/total/peak)=3111.92MB/6252.16MB/3210.81MB)


Output file is debug/cts.power

OptSummary:

------------------------------------------------------------------
     opt_design Final Summary
------------------------------------------------------------------

Setup views included:
 tt_v1.8_25C_Nominal_25_func 

+--------------------+---------+---------+---------+
|     Setup mode     |   all   | reg2reg | default |
+--------------------+---------+---------+---------+
|           WNS (ns):|  0.239  |  0.239  |  6.605  |
|           TNS (ns):|  0.000  |  0.000  |  0.000  |
|    Violating Paths:|    0    |    0    |    0    |
|          All Paths:|  1510   |  1508   |  1456   |
+--------------------+---------+---------+---------+

+----------------+-------------------------------+------------------+
|                |              Real             |       Total      |
|    DRVs        +------------------+------------+------------------|
|                |  Nr nets(terms)  | Worst Vio  |  Nr nets(terms)  |
+----------------+------------------+------------+------------------+
|   max_cap      |      0 (0)       |   0.000    |      0 (0)       |
|   max_tran     |      0 (0)       |   0.000    |      0 (0)       |
|   max_fanout   |      0 (0)       |     0      |      0 (0)       |
|   max_length   |      0 (0)       |     0      |      0 (0)       |
+----------------+------------------+------------+------------------+

Density: 40.231%
Routing Overflow: 2.64% H and 0.30% V
------------------------------------------------------------------
Begin: Collecting metrics
 --------------------------------------------------------------------------------------------------------------------------------------------------------------------------------------------------------- 
| Snapshot                | WNS                  | TNS                  | Density (%) | Power estimated                                            | Hotspot        | Resource               | DRVs       |
|                         | HEPG (ns) | ALL (ns) | HEPG (ns) | ALL (ns) |             | Total (mW) | Leakage (mW) | Switching (mW) | Internal (mW) | Max   | Total  | Real (s) | Memory (MB) | Tran | Cap |
|-------------------------+-----------+----------+-----------+----------+-------------+------------+--------------+----------------+---------------+-------+--------+----------+-------------+------+-----|
| initial_summary         |    -1.950 |   -1.950 |           |      -50 |       40.16 |            |              |                |               |       |        | 0:00:05  |        3037 |   28 |  32 |
| route_type_refinement   |           |          |           |          |             |            |              |                |               |       |        | 0:00:01  |        3038 |      |     |
| simplify_netlist        |           |          |           |          |             |      12.06 |         0.01 |           4.07 |          7.98 |       |        | 0:00:01  |        3038 |      |     |
| excluded_clk_net_fixing |           |          |           |          |             |            |              |                |               |       |        | 0:00:00  |        3038 |      |     |
| drv_fixing              |    -0.356 |   -0.356 |        -2 |       -2 |       40.79 |      12.16 |         0.01 |           4.09 |          8.06 |       |        | 0:00:05  |        3054 |    7 |   0 |
| global_opt              |           |    0.225 |           |        0 |       40.79 |      12.16 |         0.01 |           4.09 |          8.06 |       |        | 0:00:03  |        3067 |      |     |
| area_reclaiming         |     0.225 |    0.225 |         0 |        0 |       40.38 |      12.07 |         0.01 |           4.08 |          7.99 |       |        | 0:00:12  |        3073 |      |     |
| drv_fixing_2            |     0.225 |    0.225 |         0 |        0 |       40.44 |      12.11 |         0.01 |           4.09 |          8.02 |       |        | 0:00:03  |        3073 |    0 |   0 |
| wns_fixing              |     0.262 |    0.262 |         0 |        0 |       40.54 |      12.11 |         0.01 |           4.09 |          8.02 |       |        | 0:00:11  |        3079 |      |     |
| area_reclaiming_2       |     0.225 |    0.225 |         0 |        0 |       40.16 |      12.06 |         0.01 |           4.08 |          7.98 |       |        | 0:00:19  |        3121 |      |     |
| area_reclaiming_3       |     0.223 |    0.223 |         0 |        0 |       40.10 |      12.06 |         0.01 |           4.09 |          7.97 |       |        | 0:00:08  |        3121 |      |     |
| power_reclaiming        |     0.223 |    0.223 |         0 |        0 |       40.10 |      12.06 |         0.01 |           4.08 |          7.97 |       |        | 0:00:02  |        3131 |      |     |
| local_wire_reclaim      |           |          |           |          |             |            |              |                |               |       |        | 0:00:20  |        3130 |      |     |
| global_route            |           |          |           |          |             |            |              |                |               | 29.89 |  89.00 | 0:00:01  |        3069 |      |     |
| route_type_refinement_2 |           |          |           |          |             |            |              |                |               |       |        | 0:00:00  |        3069 |      |     |
| drv_eco_fixing          |     0.260 |    0.260 |         0 |        0 |       40.42 |      12.04 |         0.01 |           4.02 |          8.01 |       |        | 0:00:03  |        3113 |    0 |   0 |
| legalization            |           |          |           |          |             |            |              |                |               |       |        | 0:00:01  |        3118 |      |     |
| power_reclaiming_2      |     0.240 |    0.240 |         0 |        0 |       40.26 |      11.99 |         0.01 |           4.01 |          7.98 |       |        | 0:00:13  |        3124 |      |     |
| drv_eco_fixing_2        |     0.239 |    0.239 |         0 |        0 |       40.33 |      12.01 |         0.01 |           4.02 |          7.99 |       |        | 0:00:03  |        3134 |    1 |   0 |
| final_summary           |     0.239 |    0.239 |           |        0 |       40.23 |            |              |                |               | 28.22 | 110.89 | 0:00:07  |        3110 |    0 |   0 |
 --------------------------------------------------------------------------------------------------------------------------------------------------------------------------------------------------------- 
End: Collecting metrics
**opt_design ... cpu = 0:02:11, real = 0:02:57, mem = 3109.8M, totSessionCpu=0:05:29 **
*** Finished opt_design ***
      flow.cputime  flow.realtime  timing.setup.tns  timing.setup.wns  snapshot
UM:*                                                                   final
      flow.cputime  flow.realtime  timing.setup.tns  timing.setup.wns  snapshot
UM:*                                                                   opt_design_postcts
Info: final physical memory for 2 CRR processes is 1125.64MB.
Info: Summary of CRR changes:
      - Timing transform commits:       0
Info: Destroy the CCOpt slew target map.
Set place::cacheFPlanSiteMark to 0
(clock_opt_design): dumping clock statistics to metric
Updating ideal nets and annotations...
Clock tree spec update: Ideal nets, transition and delay annotations were updated to match active timing constraints.
Updating ideal nets and annotations done. (took cpu=0:00:00.0 real=0:00:00.0)
No differences between SDC and CTS ideal net status found.
Clock tree timing engine global stage delay update for tt_v1.8_25C_Nominal_25:both.early...
Clock tree timing engine global stage delay update for tt_v1.8_25C_Nominal_25:both.early done. (took cpu=0:00:00.1 real=0:00:00.1)
Clock tree timing engine global stage delay update for tt_v1.8_25C_Nominal_25:both.late...
Clock tree timing engine global stage delay update for tt_v1.8_25C_Nominal_25:both.late done. (took cpu=0:00:00.0 real=0:00:00.0)
UM: Running design category ...
      flow.cputime  flow.realtime  timing.setup.tns  timing.setup.wns  snapshot
UM:         270.21            321          0.000 ns          0.239 ns  clock_opt_design

*** Summary of all messages that are not suppressed in this session:
Severity  ID               Count  Summary                                  
WARNING   IMPPTN-1250         12  Pin placement has been enabled on metal ...
WARNING   IMPSP-9025           1  No scan chain specified/traced.          
WARNING   IMPCCOPT-2427        2  The cts_target_maximum_transition_time %...
WARNING   IMPCCOPT-1484        1  No activity file is loaded; therefore th...
*** Message Summary: 16 warning(s), 0 error(s)

*** clock_opt_design #1 [finish] () : cpu/real = 0:04:30.3/0:05:21.5 (0.8), totSession cpu/real = 0:05:29.9/0:06:30.6 (0.8), mem = 3111.5M
Ending "clock_opt_design" (total cpu=0:04:30, real=0:05:21, peak res=3211.0M, current mem=3048.9M)
@flow 5: }
#@ End verbose flow_step implementation.cts.add_clock_tree
      flow.cputime  flow.realtime  timing.setup.tns  timing.setup.wns  snapshot
UM:         274.46            325          0.000 ns          0.239 ns  add_clock_tree
#@ Begin verbose flow_step implementation.cts.add_tieoffs
@flow 2: #- insert dedicated tieoff models
@flow 3: if {[get_db add_tieoffs_cells] ne "" } {
@@flow 4: delete_tieoffs
  Deleted 0 logical insts of cell TIEHI
  Deleted 0 logical insts of cell TIELO
@@flow 5: add_tieoffs -matching_power_domains true
Options: No distance constraint, No Fan-out constraint.
	CornerforLayerOpt timing analysis view tt_v1.8_25C_Nominal_25_func has been selected for calibration 
	CornerforLayerOpt timing analysis view tt_v1.8_25C_Nominal_25_func has been selected for calibration 
Re-routed 1 nets
INFO: Total Number of Tie Cells (TIEHI) placed: 1  
Re-routed 1 nets
INFO: Total Number of Tie Cells (TIELO) placed: 1  
@flow 6: }
#@ End verbose flow_step implementation.cts.add_tieoffs
      flow.cputime  flow.realtime  timing.setup.tns  timing.setup.wns  snapshot
UM:           9.66             10                                      add_tieoffs
#@ Begin verbose flow_step implementation.cts.block_finish
@flow 2: apply {{} {
    #- Make sure flow_report_name is reset from any reports executed during the flow
    set_db flow_report_name [get_db [lindex [get_db flow_hier_path] end] .name]
    #- Set DB for handoff to Innovus
    if {[is_flow -inside flow:syn_opt]} {
      set_db flow_write_db_common true
    }
  
    #- Set value for SPEF output file generation
    if {[get_db flow_branch] ne ""} {
      set out_dir [file join [get_db flow_db_directory] [get_db flow_branch]_[get_db flow_report_name]]
    } else {
      set out_dir [file join [get_db flow_db_directory] [get_db flow_report_name]]
    }
    set_db flow_spef_directory $out_dir
  
    #- Store non-default root attributes to metrics
    catch {report_obj -tcl} flow_root_config
    if {[dict exists $flow_root_config root:/]} {
      set flow_root_config [dict get $flow_root_config root:/]
    } elseif {[dict exists $flow_root_config root:]} {
      set flow_root_config [dict get $flow_root_config root:]
    } else {
    }
    foreach key [dict keys $flow_root_config] {
      if {[string length [dict get $flow_root_config $key]] > 200} {
        dict set flow_root_config $key "\[long value truncated\]"
      }
    }
    set_metric -name flow.root_config -value $flow_root_config
  }}
#@ End verbose flow_step implementation.cts.block_finish
      flow.cputime  flow.realtime  timing.setup.tns  timing.setup.wns  snapshot
UM:           4.55              5                                      block_finish
#% Begin save design ... (date=03/23 22:28:33, mem=3130.5M)
ff_v1.98_0C tt_v1.8_25C ss_v1.62_125C
Nominal_25C
% Begin Save ccopt configuration ... (date=03/23 22:28:33, mem=3130.5M)
% End Save ccopt configuration ... (date=03/23 22:28:33, total cpu=0:00:00.1, real=0:00:00.0, peak res=3131.0M, current mem=3131.0M)
% Begin Save netlist data ... (date=03/23 22:28:33, mem=3131.0M)
Writing Binary DB to /nethome/dkhalil8/InnovateECE/PhysicalDesign/RTL2GDS/design/dbs/cts.enc/Core.v.bin in single-threaded mode...
% End Save netlist data ... (date=03/23 22:28:33, total cpu=0:00:00.1, real=0:00:00.0, peak res=3131.0M, current mem=3131.0M)
Saving symbol-table file ...
Saving congestion map file /nethome/dkhalil8/InnovateECE/PhysicalDesign/RTL2GDS/design/dbs/cts.enc/Core.route.congmap.gz ...
% Begin Save AAE data ... (date=03/23 22:28:34, mem=3131.6M)
Saving AAE Data ...
% End Save AAE data ... (date=03/23 22:28:34, total cpu=0:00:00.2, real=0:00:00.0, peak res=3134.1M, current mem=3134.1M)
Saving preference file /nethome/dkhalil8/InnovateECE/PhysicalDesign/RTL2GDS/design/dbs/cts.enc/gui.pref.tcl ...
Saving mode setting ...
Saving root attributes to be loaded post write_db ...
**WARN: (IMPMF-5054):	fill_setting_save command is obsolete and should not be used any more. It still works in this release but will be removed in future release. Recommend to use Pegasus metal fill flow which is the replacement.
Saving global file ...
Saving root attributes to be loaded previous write_db ...
% Begin Save floorplan data ... (date=03/23 22:28:36, mem=3135.3M)
Saving floorplan file ...
Convert 0 swires and 0 svias from compressed groups
% End Save floorplan data ... (date=03/23 22:28:36, total cpu=0:00:00.1, real=0:00:00.0, peak res=3135.9M, current mem=3135.9M)
Saving PG file /nethome/dkhalil8/InnovateECE/PhysicalDesign/RTL2GDS/design/dbs/cts.enc/Core.pg.gz, version#2, (Created by Innovus v25.11-s102_1 on Mon Mar 23 22:28:36 2026)
*** Completed savePGFile (cpu=0:00:00.0 real=0:00:01.0 mem=3135.9M) ***
*info - save blackBox cells to lef file /nethome/dkhalil8/InnovateECE/PhysicalDesign/RTL2GDS/design/dbs/cts.enc/Core.bbox.lef
Saving Drc markers ...
... No Drc file written since there is no markers found.
% Begin Save placement data ... (date=03/23 22:28:37, mem=3135.9M)
** Saving stdCellPlacement_binary (version# 2) ...
Save Adaptive View Pruning View Names to Binary file
% End Save placement data ... (date=03/23 22:28:37, total cpu=0:00:00.1, real=0:00:00.0, peak res=3136.2M, current mem=3136.2M)
% Begin Save routing data ... (date=03/23 22:28:37, mem=3136.2M)
Saving route file ...
*** Completed saveRoute (cpu=0:00:00.1 real=0:00:00.0 mem=3137.4M) ***
% End Save routing data ... (date=03/23 22:28:37, total cpu=0:00:00.1, real=0:00:00.0, peak res=3136.4M, current mem=3136.4M)
Saving property file /nethome/dkhalil8/InnovateECE/PhysicalDesign/RTL2GDS/design/dbs/cts.enc/Core.prop
*** Completed saveProperty (cpu=0:00:00.1 real=0:00:00.0 mem=3139.5M) ***
#Saving pin access data to file /nethome/dkhalil8/InnovateECE/PhysicalDesign/RTL2GDS/design/dbs/cts.enc/Core.apa ...
#
Saving rc congestion map /nethome/dkhalil8/InnovateECE/PhysicalDesign/RTL2GDS/design/dbs/cts.enc/Core.congmap.gz ...
Saving preRoute extracted patterns in file '/nethome/dkhalil8/InnovateECE/PhysicalDesign/RTL2GDS/design/dbs/cts.enc/Core.techData.gz' ...
Saving preRoute extraction data in directory '/nethome/dkhalil8/InnovateECE/PhysicalDesign/RTL2GDS/design/dbs/cts.enc/extraction/' ...
Saving rc congestion map /nethome/dkhalil8/InnovateECE/PhysicalDesign/RTL2GDS/design/dbs/cts.enc/Core.congmap.gz ...
% Begin Save power constraints data ... (date=03/23 22:28:38, mem=3139.6M)
% End Save power constraints data ... (date=03/23 22:28:38, total cpu=0:00:00.0, real=0:00:00.0, peak res=3139.6M, current mem=3139.6M)
Nominal_25C
Nominal_25C
Nominal_25C
**WARN: (GLOBAL-100):	Global 'timing_enable_backward_compatible_mmmc_mode' has become obsolete. It will be removed in the next release.
**WARN: (GLOBAL-100):	Global 'timing_enable_backward_compatible_mmmc_mode' has become obsolete. It will be removed in the next release.
Generated self-contained design cts.enc
#% End save design ... (date=03/23 22:28:39, total cpu=0:00:03.6, real=0:00:06.0, peak res=3174.0M, current mem=3174.0M)

*** Summary of all messages that are not suppressed in this session:
Severity  ID               Count  Summary                                  
WARNING   IMPMF-5054           1  fill_setting_save command is obsolete an...
WARNING   GLOBAL-100           2  Global '%s' has become obsolete. It will...
*** Message Summary: 3 warning(s), 0 error(s)

      flow.cputime  flow.realtime  timing.setup.tns  timing.setup.wns  snapshot
UM:*                                                                   write_db
#@ Begin verbose flow_step implementation.cts.write_output_screenshot
@flow 2: set inputstring [get_db flow_starting_db]
@flow 3: set stepname [lindex $inputstring [expr {[llength stepname]}]]
@flow 4: set filename [file tail $stepname]
@flow 5: set rootname [file rootname $filename]
@flow 6: set outfile "./output/screenshots/${rootname}.gif"
@flow 7: # Define the directory name
@flow 8: set dirName "output/screenshots"
@flow 10: # Check if the directory exists
@flow 11: if {![file exists $dirName]} {...
@flow 15: } else {
@flow 16: puts "Directory '$dirName' already exists."
Directory 'output/screenshots' already exists.
@flow 17: }
@@flow 18: write_to_gif $outfile
#@ End verbose flow_step implementation.cts.write_output_screenshot
      flow.cputime  flow.realtime  timing.setup.tns  timing.setup.wns  snapshot
UM:           4.32              4                                      write_output_screenshot
#@ Begin verbose flow_step implementation.cts.schedule_cts_report_postcts
@@flow 2: schedule_flow -flow report_postcts -include_in_metrics
#@ End verbose flow_step implementation.cts.schedule_cts_report_postcts

Program version = 25.11-s102_1
Working directory = /nethome/dkhalil8/InnovateECE/PhysicalDesign/RTL2GDS/design
Databases directory = /nethome/dkhalil8/InnovateECE/PhysicalDesign/RTL2GDS/design/dbs
Starting time = Mar 23, 2026 22:22:41
Ending time = Mar 23, 2026 22:28:52

Run Flow Summary
---------------------

Steps run:  implementation.cts.block_start implementation.cts.init_innovus.init_innovus_yaml implementation.cts.init_innovus.init_innovus_user implementation.cts.add_clock_tree implementation.cts.add_tieoffs implementation.cts.block_finish implementation.cts.write_output_screenshot implementation.cts.schedule_cts_report_postcts

Step status:
     implementation.cts.block_start                            success
     implementation.cts.init_innovus.init_innovus_yaml         success
     implementation.cts.init_innovus.init_innovus_user         success
     implementation.cts.add_clock_tree                         success
     implementation.cts.add_tieoffs                            success
     implementation.cts.block_finish                           success
     implementation.cts.write_output_screenshot                success
     implementation.cts.schedule_cts_report_postcts            success

 ---------------------------------------------------------------------------------------------------- 
| Snapshot    | flow.cputime (s) | flow.realtime (s) | timing.setup.tns (ns) | timing.setup.wns (ns) |
|-------------+------------------+-------------------+-----------------------+-----------------------|
| syn_generic | 0:03:35          | 0:03:39           |                     0 |                 4.008 |
| syn_map     | 0:04:33          | 0:03:58           |                     0 |                 0.656 |
| syn_opt     | 0:03:26          | 0:03:05           |                     0 |                 0.035 |
| floorplan   | 0:02:04          | 0:02:10           |                       |                       |
| prects      | 0:07:31          | 0:08:30           |                     0 |                 0.188 |
| cts         | 0:05:49          | 0:06:51           |                     0 |                 0.239 |
 ---------------------------------------------------------------------------------------------------- 
*** Message Summary: 168 warning(s), 0 error(s)


*** Memory Usage v#1 (Current mem = 3354.121M, initial mem = 975.062M) ***
--- Ending "Innovus" (totcpu=0:06:02, real=0:07:07, mem=3354.1M) ---
