
Cadence Innovus(TM) Implementation System.
Copyright 2025 Cadence Design Systems, Inc. All rights reserved worldwide.

Version:	v25.11-s102_1, built Wed Aug 27 13:03:08 PDT 2025
Options:	-batch -stylus -log /nethome/dkhalil8/InnovateECE/PhysicalDesign/RTL2GDS/design/logs/postroute -disable_user_startup -execute if {[catch {init_flow  {flow_script {} yaml_script /nethome/dkhalil8/InnovateECE/PhysicalDesign/RTL2GDS/design/scripts/flow.yaml flow_no_check 0 parent_uuid {} previous_uuid {} top_dir /nethome/dkhalil8/InnovateECE/PhysicalDesign/RTL2GDS/design flow_dir . status_file /nethome/dkhalil8/InnovateECE/PhysicalDesign/RTL2GDS/design/flow.status.d/postroute metrics_file /nethome/dkhalil8/InnovateECE/PhysicalDesign/RTL2GDS/design/flow.metrics.d/postroute run_tag {} db {enc /nethome/dkhalil8/InnovateECE/PhysicalDesign/RTL2GDS/design/dbs/route.enc Core {}} db_is_ref_run 0 branch {} caller_data {group 0 process_branch 0 trunk_process 1 flowtool_hostname ece-linlabsrv01.ece.gatech.edu flowtool_pid 121620} flow {flow flow:flow_current dir . db {enc dbs/route.enc Core {}} branch {} tool innovus caller_data {group 0 process_branch 0 trunk_process 1 flowtool_hostname ece-linlabsrv01.ece.gatech.edu flowtool_pid 121620} uuid {} tool_options {} start_step {tool innovus flow flow:flow_current canonical_path {.steps flow:implementation .steps flow:postroute .steps flow_step:block_start} step flow_step:block_start features {} str implementation.postroute.block_start} process_branch_trunk 1} flow_name flow:flow_current first_step {tool innovus flow flow:flow_current canonical_path {.steps flow:implementation .steps flow:postroute .steps flow_step:block_start} step flow_step:block_start features {} str implementation.postroute.block_start} interactive 0 interactive_run 0 enabled_features {} inject_tcl {} trunk_process 1 aum_upload false tool_options {} overwrite 0 last_step {tool innovus flow flow:flow_current canonical_path {.steps flow:implementation .steps flow:postroute .steps flow_step:innovus_to_quantus} step flow_step:innovus_to_quantus features {} str implementation.postroute.innovus_to_quantus} log_prefix /nethome/dkhalil8/InnovateECE/PhysicalDesign/RTL2GDS/design/logs/postroute}; run_flow -from {tool innovus flow flow:flow_current canonical_path {.steps flow:implementation .steps flow:postroute .steps flow_step:block_start} step flow_step:block_start features {} str implementation.postroute.block_start} -to {tool innovus flow flow:flow_current canonical_path {.steps flow:implementation .steps flow:postroute .steps flow_step:innovus_to_quantus} step flow_step:innovus_to_quantus features {} str implementation.postroute.innovus_to_quantus}} msg]} { puts [concat {Tcl error:} $errorInfo]; set fp [open {/nethome/dkhalil8/InnovateECE/PhysicalDesign/RTL2GDS/design/flow.status.d/postroute} a]; puts $fp {}; puts $fp [list [list script run_tcl status error flow {flow:flow_current} branch {} flow_working_directory {.} flow_starting_db {enc /nethome/dkhalil8/InnovateECE/PhysicalDesign/RTL2GDS/design/dbs/route.enc Core {}} {tool_options} {} steps_run [get_db flow_step_canonical_current] msg $msg]]; close $fp; exit 1 }; exit 0 
Date:		Tue Mar 17 20:20:05 2026
Host:		ece-linlabsrv01 (x86_64 w/Linux 4.18.0-553.104.1.el8_10.x86_64) (14cores*112cpus*Intel(R) Xeon(R) Gold 5117 CPU @ 2.00GHz 19712KB)
OS:		Red Hat Enterprise Linux 8.10 (Ootpa)

License:
		[20:20:05.185673] Configured Lic search path (25.01-s002): 5280@ece-winlic.ece.gatech.edu

		invs	Innovus Implementation System	25.1	checkout succeeded
		8 CPU jobs allowed with the current license(s). Use set_multi_cpu_usage to set your required CPU count.


Create and set the environment variable TMPDIR to /nethome/dkhalil8/InnovateECE/PhysicalDesign/RTL2GDS/design/innovus_temp_644643_9c1983e0-14da-4b1f-92b3-0ba950948d44_ece-linlabsrv01_dkhalil8_dRqZGc.

Change the soft stacksize limit to 0.2%RAM (383 mbytes). Set global soft_stack_size_limit to change the value.
[INFO] Loading Pegasus 24.14 fill procedures
Info: Process UID = 644643 / 9c1983e0-14da-4b1f-92b3-0ba950948d44 / wS9qXXPOTx

**INFO:  MMMC transition support version v31-84 

#@ Processing -execute option
@innovus 1> if {[catch {init_flow  {flow_script {} yaml_script /nethome/dkhalil8/InnovateECE/PhysicalDesign/RTL2GDS/design/scripts/flow.yaml flow_no_check 0 parent_uuid {} previous_uuid {} top_dir /nethome/dkhalil8/InnovateECE/PhysicalDesign/RTL2GDS/design flow_dir . status_file /nethome/dkhalil8/InnovateECE/PhysicalDesign/RTL2GDS/design/flow.status.d/postroute metrics_file /nethome/dkhalil8/InnovateECE/PhysicalDesign/RTL2GDS/design/flow.metrics.d/postroute run_tag {} db {enc /nethome/dkhalil8/InnovateECE/PhysicalDesign/RTL2GDS/design/dbs/route.enc Core {}} db_is_ref_run 0 branch {} caller_data {group 0 process_branch 0 trunk_process 1 flowtool_hostname ece-linlabsrv01.ece.gatech.edu flowtool_pid 121620} flow {flow flow:flow_current dir . db {enc dbs/route.enc Core {}} branch {} tool innovus caller_data {group 0 process_branch 0 trunk_process 1 flowtool_hostname ece-linlabsrv01.ece.gatech.edu flowtool_pid 121620} uuid {} tool_options {} start_step {tool innovus flow flow:flow_current canonical_path {.steps flow:implementation .steps flow:postroute .steps flow_step:block_start} step flow_step:block_start features {} str implementation.postroute.block_start} process_branch_trunk 1} flow_name flow:flow_current first_step {tool innovus flow flow:flow_current canonical_path {.steps flow:implementation .steps flow:postroute .steps flow_step:block_start} step flow_step:block_start features {} str implementation.postroute.block_start} interactive 0 interactive_run 0 enabled_features {} inject_tcl {} trunk_process 1 aum_upload false tool_options {} overwrite 0 last_step {tool innovus flow flow:flow_current canonical_path {.steps flow:implementation .steps flow:postroute .steps flow_step:innovus_to_quantus} step flow_step:innovus_to_quantus features {} str implementation.postroute.innovus_to_quantus} log_prefix /nethome/dkhalil8/InnovateECE/PhysicalDesign/RTL2GDS/design/logs/postroute}; run_flow -from {tool innovus flow flow:flow_current canonical_path {.steps flow:implementation .steps flow:postroute .steps flow_step:block_start} step flow_step:block_start features {} str implementation.postroute.block_start} -to {tool innovus flow flow:flow_current canonical_path {.steps flow:implementation .steps flow:postroute .steps flow_step:innovus_to_quantus} step flow_step:innovus_to_quantus features {} str implementation.postroute.innovus_to_quantus}} msg]} { puts [concat {Tcl error:} $errorInfo]; set fp [open {/nethome/dkhalil8/InnovateECE/PhysicalDesign/RTL2GDS/design/flow.status.d/postroute} a]; puts $fp {}; puts $fp [list [list script run_tcl status error flow {flow:flow_current} branch {} flow_working_directory {.} flow_starting_db {enc /nethome/dkhalil8/InnovateECE/PhysicalDesign/RTL2GDS/design/dbs/route.enc Core {}} {tool_options} {} steps_run [get_db flow_step_canonical_current] msg $msg]]; close $fp; exit 1 }; exit 0
init_flow summary:
  Flow script        : 
  YAML script        : /nethome/dkhalil8/InnovateECE/PhysicalDesign/RTL2GDS/design/scripts/flow.yaml
  Flow               : flow:flow_current
  From               : implementation.postroute.block_start
  To                 : implementation.postroute.innovus_to_quantus
  Top directory      : /nethome/dkhalil8/InnovateECE/PhysicalDesign/RTL2GDS/design
  Working directory  : .
  Starting database  : /nethome/dkhalil8/InnovateECE/PhysicalDesign/RTL2GDS/design/dbs/route.enc
  Run tag            : 
  Branch name        : 
  Metrics file       : /nethome/dkhalil8/InnovateECE/PhysicalDesign/RTL2GDS/design/flow.metrics.d/postroute
  Status file        : /nethome/dkhalil8/InnovateECE/PhysicalDesign/RTL2GDS/design/flow.status.d/postroute
reading previous metrics...
Sourcing flow scripts...
Sourcing flow scripts done.
Begin steps for plugin point Cadence.plugin.flowkit.read_db.pre
#@ Begin verbose flow_step activate_views
@flow 2: apply {{} {
    set db [get_db flow_starting_db]
    set flow [lindex [get_db flow_hier_path] end]
    set setup_views [get_feature -obj $flow setup_views]
    set hold_views [get_feature -obj $flow hold_views]
    set leakage_view [get_feature -obj $flow leakage_view]
    set dynamic_view [get_feature -obj $flow dynamic_view]
  
    if {($setup_views ne "") || ($hold_views ne "") || ($leakage_view ne "") || ($dynamic_view ne "")} {
      #- use read_db args for DB types and set_analysis_views for TCL
      if {([llength [get_db analysis_views]]) > 0 &&  ([lindex $db 0] eq {tcl} || [lindex $db 0] in {enc cdb} && [file isfile [lindex $db 1]])} {
        set cmd "set_analysis_view"
        if {$setup_views ne ""} {
          append cmd " -setup [list $setup_views]"
        } else {
          append cmd " -setup [list [get_db [get_db analysis_views -if .is_setup] .name]]"
        }
        if {$hold_views ne ""} {
          append cmd " -hold [list $hold_views]"
        } else {
          append cmd " -hold [list [get_db [get_db analysis_views -if .is_hold] .name]]"
        }
        if {$leakage_view ne ""} {
          append cmd " -leakage [list $leakage_view]"
        } else {
          if {[llength [get_db analysis_views -if .is_leakage]] > 0} {
            append cmd " -leakage [list [get_db [get_db analysis_views -if .is_leakage] .name]]"
          }
        }
        if {$dynamic_view ne ""} {
          append cmd " -dynamic [list $dynamic_view]"
        } else {
          if {[llength [get_db analysis_views -if .is_dynamic]] > 0} {
            append cmd " -dynamic [list [get_db [get_db analysis_views -if .is_dynamic] .name]]"
          }
        }
        eval $cmd
      } elseif {[llength [get_db analysis_views]] == 0} {
        set cmd "set_flowkit_read_db_args"
        if {$setup_views ne ""} {
          append cmd " -setup_views [list $setup_views]"
        }
        if {$hold_views ne ""} {
          append cmd " -hold_views [list $hold_views]"
        }
        if {$leakage_view ne ""} {
          append cmd " -leakage_view [list $leakage_view]"
        }
        if {$dynamic_view ne ""} {
          append cmd " -dynamic_view [list $dynamic_view]"
        }
        eval $cmd
      } else {
      }
    }
  }}
#@ End verbose flow_step activate_views
#@ Begin verbose flow_step init_mcpu
@flow 2: apply {{} {
    # Multi host/cpu attributes
    #-----------------------------------------------------------------------------
    # The FLOWTOOL_NUM_CPUS is an environment variable which should be exported by
    # the specified dist script.  This connects the number of CPUs being reserved
    # for batch jobs with the current flow scripts.  The LSB_MAX_NUM_PROCESSORS is
    # a typical environment variable exported by distribution platforms and is
    # useful for ensuring all interactive jobs are using the reserved amount of CPUs.
    if {[info exists ::env(FLOWTOOL_NUM_CPUS)]} {
      set max_cpus $::env(FLOWTOOL_NUM_CPUS)
    } elseif {[info exists ::env(LSB_MAX_NUM_PROCESSORS)]} {
      set max_cpus $::env(LSB_MAX_NUM_PROCESSORS)
    } else {
      set max_cpus 1
    }
    switch -glob [get_db program_short_name] {
      default       {}
      joules*       -
      genus*        -
      innovus*      -
      tempus*       -
      voltus*       { set_multi_cpu_usage -verbose -local_cpu $max_cpus }
    }
if {[get_feature opt_signoff]} {
      if {[is_flow -inside flow:opt_signoff]} {
        set_multi_cpu_usage -verbose -remote_host 1
        set_multi_cpu_usage -verbose -cpu_per_remote_host 16
        set_distributed_hosts -local
      }
}
  }}
set_multi_cpu_usage -local_cpu 1
#@ End verbose flow_step init_mcpu
End steps for plugin point Cadence.plugin.flowkit.read_db.pre
#% Begin load design ... (date=03/17 20:20:44, mem=2063.8M)
**WARN: (IMPDBTCL-321):	The attribute 'timing_aocv_enable_gba_combine_launch_capture' still works but will be obsolete in a future major release. You should remove it from your script before the next major release to avoid errors.
**WARN: (IMPDBTCL-321):	The attribute 'timing_aocv_enable_gba_combine_launch_capture' still works but will be obsolete in a future major release. You should remove it from your script before the next major release to avoid errors.
**WARN: (IMPDBTCL-321):	The attribute 'timing_aocv_enable_gba_combine_launch_capture' still works but will be obsolete in a future major release. You should remove it from your script before the next major release to avoid errors.
**WARN: (IMPDBTCL-321):	The attribute 'timing_enable_backward_compatible_latch_thru_mt_mode' still works but will be obsolete in a future major release. You should remove it from your script before the next major release to avoid errors.
**WARN: (IMPDBTCL-321):	The attribute 'timing_enable_backward_compatible_latch_thru_mt_mode' still works but will be obsolete in a future major release. You should remove it from your script before the next major release to avoid errors.
**WARN: (IMPDBTCL-321):	The attribute 'timing_enable_backward_compatible_latch_thru_mt_mode' still works but will be obsolete in a future major release. You should remove it from your script before the next major release to avoid errors.
**WARN: (IMPDB-6501):	"set_db design_process_node" will be obsoleted in future release. Remove it from the script to avoid the interruption of running the script in future.
##  Process: 130           (User Set)               
##     Node: (not set)                           

##  Check design process and node:  
##  Design tech node is not set.

Applying the recommended capacitance filtering threshold values for 130nm process node: total_c_th=0, relative_c_th=1 and coupling_c_th=0.4.
	These values will be used by all post-route extraction engines, including TQuantus, IQuantus and Quantus QRC extraction.
	Capacitance filtering mode(extract_rc_cap_filter_mode option of the set_db) is 'relative_and_coupling' for all engines.
	The accuracy mode for post_route extract_rc_effort_level low extraction will be set to 'standard'.
	Default value for EffortLevel(extract_rc_effort_level option of the set_db) in post_route extraction mode is 'low'.
**WARN: (IMPDBTCL-321):	The attribute 'timing_aocv_enable_gba_combine_launch_capture' still works but will be obsolete in a future major release. You should remove it from your script before the next major release to avoid errors.
**WARN: (IMPDBTCL-321):	The attribute 'timing_enable_backward_compatible_latch_thru_mt_mode' still works but will be obsolete in a future major release. You should remove it from your script before the next major release to avoid errors.
**WARN: (IMPDBTCL-321):	The attribute 'timing_enable_separate_device_slew_effect_sensitivities' still works but will be obsolete in a future major release. You should remove it from your script before the next major release to avoid errors.
**WARN: (IMPDBTCL-321):	The attribute 'timing_aocv_enable_gba_combine_launch_capture' still works but will be obsolete in a future major release. You should remove it from your script before the next major release to avoid errors.
**WARN: (IMPDBTCL-321):	The attribute 'timing_aocv_enable_gba_combine_launch_capture' still works but will be obsolete in a future major release. You should remove it from your script before the next major release to avoid errors.
**WARN: (IMPDBTCL-321):	The attribute 'timing_aocv_enable_gba_combine_launch_capture' still works but will be obsolete in a future major release. You should remove it from your script before the next major release to avoid errors.
**WARN: (IMPDBTCL-321):	The attribute 'timing_enable_backward_compatible_latch_thru_mt_mode' still works but will be obsolete in a future major release. You should remove it from your script before the next major release to avoid errors.
**WARN: (IMPDBTCL-321):	The attribute 'timing_enable_backward_compatible_latch_thru_mt_mode' still works but will be obsolete in a future major release. You should remove it from your script before the next major release to avoid errors.
**WARN: (IMPDBTCL-321):	The attribute 'timing_enable_backward_compatible_latch_thru_mt_mode' still works but will be obsolete in a future major release. You should remove it from your script before the next major release to avoid errors.
Loading design 'Core' saved by 'Innovus' '25.11-s102_1' on 'Tue Mar 17 20:19:39 2026'.
Reading tt_v1.8_25C timing library '/nethome/dkhalil8/InnovateECE/PhysicalDesign/RTL2GDS/SiliconJackets/cadence_sky130/sky130_scl_9T_0.0.5/lib/sky130_tt_1.8_25_nldm.lib' ...
Read 109 cells in library 'sky130_tt_1.8_25' 
Reading tt_v1.8_25C timing library '/nethome/dkhalil8/InnovateECE/PhysicalDesign/RTL2GDS/SiliconJackets/sram_sky130/lib/sky130_sram_2kbyte_1rw1r_32x512_8_TT_1p8V_25C.lib' ...
Read 1 cells in library 'sky130_sram_2kbyte_1rw1r_32x512_8_TT_1p8V_25C_lib' 
ff_v1.98_0C tt_v1.8_25C ss_v1.62_125C
Nominal_25C

Loading LEF file /nethome/dkhalil8/InnovateECE/PhysicalDesign/RTL2GDS/design/dbs/route.enc/libs/lef/sky130_scl_9T.tlef ...

Loading LEF file /nethome/dkhalil8/InnovateECE/PhysicalDesign/RTL2GDS/design/dbs/route.enc/libs/lef/sky130_scl_9T.lef ...
Set DBUPerIGU to M2 pitch 460.

Loading LEF file /nethome/dkhalil8/InnovateECE/PhysicalDesign/RTL2GDS/design/dbs/route.enc/libs/lef/sky130_sram_2kbyte_1rw1r_32x512_8.lef ...
**WARN: (IMPLF-200):	Pin 'din0[0]' in macro 'sky130_sram_2kbyte_1rw1r_32x512_8' has no ANTENNAGATEAREA value defined. The library data is incomplete and some process antenna rules will not be checked correctly.
Type 'man IMPLF-200' for more detail.
**WARN: (IMPLF-200):	Pin 'din0[1]' in macro 'sky130_sram_2kbyte_1rw1r_32x512_8' has no ANTENNAGATEAREA value defined. The library data is incomplete and some process antenna rules will not be checked correctly.
Type 'man IMPLF-200' for more detail.
**WARN: (IMPLF-200):	Pin 'din0[2]' in macro 'sky130_sram_2kbyte_1rw1r_32x512_8' has no ANTENNAGATEAREA value defined. The library data is incomplete and some process antenna rules will not be checked correctly.
Type 'man IMPLF-200' for more detail.
**WARN: (IMPLF-200):	Pin 'din0[3]' in macro 'sky130_sram_2kbyte_1rw1r_32x512_8' has no ANTENNAGATEAREA value defined. The library data is incomplete and some process antenna rules will not be checked correctly.
Type 'man IMPLF-200' for more detail.
**WARN: (IMPLF-200):	Pin 'din0[4]' in macro 'sky130_sram_2kbyte_1rw1r_32x512_8' has no ANTENNAGATEAREA value defined. The library data is incomplete and some process antenna rules will not be checked correctly.
Type 'man IMPLF-200' for more detail.
**WARN: (IMPLF-200):	Pin 'din0[5]' in macro 'sky130_sram_2kbyte_1rw1r_32x512_8' has no ANTENNAGATEAREA value defined. The library data is incomplete and some process antenna rules will not be checked correctly.
Type 'man IMPLF-200' for more detail.
**WARN: (IMPLF-200):	Pin 'din0[6]' in macro 'sky130_sram_2kbyte_1rw1r_32x512_8' has no ANTENNAGATEAREA value defined. The library data is incomplete and some process antenna rules will not be checked correctly.
Type 'man IMPLF-200' for more detail.
**WARN: (IMPLF-200):	Pin 'din0[7]' in macro 'sky130_sram_2kbyte_1rw1r_32x512_8' has no ANTENNAGATEAREA value defined. The library data is incomplete and some process antenna rules will not be checked correctly.
Type 'man IMPLF-200' for more detail.
**WARN: (IMPLF-200):	Pin 'din0[8]' in macro 'sky130_sram_2kbyte_1rw1r_32x512_8' has no ANTENNAGATEAREA value defined. The library data is incomplete and some process antenna rules will not be checked correctly.
Type 'man IMPLF-200' for more detail.
**WARN: (IMPLF-200):	Pin 'din0[9]' in macro 'sky130_sram_2kbyte_1rw1r_32x512_8' has no ANTENNAGATEAREA value defined. The library data is incomplete and some process antenna rules will not be checked correctly.
Type 'man IMPLF-200' for more detail.
**WARN: (IMPLF-200):	Pin 'din0[10]' in macro 'sky130_sram_2kbyte_1rw1r_32x512_8' has no ANTENNAGATEAREA value defined. The library data is incomplete and some process antenna rules will not be checked correctly.
Type 'man IMPLF-200' for more detail.
**WARN: (IMPLF-200):	Pin 'din0[11]' in macro 'sky130_sram_2kbyte_1rw1r_32x512_8' has no ANTENNAGATEAREA value defined. The library data is incomplete and some process antenna rules will not be checked correctly.
Type 'man IMPLF-200' for more detail.
**WARN: (IMPLF-200):	Pin 'din0[12]' in macro 'sky130_sram_2kbyte_1rw1r_32x512_8' has no ANTENNAGATEAREA value defined. The library data is incomplete and some process antenna rules will not be checked correctly.
Type 'man IMPLF-200' for more detail.
**WARN: (IMPLF-200):	Pin 'din0[13]' in macro 'sky130_sram_2kbyte_1rw1r_32x512_8' has no ANTENNAGATEAREA value defined. The library data is incomplete and some process antenna rules will not be checked correctly.
Type 'man IMPLF-200' for more detail.
**WARN: (IMPLF-200):	Pin 'din0[14]' in macro 'sky130_sram_2kbyte_1rw1r_32x512_8' has no ANTENNAGATEAREA value defined. The library data is incomplete and some process antenna rules will not be checked correctly.
Type 'man IMPLF-200' for more detail.
**WARN: (IMPLF-200):	Pin 'din0[15]' in macro 'sky130_sram_2kbyte_1rw1r_32x512_8' has no ANTENNAGATEAREA value defined. The library data is incomplete and some process antenna rules will not be checked correctly.
Type 'man IMPLF-200' for more detail.
**WARN: (IMPLF-200):	Pin 'din0[16]' in macro 'sky130_sram_2kbyte_1rw1r_32x512_8' has no ANTENNAGATEAREA value defined. The library data is incomplete and some process antenna rules will not be checked correctly.
Type 'man IMPLF-200' for more detail.
**WARN: (IMPLF-200):	Pin 'din0[17]' in macro 'sky130_sram_2kbyte_1rw1r_32x512_8' has no ANTENNAGATEAREA value defined. The library data is incomplete and some process antenna rules will not be checked correctly.
Type 'man IMPLF-200' for more detail.
**WARN: (IMPLF-200):	Pin 'din0[18]' in macro 'sky130_sram_2kbyte_1rw1r_32x512_8' has no ANTENNAGATEAREA value defined. The library data is incomplete and some process antenna rules will not be checked correctly.
Type 'man IMPLF-200' for more detail.
**WARN: (IMPLF-200):	Pin 'din0[19]' in macro 'sky130_sram_2kbyte_1rw1r_32x512_8' has no ANTENNAGATEAREA value defined. The library data is incomplete and some process antenna rules will not be checked correctly.
Type 'man IMPLF-200' for more detail.
**WARN: (EMS-27):	Message (IMPLF-200) has exceeded the current message display limit of 20.
To increase the message display limit, refer to the product command reference manual.
**WARN: (IMPLF-201):	Pin 'dout0[0]' in macro 'sky130_sram_2kbyte_1rw1r_32x512_8' has no ANTENNADIFFAREA value defined. The library data is incomplete and some process antenna rules will not be checked correctly.
Type 'man IMPLF-201' for more detail.
**WARN: (IMPLF-201):	Pin 'dout0[1]' in macro 'sky130_sram_2kbyte_1rw1r_32x512_8' has no ANTENNADIFFAREA value defined. The library data is incomplete and some process antenna rules will not be checked correctly.
Type 'man IMPLF-201' for more detail.
**WARN: (IMPLF-201):	Pin 'dout0[2]' in macro 'sky130_sram_2kbyte_1rw1r_32x512_8' has no ANTENNADIFFAREA value defined. The library data is incomplete and some process antenna rules will not be checked correctly.
Type 'man IMPLF-201' for more detail.
**WARN: (IMPLF-201):	Pin 'dout0[3]' in macro 'sky130_sram_2kbyte_1rw1r_32x512_8' has no ANTENNADIFFAREA value defined. The library data is incomplete and some process antenna rules will not be checked correctly.
Type 'man IMPLF-201' for more detail.
**WARN: (IMPLF-201):	Pin 'dout0[4]' in macro 'sky130_sram_2kbyte_1rw1r_32x512_8' has no ANTENNADIFFAREA value defined. The library data is incomplete and some process antenna rules will not be checked correctly.
Type 'man IMPLF-201' for more detail.
**WARN: (IMPLF-201):	Pin 'dout0[5]' in macro 'sky130_sram_2kbyte_1rw1r_32x512_8' has no ANTENNADIFFAREA value defined. The library data is incomplete and some process antenna rules will not be checked correctly.
Type 'man IMPLF-201' for more detail.
**WARN: (IMPLF-201):	Pin 'dout0[6]' in macro 'sky130_sram_2kbyte_1rw1r_32x512_8' has no ANTENNADIFFAREA value defined. The library data is incomplete and some process antenna rules will not be checked correctly.
Type 'man IMPLF-201' for more detail.
**WARN: (IMPLF-201):	Pin 'dout0[7]' in macro 'sky130_sram_2kbyte_1rw1r_32x512_8' has no ANTENNADIFFAREA value defined. The library data is incomplete and some process antenna rules will not be checked correctly.
Type 'man IMPLF-201' for more detail.
**WARN: (IMPLF-201):	Pin 'dout0[8]' in macro 'sky130_sram_2kbyte_1rw1r_32x512_8' has no ANTENNADIFFAREA value defined. The library data is incomplete and some process antenna rules will not be checked correctly.
Type 'man IMPLF-201' for more detail.
**WARN: (IMPLF-201):	Pin 'dout0[9]' in macro 'sky130_sram_2kbyte_1rw1r_32x512_8' has no ANTENNADIFFAREA value defined. The library data is incomplete and some process antenna rules will not be checked correctly.
Type 'man IMPLF-201' for more detail.
**WARN: (IMPLF-201):	Pin 'dout0[10]' in macro 'sky130_sram_2kbyte_1rw1r_32x512_8' has no ANTENNADIFFAREA value defined. The library data is incomplete and some process antenna rules will not be checked correctly.
Type 'man IMPLF-201' for more detail.
**WARN: (IMPLF-201):	Pin 'dout0[11]' in macro 'sky130_sram_2kbyte_1rw1r_32x512_8' has no ANTENNADIFFAREA value defined. The library data is incomplete and some process antenna rules will not be checked correctly.
Type 'man IMPLF-201' for more detail.
**WARN: (IMPLF-201):	Pin 'dout0[12]' in macro 'sky130_sram_2kbyte_1rw1r_32x512_8' has no ANTENNADIFFAREA value defined. The library data is incomplete and some process antenna rules will not be checked correctly.
Type 'man IMPLF-201' for more detail.
**WARN: (IMPLF-201):	Pin 'dout0[13]' in macro 'sky130_sram_2kbyte_1rw1r_32x512_8' has no ANTENNADIFFAREA value defined. The library data is incomplete and some process antenna rules will not be checked correctly.
Type 'man IMPLF-201' for more detail.
**WARN: (IMPLF-201):	Pin 'dout0[14]' in macro 'sky130_sram_2kbyte_1rw1r_32x512_8' has no ANTENNADIFFAREA value defined. The library data is incomplete and some process antenna rules will not be checked correctly.
Type 'man IMPLF-201' for more detail.
**WARN: (IMPLF-201):	Pin 'dout0[15]' in macro 'sky130_sram_2kbyte_1rw1r_32x512_8' has no ANTENNADIFFAREA value defined. The library data is incomplete and some process antenna rules will not be checked correctly.
Type 'man IMPLF-201' for more detail.
**WARN: (IMPLF-201):	Pin 'dout0[16]' in macro 'sky130_sram_2kbyte_1rw1r_32x512_8' has no ANTENNADIFFAREA value defined. The library data is incomplete and some process antenna rules will not be checked correctly.
Type 'man IMPLF-201' for more detail.
**WARN: (IMPLF-201):	Pin 'dout0[17]' in macro 'sky130_sram_2kbyte_1rw1r_32x512_8' has no ANTENNADIFFAREA value defined. The library data is incomplete and some process antenna rules will not be checked correctly.
Type 'man IMPLF-201' for more detail.
**WARN: (IMPLF-201):	Pin 'dout0[18]' in macro 'sky130_sram_2kbyte_1rw1r_32x512_8' has no ANTENNADIFFAREA value defined. The library data is incomplete and some process antenna rules will not be checked correctly.
Type 'man IMPLF-201' for more detail.
**WARN: (IMPLF-201):	Pin 'dout0[19]' in macro 'sky130_sram_2kbyte_1rw1r_32x512_8' has no ANTENNADIFFAREA value defined. The library data is incomplete and some process antenna rules will not be checked correctly.
Type 'man IMPLF-201' for more detail.
**WARN: (EMS-27):	Message (IMPLF-201) has exceeded the current message display limit of 20.
To increase the message display limit, refer to the product command reference manual.

##  Check design process and node:  
##  Design tech node is not set.

Loading view definition file from /nethome/dkhalil8/InnovateECE/PhysicalDesign/RTL2GDS/design/dbs/route.enc/viewDefinition.tcl
% Begin Load netlist data ... (date=03/17 20:20:48, mem=2084.3M)
*** Begin netlist parsing (mem=2084.3M) ***
Created 110 new cells from 2 timing libraries.
Reading netlist ...
Backslashed names will retain backslash and a trailing blank character.
Reading verilogBinary netlist '/nethome/dkhalil8/InnovateECE/PhysicalDesign/RTL2GDS/design/dbs/route.enc/Core.v.bin'

*** Memory Usage v#1 (Current mem = 2093.621M, initial mem = 949.766M) ***
*** End netlist parsing (cpu=0:00:00.0, real=0:00:00.0, mem=2093.6M) ***
% End Load netlist data ... (date=03/17 20:20:48, total cpu=0:00:00.1, real=0:00:00.0, peak res=2092.9M, current mem=2092.9M)
Top level cell is Core.
Hooked 110 DB cells to tlib cells.
Starting recursive module instantiation check.
No recursion found.
Building hierarchical netlist for Cell Core ...
***** UseNewTieNetMode *****.
*** Netlist is unique.
** info: there are 119 modules.
** info: there are 7706 stdCell insts.
** info: there are 7706 stdCell insts with at least one signal pin.
** info: there are 2 macros.

*** Memory Usage v#1 (Current mem = 2126.598M, initial mem = 949.766M) ***
*info: set bottom ioPad orient R0
**WARN: (IMPFP-3961):	The techSite 'CornerSite' has no related standard cells in the LEF/OA library. The calculations for this site type cannot be made unless standard cell models of this type exist in the LEF/OA library. Ignore this warning if the SITE is not used by the library. Alternatively, remove the SITE definition for the LEF/OA library to avoid this message.
Type 'man IMPFP-3961' for more detail.
**WARN: (IMPFP-3961):	The techSite 'IOSite' has no related standard cells in the LEF/OA library. The calculations for this site type cannot be made unless standard cell models of this type exist in the LEF/OA library. Ignore this warning if the SITE is not used by the library. Alternatively, remove the SITE definition for the LEF/OA library to avoid this message.
Type 'man IMPFP-3961' for more detail.
Start create_tracks
Generated pitch 3.66 in met5 is different from 3.22 defined in technology file in preferred direction.
Generated pitch 0.615 in met4 is different from 0.69 defined in technology file in preferred direction.
Generated pitch 0.61 in met3 is different from 0.69 defined in technology file in preferred direction.
Loading preference file /nethome/dkhalil8/InnovateECE/PhysicalDesign/RTL2GDS/design/dbs/route.enc/gui.pref.tcl ...
**WARN: (IMPDB-6501):	"set_db design_process_node" will be obsoleted in future release. Remove it from the script to avoid the interruption of running the script in future.
##  Process: 130           (User Set)               
##     Node: (not set)                           

##  Check design process and node:  
##  Design tech node is not set.

Applying the recommended capacitance filtering threshold values for 130nm process node: total_c_th=0, relative_c_th=1 and coupling_c_th=0.4.
	These values will be used by all post-route extraction engines, including TQuantus, IQuantus and Quantus QRC extraction.
	Capacitance filtering mode(extract_rc_cap_filter_mode option of the set_db) is 'relative_and_coupling' for all engines.
	The accuracy mode for post_route extract_rc_effort_level low extraction will be set to 'standard'.
	Default value for EffortLevel(extract_rc_effort_level option of the set_db) in post_route extraction mode is 'low'.
Effort level <high> specified for tdgp_reg2reg_default path_group
Slack adjustment of -0 applied on tdgp_reg2reg_default path_group
Change floorplan default-technical-site to 'CoreSite'.
*Info: initialize multi-corner CTS.
Total number of combinational cells: 87
Total number of sequential cells: 19
Total number of tristate cells: 3
Total number of level shifter cells: 0
Total number of power gating cells: 0
Total number of isolation cells: 0
Total number of power switch cells: 0
Total number of pulse generator cells: 0
Total number of always on buffers: 0
Total number of retention cells: 0
Total number of physical cells: 0
List of usable buffers: CLKBUFX2 BUFX2 CLKBUFX4 BUFX4 CLKBUFX8 BUFX8 BUFX16
Total number of usable buffers: 7
List of unusable buffers:
Total number of unusable buffers: 0
List of usable inverters: INVX2 INVX1 CLKINVX2 CLKINVX1 INVX4 CLKINVX4 INVX8 CLKINVX8 INVX16
Total number of usable inverters: 9
List of unusable inverters:
Total number of unusable inverters: 0
List of identified usable delay cells: DLY1X1 DLY1X4 DLY2X4 DLY4X4
Total number of identified usable delay cells: 4
List of identified unusable delay cells:
Total number of identified unusable delay cells: 0
Reading floorplan file - /nethome/dkhalil8/InnovateECE/PhysicalDesign/RTL2GDS/design/dbs/route.enc/Core.fp.gz (mem = 2434.3M).
% Begin Load floorplan data ... (date=03/17 20:20:50, mem=2435.0M)
*info: reset 9472 existing net BottomPreferredLayer and AvoidDetour
Deleting old partition specification.
Set FPlanBox to (0 0 1025800 1136200)
**WARN: (IMPFP-3961):	The techSite 'CornerSite' has no related standard cells in the LEF/OA library. The calculations for this site type cannot be made unless standard cell models of this type exist in the LEF/OA library. Ignore this warning if the SITE is not used by the library. Alternatively, remove the SITE definition for the LEF/OA library to avoid this message.
Type 'man IMPFP-3961' for more detail.
**WARN: (IMPFP-3961):	The techSite 'IOSite' has no related standard cells in the LEF/OA library. The calculations for this site type cannot be made unless standard cell models of this type exist in the LEF/OA library. Ignore this warning if the SITE is not used by the library. Alternatively, remove the SITE definition for the LEF/OA library to avoid this message.
Type 'man IMPFP-3961' for more detail.
 ... processed partition successfully.
Reading binary special route file /nethome/dkhalil8/InnovateECE/PhysicalDesign/RTL2GDS/design/dbs/route.enc/Core.fp.spr.gz (Created by Innovus v25.11-s102_1 on Tue Mar 17 20:19:36 2026, version: 1)
Ending "Read special route file" (total cpu=0:00:00.1, real=0:00:00.0, peak res=2436.8M, current mem=2436.8M)
There are 43 nets with weight being set
There are 44 nets with bottomPreferredRoutingLayer being set
There are 44 nets with avoidDetour being set
Extracting standard cell pins and blockage ...... 
Pin and blockage extraction finished
Delete all existing relative floorplan constraints.
% End Load floorplan data ... (date=03/17 20:20:50, total cpu=0:00:00.2, real=0:00:01.0, peak res=2437.4M, current mem=2437.4M)
Reading congestion map file /nethome/dkhalil8/InnovateECE/PhysicalDesign/RTL2GDS/design/dbs/route.enc/Core.route.congmap.gz ...
% Begin Load SymbolTable ... (date=03/17 20:20:51, mem=2437.4M)
Suppress "**WARN ..." messages.
Un-suppress "**WARN ..." messages.
% End Load SymbolTable ... (date=03/17 20:20:51, total cpu=0:00:00.1, real=0:00:00.0, peak res=2440.4M, current mem=2440.4M)
Loading place ...
% Begin Load placement data ... (date=03/17 20:20:51, mem=2440.4M)
Reading placement file - /nethome/dkhalil8/InnovateECE/PhysicalDesign/RTL2GDS/design/dbs/route.enc/Core.place.gz.
** Reading stdCellPlacement_binary (Created by Innovus v25.11-s102_1 on Tue Mar 17 20:19:37 2026, version# 2) ...
Read Views for adaptive view pruning ...
Read 0 views from Binary DB for adaptive view pruning
*** applyConnectGlobalNets disabled.
*** Completed restorePlace (cpu=0:00:00.1 real=0:00:00.0 mem=2444.8M) ***
Total net length = 4.453e+05 (2.135e+05 2.318e+05) (ext = 3.293e+03)
% End Load placement data ... (date=03/17 20:20:51, total cpu=0:00:00.1, real=0:00:00.0, peak res=2444.8M, current mem=2443.7M)
Reading PG file /nethome/dkhalil8/InnovateECE/PhysicalDesign/RTL2GDS/design/dbs/route.enc/Core.pg.gz, version#2, (Created by Innovus v25.11-s102_1 on       Tue Mar 17 20:19:36 2026)
*** Completed restorePGFile (cpu=0:00:00.0 real=0:00:00.0 mem=2444.2M) ***
% Begin Load routing data ... (date=03/17 20:20:51, mem=2444.0M)
Reading routing file - /nethome/dkhalil8/InnovateECE/PhysicalDesign/RTL2GDS/design/dbs/route.enc/Core.route.gz.
Reading Innovus routing data (Created by Innovus v25.11-s102_1 on Tue Mar 17 20:19:37 2026 Format: 23.1) ...
*** Total 9360 nets are successfully restored.
*** Completed restoreRoute (cpu=0:00:00.1 real=0:00:01.0 mem=2445.5M) ***
% End Load routing data ... (date=03/17 20:20:52, total cpu=0:00:00.2, real=0:00:01.0, peak res=2445.5M, current mem=2444.5M)
Loading Drc markers ...
... 3 markers are loaded ...
... 0 geometry drc markers are loaded ...
... 3 antenna drc markers are loaded ...
TAT_INFO: ::restoreCongMap REAL = 0 : CPU = 0 : MEM = 0.
Reading property file /nethome/dkhalil8/InnovateECE/PhysicalDesign/RTL2GDS/design/dbs/route.enc/Core.prop
*** Completed restoreProperty (cpu=0:00:00.1 real=0:00:00.0 mem=2449.2M) ***
Reading dirtyarea snapshot file /nethome/dkhalil8/InnovateECE/PhysicalDesign/RTL2GDS/design/dbs/route.enc/Core.db.da.gz (Create by Innovus v25.11-s102_1 on Tue Mar 17 20:19:38 2026, version: 8).
ff_v1.98_0C_Nominal_25 tt_v1.8_25C_Nominal_25 ss_v1.62_125C_Nominal_25
Change floorplan default-technical-site to 'CoreSite'.
Loading preRoute extraction data from directory '/nethome/dkhalil8/InnovateECE/PhysicalDesign/RTL2GDS/design/dbs/route.enc/extraction/' ...
Extraction setup Started for TopCell Core 
Initializing multi-corner RC extraction with 1 active RC Corners ...
Captable file(s) not specified in multi-corner setup. PreRoute extraction will use technology file. For post_route extraction, default value for effort level would be 'medium' and effort level 'low' would not be allowed.
Generating auto layer map file.
Loading preRoute extracted patterns from file '/nethome/dkhalil8/InnovateECE/PhysicalDesign/RTL2GDS/design/dbs/route.enc/Core.techData.gz' ...
Completed (cpu: 0:00:00.3 real: 0:00:01.0)
Set Shrink Factor to 1.00000
Summary of Active RC-Corners : 
 
 Analysis View: tt_v1.8_25C_Nominal_25_func
    RC-Corner Name        : Nominal_25C
    RC-Corner Index       : 0
    RC-Corner Temperature : 25 Celsius
    RC-Corner Cap Table   : ''
    RC-Corner PreRoute Res Factor         : 1
    RC-Corner PreRoute Cap Factor         : 1
    RC-Corner PostRoute Res Factor        : 1 {1 1 1}
    RC-Corner PostRoute Cap Factor        : 1 {1 1 1}
    RC-Corner PostRoute XCap Factor       : 1 {1 1 1}
    RC-Corner PreRoute Clock Res Factor   : 1	[Derived from postRoute_res (effortLevel low)]
    RC-Corner PreRoute Clock Cap Factor   : 1	[Derived from postRoute_cap (effortLevel low)]
    RC-Corner PostRoute Clock Cap Factor  : 1 {1 1 1} 
    RC-Corner PostRoute Clock Res Factor  : 1 {1 1 1} 
    RC-Corner PostRoute Clock coupling capacitance Factor : 1 {1 1 1} 
    RC-Corner Technology file: '/nethome/dkhalil8/InnovateECE/PhysicalDesign/RTL2GDS/design/dbs/route.enc/libs/mmmc/Nominal_25C/qrcTechFile'
Restored Grid density data
Initializing multi-corner resistance tables ...
Default value for post_route extraction mode's extract_rc_effort_level (extract_rc_effort_level option of set_db) changed to 'medium'.
Start generating vias ..
#Skip building auto via since it is not turned on.
Extracting standard cell pins and blockage ...... 
Pin and blockage extraction finished
Via generation completed.
% Begin Load power constraints ... (date=03/17 20:20:54, mem=2480.5M)
source /nethome/dkhalil8/InnovateECE/PhysicalDesign/RTL2GDS/design/dbs/route.enc/Core_power_constraints.tcl
'set_default_switching_activity' finished successfully.
% End Load power constraints ... (date=03/17 20:20:54, total cpu=0:00:00.1, real=0:00:00.0, peak res=2502.3M, current mem=2502.3M)
ff_v1.98_0C_Nominal_25 tt_v1.8_25C_Nominal_25 ss_v1.62_125C_Nominal_25
% Begin load AAE data ... (date=03/17 20:20:54, mem=2514.1M)
**WARN: (IMPESI-3505):	set_db delaycal_eng_enablePrePlacedFlow false (default=false) will be obsoleted along with its sgs2set equivalent.  This parameter will continue to be supported in the current release, but will be removed in the next major release of the software.
AAE DB initialization (MEM=2529.335938 CPU=0:00:00.0 REAL=0:00:00.0) 
% End load AAE data ... (date=03/17 20:20:55, total cpu=0:00:00.8, real=0:00:01.0, peak res=2529.3M, current mem=2529.3M)
Restoring CCOpt config...
  Extracting original clock gating for core_clock...
    clock_tree core_clock contains 1446 sinks and 0 clock gates.
  Extracting original clock gating for core_clock done.
  The skew group core_clock/func was created. It contains 1446 sinks and 1 sources.
  The skew group core_clock/func was created. It contains 1446 sinks and 1 sources.
Restoring CCOpt config done.
Total number of combinational cells: 87
Total number of sequential cells: 19
Total number of tristate cells: 3
Total number of level shifter cells: 0
Total number of power gating cells: 0
Total number of isolation cells: 0
Total number of power switch cells: 0
Total number of pulse generator cells: 0
Total number of always on buffers: 0
Total number of retention cells: 0
Total number of physical cells: 0
List of usable buffers: CLKBUFX2 BUFX2 CLKBUFX4 BUFX4 CLKBUFX8 BUFX8 BUFX16
Total number of usable buffers: 7
List of unusable buffers:
Total number of unusable buffers: 0
List of usable inverters: INVX2 INVX1 CLKINVX2 CLKINVX1 INVX4 CLKINVX4 INVX8 CLKINVX8 INVX16
Total number of usable inverters: 9
List of unusable inverters:
Total number of unusable inverters: 0
List of identified usable delay cells: DLY1X1 DLY1X4 DLY2X4 DLY4X4
Total number of identified usable delay cells: 4
List of identified unusable delay cells:
Total number of identified unusable delay cells: 0
**WARN: (IMPCTE-107):	The following globals have been obsoleted since version (null). They will be removed in the next release. 
timing_aocv_enable_gba_combine_launch_capture
timing_enable_backward_compatible_latch_thru_mt_mode
timing_enable_separate_device_slew_effect_sensitivities
#% End load design ... (date=03/17 20:20:55, total cpu=0:00:08.8, real=0:00:11.0, peak res=2544.6M, current mem=2533.9M)

*** Summary of all messages that are not suppressed in this session:
Severity  ID               Count  Summary                                  
WARNING   IMPLF-200           60  Pin '%s' in macro '%s' has no ANTENNAGAT...
WARNING   IMPLF-201           64  Pin '%s' in macro '%s' has no ANTENNADIF...
WARNING   IMPFP-3961           4  The techSite '%s' has no related standar...
WARNING   IMPDBTCL-321        15  The attribute '%s' still works but will ...
WARNING   IMPDB-6501           2  "set_db design_process_node" will be obs...
WARNING   IMPESI-3505          1  set_db delaycal_eng_%s (default=%s) will...
WARNING   IMPCTE-107           1  The following globals have been obsolete...
*** Message Summary: 147 warning(s), 0 error(s)

UM:   flow.cputime  flow.realtime  timing.setup.tns  timing.setup.wns  snapshot
UM:*                                                                   read_db
Sourcing flow scripts...
Sourcing flow scripts done.
reading previous metrics...
Begin steps for plugin point Cadence.plugin.flowkit.read_db.post
#@ Begin verbose flow_step activate_views
@flow 2: apply {{} {
    set db [get_db flow_starting_db]
    set flow [lindex [get_db flow_hier_path] end]
    set setup_views [get_feature -obj $flow setup_views]
    set hold_views [get_feature -obj $flow hold_views]
    set leakage_view [get_feature -obj $flow leakage_view]
    set dynamic_view [get_feature -obj $flow dynamic_view]
  
    if {($setup_views ne "") || ($hold_views ne "") || ($leakage_view ne "") || ($dynamic_view ne "")} {
      #- use read_db args for DB types and set_analysis_views for TCL
      if {([llength [get_db analysis_views]]) > 0 &&  ([lindex $db 0] eq {tcl} || [lindex $db 0] in {enc cdb} && [file isfile [lindex $db 1]])} {
        set cmd "set_analysis_view"
        if {$setup_views ne ""} {
          append cmd " -setup [list $setup_views]"
        } else {
          append cmd " -setup [list [get_db [get_db analysis_views -if .is_setup] .name]]"
        }
        if {$hold_views ne ""} {
          append cmd " -hold [list $hold_views]"
        } else {
          append cmd " -hold [list [get_db [get_db analysis_views -if .is_hold] .name]]"
        }
        if {$leakage_view ne ""} {
          append cmd " -leakage [list $leakage_view]"
        } else {
          if {[llength [get_db analysis_views -if .is_leakage]] > 0} {
            append cmd " -leakage [list [get_db [get_db analysis_views -if .is_leakage] .name]]"
          }
        }
        if {$dynamic_view ne ""} {
          append cmd " -dynamic [list $dynamic_view]"
        } else {
          if {[llength [get_db analysis_views -if .is_dynamic]] > 0} {
            append cmd " -dynamic [list [get_db [get_db analysis_views -if .is_dynamic] .name]]"
          }
        }
        eval $cmd
      } elseif {[llength [get_db analysis_views]] == 0} {
        set cmd "set_flowkit_read_db_args"
        if {$setup_views ne ""} {
          append cmd " -setup_views [list $setup_views]"
        }
        if {$hold_views ne ""} {
          append cmd " -hold_views [list $hold_views]"
        }
        if {$leakage_view ne ""} {
          append cmd " -leakage_view [list $leakage_view]"
        }
        if {$dynamic_view ne ""} {
          append cmd " -dynamic_view [list $dynamic_view]"
        }
        eval $cmd
      } else {
      }
    }
  }}
#@ End verbose flow_step activate_views
#@ Begin verbose flow_step init_mcpu
@flow 2: apply {{} {
    # Multi host/cpu attributes
    #-----------------------------------------------------------------------------
    # The FLOWTOOL_NUM_CPUS is an environment variable which should be exported by
    # the specified dist script.  This connects the number of CPUs being reserved
    # for batch jobs with the current flow scripts.  The LSB_MAX_NUM_PROCESSORS is
    # a typical environment variable exported by distribution platforms and is
    # useful for ensuring all interactive jobs are using the reserved amount of CPUs.
    if {[info exists ::env(FLOWTOOL_NUM_CPUS)]} {
      set max_cpus $::env(FLOWTOOL_NUM_CPUS)
    } elseif {[info exists ::env(LSB_MAX_NUM_PROCESSORS)]} {
      set max_cpus $::env(LSB_MAX_NUM_PROCESSORS)
    } else {
      set max_cpus 1
    }
    switch -glob [get_db program_short_name] {
      default       {}
      joules*       -
      genus*        -
      innovus*      -
      tempus*       -
      voltus*       { set_multi_cpu_usage -verbose -local_cpu $max_cpus }
    }
if {[get_feature opt_signoff]} {
      if {[is_flow -inside flow:opt_signoff]} {
        set_multi_cpu_usage -verbose -remote_host 1
        set_multi_cpu_usage -verbose -cpu_per_remote_host 16
        set_distributed_hosts -local
      }
}
  }}
set_multi_cpu_usage -local_cpu 1
#@ End verbose flow_step init_mcpu
End steps for plugin point Cadence.plugin.flowkit.read_db.post
      flow.cputime  flow.realtime  timing.setup.tns  timing.setup.wns  snapshot
UM:*                                                                   init_flow
      flow.cputime  flow.realtime  timing.setup.tns  timing.setup.wns  snapshot
UM:*                                                                   postroute
#@ Begin verbose flow_step implementation.postroute.block_start
@@flow 2: set_db flow_write_db_common false
#@ End verbose flow_step implementation.postroute.block_start
      flow.cputime  flow.realtime  timing.setup.tns  timing.setup.wns  snapshot
UM:          52.61             55                                      block_start
#@ Begin verbose flow_step implementation.postroute.init_innovus.init_innovus_yaml
@flow 2: if {[get_feature report_lec]} {...}
@flow 8: # Design attributes  [get_db -category design]
@flow 9: #-------------------------------------------------------------------------------
@@flow 10: set_db design_process_node 130
**WARN: (IMPDB-6501):	"set_db design_process_node" will be obsoleted in future release. Remove it from the script to avoid the interruption of running the script in future.
##  Process: 130           (User Set)               
##     Node: (not set)                           

##  Check design process and node:  
##  Design tech node is not set.

Applying the recommended capacitance filtering threshold values for 130nm process node: total_c_th=0, relative_c_th=1 and coupling_c_th=0.4.
	These values will be used by all post-route extraction engines, including TQuantus, IQuantus and Quantus QRC extraction.
	Capacitance filtering mode(extract_rc_cap_filter_mode option of the set_db) is 'relative_and_coupling' for all engines.
	The accuracy mode for post_route extract_rc_effort_level low extraction will be set to 'standard'.
	Default value for EffortLevel(extract_rc_effort_level option of the set_db) in post_route extraction mode is 'low'.
@@flow 11: set_db design_top_routing_layer met5
@@flow 12: set_db design_bottom_routing_layer met1
@@flow 13: set_db design_flow_effort standard
@@flow 14: set_db design_power_effort none
@flow 16: # Timing attributes  [get_db -category timing && delaycalc]
@flow 17: #-------------------------------------------------------------------------------
@@flow 18: set_db timing_analysis_cppr           both
@@flow 19: set_db timing_analysis_type           ocv
@@flow 20: set_db timing_analysis_aocv 0
@@flow 21: set_db timing_analysis_socv 0
@flow 22: if {[get_feature report_pba]} {...}
@flow 26: # Extraction attributes  [get_db -category extract_rc]
@flow 27: #-------------------------------------------------------------------------------
@flow 28: if {[is_flow -after route.block_finish]} {
@@flow 29: set_db delaycal_enable_si           true
AAE_INFO: switching set_db delaycal_enable_si from false to true ...
AAE_INFO: The setting is changed from false to true in set_db delaycal_enable_si
@@flow 30: set_db extract_rc_engine            post_route
@flow 31: }
@flow 33: # Tieoff attributes  [get_db -category add_tieoffs]
@flow 34: #-------------------------------------------------------------------------------
@@flow 35: set_db add_tieoffs_cells {TIEHI TIELO}
@flow 37: # Optimization attributes  [get_db -category opt]
@flow 38: #-------------------------------------------------------------------------------
@@flow 39: set_db opt_new_inst_prefix            "[get_db flow_report_name]_"
@@flow 40: set_db opt_leakage_to_dynamic_ratio 0.5
@flow 42: # Clock attributes  [get_db -category cts]
@flow 43: #-------------------------------------------------------------------------------
@@flow 44: set_db cts_target_skew auto
@@flow 45: set_db cts_target_max_transition_time_top 100
@@flow 46: set_db cts_target_max_transition_time_trunk 100
@@flow 47: set_db cts_target_max_transition_time_leaf 100
@@flow 49: set_db cts_buffer_cells {CLKBUFX2 CLKBUFX4 CLKBUFX8}
@@flow 50: set_db cts_inverter_cells {CLKINVX1 CLKINVX2 CLKINVX4 CLKINVX8}
@@flow 51: set_db cts_clock_gating_cells ICGX1
@@flow 52: set_db cts_logic_cells {CLKAND2X2 CLKXOR2X1 CLKMX2X2 CLKINVX1 CLKINVX2 CLKINVX4 CLKINVX8}
@flow 54: # Filler attributes  [get_db -category add_fillers]
@flow 55: #-------------------------------------------------------------------------------
@@flow 56: set_db add_fillers_cells {FILL1 FILL2 FILL4 FILL8 FILL16 FILL32 FILL64}
@flow 58: # Routing attributes  [get_db -category route]
@flow 59: #-------------------------------------------------------------------------------
#@ End verbose flow_step implementation.postroute.init_innovus.init_innovus_yaml
      flow.cputime  flow.realtime  timing.setup.tns  timing.setup.wns  snapshot
UM:           6.55              6                                      init_innovus_yaml
      flow.cputime  flow.realtime  timing.setup.tns  timing.setup.wns  snapshot
UM:*                                                                   init_innovus
#@ Begin verbose flow_step implementation.postroute.init_innovus.init_innovus_user
@flow 2: # Timing attributes  [get_db -category timing && delaycalc]
@flow 3: #-----------------------------------------------------------------------------
@flow 5: # Extraction attributes  [get_db -category extract_rc]
@flow 6: #-----------------------------------------------------------------------------
@flow 8: # Floorplan attributes  [get_db -category floorplan]
@flow 9: #-----------------------------------------------------------------------------
@@flow 10: set_db finish_floorplan_active_objs   [list macro soft_blockage core]
@flow 12: # Placement attributes  [get_db -category place]
@flow 13: #-----------------------------------------------------------------------------
@flow 15: # Optimization attributes  [get_db -category opt]
@flow 16: #-----------------------------------------------------------------------------
@flow 18: # Clock attributes  [get_db -category cts]
@flow 19: #-----------------------------------------------------------------------------
@flow 21: # Routing attributes  [get_db -category route]
@flow 22: #-----------------------------------------------------------------------------
#@ End verbose flow_step implementation.postroute.init_innovus.init_innovus_user
      flow.cputime  flow.realtime  timing.setup.tns  timing.setup.wns  snapshot
UM:           5.28              5                                      init_innovus_user
#@ Begin verbose flow_step implementation.postroute.run_opt_postroute
@flow 2: #- perform postroute and SI based setup optimization
@@flow 3: opt_design -post_route -setup -hold -report_dir debug -report_prefix [get_db flow_report_name]
**opt_design ... cpu = 0:00:00, real = 0:00:00, mem = 2592.1M, totSessionCpu=0:01:10 **
*** opt_design #1 [begin] () : totSession cpu/real = 0:01:10.2/0:01:12.4 (1.0), mem = 2592.1M
GigaOpt running with 1 threads.
*** InitOpt #1 [begin] (opt_design #1) : totSession cpu/real = 0:01:10.2/0:01:12.4 (1.0), mem = 2592.3M
**INFO: User settings:
delaycal_enable_high_fanout                                                         true
delaycal_enable_ideal_seq_async_pins                                                false
delaycal_enable_si                                                                  true
delaycal_eng_enablepreplacedflow                                                    false
delaycal_ignore_net_load                                                            false
delaycal_socv_accuracy_mode                                                         low
setAnalysisMode -monteCarlo                                                         false
setDelayCalMode -enable_hier_save_restore_flow                                      false
setDelayCalMode -engine                                                             aae
design_bottom_routing_layer                                                         met1
design_flow_effort                                                                  standard
design_power_effort                                                                 none
design_process_node                                                                 130
design_top_routing_layer                                                            met5
extract_rc_assume_metal_fill                                                        0.0
extract_rc_coupled                                                                  true
extract_rc_coupling_cap_threshold                                                   0.4
extract_rc_engine                                                                   post_route
extract_rc_pre_place_site_size                                                      4.6
extract_rc_pre_place_wire_length_slope                                              1.9
extract_rc_pre_place_wire_length_y0                                                 2.0
extract_rc_relative_cap_threshold                                                   1.0
extract_rc_shrink_factor                                                            1.0
extract_rc_total_cap_threshold                                                      0.0
multibit_aware_seq_mapping                                                          auto
opt_drv                                                                             true
opt_drv_margin                                                                      0.0
opt_leakage_to_dynamic_ratio                                                        0.5
opt_multi_bit_flop_name_prefix                                                      CDN_MBIT_
opt_multi_bit_flop_name_separator                                                   _MB_
opt_new_inst_prefix                                                                 postroute_
opt_preserve_all_sequential                                                         false
opt_resize_flip_flops                                                               true
opt_setup_target_slack                                                              0.0
opt_skew_eco_route                                                                  false
opt_view_pruning_hold_target_slack_auto_flow                                        0
opt_view_pruning_hold_views_active_list                                             { tt_v1.8_25C_Nominal_25_func }
opt_view_pruning_hold_views_persistent_list                                         { tt_v1.8_25C_Nominal_25_func}
opt_view_pruning_setup_views_active_list                                            { tt_v1.8_25C_Nominal_25_func }
opt_view_pruning_setup_views_persistent_list                                        { tt_v1.8_25C_Nominal_25_func}
opt_view_pruning_tdgr_setup_views_persistent_list                                   { tt_v1.8_25C_Nominal_25_func}
extract_rc_model_file                                                               /nethome/dkhalil8/InnovateECE/PhysicalDesign/RTL2GDS/design/dbs/route.enc/libs/misc/rc_model.bin
route_detail_use_lef_pin_taper_rule                                                 true
route_exp_design_mode_bottom_routing_layer                                          1
route_exp_design_mode_top_routing_layer                                             5
route_extract_third_party_compatible                                                false
route_global_exp_timing_driven_std_delay                                            37.6
route_global_exp_timing_driven_use_tif_timing_engine_for_import_design              false
route_re_insert_filler_cell_list                                                    {FILL1 FILL2 FILL4 FILL8 FILL16 FILL32 FILL64}
route_re_insert_filler_cell_list_from_file                                          false
setNanoRouteMode -timingEngine                                                      .timing_file_580666_5136b7ca-a66c-44c0-88ac-9ced5569fb16.tif.gz
setActiveLogicViewMode -keepHighFanoutCriticalInsts                                 false
getAnalysisMode -monteCarlo                                                         false
getDelayCalMode -enable_hier_save_restore_flow                                      false
getDelayCalMode -engine                                                             aae
getImportMode -config                                                               true
get_power_analysis_mode -honor_net_activity_for_tcf                                 false
get_power_analysis_mode -honor_sublevel_activity                                    true
getNanoRouteMode -timingEngine                                                      .timing_file_580666_5136b7ca-a66c-44c0-88ac-9ced5569fb16.tif.gz
getAnalysisMode -monteCarlo                                                         false
**INFO: set_db design_flow_effort standard -> setting 'set_db opt_all_end_points true' for the duration of this command.
Disable merging buffers from different footprints for postRoute code for non-MSV designs
Need call spDPlaceInit before registerPrioInstLoc.
**WARN: (IMPSP-362):	Site 'CoreSite' has one std.Cell height, so ignoring its X-symmetry.
Type 'man IMPSP-362' for more detail.
	CornerforLayerOpt timing analysis view tt_v1.8_25C_Nominal_25_func has been selected for calibration 
	CornerforLayerOpt timing analysis view tt_v1.8_25C_Nominal_25_func has been selected for calibration 
**WARN: (IMPOPT-7320):	Glitch fixing has been disabled since glitch reporting is disabled. Glitch reporting can be enabled using command set_db si_glitch_enable_report true
ff_v1.98_0C tt_v1.8_25C ss_v1.62_125C
Info: Using SynthesisEngine executable '/tools/software/cadence/ddi/latest/INNOVUS251/bin/innovus_'.
      (normalized executable '/tools/software/cadence/ddi/25.11.001/INNOVUS251/bin/innovus_')
      SynthesisEngine workers will not check out additional licenses.
**opt_design ... cpu = 0:00:02, real = 0:00:40, mem = 2762.9M, totSessionCpu=0:01:12 **
Existing Dirty Nets : 0
New Signature Flow (optDesignCheckOptions) ....
#Taking db snapshot
#Taking db snapshot ... done
Begin checking placement ... (start mem=2763.5M, init mem=2767.7M)
Pre-route DRC Violation:    458
*info: Placed = 25582          (Fixed = 44)
*info: Unplaced = 0           
Placement Density:100.00%(468539/468539)
Placement Density (including fixed std cells):100.00%(468539/468539)
Finished check_place (total: cpu=0:00:00.5, real=0:00:01.0; vio checks: cpu=0:00:00.4, real=0:00:01.0; mem=2777.4M)
**WARN: (IMPOPT-306):	Found placement violations in the postRoute mode.
**INFO: It is recommended to fix the placement violations and reroute the design
**INFO: Command refinePlace may be used to fix the placement violations
#optDebug: { P: 130 W: 3201 FE: standard PE: none LDR: 0.5}
 Initial DC engine is -> aae
 
 AAE-Opt:: Current number of nets in RC Memory -> 100 K
 
 
 AAE-Opt:: New number of nets in RC Memory -> 100 K
 
Reset EOS DB
Ignoring AAE DB Resetting ...
 Set Options for AAE Based Opt flow 
*** opt_design -post_route ***
DRC Margin: user margin 0.0; extra margin 0
Setup Target Slack: user slack 0
Hold Target Slack: user slack 0
Include MVT Delays for Hold Opt
Multi-VT timing optimization disabled based on library information.
**INFO: Using Advanced Metric Collection system.
*** InitOpt #1 [finish] (opt_design #1) : cpu/real = 0:00:02.9/0:00:40.9 (0.1), totSession cpu/real = 0:01:13.1/0:01:53.4 (0.6), mem = 2778.9M
** INFO : this run is activating 'postRoute' automaton
**INFO: flowCheckPoint #1 InitialSummary
#Extract in post route mode
#Finish check_net_pin_list step Enter extract_rc_in_nr_cmd
#Fast data preparation for tQuantus.
#Start routing data preparation on Tue Mar 17 20:22:01 2026
#
#WARNING (NRDB-2040) Rule LEF_DEFAULT doesn't specify any vias that satisfy all of the area rules for layer met3 
# met1         H   Track-Pitch = 0.4600    Line-2-Via Pitch = 0.3400
# met2         V   Track-Pitch = 0.4600    Line-2-Via Pitch = 0.3400
# met3         H   Track-Pitch = 0.6100    Line-2-Via Pitch = 0.6100
# met4         V   Track-Pitch = 0.6150    Line-2-Via Pitch = 0.6150
# met5         H   Track-Pitch = 3.6600    Line-2-Via Pitch = 3.2000
#Regenerating Ggrids automatically.
#Auto generating G-grids with size=15 tracks, using layer met3's pitch = 0.6150.
#Using automatically generated G-grids.
#Done routing data preparation.
#cpu time = 00:00:00, elapsed time = 00:00:00, memory = 2802.30 (MB), peak = 2802.84 (MB)
#Start routing data preparation on Tue Mar 17 20:22:01 2026
#
#Bottom routing layer index=1(met1), bottom routing layer for shielding=1(met1), bottom shield layer=1(met1) top shield layer=5(met5)
#shield_bottom_stripe_layer=1(met1), shield_top_stripe_layer=5(met5)
#pin_access_rlayer=2(met2) num_routing_layer=5 top_routing_layer=5 top_ripin_layer=5
#shield_top_dpt_rlayer=-1 top_rlayer=5 top_trim_metal_rlayer=-1 rlayer_lowest=1 bottom_rlayer=1
#enable_trim_layer_shield=F enable_dpt_layer_shield=F has_line_end_grid=F
#Regenerating Ggrids automatically.
#Auto generating G-grids with size=15 tracks, using layer met3's pitch = 0.6150.
#Using automatically generated G-grids.
#Done routing data preparation.
#cpu time = 00:00:00, elapsed time = 00:00:00, memory = 2817.98 (MB), peak = 2817.98 (MB)
#
#Start tQuantus RC extraction...
#Start building rc corner(s)...
#Number of RC Corner = 1
#Corner Nominal_25C /nethome/dkhalil8/InnovateECE/PhysicalDesign/RTL2GDS/SiliconJackets/cadence_sky130/sky130_release_0.0.4/quantus/extraction/typical/qrcTechFile 25.000000 (real) 
#(i=5, n=5 1000)
#metal1 -> met1 (1)
#metal2 -> met2 (2)
#metal3 -> met3 (3)
#metal4 -> met4 (4)
#metal5 -> met5 (5)
#SADV-On
# Corner(s) : 
#Nominal_25C [25.00]
# Corner id: 0
# Layout Scale: 1.000000
# Has Metal Fill model: yes
# Temperature was set
# Temperature : 25.000000
# Ref. Temp   : 25.000000
#SADV-Off
#
#layer[5] tech width 1600 != ict width 800.0
#
#layer[5] tech spc 1600 != ict spc 800.0
#total pattern=35 [5, 90]
#Reading previously stored rc_model file ( /nethome/dkhalil8/InnovateECE/PhysicalDesign/RTL2GDS/design/dbs/route.enc/libs/misc/rc_model.bin ) ...
#found CAPMODEL /nethome/dkhalil8/InnovateECE/PhysicalDesign/RTL2GDS/SiliconJackets/cadence_sky130/sky130_release_0.0.4/quantus/extraction/typical/qrcTechFile
#found RESMODEL /nethome/dkhalil8/InnovateECE/PhysicalDesign/RTL2GDS/SiliconJackets/cadence_sky130/sky130_release_0.0.4/quantus/extraction/typical/qrcTechFile 25.000000 
#CCE Version read = IQuantus/TQuantus 24.1.0-s290
#number model r/c [1,1] [5,90] read
#0 rcmodel(s) requires rebuild
#Build RC corners: cpu time = 00:00:00, elapsed time = 00:00:00, memory = 2825.68 (MB), peak = 2828.97 (MB)
#Finish check_net_pin_list step Enter extract
#Start init net ripin tree building
#Finish init net ripin tree building
#Cpu time = 00:00:00
#Elapsed time = 00:00:00
#Increased memory = 0.32 (MB)
#Total memory = 2826.00 (MB)
#Peak memory = 2828.97 (MB)
#begin processing metal fill model file
#end processing metal fill model file
#Length limit = 200 pitches
#opt mode = 2
#Finish check_net_pin_list step Fix net pin list
#Start generate extraction boxes.
#
#Extract using 30 x 30 Hboxes
#5x5 initial hboxes
#Use area based hbox pruning.
#0/0 hboxes pruned.
#Complete generating extraction boxes.
#Extract 15 hboxes with single thread on machine with  Xeon 2.80GHz 19712KB Cache 112CPU...
#Process 0 special clock nets for rc extraction
#Total 7845 nets were built. 690 nodes added to break long wires. 0 net(s) have incomplete routes.
#Start inst blockage merging.
#Run Statistics for Extraction:
#   Cpu time = 00:00:09, elapsed time = 00:00:09 .
#   Increased memory =   104.20 (MB), total memory =  2930.19 (MB), peak memory =  2930.19 (MB)
#Register nets and terms for rcdb /nethome/dkhalil8/InnovateECE/PhysicalDesign/RTL2GDS/design/innovus_temp_644643_9c1983e0-14da-4b1f-92b3-0ba950948d44_ece-linlabsrv01_dkhalil8_dRqZGc/nr0_644643_9c1983e0-14da-4b1f-92b3-0ba950948d44VDhtrj.rcdb.d
#Finish registering nets and terms for rcdb.
#Simplify RC tree: cpu time = 00:00:00, elapsed time = 00:00:00, memory = 2878.81 (MB), peak = 2930.28 (MB)
#RC Statistics: 47441 Res, 28032 Ground Cap, 26699 XCap (Edge to Edge)
#WARNING (NREX-102) Net UNCONNECTED1439 is not extracted due to Has no routing. The result of timing analysis involving such net is inaccurate.
#WARNING (NREX-102) Net UNCONNECTED312 is not extracted due to Has no routing. The result of timing analysis involving such net is inaccurate.
#WARNING (NREX-102) Net UNCONNECTED166 is not extracted due to Has no routing. The result of timing analysis involving such net is inaccurate.
#WARNING (NREX-102) Net InstructionDecode_Module_EX_instruction_opcode\[0\]_4001 is not extracted due to Has no routing. The result of timing analysis involving such net is inaccurate.
#WARNING (NREX-102) Net UNCONNECTED1508 is not extracted due to Has no routing. The result of timing analysis involving such net is inaccurate.
#WARNING (NREX-102) Net UNCONNECTED1443 is not extracted due to Has no routing. The result of timing analysis involving such net is inaccurate.
#WARNING (NREX-102) Net UNCONNECTED1445 is not extracted due to Has no routing. The result of timing analysis involving such net is inaccurate.
#WARNING (NREX-102) Net UNCONNECTED1446 is not extracted due to Has no routing. The result of timing analysis involving such net is inaccurate.
#WARNING (NREX-102) Net UNCONNECTED1444 is not extracted due to Has no routing. The result of timing analysis involving such net is inaccurate.
#WARNING (NREX-102) Net UNCONNECTED1441 is not extracted due to Has no routing. The result of timing analysis involving such net is inaccurate.
#WARNING (NREX-102) Net UNCONNECTED1448 is not extracted due to Has no routing. The result of timing analysis involving such net is inaccurate.
#WARNING (NREX-102) Net UNCONNECTED1447 is not extracted due to Has no routing. The result of timing analysis involving such net is inaccurate.
#WARNING (NREX-102) Net UNCONNECTED1449 is not extracted due to Has no routing. The result of timing analysis involving such net is inaccurate.
#WARNING (NREX-102) Net UNCONNECTED1454 is not extracted due to Has no routing. The result of timing analysis involving such net is inaccurate.
#WARNING (NREX-102) Net UNCONNECTED1452 is not extracted due to Has no routing. The result of timing analysis involving such net is inaccurate.
#WARNING (NREX-102) Net UNCONNECTED1450 is not extracted due to Has no routing. The result of timing analysis involving such net is inaccurate.
#WARNING (NREX-102) Net UNCONNECTED1451 is not extracted due to Has no routing. The result of timing analysis involving such net is inaccurate.
#WARNING (NREX-102) Net UNCONNECTED1459 is not extracted due to Has no routing. The result of timing analysis involving such net is inaccurate.
#WARNING (NREX-102) Net UNCONNECTED1456 is not extracted due to Has no routing. The result of timing analysis involving such net is inaccurate.
#WARNING (NREX-102) Net UNCONNECTED1457 is not extracted due to Has no routing. The result of timing analysis involving such net is inaccurate.
#WARNING (EMS-27) Message (NREX-102) has exceeded the current message display limit of 20.
#To increase the message display limit, refer to the product command reference manual.
#RC V/H edge ratio: 0.43, Avg V/H Edge Length: 6779.70 (26390), Avg L-Edge Length: 14456.04 (16703)
#Nets and terms are pre-registered for rcdb /nethome/dkhalil8/InnovateECE/PhysicalDesign/RTL2GDS/design/innovus_temp_644643_9c1983e0-14da-4b1f-92b3-0ba950948d44_ece-linlabsrv01_dkhalil8_dRqZGc/nr0_644643_9c1983e0-14da-4b1f-92b3-0ba950948d44VDhtrj.rcdb.d.
#Start writing RC data.
#Finish writing RC data
#Finish writing rcdb with 55810 nodes, 47965 edges, and 67376 xcaps
#cpu time = 00:00:00, elapsed time = 00:00:00, memory = 2875.84 (MB), peak = 2930.28 (MB)
Restoring parasitic data from file '/nethome/dkhalil8/InnovateECE/PhysicalDesign/RTL2GDS/design/innovus_temp_644643_9c1983e0-14da-4b1f-92b3-0ba950948d44_ece-linlabsrv01_dkhalil8_dRqZGc/nr0_644643_9c1983e0-14da-4b1f-92b3-0ba950948d44VDhtrj.rcdb.d' ...
Reading RCDB with compressed RC data.
Reading RCDB with compressed RC data.
Begin read_parasitics... (cpu: 0:00:00.0 real: 0:00:00.0 mem: 2876.090M)
Following multi-corner parasitics specified:
	/nethome/dkhalil8/InnovateECE/PhysicalDesign/RTL2GDS/design/innovus_temp_644643_9c1983e0-14da-4b1f-92b3-0ba950948d44_ece-linlabsrv01_dkhalil8_dRqZGc/nr0_644643_9c1983e0-14da-4b1f-92b3-0ba950948d44VDhtrj.rcdb.d (rcdb)
Reading RCDB with compressed RC data.
		Cell Core has rcdb /nethome/dkhalil8/InnovateECE/PhysicalDesign/RTL2GDS/design/innovus_temp_644643_9c1983e0-14da-4b1f-92b3-0ba950948d44_ece-linlabsrv01_dkhalil8_dRqZGc/nr0_644643_9c1983e0-14da-4b1f-92b3-0ba950948d44VDhtrj.rcdb.d specified
Cell Core, hinst 
Reading RCDB with compressed RC data.
Done read_parasitics... (cpu: 0:00:00.2 real: 0:00:00.0 mem: 2877.191M)
#
#Restore RCDB.
#
#Complete tQuantus RC extraction.
#Cpu time = 00:00:10
#Elapsed time = 00:00:10
#Increased memory = 59.21 (MB)
#Total memory = 2877.19 (MB)
#Peak memory = 2930.28 (MB)
#
#690 inserted nodes are removed
#Restored 0 tie nets, 0 tie snets, 0 partial nets
#Start Design Signature (0)
#Finish Inst Signature in MT(53606254)
#Finish Net Signature in MT(104117463)
#Finish SNet Signature in MT (142827583)
#Run time and memory report for RC extraction:
#RC extraction running on  Xeon 2.80GHz 19712KB Cache 112CPU.
#Run Statistics for snet signature:
#   Cpu time = 00:00:00, elapsed time = 00:00:00 .
#   Increased memory =     0.00 (MB), total memory =  2850.15 (MB), peak memory =  2930.28 (MB)
#Run Statistics for Net Final Signature:
#   Cpu time = 00:00:00, elapsed time = 00:00:00 .
#   Increased memory =     0.00 (MB), total memory =  2850.15 (MB), peak memory =  2930.28 (MB)
#Run Statistics for Net launch:
#   Cpu time = 00:00:00, elapsed time = 00:00:00 .
#   Increased memory =     0.00 (MB), total memory =  2850.15 (MB), peak memory =  2930.28 (MB)
#Run Statistics for Net init_dbsNet_slist:
#   Cpu time = 00:00:00, elapsed time = 00:00:00 .
#   Increased memory =     0.00 (MB), total memory =  2850.15 (MB), peak memory =  2930.28 (MB)
#Run Statistics for net signature:
#   Cpu time = 00:00:00, elapsed time = 00:00:00 .
#   Increased memory =     0.00 (MB), total memory =  2850.15 (MB), peak memory =  2930.28 (MB)
#Run Statistics for inst signature:
#   Cpu time = 00:00:00, elapsed time = 00:00:00 .
#   Increased memory =    -0.77 (MB), total memory =  2850.15 (MB), peak memory =  2930.28 (MB)
Reading RCDB with compressed RC data.
Deleted 4230 physical insts (cell FILL1 / prefix -).
Suspended 3903 physical insts (cell FILL2 / prefix -).
Suspended 3407 physical insts (cell FILL4 / prefix -).
Suspended 2568 physical insts (cell FILL8 / prefix -).
Suspended 1685 physical insts (cell FILL16 / prefix -).
Suspended 777 physical insts (cell FILL32 / prefix -).
Suspended 1304 physical insts (cell FILL64 / prefix -).
**Info: (IMPSP-2075): Transparent Filler is started (13644)!

** INFO: Initializing Glitch Interface
** INFO: Initializing Glitch Cache
*** BuildHoldData #1 [begin] (opt_design #1) : totSession cpu/real = 0:01:24.9/0:02:05.1 (0.7), mem = 2855.9M
AAE_INFO: switching set_db delaycal_enable_si from true to false ...
AAE_INFO: The setting is changed from true to false in set_db delaycal_enable_si
Starting delay calculation for Hold views
AAE_INFO: opIsDesignInPostRouteState() is 1
#################################################################################
# Design Stage: PostRoute
# Design Name: Core
# Design Mode: 130nm
# Analysis Mode: MMMC OCV 
# Parasitics Mode: SPEF/RCDB 
# Signoff Settings: SI Off 
#################################################################################
Start delay calculation (fullDC) (1 T). (MEM=2888.45)
Total number of fetched objects 9358
AAE_INFO: Total number of nets for which stage creation was skipped for all views 0
End delay calculation. (MEM=3157.86 CPU=0:00:11.7 REAL=0:00:01.0)
End delay calculation (fullDC). (MEM=3148.86 CPU=0:00:15.5 REAL=0:00:06.0)
*** Done Building Timing Graph (cpu=0:00:16.4 real=0:00:07.0 totSessionCpu=0:01:42 mem=3103.5M)
Done building cte hold timing graph (HoldAware) cpu=0:00:17.0 real=0:00:07.0 totSessionCpu=0:01:42 mem=3103.5M ***
AAE_INFO: switching set_db delaycal_enable_si from false to true ...
AAE_INFO: The setting is changed from false to true in set_db delaycal_enable_si
Starting delay calculation for Setup views
AAE_INFO: opIsDesignInPostRouteState() is 1
AAE_INFO: resetNetProps viewIdx 0 
Starting SI iteration 1 using Infinite Timing Windows
#################################################################################
# Design Stage: PostRoute
# Design Name: Core
# Design Mode: 130nm
# Analysis Mode: MMMC OCV 
# Parasitics Mode: SPEF/RCDB 
# Signoff Settings: SI On 
#################################################################################
AAE_INFO: 1 threads acquired from CTE.
Start delay calculation (fullDC) (1 T). (MEM=3130.56)
Total number of fetched objects 9358
AAE_INFO: Total number of nets for which stage creation was skipped for all views 0
AAE_INFO-618: Total number of nets in the design is 9472,  99.7 percent of the nets selected for SI analysis
End delay calculation. (MEM=3156.21 CPU=0:00:03.7 REAL=0:00:04.0)
End delay calculation (fullDC). (MEM=3156.21 CPU=0:00:04.0 REAL=0:00:04.0)
Save waveform /nethome/dkhalil8/InnovateECE/PhysicalDesign/RTL2GDS/design/innovus_temp_644643_9c1983e0-14da-4b1f-92b3-0ba950948d44_ece-linlabsrv01_dkhalil8_dRqZGc/.AAE_i3E70a/.AAE_644643_9c1983e0-14da-4b1f-92b3-0ba950948d44/waveform.data...
Loading CTE timing window with TwFlowType 0...(CPU = 0:00:00.0, REAL = 0:00:00.0, MEM = 3156.7M)
Add other clocks and setupCteToAAEClockMapping during iter 1
Loading CTE timing window is completed (CPU = 0:00:00.1, REAL = 0:00:00.0, MEM = 3156.9M)

Executing IPO callback for view pruning ..
Starting SI iteration 2
Start delay calculation (fullDC) (1 T). (MEM=3110.03)
Glitch Analysis: View tt_v1.8_25C_Nominal_25_func -- Total Number of Nets Skipped = 150. 
Glitch Analysis: View tt_v1.8_25C_Nominal_25_func -- Total Number of Nets Analyzed = 9358. 
Total number of fetched objects 9358
AAE_INFO: Total number of nets for which stage creation was skipped for all views 0
AAE_INFO-618: Total number of nets in the design is 9472,  0.5 percent of the nets selected for SI analysis
End delay calculation. (MEM=3121.21 CPU=0:00:00.3 REAL=0:00:00.0)
End delay calculation (fullDC). (MEM=3121.21 CPU=0:00:00.3 REAL=0:00:00.0)
*** Done Building Timing Graph (cpu=0:00:07.6 real=0:00:07.0 totSessionCpu=0:01:51 mem=3117.9M)
** INFO: Initializing Glitch Interface

OptSummary:

------------------------------------------------------------------
     Initial SI Timing Summary
------------------------------------------------------------------

Setup views included:
 tt_v1.8_25C_Nominal_25_func 

+--------------------+---------+---------+---------+
|     Setup mode     |   all   | reg2reg | default |
+--------------------+---------+---------+---------+
|           WNS (ns):|  0.440  |  0.440  |  7.237  |
|           TNS (ns):|  0.000  |  0.000  |  0.000  |
|    Violating Paths:|    0    |    0    |    0    |
|          All Paths:|  1573   |  1571   |  1272   |
+--------------------+---------+---------+---------+

+----------------+-------------------------------+------------------+
|                |              Real             |       Total      |
|    DRVs        +------------------+------------+------------------|
|                |  Nr nets(terms)  | Worst Vio  |  Nr nets(terms)  |
+----------------+------------------+------------+------------------+
|   max_cap      |     25 (25)      |   -0.244   |     25 (25)      |
|   max_tran     |     32 (326)     |   -1.552   |     32 (326)     |
|   max_fanout   |      0 (0)       |     0      |      0 (0)       |
|   max_length   |      0 (0)       |     0      |      0 (0)       |
+----------------+------------------+------------+------------------+

Density: 26.233%
------------------------------------------------------------------
*** BuildHoldData #1 [finish] (opt_design #1) : cpu/real = 0:00:26.3/0:00:17.2 (1.5), totSession cpu/real = 0:01:51.2/0:02:22.3 (0.8), mem = 3127.0M
**opt_design ... cpu = 0:00:41, real = 0:01:10, mem = 3122.6M, totSessionCpu=0:01:51 **
OPTC: m4 20.0 50.0 [ 500.0 20.0 50.0 ]
OPTC: view 50.0:500.0 [ 0.0500 ]
Setting latch borrow mode to budget during optimization.
Info: Done creating the CCOpt slew target map.
**INFO: flowCheckPoint #2 OptimizationPass1
Glitch fixing enabled
*** ClockDrv #1 [begin] (opt_design #1) : totSession cpu/real = 0:01:53.2/0:02:24.4 (0.8), mem = 3123.5M
Running CCOpt-PRO on entire clock network
Leaving CCOpt scope - Initializing power interface...
Leaving CCOpt scope - Initializing power interface done. (took cpu=0:00:00.0 real=0:00:00.0)
Net route status summary:
  Clock:        43 (unrouted=0, trialRouted=0, noStatus=0, routed=43, fixed=0, [crossesIlmBoundary=0, tooFewTerms=0, (crossesIlmBoundary AND tooFewTerms=0)], steiner=0)
  Non-clock:  9429 (unrouted=1627, trialRouted=0, noStatus=0, routed=7802, fixed=0, [crossesIlmBoundary=0, tooFewTerms=1627, (crossesIlmBoundary AND tooFewTerms=0)])
-effortLevel medium                        # enums={low medium high signoff}, default=undefined
Clock tree cells fixed by user: 0 out of 42 (0%)
PRO...
Relaxing adjacent_rows_legal and cell_density for the duration of PRO. To stop this set pro_respect_cell_density_and_adjacent_row_legal to true.
Initializing clock structures...
  Creating own balancer
  Permitting the movement of (non-FIXED) datapath insts as required for sized/new clock tree insts
  Initializing legalizer
  Using cell based legalization.
  Initializing placement interface...
    Use check_library -place or consult logv if problems occur.
    Leaving CCOpt scope - Initializing placement interface...
    Leaving CCOpt scope - Initializing placement interface done. (took cpu=0:00:00.1 real=0:00:00.1)
  Initializing placement interface done.
  Leaving CCOpt scope - Cleaning up placement interface...
  Leaving CCOpt scope - Cleaning up placement interface done. (took cpu=0:00:00.0 real=0:00:00.0)
  Leaving CCOpt scope - Initializing placement interface...
  Leaving CCOpt scope - Initializing placement interface done. (took cpu=0:00:00.1 real=0:00:00.1)
[PSP]    Load db... (mem=-3.1M)
[PSP]    Read data from FE... (mem=-3.1M)
[PSP]    Done Read data from FE (cpu=0.013s, mem=-3.1M)

[PSP]    Done Load db (cpu=0.013s, mem=-3.1M)

[PSP]    Constructing placeable region... (mem=-3.1M)
[PSP]    Compute region effective width... (mem=-3.1M)
[PSP]    Done Compute region effective width (cpu=0.000s, mem=-3.1M)

[PSP]    Done Constructing placeable region (cpu=0.003s, mem=-3.1M)

  Reconstructing clock tree datastructures, skew aware...
    Validating CTS configuration...
    Checking module port directions...
    Checking module port directions done. (took cpu=0:00:00.0 real=0:00:00.0)
    Non-default attributes:
      Public non-default attributes:
        cts_adjacent_rows_legal: true (default: false)
        cts_buffer_cells is set for at least one object
        cts_cell_density is set for at least one object
        cts_cell_halo_rows: 0 (default: 1)
        cts_cell_halo_sites: 0 (default: 4)
        cts_clock_gating_cells is set for at least one object
        cts_inverter_cells is set for at least one object
        cts_logic_cells is set for at least one object
        cts_original_names is set for at least one object
        cts_primary_delay_corner: tt_v1.8_25C_Nominal_25 (default: )
        cts_skew_group_target_insertion_delay is set for at least one object
        cts_target_max_transition_time is set for at least one object
        cts_target_max_transition_time_sdc is set for at least one object
        cts_target_skew is set for at least one object
      Private non-default attributes:
        cts_allow_non_fterm_identical_swaps: false (default: true)
        cts_clock_nets_detailed_routed: true (default: false)
        cts_force_design_routing_status: 1 (default: auto)
        cts_last_virtual_delay_scaling_factor is set for at least one object
        cts_post_route_enable_post_commit_delay_update: true (default: false)
        cts_use_accurate_downstream_capacitance_in_optimization: true (default: false)
    Route type trimming info:
      No route type modifications were made.
    Library trimming buffers in power domain auto-default and half-corner tt_v1.8_25C_Nominal_25:both.late removed 0 of 3 cells
    Original list had 3 cells:
    CLKBUFX8 CLKBUFX4 CLKBUFX2 
    Library trimming was not able to trim any cells:
    CLKBUFX8 CLKBUFX4 CLKBUFX2 
    Library trimming inverters in power domain auto-default and half-corner tt_v1.8_25C_Nominal_25:both.late removed 0 of 4 cells
    Original list had 4 cells:
    CLKINVX8 CLKINVX4 CLKINVX2 CLKINVX1 
    Library trimming was not able to trim any cells:
    CLKINVX8 CLKINVX4 CLKINVX2 CLKINVX1 
**WARN: (IMPCCOPT-2427):	The cts_target_maximum_transition_time 100.000ns is too high for delay_corner tt_v1.8_25C_Nominal_25 and delay_type late for clock_tree core_clock and net_type leaf. CTS will proceed using 0.599ns.
**WARN: (IMPCCOPT-2427):	The cts_target_maximum_transition_time 100.000ns is too high for delay_corner tt_v1.8_25C_Nominal_25 and delay_type late for clock_tree core_clock and net_type trunk. CTS will proceed using 0.599ns.
    Clock tree balancer configuration for clock_tree core_clock:
    Non-default attributes:
      Public non-default attributes:
        cts_cell_density: 1 (default: 0.75)
      No private non-default attributes
    For power domain auto-default:
      Buffers:     CLKBUFX8 CLKBUFX4 CLKBUFX2
      Inverters:   CLKINVX8 CLKINVX4 CLKINVX2 CLKINVX1
      Unblocked area available for placement of any clock cells in power_domain auto-default: 468539.532um^2
    Top Routing info:
      Route-type name: default_route_type_nonleaf; Top/bottom preferred layer name: met4/met3; 
      Unshielded; Mask Constraint: 0; Source: cts_route_type.
    Trunk Routing info:
      Route-type name: default_route_type_nonleaf; Top/bottom preferred layer name: met4/met3; 
      Unshielded; Preferred extra space: 1; Mask Constraint: 0; Source: cts_route_type.
    Leaf Routing info:
      Route-type name: default_route_type_leaf; Top/bottom preferred layer name: met4/met3; 
      Unshielded; Preferred extra space: 1; Mask Constraint: 0; Source: cts_route_type.
    For timing_corner tt_v1.8_25C_Nominal_25:both, late and power domain auto-default:
      Slew time target (leaf):    0.600ns
      Slew time target (trunk):   0.600ns
      Slew time target (top):     100.000ns (Note: no nets are considered top nets in this clock tree)
      Buffer unit delay: 0.183ns
      Buffer max distance: 2277.858um
    Fastest wire driving cells and distances:
      Buffer    : {lib_cell:CLKBUFX8, fastest_considered_half_corner=tt_v1.8_25C_Nominal_25:both.late, optimalDrivingDistance=2277.858um, saturatedSlew=0.419ns, speed=4723.886um per ns, cellArea=9.197um^2 per 1000um}
      Inverter  : {lib_cell:CLKINVX8, fastest_considered_half_corner=tt_v1.8_25C_Nominal_25:both.late, optimalDrivingDistance=1965.116um, saturatedSlew=0.384ns, speed=5150.350um per ns, cellArea=8.722um^2 per 1000um}
    
    
    Logic Sizing Table:
    
    ----------------------------------------------------------
    Cell    Instance count    Source    Eligible library cells
    ----------------------------------------------------------
      (empty table)
    ----------------------------------------------------------
    
    
    Clock tree balancer configuration for skew_group core_clock/func:
     Created from constraint modes: {[func]}
      Sources:                     pin clock
      Total number of sinks:       1446
      Delay constrained sinks:     1446
      Constrains:                  default
      Non-leaf sinks:              0
      Ignore pins:                 0
     Timing corner tt_v1.8_25C_Nominal_25:both.late:
      Skew target:                 0.183ns
    Primary reporting skew groups are:
    skew_group core_clock/func with 1446 clock sinks
    Found 0/42 (0.000%) clock tree instances with fixed placement status.
    
    
    Constraint summary
    ==================
    
    Transition constraints are active in the following delay corners:
    
    tt_v1.8_25C_Nominal_25:both.late
    
    Cap constraints are active in the following delay corners:
    
    tt_v1.8_25C_Nominal_25:both.late
    
    Transition constraint summary:
    
    ----------------------------------------------------------------------------------------------------------
    Delay corner                                  Target (ns)    Num pins    Target source       Clock tree(s)
    ----------------------------------------------------------------------------------------------------------
    tt_v1.8_25C_Nominal_25:both.late (primary)         -            -               -                  -
                        -                            0.150         1442      liberty explicit    all
                        -                            0.500            4      liberty explicit    all
                        -                            0.600           84      liberty explicit    all
                        -                            0.600            2      tool modified       all
    ----------------------------------------------------------------------------------------------------------
    
    Capacitance constraint summary:
    
    ------------------------------------------------------------------------------------------------------------------
    Delay corner                                  Limit (pF)    Num nets    Target source                Clock tree(s)
    ------------------------------------------------------------------------------------------------------------------
    tt_v1.8_25C_Nominal_25:both.late (primary)        -            -                    -                      -
                        -                           0.165           1       library_or_sdc_constraint    all
                        -                           0.716          42       library_or_sdc_constraint    all
    ------------------------------------------------------------------------------------------------------------------
    
    
    Clock DAG stats initial state:
      cell counts      : b=42, i=0, icg=0, dcg=0, l=0, total=42
      sink counts      : regular=1446, enable_latch=0, load_capacitance=0, antenna=0, node_sink=0, port=0, total=1446
      misc counts      : r=1, pp=0, mci=0
      cell areas       : b=879.833um^2, i=0.000um^2, icg=0.000um^2, dcg=0.000um^2, l=0.000um^2, total=879.833um^2
      hp wire lengths  : top=0.000um, trunk=3049.340um, leaf=6338.560um, total=9387.900um
    Clock DAG library cell distribution initial state {count}:
       Bufs: CLKBUFX8: 42 
      flow.cputime  flow.realtime  timing.setup.tns  timing.setup.wns  snapshot
UM:*                                                                   InitialState
    No ideal or dont_touch nets found in the clock tree
    No dont_touch hnets found in the clock tree
    No dont_touch hpins found in the clock network.
    Checking for illegal sizes of clock logic instances...
    Checking for illegal sizes of clock logic instances done. (took cpu=0:00:00.0 real=0:00:00.0)
    Validating CTS configuration done. (took cpu=0:00:01.3 real=0:00:01.4)
    CCOpt configuration status: all checks passed.
  Reconstructing clock tree datastructures, skew aware done.
Initializing clock structures done.
PRO...
  PRO active optimizations:
   - DRV fixing with sizing
  
  Detected clock skew data from CTS
  ProEngine running partially connected to DB
  Clock tree timing engine global stage delay update for tt_v1.8_25C_Nominal_25:both.late...
  Clock tree timing engine global stage delay update for tt_v1.8_25C_Nominal_25:both.late done. (took cpu=0:00:00.0 real=0:00:00.0)
  Clock DAG stats PRO initial state:
    cell counts      : b=42, i=0, icg=0, dcg=0, l=0, total=42
    sink counts      : regular=1446, enable_latch=0, load_capacitance=0, antenna=0, node_sink=0, port=0, total=1446
    misc counts      : r=1, pp=0, mci=0
    cell areas       : b=879.833um^2, i=0.000um^2, icg=0.000um^2, dcg=0.000um^2, l=0.000um^2, total=879.833um^2
    cell capacitance : b=0.234pF, i=0.000pF, icg=0.000pF, dcg=0.000pF, l=0.000pF, total=0.234pF
    sink capacitance : total=2.759pF, avg=0.002pF, sd=0.000pF, min=0.002pF, max=0.007pF
    wire capacitance : top=0.000pF, trunk=0.585pF, leaf=2.612pF, total=3.198pF
    wire lengths     : top=0.000um, trunk=3270.240um, leaf=13564.535um, total=16834.775um
    hp wire lengths  : top=0.000um, trunk=3049.340um, leaf=6338.560um, total=9387.900um
  Clock DAG net violations PRO initial state:
    Remaining Transition : {count=1, worst=[0.001ns]} avg=0.001ns sd=0.000ns sum=0.001ns
  Clock DAG primary half-corner transition distribution PRO initial state:
    Trunk : target=0.600ns count=4 avg=0.163ns sd=0.116ns min=0.011ns max=0.268ns {4 <= 0.360ns, 0 <= 0.480ns, 0 <= 0.540ns, 0 <= 0.570ns, 0 <= 0.600ns}
    Leaf  : target=0.150ns count=39 avg=0.126ns sd=0.013ns min=0.095ns max=0.151ns {0 <= 0.090ns, 15 <= 0.120ns, 14 <= 0.135ns, 7 <= 0.142ns, 2 <= 0.150ns} {1 <= 0.158ns, 0 <= 0.165ns, 0 <= 0.180ns, 0 <= 0.225ns, 0 > 0.225ns}
  Clock DAG library cell distribution PRO initial state {count}:
     Bufs: CLKBUFX8: 42 
  Primary reporting skew groups PRO initial state:
  Skew group summary PRO initial state:
    skew_group core_clock/func: insertion delay [min=0.354, max=0.503, avg=0.441, sd=0.048, skn=-0.679, kur=-1.014], skew [0.149 vs 0.183], 100% {0.354, 0.503} (wid=0.055 ws=0.045) (gid=0.454 gs=0.112)
  Recomputing CTS skew targets...
  Resolving skew group constraints...
    Solving LP: 1 skew groups; 2 fragments, 2 fraglets and 3 vertices; 12 variables and 27 constraints; tolerance 1
  Resolving skew group constraints done.
  Recomputing CTS skew targets done. (took cpu=0:00:00.1 real=0:00:00.1)
  PRO Fixing DRVs...
    Fixing clock tree DRVs: ...20% ...40% ...60% ...80% ...100% 
    CCOpt-PRO: considered: 43, tested: 43, violation detected: 1, violation ignored (due to small violation): 0, cannot run: 0, attempted: 1, unsuccessful: 0, sized: 0
    
    Statistics: Fix DRVs (cell sizing):
    ===================================
    
    Cell changes by Net Type:
    
    -------------------------------------------------------------------------------------------------------------------
    Net Type    Attempted            Upsized     Downsized    Swapped Same Size    Total Changed      Not Sized
    -------------------------------------------------------------------------------------------------------------------
    top                0                    0           0            0                    0                  0
    trunk              0                    0           0            0                    0                  0
    leaf               1 [100.0%]           0           0            0                    0 (0.0%)           1 (100.0%)
    -------------------------------------------------------------------------------------------------------------------
    Total              1 [100.0%]           0           0            0                    0 (0.0%)           1 (100.0%)
    -------------------------------------------------------------------------------------------------------------------
    
    Upsized: 0, Downsized: 0, Sized but same area: 0, Unchanged: 1, Area change: 0.000um^2 (0.000%)
    Max. move: 0.000um, Min. move: 0.000um, Avg. move: 0.000um
    
    Clock DAG stats after 'PRO Fixing DRVs':
      cell counts      : b=42, i=0, icg=0, dcg=0, l=0, total=42
      sink counts      : regular=1446, enable_latch=0, load_capacitance=0, antenna=0, node_sink=0, port=0, total=1446
      misc counts      : r=1, pp=0, mci=0
      cell areas       : b=879.833um^2, i=0.000um^2, icg=0.000um^2, dcg=0.000um^2, l=0.000um^2, total=879.833um^2
      cell capacitance : b=0.234pF, i=0.000pF, icg=0.000pF, dcg=0.000pF, l=0.000pF, total=0.234pF
      sink capacitance : total=2.759pF, avg=0.002pF, sd=0.000pF, min=0.002pF, max=0.007pF
      wire capacitance : top=0.000pF, trunk=0.585pF, leaf=2.612pF, total=3.198pF
      wire lengths     : top=0.000um, trunk=3270.240um, leaf=13564.535um, total=16834.775um
      hp wire lengths  : top=0.000um, trunk=3049.340um, leaf=6338.560um, total=9387.900um
    Clock DAG net violations after 'PRO Fixing DRVs':
      Remaining Transition : {count=1, worst=[0.001ns]} avg=0.001ns sd=0.000ns sum=0.001ns
    Clock DAG primary half-corner transition distribution after 'PRO Fixing DRVs':
      Trunk : target=0.600ns count=4 avg=0.163ns sd=0.116ns min=0.011ns max=0.268ns {4 <= 0.360ns, 0 <= 0.480ns, 0 <= 0.540ns, 0 <= 0.570ns, 0 <= 0.600ns}
      Leaf  : target=0.150ns count=39 avg=0.126ns sd=0.013ns min=0.095ns max=0.151ns {0 <= 0.090ns, 15 <= 0.120ns, 14 <= 0.135ns, 7 <= 0.142ns, 2 <= 0.150ns} {1 <= 0.158ns, 0 <= 0.165ns, 0 <= 0.180ns, 0 <= 0.225ns, 0 > 0.225ns}
    Clock DAG library cell distribution after 'PRO Fixing DRVs' {count}:
       Bufs: CLKBUFX8: 42 
    Primary reporting skew groups after 'PRO Fixing DRVs':
    Skew group summary after 'PRO Fixing DRVs':
      skew_group core_clock/func: insertion delay [min=0.354, max=0.503], skew [0.149 vs 0.183]
    Legalizer API calls during this step: 1 succeeded with high effort: 1 succeeded with medium effort: 0 succeeded with low effort: 0 succeeded with basic effort: 0 succeeded with basic unbounded effort: 0
  PRO Fixing DRVs done. (took cpu=0:00:00.0 real=0:00:00.6)
  Reconnecting optimized routes...
  Reconnecting optimized routes done. (took cpu=0:00:00.0 real=0:00:00.0)
  Clock tree timing engine global stage delay update for tt_v1.8_25C_Nominal_25:both.late...
  Clock tree timing engine global stage delay update for tt_v1.8_25C_Nominal_25:both.late done. (took cpu=0:00:00.0 real=0:00:00.0)
  Clock DAG stats PRO final:
    cell counts      : b=42, i=0, icg=0, dcg=0, l=0, total=42
    sink counts      : regular=1446, enable_latch=0, load_capacitance=0, antenna=0, node_sink=0, port=0, total=1446
    misc counts      : r=1, pp=0, mci=0
    cell areas       : b=879.833um^2, i=0.000um^2, icg=0.000um^2, dcg=0.000um^2, l=0.000um^2, total=879.833um^2
    cell capacitance : b=0.234pF, i=0.000pF, icg=0.000pF, dcg=0.000pF, l=0.000pF, total=0.234pF
    sink capacitance : total=2.759pF, avg=0.002pF, sd=0.000pF, min=0.002pF, max=0.007pF
    wire capacitance : top=0.000pF, trunk=0.585pF, leaf=2.612pF, total=3.198pF
    wire lengths     : top=0.000um, trunk=3270.240um, leaf=13564.535um, total=16834.775um
    hp wire lengths  : top=0.000um, trunk=3049.340um, leaf=6338.560um, total=9387.900um
  Clock DAG net violations PRO final:
    Remaining Transition : {count=1, worst=[0.001ns]} avg=0.001ns sd=0.000ns sum=0.001ns
  Clock DAG primary half-corner transition distribution PRO final:
    Trunk : target=0.600ns count=4 avg=0.163ns sd=0.116ns min=0.011ns max=0.268ns {4 <= 0.360ns, 0 <= 0.480ns, 0 <= 0.540ns, 0 <= 0.570ns, 0 <= 0.600ns}
    Leaf  : target=0.150ns count=39 avg=0.126ns sd=0.013ns min=0.095ns max=0.151ns {0 <= 0.090ns, 15 <= 0.120ns, 14 <= 0.135ns, 7 <= 0.142ns, 2 <= 0.150ns} {1 <= 0.158ns, 0 <= 0.165ns, 0 <= 0.180ns, 0 <= 0.225ns, 0 > 0.225ns}
  Clock DAG library cell distribution PRO final {count}:
     Bufs: CLKBUFX8: 42 
  Primary reporting skew groups PRO final:
  Skew group summary PRO final:
    skew_group core_clock/func: insertion delay [min=0.354, max=0.503, avg=0.441, sd=0.048, skn=-0.679, kur=-1.014], skew [0.149 vs 0.183], 100% {0.354, 0.503} (wid=0.055 ws=0.045) (gid=0.454 gs=0.112)
  Legalizer API calls during this step: 1 succeeded with high effort: 1 succeeded with medium effort: 0 succeeded with low effort: 0 succeeded with basic effort: 0 succeeded with basic unbounded effort: 0
PRO done.
Net route status summary:
  Clock:        43 (unrouted=0, trialRouted=0, noStatus=0, routed=43, fixed=0, [crossesIlmBoundary=0, tooFewTerms=0, (crossesIlmBoundary AND tooFewTerms=0)], steiner=0)
  Non-clock:  9429 (unrouted=1627, trialRouted=0, noStatus=0, routed=7802, fixed=0, [crossesIlmBoundary=0, tooFewTerms=1627, (crossesIlmBoundary AND tooFewTerms=0)])
Updating delays...
Updating delays done.
PRO done. (took cpu=0:00:06.0 real=0:00:06.8)
Leaving CCOpt scope - Cleaning up placement interface...
Leaving CCOpt scope - Cleaning up placement interface done. (took cpu=0:00:00.0 real=0:00:00.0)
*** ClockDrv #1 [finish] (opt_design #1) : cpu/real = 0:00:06.1/0:00:06.9 (0.9), totSession cpu/real = 0:01:59.3/0:02:31.2 (0.8), mem = 3141.7M
**INFO: Start fixing DRV (Mem = 3136.54M) ...
Begin: GigaOpt DRV Optimization
Glitch fixing enabled
GigaOpt Checkpoint: Internal optDRV -postRoute -max_tran -max_cap -maintainWNS -setupTNSCostFactor 0.3 -maxLocalDensity 0.96 -numThreads 1  -glitch
*** DrvOpt #1 [begin] (opt_design #1) : totSession cpu/real = 0:02:00.2/0:02:32.1 (0.8), mem = 3136.6M
Info: 43 clock nets excluded from IPO operation.
	CornerforLayerOpt timing analysis view tt_v1.8_25C_Nominal_25_func has been selected for calibration 
	CornerforLayerOpt timing analysis view tt_v1.8_25C_Nominal_25_func has been selected for calibration 
	CornerforLayerOpt timing analysis view tt_v1.8_25C_Nominal_25_func has been selected for calibration 
	CornerforLayerOpt timing analysis view tt_v1.8_25C_Nominal_25_func has been selected for calibration 
**INFO: Extra DRV scale -- maxTran 0.97 maxCap 0.97 (high fanout net > 10: maxTran 0.97 maxCap 0.97) for over fixing
DRV pessimism of 2.00% is used for tran, 2.00% for cap, 0.00% for fanout, on top of margin 0.00%
#InfoCS: Num dontuse cells 2, Num usable cells 117, Num real usable cells 116
** INFO: Initializing Glitch Interface
+---------------------------------------------------------------------------------------------------------------------------------------------------------------------+
|        max-tran       |        max-cap        |  max-fanout |  max-length |    glitch   |       setup       |        |        |        |       |          |         |
+---------------------------------------------------------------------------------------------------------------------------------------------------------------------+
| nets | terms|  wViol  | nets | terms|  wViol  | nets | terms| nets | terms| nets | terms|   WNS   |   TNS   |  #Buf  |  #Inv  | #Resize|Density|   Real   |   Mem   |
+---------------------------------------------------------------------------------------------------------------------------------------------------------------------+
|    33|   328|    -1.56|    29|    29|    -0.25|     0|     0|     0|     0|     0|     0|     0.64|     0.00|       0|       0|       0| 26.28%|          |         |
|     3|    46|    -0.25|     2|     2|    -0.07|     0|     0|     0|     0|     0|     0|     0.64|     0.00|       6|       0|      33| 26.38%| 0:00:03.0|  3181.9M|
|     2|     6|    -0.01|     0|     0|     0.00|     0|     0|     0|     0|     0|     0|     0.64|     0.00|       3|       0|       1| 26.39%| 0:00:00.0|  3182.2M|
|     1|     1|    -0.00|     0|     0|     0.00|     0|     0|     0|     0|     0|     0|     0.64|     0.00|       1|       0|       1| 26.40%| 0:00:00.0|  3182.2M|
|     1|     3|    -0.00|     0|     0|     0.00|     0|     0|     0|     0|     0|     0|     0.64|     0.00|       0|       0|       1| 26.40%| 0:00:00.0|  3182.2M|
|     0|     0|     0.00|     0|     0|     0.00|     0|     0|     0|     0|     0|     0|     0.64|     0.00|       1|       0|       0| 26.40%| 0:00:00.0|  3182.2M|
|     0|     0|     0.00|     0|     0|     0.00|     0|     0|     0|     0|     0|     0|     0.64|     0.00|       0|       0|       0| 26.40%| 0:00:00.0|  3182.2M|
+---------------------------------------------------------------------------------------------------------------------------------------------------------------------+
Bottom Preferred Layer:
+-------------+------------+------------+----------+
|    Layer    | TDGR_POST  |    CLK     |   Rule   |
+-------------+------------+------------+----------+
| met3 (z=3)  |          1 |         43 | default  |
+-------------+------------+------------+----------+
Via Pillar Rule:
    None

*** Finish DRV Fixing (cpu=0:00:03.6 real=0:00:03.0 mem=3182.2M) ***

*** DrvOpt #1 [finish] (opt_design #1) : cpu/real = 0:00:04.6/0:00:04.7 (1.0), totSession cpu/real = 0:02:04.8/0:02:36.8 (0.8), mem = 3159.3M
**INFO: Skipping refine place as no non-legal commits were detected (46 dirty legal commits)
End: GigaOpt DRV Optimization
**opt_design ... cpu = 0:00:55, real = 0:01:24, mem = 3159.3M, totSessionCpu=0:02:05 **
*info:
**INFO: Completed fixing DRV (CPU Time = 0:00:05, Mem = 3159.29M).
** INFO: Initializing Glitch Interface

OptSummary:

------------------------------------------------------------------
     SI Timing Summary (cpu=0.08min real=0.08min mem=3159.3M)
------------------------------------------------------------------

Setup views included:
 tt_v1.8_25C_Nominal_25_func 

+--------------------+---------+---------+---------+
|     Setup mode     |   all   | reg2reg | default |
+--------------------+---------+---------+---------+
|           WNS (ns):|  0.636  |  0.636  |  7.309  |
|           TNS (ns):|  0.000  |  0.000  |  0.000  |
|    Violating Paths:|    0    |    0    |    0    |
|          All Paths:|  1573   |  1571   |  1272   |
+--------------------+---------+---------+---------+

+----------------+-------------------------------+------------------+
|                |              Real             |       Total      |
|    DRVs        +------------------+------------+------------------|
|                |  Nr nets(terms)  | Worst Vio  |  Nr nets(terms)  |
+----------------+------------------+------------+------------------+
|   max_cap      |      0 (0)       |   0.000    |      0 (0)       |
|   max_tran     |      0 (0)       |   0.000    |      0 (0)       |
|   max_fanout   |      0 (0)       |     0      |      0 (0)       |
|   max_length   |      0 (0)       |     0      |      0 (0)       |
+----------------+------------------+------------+------------------+

Density: 26.357%
------------------------------------------------------------------
**opt_design ... cpu = 0:00:55, real = 0:01:25, mem = 3159.3M, totSessionCpu=0:02:05 **
** INFO: Initializing Glitch Interface
*** Timing Is met
*** Check timing (0:00:00.0)
*** Setup timing is met (target slack 0ns)
**INFO: flowCheckPoint #3 OptimizationHold
HoldOpt: Enabling setup slack weighting
GigaOpt Hold Optimizer is used
GigaOpt Checkpoint: Internal optHold -postRoute -maxLocalDensity 1.0 -numThreads 1 -nativePathGroupFlow -viewPruneEffortLevel 1
Starting initialization (fixHold) cpu=0:00:00.0 real=0:00:00.0 totSessionCpu=0:02:06 mem=3159.5M ***
*** BuildHoldData #2 [begin] (opt_design #1) : totSession cpu/real = 0:02:06.0/0:02:37.9 (0.8), mem = 3159.5M
Saving timing graph ...
Done save timing graph
Latch borrow mode reset to max_borrow
OPTC: user 20.0 (reset)
Starting delay calculation for Hold views
AAE_INFO: opIsDesignInPostRouteState() is 1
AAE_INFO: resetNetProps viewIdx 0 
Starting SI iteration 1 using Infinite Timing Windows
#################################################################################
# Design Stage: PostRoute
# Design Name: Core
# Design Mode: 130nm
# Analysis Mode: MMMC OCV 
# Parasitics Mode: SPEF/RCDB 
# Signoff Settings: SI On 
#################################################################################
AAE_INFO: 1 threads acquired from CTE.
Start delay calculation (fullDC) (1 T). (MEM=3177.26)
Total number of fetched objects 9369
AAE_INFO: Total number of nets for which stage creation was skipped for all views 0
AAE_INFO-618: Total number of nets in the design is 9483,  99.7 percent of the nets selected for SI analysis
End delay calculation. (MEM=3196.4 CPU=0:00:03.5 REAL=0:00:03.0)
End delay calculation (fullDC). (MEM=3196.4 CPU=0:00:03.8 REAL=0:00:04.0)
Save waveform /nethome/dkhalil8/InnovateECE/PhysicalDesign/RTL2GDS/design/innovus_temp_644643_9c1983e0-14da-4b1f-92b3-0ba950948d44_ece-linlabsrv01_dkhalil8_dRqZGc/.AAE_i3E70a/.AAE_644643_9c1983e0-14da-4b1f-92b3-0ba950948d44/waveform.data...
Loading CTE timing window with TwFlowType 0...(CPU = 0:00:00.0, REAL = 0:00:00.0, MEM = 3197.2M)
Add other clocks and setupCteToAAEClockMapping during iter 1
Loading CTE timing window is completed (CPU = 0:00:00.1, REAL = 0:00:00.0, MEM = 3197.2M)

Executing IPO callback for view pruning ..

Active hold views:
 tt_v1.8_25C_Nominal_25_func
  Dominating endpoints: 0
  Dominating TNS: -0.000

Starting SI iteration 2
Start delay calculation (fullDC) (1 T). (MEM=3150.28)
Glitch Analysis: View tt_v1.8_25C_Nominal_25_func -- Total Number of Nets Skipped = 154. 
Glitch Analysis: View tt_v1.8_25C_Nominal_25_func -- Total Number of Nets Analyzed = 9369. 
Total number of fetched objects 9369
AAE_INFO: Total number of nets for which stage creation was skipped for all views 0
AAE_INFO-618: Total number of nets in the design is 9483,  0.9 percent of the nets selected for SI analysis
End delay calculation. (MEM=3158.56 CPU=0:00:00.2 REAL=0:00:00.0)
End delay calculation (fullDC). (MEM=3158.56 CPU=0:00:00.2 REAL=0:00:00.0)
*** Done Building Timing Graph (cpu=0:00:06.6 real=0:00:06.0 totSessionCpu=0:02:14 mem=3153.4M)
Done building cte hold timing graph (fixHold) cpu=0:00:07.7 real=0:00:08.0 totSessionCpu=0:02:14 mem=3153.4M ***
Done building hold timer [792 node(s), 768 edge(s), 1 view(s)] (fixHold) cpu=0:00:08.4 real=0:00:08.0 totSessionCpu=0:02:14 mem=3160.8M ***
OPTC: m4 20.0 50.0 [ 500.0 20.0 50.0 ]
OPTC: view 50.0:500.0 [ 0.0500 ]
Restoring timing graph ...
AAE_INFO: Resetting and re-constructing cache for AAE clocks ...
Done restore timing graph
Done building cte setup timing graph (fixHold) cpu=0:00:09.5 real=0:00:09.0 totSessionCpu=0:02:16 mem=3437.8M ***
Setting latch borrow mode to budget during optimization.

*Info: minBufDelay = 78.5 ps, libStdDelay = 37.6 ps, minBufSize = 9522000 (5.0)
*Info: worst delay setup view: tt_v1.8_25C_Nominal_25_func
** INFO: Initializing Glitch Interface

OptSummary:

------------------------------------------------------------------
     Hold Opt Initial Summary
------------------------------------------------------------------

Setup views included:
 tt_v1.8_25C_Nominal_25_func
Hold views included:
 tt_v1.8_25C_Nominal_25_func

+--------------------+---------+---------+---------+
|     Setup mode     |   all   | reg2reg | default |
+--------------------+---------+---------+---------+
|           WNS (ns):|  0.636  |  0.636  |  7.309  |
|           TNS (ns):|  0.000  |  0.000  |  0.000  |
|    Violating Paths:|    0    |    0    |    0    |
|          All Paths:|  1573   |  1571   |  1272   |
+--------------------+---------+---------+---------+

+--------------------+---------+---------+---------+
|     Hold mode      |   all   | reg2reg | default |
+--------------------+---------+---------+---------+
|           WNS (ns):| -0.033  |  0.008  | -0.033  |
|           TNS (ns):| -0.033  |  0.000  | -0.033  |
|    Violating Paths:|    1    |    0    |    1    |
|          All Paths:|  1573   |  1571   |  1272   |
+--------------------+---------+---------+---------+

+----------------+-------------------------------+------------------+
|                |              Real             |       Total      |
|    DRVs        +------------------+------------+------------------|
|                |  Nr nets(terms)  | Worst Vio  |  Nr nets(terms)  |
+----------------+------------------+------------+------------------+
|   max_cap      |      0 (0)       |   0.000    |      0 (0)       |
|   max_tran     |      0 (0)       |   0.000    |      0 (0)       |
|   max_fanout   |      0 (0)       |     0      |      0 (0)       |
|   max_length   |      0 (0)       |     0      |      0 (0)       |
+----------------+------------------+------------+------------------+

Density: 26.357%
------------------------------------------------------------------
**INFO: Optimization is fixing the slack violation with the following view based weighting factors
slack weights for setup views:
    tt_v1.8_25C_Nominal_25_func: 1.000
**opt_design ... cpu = 0:01:06, real = 0:01:36, mem = 3187.8M, totSessionCpu=0:02:16 **
*** BuildHoldData #2 [finish] (opt_design #1) : cpu/real = 0:00:10.7/0:00:11.0 (1.0), totSession cpu/real = 0:02:16.7/0:02:48.9 (0.8), mem = 3187.8M
*** HoldOpt #1 [begin] (opt_design #1) : totSession cpu/real = 0:02:16.7/0:02:48.9 (0.8), mem = 3187.8M
*info: Run opt_design holdfix with 1 thread.
Info: 43 clock nets excluded from IPO operation.
Info: Do not create the CCOpt slew target map as it already exists.

*** Starting Core Fixing (fixHold) cpu=0:00:11.2 real=0:00:11.0 totSessionCpu=0:02:17 mem=3192.2M density=26.401% ***

OptDebug: Start of Hold Fixing (weighted):
+----------+-----+-----+
|Path Group|  WNS|  TNS|
+----------+-----+-----+
|default   |7.309|0.000|
|reg2reg   |0.636|0.000|
|HEPG      |0.636|0.000|
|All Paths |0.636|0.000|
+----------+-----+-----+


Phase I ......
Executing transform: LegalResize
+----+----------+----------+--------+-----------+----------------+---------+------------+---------+
|Iter| Hold WNS | Hold TNS |  #VP   |  #Buffer  |  #Resize(F/F)  | Density |    Real    |   Mem   |
+----+----------+----------+--------+-----------+----------------+---------+------------+---------+
|   0|    -0.033|     -0.03|       1|          0|       0(     0)|   26.40%|   0:00:00.0|  3199.1M|
|   1|    -0.033|     -0.03|       1|          0|       0(     0)|   26.40%|   0:00:00.0|  3200.6M|
|   2|    -0.033|     -0.03|       1|          0|       0(     0)|   26.40%|   0:00:00.0|  3200.6M|
|   3|    -0.033|     -0.03|       1|          0|       0(     0)|   26.40%|   0:00:00.0|  3200.6M|
|   4|    -0.033|     -0.03|       1|          0|       0(     0)|   26.40%|   0:00:00.0|  3200.6M|
|   5|    -0.033|     -0.03|       1|          0|       0(     0)|   26.40%|   0:00:00.0|  3200.6M|
|   6|    -0.033|     -0.03|       1|          0|       0(     0)|   26.40%|   0:00:00.0|  3200.6M|
+----+----------+----------+--------+-----------+----------------+---------+------------+---------+

OptDebug: After FlopOpt (weighted):
+----------+-----+-----+
|Path Group|  WNS|  TNS|
+----------+-----+-----+
|default   |7.309|0.000|
|reg2reg   |0.636|0.000|
|HEPG      |0.636|0.000|
|All Paths |0.636|0.000|
+----------+-----+-----+

HoldOpt setup target adjustment in phase 1 = 0.0
Executing transform: AddBuffer + LegalResize
+----+----------+----------+--------+-----------+----------------+---------+------------+---------+
|Iter| Hold WNS | Hold TNS |  #VP   |  #Buffer  |  #Resize(F/F)  | Density |    Real    |   Mem   |
+----+----------+----------+--------+-----------+----------------+---------+------------+---------+
|   0|    -0.033|     -0.03|       1|          0|       0(     0)|   26.40%|   0:00:00.0|  3200.7M|
|   1|    -0.033|     -0.03|       1|          0|       0(     0)|   26.40%|   0:00:00.0|  3213.3M|
|   2|    -0.033|     -0.03|       1|          0|       0(     0)|   26.40%|   0:00:00.0|  3213.3M|
|   3|    -0.033|     -0.03|       1|          0|       0(     0)|   26.40%|   0:00:00.0|  3213.3M|
|   4|     0.008|      0.00|       0|          1|       0(     0)|   26.40%|   0:00:00.0|  3213.4M|
+----+----------+----------+--------+-----------+----------------+---------+------------+---------+

*info:    Total 1 cells added for Phase I
*info:        in which 0 is ripple commits (0.000%)

OptDebug: After Phase I (weighted):
+----------+-----+-----+
|Path Group|  WNS|  TNS|
+----------+-----+-----+
|default   |6.917|0.000|
|reg2reg   |0.636|0.000|
|HEPG      |0.636|0.000|
|All Paths |0.636|0.000|
+----------+-----+-----+

OptDebug: End of Hold Fixing (weighted):
+----------+-----+-----+
|Path Group|  WNS|  TNS|
+----------+-----+-----+
|default   |6.917|0.000|
|reg2reg   |0.636|0.000|
|HEPG      |0.636|0.000|
|All Paths |0.636|0.000|
+----------+-----+-----+

Bottom Preferred Layer:
+-------------+------------+------------+----------+
|    Layer    | TDGR_POST  |    CLK     |   Rule   |
+-------------+------------+------------+----------+
| met3 (z=3)  |          1 |         43 | default  |
+-------------+------------+------------+----------+
Via Pillar Rule:
    None

*** Finished Core Fixing (fixHold) cpu=0:00:12.0 real=0:00:12.0 totSessionCpu=0:02:18 mem=3171.6M density=26.403% ***

*info:
*info: Added a total of 1 cells to fix/reduce hold violation
*info:
*info: Summary: 
*info:            1 cell  of type 'BUFX4' used

Starting Hold Area Reclaim
GigaOpt Checkpoint: Internal reclaim -numThreads 1 -strictCheck -legal -force -holdBufferReclaimMode -postRoute -tgtSlackMult 3 -noRouteTypeResizePolish -noViewPrune -nativePathGroupFlow
Info: 43 clock nets excluded from IPO operation.
 holdBufferReclaimMode 1
Active setup view: tt_v1.8_25C_Nominal_25_func
Active hold view: tt_v1.8_25C_Nominal_25_func
Begin: Area Reclaim Optimization
#InfoCS: Num dontuse cells 2, Num usable cells 117, Num real usable cells 116
*** AreaOpt #1 [begin] (HoldOpt #1 / opt_design #1) : totSession cpu/real = 0:02:18.1/0:02:50.3 (0.8), mem = 3171.7M
** INFO: Initializing Glitch Interface
Reclaim Optimization WNS Slack 0.100  TNS Slack 0.000 Density 26.40
+---------+---------+--------+--------+------------+--------+
| Density | Commits |  WNS   |  TNS   |    Real    |  Mem   |
+---------+---------+--------+--------+------------+--------+
|   26.40%|        -|   0.100|   0.000|   0:00:00.0| 3172.1M|
|   26.39%|        6|   0.100|   0.000|   0:00:00.0| 3174.2M|
+---------+---------+--------+--------+------------+--------+
Reclaim Optimization End WNS Slack 0.100  TNS Slack 0.000 Density 26.39
Bottom Preferred Layer:
+-------------+------------+------------+----------+
|    Layer    | TDGR_POST  |    CLK     |   Rule   |
+-------------+------------+------------+----------+
| met3 (z=3)  |          1 |         43 | default  |
+-------------+------------+------------+----------+
Via Pillar Rule:
    None

Number of times islegalLocAvaiable called = 0 skipped = 0, called in commitmove = 0, skipped in commitmove = 0
End: Core Area Reclaim Optimization (cpu = 0:00:00.4) (real = 0:00:00.0) **
*** AreaOpt #1 [finish] (HoldOpt #1 / opt_design #1) : cpu/real = 0:00:00.4/0:00:00.4 (1.0), totSession cpu/real = 0:02:18.5/0:02:50.8 (0.8), mem = 3174.2M
Executing incremental physical updates
End: Area Reclaim Optimization (cpu=0:00:00, real=0:00:00, mem=3173.37M, totSessionCpu=0:02:19).
**INFO: total 0 insts unmarked don't touch
**INFO: total 0 insts, 0 nets unmarked don't touch
Total 6 insts deleted in Hold Area Reclaim
Total 6 insts excluded for Hold Area Reclaim [recoveryON]
Total 13 insts considered for Hold Area Reclaim
Finished Hold Area Reclaim
Capturing unweighted ref hold timing for Post Route hold recovery....
*** Finish Post Route Hold Fixing (cpu=0:00:12.6 real=0:00:12.0 totSessionCpu=0:02:19 mem=3173.4M density=26.391%) ***
**INFO: total 1 insts, 0 nets marked don't touch
**INFO: total 1 insts, 0 nets marked don't touch DB property
**INFO: total 1 insts, 0 nets unmarked don't touch
*** HoldOpt #1 [finish] (opt_design #1) : cpu/real = 0:00:02.2/0:00:02.2 (1.0), totSession cpu/real = 0:02:18.9/0:02:51.1 (0.8), mem = 3161.0M
**INFO: Skipping refine place as no non-legal commits were detected (53 dirty legal commits)
**INFO: flowCheckPoint #4 OptimizationPreEco
Running postRoute recovery in preEcoRoute mode
**opt_design ... cpu = 0:01:09, real = 0:01:39, mem = 3155.0M, totSessionCpu=0:02:19 **
** INFO: Initializing Glitch Interface
Checking DRV degradation...
**INFO: Skipping DRV recovery as drv did not degrade beyond margin
Finish postRoute recovery in preEcoRoute mode (cpu=0:00:00, real=0:00:00, mem=3157.63M, totSessionCpu=0:02:19).
**opt_design ... cpu = 0:01:09, real = 0:01:39, mem = 3157.6M, totSessionCpu=0:02:19 **

** INFO: Initializing Glitch Interface
Skipping pre eco harden opt
GigaOpt Checkpoint: Internal prLA -highEffortPathGroups -force   -noNdrAssignment
Default Rule : ""
Non Default Rules :
Worst Slack : 0.636 ns

Start Layer Assignment ...
WNS(0.636ns) Target(0.000ns) MaxAssign(0%) MaxCong(20%) MinLen(100um) MinCap(0.050pf) layerBucket(1)

Selected 0 cadidates out of 9478.
No critical nets selected. Skipped !
GigaOpt: setting up router preferences
GigaOpt: 0 nets assigned router directives

Start Assign Priority Nets ...
TargetSlk(0.200ns) MaxAssign(3%) minLen(50um)
Existing Priority Nets 0 (0.0%)
Total Assign Priority Nets 1 (0.0%)

Set Prefer Layer Routing Effort ...
Total Net(9476) IPOed(6) PreferLayer(0) -> MediumEffort(0)

GigaOpt Checkpoint: Internal prLA  -force   -noNdrAssignment
Default Rule : ""
Non Default Rules :
Worst Slack : 0.636 ns

Start Layer Assignment ...
WNS(0.636ns) Target(0.000ns) MaxAssign(0%) MaxCong(20%) MinLen(100um) MinCap(0.050pf) layerBucket(1)

Selected 0 cadidates out of 9478.
No critical nets selected. Skipped !
GigaOpt: setting up router preferences
GigaOpt: 0 nets assigned router directives

Start Assign Priority Nets ...
TargetSlk(0.200ns) MaxAssign(3%) minLen(50um)
Existing Priority Nets 0 (0.0%)
Total Assign Priority Nets 1 (0.0%)
Running refinePlace -preserveRouting true -hardFence false
*** Starting place_detail (0:02:20 mem=3158.4M) ***
Move report: Detail placement moved 0 insts, mean move: 0.00 um, max move: 0.00 um 
	Runtime: CPU: 0:00:00.4 REAL: 0:00:00.0 MEM: 3163.6MB
Summary Report:
Instances moved: 0 (out of 7670 movable)
Instances flipped: 0
Mean displacement: 0.00 um
Max displacement: 0.00 um 
Physical-only instances moved: 0 (out of 0 movable physical-only)
Runtime: CPU: 0:00:00.4 REAL: 0:00:00.0 MEM: 3163.6MB
*** Finished place_detail (0:02:21 mem=3163.6M) ***
** INFO: Initializing Glitch Interface

OptSummary:

------------------------------------------------------------------
        Pre-ecoRoute Summary
------------------------------------------------------------------

Setup views included:
 tt_v1.8_25C_Nominal_25_func 

+--------------------+---------+---------+---------+
|     Setup mode     |   all   | reg2reg | default |
+--------------------+---------+---------+---------+
|           WNS (ns):|  0.636  |  0.636  |  6.917  |
|           TNS (ns):|  0.000  |  0.000  |  0.000  |
|    Violating Paths:|    0    |    0    |    0    |
|          All Paths:|  1573   |  1571   |  1272   |
+--------------------+---------+---------+---------+

+----------------+-------------------------------+------------------+
|                |              Real             |       Total      |
|    DRVs        +------------------+------------+------------------|
|                |  Nr nets(terms)  | Worst Vio  |  Nr nets(terms)  |
+----------------+------------------+------------+------------------+
|   max_cap      |      0 (0)       |   0.000    |      0 (0)       |
|   max_tran     |      0 (0)       |   0.000    |      0 (0)       |
|   max_fanout   |      0 (0)       |     0      |      0 (0)       |
|   max_length   |      0 (0)       |     0      |      0 (0)       |
+----------------+------------------+------------+------------------+

Density: 26.348%
------------------------------------------------------------------
**opt_design ... cpu = 0:01:11, real = 0:01:41, mem = 3161.9M, totSessionCpu=0:02:21 **
**INFO: flowCheckPoint #5 GlobalDetailRoute
** INFO Cleaning up Glitch Interface
**Info: (IMPSP-2055): Transparent Filler Flow is ON !

**Info: (IMPSP-2075): Transparent Filler is finished (1)!


Total 13644 restored filler insts, overlapped: 62, violated: 52,  114 are deleted!

TransFiller Info: Number of restored fillers: 13644
                  Number of being kept:       13530
                  Keeping Rate:               99.164%
*INFO: Adding fillers to top-module.
*INFO:   Added 7 filler insts (cell FILL32 / prefix FILLER).
*INFO:   Added 13 filler insts (cell FILL16 / prefix FILLER).
*INFO:   Added 21 filler insts (cell FILL8 / prefix FILLER).
*INFO:   Added 31 filler insts (cell FILL4 / prefix FILLER).
*INFO:   Added 33 filler insts (cell FILL2 / prefix FILLER).
*INFO:   Added 3823 filler insts (cell FILL1 / prefix FILLER).
*INFO: Total 3928 filler insts added - prefix FILLER (CPU: 0:00:02.5).
For 3928 new insts, 
*INFO: Filler mode add_fillers_with_drc is default true to avoid gaps, which may add fillers with violations. Please check the violations for FILLER_incr* fillers and fix them before routeDesign. Set it to false can avoid the violation but may leave gaps.
*INFO: Second pass addFiller without DRC checking.
*INFO: Adding fillers to top-module.
*INFO:   Added 0 filler inst of any cell-type.
Finished add_fillers (CPU: 0:00:02.9 REAL: 0:00:03.0 MEM: 3159.1MB)
-route_with_eco false                     # bool, default=false
-route_selected_net_only false            # bool, default=false
-route_with_timing_driven false           # bool, default=false
-route_with_si_driven false               # bool, default=false
Existing Dirty Nets : 26
New Signature Flow (saveAndSetNanoRouteOptions) ....
Reset Dirty Nets : 26
*** EcoRoute #1 [begin] (opt_design #1) : totSession cpu/real = 0:02:24.2/0:02:56.5 (0.8), mem = 3159.1M

route_global_detail

#Start route_global_detail on Tue Mar 17 20:23:03 2026
#
#NanoRoute Version 25.11-s102_1 NR250730-0928/25_11-UB
#Skip comparing routing design signature in db-snapshot flow
#Total number of trivial nets (e.g. < 2 pins) = 1627 (skipped).
#Total number of routable nets = 7851.
#Total number of nets in the design = 9478.
#95 routable nets do not have any wires.
#7756 routable nets have routed wires.
#95 nets will be global routed.
#54 detail routed (routable) nets have been constrained (e.g. have preferred extra spacing, require shielding etc.)
#Start routing data preparation on Tue Mar 17 20:23:04 2026
#
#Rebuild pin access data for design.
#WARNING (NRDB-1028) Some option affecting pin access calculation is set by the user. Pin access is to be recalculated. This incurs runtime.
#Initial pin access analysis.
#Detail pin access analysis.
#Done pin access analysis.
# met1         H   Track-Pitch = 0.4600    Line-2-Via Pitch = 0.3400
# met2         V   Track-Pitch = 0.4600    Line-2-Via Pitch = 0.3400
# met3         H   Track-Pitch = 0.6100    Line-2-Via Pitch = 0.6100
# met4         V   Track-Pitch = 0.6150    Line-2-Via Pitch = 0.6150
# met5         H   Track-Pitch = 3.6600    Line-2-Via Pitch = 3.2000
#Bottom routing layer index=1(met1), bottom routing layer for shielding=1(met1), bottom shield layer=1(met1) top shield layer=5(met5)
#shield_bottom_stripe_layer=1(met1), shield_top_stripe_layer=5(met5)
#pin_access_rlayer=2(met2) num_routing_layer=5 top_routing_layer=5 top_ripin_layer=5
#shield_top_dpt_rlayer=-1 top_rlayer=5 top_trim_metal_rlayer=-1 rlayer_lowest=1 bottom_rlayer=1
#enable_trim_layer_shield=F enable_dpt_layer_shield=F has_line_end_grid=F
#Processed 730/0 dirty instances, 88/0 dirty terms, 0/0 dirty fterms, 0/0 dirty pgterms, 0/0 misc dirty regions(171 insts marked dirty, reset pre-exisiting dirty flag on 45 insts, 0 nets marked need extraction)
#cpu time = 00:00:00, elapsed time = 00:00:00, memory = 3168.12 (MB), peak = 3467.62 (MB)
#Regenerating Ggrids automatically.
#Auto generating G-grids with size=15 tracks, using layer met3's pitch = 0.6150.
#Using automatically generated G-grids.
#Done routing data preparation.
#cpu time = 00:00:01, elapsed time = 00:00:01, memory = 3178.04 (MB), peak = 3467.62 (MB)
#Found 0 nets for post-route si or timing fixing.
#
#Finished routing data preparation on Tue Mar 17 20:23:05 2026
#
#Cpu time = 00:00:01
#Elapsed time = 00:00:01
#Increased memory = 19.02 (MB)
#Total memory = 3178.04 (MB)
#Peak memory = 3467.62 (MB)
#
#
#Start global routing on Tue Mar 17 20:23:05 2026
#
#
#Start global routing initialization on Tue Mar 17 20:23:05 2026
#
#Number of eco nets is 95
#
#Start global routing data preparation on Tue Mar 17 20:23:05 2026
#
#Start routing resource analysis on Tue Mar 17 20:23:05 2026
#
#Routing resource analysis is done on Tue Mar 17 20:23:05 2026
#
#  Resource Analysis:
#
#               Routing  #Avail      #Track     #Total     %Gcell
#  Layer      Direction   Track     Blocked      Gcell    Blocked
#  --------------------------------------------------------------
#  met1           H         604        1865       13888    52.76%
#  met2           V         613        1616       13888    49.14%
#  met3           H         499        1347       13888    49.14%
#  met4           V         547        1121       13888    49.14%
#  met5           H         166         144       13888    13.64%
#  --------------------------------------------------------------
#  Total                   2430      66.89%       69440    42.77%
#
#  53 nets (0.56%) with 1 preferred extra spacing.
#
#
#
#Global routing data preparation is done on Tue Mar 17 20:23:05 2026
#
#cpu time = 00:00:00, elapsed time = 00:00:00, memory = 3180.00 (MB), peak = 3467.62 (MB)
#
#
#Global routing initialization is done on Tue Mar 17 20:23:05 2026
#
#cpu time = 00:00:00, elapsed time = 00:00:00, memory = 3180.00 (MB), peak = 3467.62 (MB)
#
#start global routing iteration 1...
#cpu time = 00:00:00, elapsed time = 00:00:00, memory = 3183.39 (MB), peak = 3467.62 (MB)
#
#start global routing iteration 2...
#cpu time = 00:00:00, elapsed time = 00:00:00, memory = 3183.39 (MB), peak = 3467.62 (MB)
#
#
#Total number of trivial nets (e.g. < 2 pins) = 1627 (skipped).
#Total number of routable nets = 7851.
#Total number of nets in the design = 9478.
#
#7851 routable nets have routed wires.
#54 detail routed (routable) nets have been constrained (e.g. have preferred extra spacing, require shielding etc.)
#
#Routed nets constraints summary:
#-----------------------------
#        Rules   Unconstrained  
#-----------------------------
#      Default              95  
#-----------------------------
#        Total              95  
#-----------------------------
#
#Routing constraints summary of the whole design:
#----------------------------------------------------------------------------
#        Rules   Pref Extra Space   Pref Layer   Avoid Detour   Unconstrained  
#----------------------------------------------------------------------------
#      Default                 53            1              1            7797  
#----------------------------------------------------------------------------
#        Total                 53            1              1            7797  
#----------------------------------------------------------------------------
#
#
#  Congestion Analysis: (blocked Gcells are excluded)
#
#                 OverCon          
#                  #Gcell    %Gcell
#     Layer           (1)   OverCon  Flow/Cap
#  ----------------------------------------------
#  met1          0(0.00%)   (0.00%)     0.52  
#  met2          0(0.00%)   (0.00%)     0.46  
#  met3          0(0.00%)   (0.00%)     0.47  
#  met4          0(0.00%)   (0.00%)     0.22  
#  met5          0(0.00%)   (0.00%)     0.16  
#  ----------------------------------------------
#     Total      0(0.00%)   (0.00%)
#
#  The worst congested Gcell overcon (routing demand over resource in number of tracks) = 1
#  Overflow after GR: 0.00% H + 0.00% V
#
#Complete Global Routing.
#Total number of nets with non-default rule or having extra spacing = 53
#
#  Routing Statistics
#
#-------------+-----------+------+
#  Layer      | Length(um)|  Vias|
#-------------+-----------+------+
#  poly ( 0H) |          0|     0|
#  met1 ( 1H) |      88720| 31025|
#  met2 ( 2V) |     204858| 15046|
#  met3 ( 3H) |     176046|  5705|
#  met4 ( 4V) |     120249|   842|
#  met5 ( 5H) |      42574|     0|
#-------------+-----------+------+
#  Total      |     632446| 52618|
#-------------+-----------+------+
#
# Total half perimeter of net bounding box: 468189 um.
#Max overcon = 0 track.
#Total overcon = 0.00%.
#Worst layer Gcell overcon rate = 0.00%.
#
#Global routing statistics:
#Cpu time = 00:00:01
#Elapsed time = 00:00:01
#Increased memory = 5.69 (MB)
#Total memory = 3183.73 (MB)
#Peak memory = 3467.62 (MB)
#
#Finished global routing on Tue Mar 17 20:23:05 2026
#
#
#cpu time = 00:00:00, elapsed time = 00:00:00, memory = 3182.71 (MB), peak = 3467.62 (MB)
#Start Track Assignment.
#Done with 8 horizontal wires in 4 hboxes and 9 vertical wires in 4 hboxes.
#Done with 0 horizontal wires in 4 hboxes and 0 vertical wires in 4 hboxes.
#Complete Track Assignment.
#Total number of nets with non-default rule or having extra spacing = 53
#
#  Routing Statistics
#
#-------------+-----------+------+
#  Layer      | Length(um)|  Vias|
#-------------+-----------+------+
#  poly ( 0H) |          0|     0|
#  met1 ( 1H) |      88720| 31025|
#  met2 ( 2V) |     204856| 15046|
#  met3 ( 3H) |     176044|  5705|
#  met4 ( 4V) |     120249|   842|
#  met5 ( 5H) |      42574|     0|
#-------------+-----------+------+
#  Total      |     632442| 52618|
#-------------+-----------+------+
#
# Total half perimeter of net bounding box: 468189 um.
#cpu time = 00:00:01, elapsed time = 00:00:01, memory = 3202.51 (MB), peak = 3467.62 (MB)
#
#number of short segments in preferred routing layers
#	
#	
#
#Routing data preparation, pin analysis, global routing and track assignment statistics:
#Cpu time = 00:00:03
#Elapsed time = 00:00:02
#Increased memory = 43.82 (MB)
#Total memory = 3202.73 (MB)
#Peak memory = 3467.62 (MB)
#
#Start Detail Routing..
#start initial detail routing ...
# ECO: 10.28% of the total area was rechecked for DRC, and 9.27% required routing.
#   number of violations = 11
#
#  By Layer and Type:
#
#---------+-------+------+-------+
#  -      | MetSpc| Short| Totals|
#---------+-------+------+-------+
#  met1   |      2|     2|      4|
#  met2   |      1|     5|      6|
#  met3   |      1|     0|      1|
#  Totals |      4|     7|     11|
#---------+-------+------+-------+
#
#171 out of 25172 instances (0.7%) need to be verified(marked ipoed), dirty area = 0.2%.
#7.05% of the total area is being checked for drcs
#7.0% of the total area was checked
#   number of violations = 11
#
#  By Layer and Type:
#
#---------+-------+------+-------+
#  -      | MetSpc| Short| Totals|
#---------+-------+------+-------+
#  met1   |      2|     2|      4|
#  met2   |      1|     5|      6|
#  met3   |      1|     0|      1|
#  Totals |      4|     7|     11|
#---------+-------+------+-------+
#
#cpu time = 00:00:07, elapsed time = 00:00:07, memory = 3208.01 (MB), peak = 3467.62 (MB)
#start 1st optimization iteration ...
#   number of violations = 0
#    number of process antenna violations = 12
#cpu time = 00:00:01, elapsed time = 00:00:01, memory = 3207.52 (MB), peak = 3467.62 (MB)
#Complete Detail Routing.
#Total number of nets with non-default rule or having extra spacing = 53
#
#  Routing Statistics
#
#-------------+-----------+------+
#  Layer      | Length(um)|  Vias|
#-------------+-----------+------+
#  poly ( 0H) |          0|     0|
#  met1 ( 1H) |      88645| 31084|
#  met2 ( 2V) |     204949| 15076|
#  met3 ( 3H) |     176075|  5702|
#  met4 ( 4V) |     120255|   842|
#  met5 ( 5H) |      42576|     0|
#-------------+-----------+------+
#  Total      |     632502| 52704|
#-------------+-----------+------+
#
# Total half perimeter of net bounding box: 468189 um.
#Total number of DRC violations = 0
#Total number of process antenna violations = 5
#Total number of net violated process antenna rule = 4
#Cpu time = 00:00:08
#Elapsed time = 00:00:08
#Increased memory = 4.28 (MB)
#Total memory = 3207.01 (MB)
#Peak memory = 3467.62 (MB)
#
#start routing for process antenna violation fix ...
#- start antenna fix number of process antenna vio = 3.
#- start antenna fix number of net violated process antenna rule = 3.
#cpu time = 00:00:01, elapsed time = 00:00:01, memory = 3208.58 (MB), peak = 3467.62 (MB)
#
#Total number of nets with non-default rule or having extra spacing = 53
#
#  Routing Statistics
#
#-------------+-----------+------+
#  Layer      | Length(um)|  Vias|
#-------------+-----------+------+
#  poly ( 0H) |          0|     0|
#  met1 ( 1H) |      88645| 31084|
#  met2 ( 2V) |     204949| 15080|
#  met3 ( 3H) |     176077|  5702|
#  met4 ( 4V) |     120259|   844|
#  met5 ( 5H) |      42579|     0|
#-------------+-----------+------+
#  Total      |     632510| 52710|
#-------------+-----------+------+
#
# Total half perimeter of net bounding box: 468189 um.
#Total number of DRC violations = 0
#Total number of process antenna violations = 3
#Total number of net violated process antenna rule = 2
#
#
#Total number of nets with non-default rule or having extra spacing = 53
#
#  Routing Statistics
#
#-------------+-----------+------+
#  Layer      | Length(um)|  Vias|
#-------------+-----------+------+
#  poly ( 0H) |          0|     0|
#  met1 ( 1H) |      88645| 31084|
#  met2 ( 2V) |     204949| 15080|
#  met3 ( 3H) |     176077|  5702|
#  met4 ( 4V) |     120259|   844|
#  met5 ( 5H) |      42579|     0|
#-------------+-----------+------+
#  Total      |     632510| 52710|
#-------------+-----------+------+
#
# Total half perimeter of net bounding box: 468189 um.
#Total number of DRC violations = 0
#Total number of process antenna violations = 3
#Total number of net violated process antenna rule = 2
#
#
#Start Post Route wire spreading..
#
#Start data preparation for wire spreading...
#
#Data preparation is done on Tue Mar 17 20:23:17 2026
#
#
#Start Post Route Wire Spread.
#Done with 338 horizontal wires in 8 hboxes and 1690 vertical wires in 7 hboxes.
#Complete Post Route Wire Spread.
#
#Total number of nets with non-default rule or having extra spacing = 53
#
#  Routing Statistics
#
#-------------+-----------+------+
#  Layer      | Length(um)|  Vias|
#-------------+-----------+------+
#  poly ( 0H) |          0|     0|
#  met1 ( 1H) |      88688| 31084|
#  met2 ( 2V) |     205591| 15080|
#  met3 ( 3H) |     176215|  5702|
#  met4 ( 4V) |     120444|   844|
#  met5 ( 5H) |      42601|     0|
#-------------+-----------+------+
#  Total      |     633539| 52710|
#-------------+-----------+------+
#
# Total half perimeter of net bounding box: 468189 um.
#   number of violations = 0
#cpu time = 00:00:03, elapsed time = 00:00:03, memory = 3214.63 (MB), peak = 3467.62 (MB)
#CELL_VIEW Core,init has 0 DRC violations
#Total number of DRC violations = 0
#Total number of process antenna violations = 3
#Total number of net violated process antenna rule = 2
#Post Route wire spread is done.
#Total number of nets with non-default rule or having extra spacing = 53
#
#  Routing Statistics
#
#-------------+-----------+------+
#  Layer      | Length(um)|  Vias|
#-------------+-----------+------+
#  poly ( 0H) |          0|     0|
#  met1 ( 1H) |      88688| 31084|
#  met2 ( 2V) |     205591| 15080|
#  met3 ( 3H) |     176215|  5702|
#  met4 ( 4V) |     120444|   844|
#  met5 ( 5H) |      42601|     0|
#-------------+-----------+------+
#  Total      |     633539| 52710|
#-------------+-----------+------+
#
# Total half perimeter of net bounding box: 468189 um.
#route_detail Statistics:
#Cpu time = 00:00:14
#Elapsed time = 00:00:14
#Increased memory = 11.91 (MB)
#Total memory = 3214.63 (MB)
#Peak memory = 3467.62 (MB)
#
#route_global_detail statistics:
#Cpu time = 00:00:18
#Elapsed time = 00:00:18
#Increased memory = -22.77 (MB)
#Total memory = 3136.91 (MB)
#Peak memory = 3467.62 (MB)
#Number of warnings = 1
#Total number of warnings = 23
#Number of fails = 0
#Total number of fails = 0
#Complete route_global_detail on Tue Mar 17 20:23:21 2026
#
#
#  Scalability Statistics
#
#----------------------------+---------+-------------+------------+
#  route_global_detail       | cpu time| elapsed time| scalability|
#----------------------------+---------+-------------+------------+
#  Pre Callback              | 00:00:00|     00:00:00|         1.0|
#  Post Callback             | 00:00:00|     00:00:00|         1.0|
#  Timing Data Generation    | 00:00:00|     00:00:00|         1.0|
#  DB Import                 | 00:00:00|     00:00:00|         1.0|
#  DB Export                 | 00:00:00|     00:00:00|         1.0|
#  Cell Pin Access           | 00:00:01|     00:00:01|         1.0|
#  Data Preparation          | 00:00:00|     00:00:00|         1.0|
#  Global Routing            | 00:00:01|     00:00:01|         1.0|
#  Track Assignment          | 00:00:01|     00:00:01|         1.0|
#  Detail Routing            | 00:00:08|     00:00:08|         1.0|
#  Antenna Fixing            | 00:00:03|     00:00:03|         1.0|
#  Post Route Wire Spreading | 00:00:03|     00:00:03|         1.0|
#  Entire Command            | 00:00:18|     00:00:18|         1.0|
#----------------------------+---------+-------------+------------+
#
*** EcoRoute #1 [finish] (opt_design #1) : cpu/real = 0:00:17.7/0:00:17.7 (1.0), totSession cpu/real = 0:02:41.9/0:03:14.2 (0.8), mem = 3136.9M
**opt_design ... cpu = 0:01:32, real = 0:02:02, mem = 3135.4M, totSessionCpu=0:02:42 **
New Signature Flow (restoreNanoRouteOptions) ....
**INFO: flowCheckPoint #6 PostEcoSummary
#Extract in post route mode
#Finish check_net_pin_list step Enter extract_rc_in_nr_cmd
#Fast data preparation for tQuantus.
#Start routing data preparation on Tue Mar 17 20:23:22 2026
#
# met1         H   Track-Pitch = 0.4600    Line-2-Via Pitch = 0.3400
# met2         V   Track-Pitch = 0.4600    Line-2-Via Pitch = 0.3400
# met3         H   Track-Pitch = 0.6100    Line-2-Via Pitch = 0.6100
# met4         V   Track-Pitch = 0.6150    Line-2-Via Pitch = 0.6150
# met5         H   Track-Pitch = 3.6600    Line-2-Via Pitch = 3.2000
#Regenerating Ggrids automatically.
#Auto generating G-grids with size=15 tracks, using layer met3's pitch = 0.6150.
#Using automatically generated G-grids.
#Done routing data preparation.
#cpu time = 00:00:00, elapsed time = 00:00:00, memory = 3140.92 (MB), peak = 3467.62 (MB)
#Start routing data preparation on Tue Mar 17 20:23:22 2026
#
#Bottom routing layer index=1(met1), bottom routing layer for shielding=1(met1), bottom shield layer=1(met1) top shield layer=5(met5)
#shield_bottom_stripe_layer=1(met1), shield_top_stripe_layer=5(met5)
#pin_access_rlayer=2(met2) num_routing_layer=5 top_routing_layer=5 top_ripin_layer=5
#shield_top_dpt_rlayer=-1 top_rlayer=5 top_trim_metal_rlayer=-1 rlayer_lowest=1 bottom_rlayer=1
#enable_trim_layer_shield=F enable_dpt_layer_shield=F has_line_end_grid=F
#Regenerating Ggrids automatically.
#Auto generating G-grids with size=15 tracks, using layer met3's pitch = 0.6150.
#Using automatically generated G-grids.
#Done routing data preparation.
#cpu time = 00:00:00, elapsed time = 00:00:00, memory = 3154.53 (MB), peak = 3467.62 (MB)
#
#Start tQuantus RC extraction...
#Start building rc corner(s)...
#Number of RC Corner = 1
#Corner Nominal_25C /nethome/dkhalil8/InnovateECE/PhysicalDesign/RTL2GDS/SiliconJackets/cadence_sky130/sky130_release_0.0.4/quantus/extraction/typical/qrcTechFile 25.000000 (real) 
#(i=5, n=5 1000)
#metal1 -> met1 (1)
#metal2 -> met2 (2)
#metal3 -> met3 (3)
#metal4 -> met4 (4)
#metal5 -> met5 (5)
#SADV-On
# Corner(s) : 
#Nominal_25C [25.00]
# Corner id: 0
# Layout Scale: 1.000000
# Has Metal Fill model: yes
# Temperature was set
# Temperature : 25.000000
# Ref. Temp   : 25.000000
#SADV-Off
#
#layer[5] tech width 1600 != ict width 800.0
#
#layer[5] tech spc 1600 != ict spc 800.0
#total pattern=35 [5, 90]
#Reading previously stored rc_model file ( /nethome/dkhalil8/InnovateECE/PhysicalDesign/RTL2GDS/design/dbs/route.enc/libs/misc/rc_model.bin ) ...
#found CAPMODEL /nethome/dkhalil8/InnovateECE/PhysicalDesign/RTL2GDS/SiliconJackets/cadence_sky130/sky130_release_0.0.4/quantus/extraction/typical/qrcTechFile
#found RESMODEL /nethome/dkhalil8/InnovateECE/PhysicalDesign/RTL2GDS/SiliconJackets/cadence_sky130/sky130_release_0.0.4/quantus/extraction/typical/qrcTechFile 25.000000 
#CCE Version read = IQuantus/TQuantus 24.1.0-s290
#number model r/c [1,1] [5,90] read
#0 rcmodel(s) requires rebuild
#Build RC corners: cpu time = 00:00:00, elapsed time = 00:00:00, memory = 3156.30 (MB), peak = 3467.62 (MB)
#Finish check_net_pin_list step Enter extract
#Start init net ripin tree building
#Finish init net ripin tree building
#Cpu time = 00:00:00
#Elapsed time = 00:00:00
#Increased memory = 0.00 (MB)
#Total memory = 3156.30 (MB)
#Peak memory = 3467.62 (MB)
#begin processing metal fill model file
#end processing metal fill model file
#Length limit = 200 pitches
#opt mode = 2
#Finish check_net_pin_list step Fix net pin list
#Start generate extraction boxes.
#
#Extract using 30 x 30 Hboxes
#5x5 initial hboxes
#Use area based hbox pruning.
#0/0 hboxes pruned.
#Complete generating extraction boxes.
#Extract 15 hboxes with single thread on machine with  Xeon 2.80GHz 19712KB Cache 112CPU...
#Process 0 special clock nets for rc extraction
#Total 7851 nets were built. 659 nodes added to break long wires. 0 net(s) have incomplete routes.
#Start inst blockage merging.
#Run Statistics for Extraction:
#   Cpu time = 00:00:10, elapsed time = 00:00:10 .
#   Increased memory =    93.07 (MB), total memory =  3249.40 (MB), peak memory =  3467.62 (MB)
#Register nets and terms for rcdb /nethome/dkhalil8/InnovateECE/PhysicalDesign/RTL2GDS/design/innovus_temp_644643_9c1983e0-14da-4b1f-92b3-0ba950948d44_ece-linlabsrv01_dkhalil8_dRqZGc/nr0_644643_9c1983e0-14da-4b1f-92b3-0ba950948d44aBWrWu.rcdb.d
#Finish registering nets and terms for rcdb.
#Simplify RC tree: cpu time = 00:00:00, elapsed time = 00:00:00, memory = 3190.72 (MB), peak = 3467.62 (MB)
#RC Statistics: 47546 Res, 28130 Ground Cap, 26816 XCap (Edge to Edge)
#WARNING (NREX-102) Net UNCONNECTED1439 is not extracted due to Has no routing. The result of timing analysis involving such net is inaccurate.
#WARNING (NREX-102) Net UNCONNECTED312 is not extracted due to Has no routing. The result of timing analysis involving such net is inaccurate.
#WARNING (NREX-102) Net UNCONNECTED166 is not extracted due to Has no routing. The result of timing analysis involving such net is inaccurate.
#WARNING (NREX-102) Net InstructionDecode_Module_EX_instruction_opcode\[0\]_4001 is not extracted due to Has no routing. The result of timing analysis involving such net is inaccurate.
#WARNING (NREX-102) Net UNCONNECTED1508 is not extracted due to Has no routing. The result of timing analysis involving such net is inaccurate.
#WARNING (NREX-102) Net UNCONNECTED1443 is not extracted due to Has no routing. The result of timing analysis involving such net is inaccurate.
#WARNING (NREX-102) Net UNCONNECTED1445 is not extracted due to Has no routing. The result of timing analysis involving such net is inaccurate.
#WARNING (NREX-102) Net UNCONNECTED1446 is not extracted due to Has no routing. The result of timing analysis involving such net is inaccurate.
#WARNING (NREX-102) Net UNCONNECTED1444 is not extracted due to Has no routing. The result of timing analysis involving such net is inaccurate.
#WARNING (NREX-102) Net UNCONNECTED1441 is not extracted due to Has no routing. The result of timing analysis involving such net is inaccurate.
#WARNING (NREX-102) Net UNCONNECTED1448 is not extracted due to Has no routing. The result of timing analysis involving such net is inaccurate.
#WARNING (NREX-102) Net UNCONNECTED1447 is not extracted due to Has no routing. The result of timing analysis involving such net is inaccurate.
#WARNING (NREX-102) Net UNCONNECTED1449 is not extracted due to Has no routing. The result of timing analysis involving such net is inaccurate.
#WARNING (NREX-102) Net UNCONNECTED1454 is not extracted due to Has no routing. The result of timing analysis involving such net is inaccurate.
#WARNING (NREX-102) Net UNCONNECTED1452 is not extracted due to Has no routing. The result of timing analysis involving such net is inaccurate.
#WARNING (NREX-102) Net UNCONNECTED1450 is not extracted due to Has no routing. The result of timing analysis involving such net is inaccurate.
#WARNING (NREX-102) Net UNCONNECTED1451 is not extracted due to Has no routing. The result of timing analysis involving such net is inaccurate.
#WARNING (NREX-102) Net UNCONNECTED1459 is not extracted due to Has no routing. The result of timing analysis involving such net is inaccurate.
#WARNING (NREX-102) Net UNCONNECTED1456 is not extracted due to Has no routing. The result of timing analysis involving such net is inaccurate.
#WARNING (NREX-102) Net UNCONNECTED1457 is not extracted due to Has no routing. The result of timing analysis involving such net is inaccurate.
#WARNING (EMS-27) Message (NREX-102) has exceeded the current message display limit of 20.
#To increase the message display limit, refer to the product command reference manual.
#RC V/H edge ratio: 0.42, Avg V/H Edge Length: 6712.56 (26440), Avg L-Edge Length: 14557.36 (16798)
#Nets and terms are pre-registered for rcdb /nethome/dkhalil8/InnovateECE/PhysicalDesign/RTL2GDS/design/innovus_temp_644643_9c1983e0-14da-4b1f-92b3-0ba950948d44_ece-linlabsrv01_dkhalil8_dRqZGc/nr0_644643_9c1983e0-14da-4b1f-92b3-0ba950948d44aBWrWu.rcdb.d.
#Start writing RC data.
#Finish writing RC data
#Finish writing rcdb with 55920 nodes, 48069 edges, and 67570 xcaps
#cpu time = 00:00:00, elapsed time = 00:00:00, memory = 3187.75 (MB), peak = 3467.62 (MB)
Restoring parasitic data from file '/nethome/dkhalil8/InnovateECE/PhysicalDesign/RTL2GDS/design/innovus_temp_644643_9c1983e0-14da-4b1f-92b3-0ba950948d44_ece-linlabsrv01_dkhalil8_dRqZGc/nr0_644643_9c1983e0-14da-4b1f-92b3-0ba950948d44aBWrWu.rcdb.d' ...
Reading RCDB with compressed RC data.
Reading RCDB with compressed RC data.
Begin read_parasitics... (cpu: 0:00:00.0 real: 0:00:00.0 mem: 3187.750M)
Following multi-corner parasitics specified:
	/nethome/dkhalil8/InnovateECE/PhysicalDesign/RTL2GDS/design/innovus_temp_644643_9c1983e0-14da-4b1f-92b3-0ba950948d44_ece-linlabsrv01_dkhalil8_dRqZGc/nr0_644643_9c1983e0-14da-4b1f-92b3-0ba950948d44aBWrWu.rcdb.d (rcdb)
Reading RCDB with compressed RC data.
		Cell Core has rcdb /nethome/dkhalil8/InnovateECE/PhysicalDesign/RTL2GDS/design/innovus_temp_644643_9c1983e0-14da-4b1f-92b3-0ba950948d44_ece-linlabsrv01_dkhalil8_dRqZGc/nr0_644643_9c1983e0-14da-4b1f-92b3-0ba950948d44aBWrWu.rcdb.d specified
Cell Core, hinst 
Reading RCDB with compressed RC data.
Done read_parasitics... (cpu: 0:00:00.2 real: 0:00:00.0 mem: 3187.430M)
#
#Restore RCDB.
#
#Complete tQuantus RC extraction.
#Cpu time = 00:00:11
#Elapsed time = 00:00:11
#Increased memory = 32.89 (MB)
#Total memory = 3187.43 (MB)
#Peak memory = 3467.62 (MB)
#
#659 inserted nodes are removed
#Restored 0 tie nets, 0 tie snets, 0 partial nets
#Start Design Signature (0)
#Finish Inst Signature in MT(748695)
#Finish Net Signature in MT(1344893)
#Finish SNet Signature in MT (40055013)
#Run time and memory report for RC extraction:
#RC extraction running on  Xeon 2.80GHz 19712KB Cache 112CPU.
#Run Statistics for snet signature:
#   Cpu time = 00:00:00, elapsed time = 00:00:00 .
#   Increased memory =     0.00 (MB), total memory =  3167.93 (MB), peak memory =  3467.62 (MB)
#Run Statistics for Net Final Signature:
#   Cpu time = 00:00:00, elapsed time = 00:00:00 .
#   Increased memory =     0.00 (MB), total memory =  3167.93 (MB), peak memory =  3467.62 (MB)
#Run Statistics for Net launch:
#   Cpu time = 00:00:00, elapsed time = 00:00:00 .
#   Increased memory =     0.00 (MB), total memory =  3167.93 (MB), peak memory =  3467.62 (MB)
#Run Statistics for Net init_dbsNet_slist:
#   Cpu time = 00:00:00, elapsed time = 00:00:00 .
#   Increased memory =     0.00 (MB), total memory =  3167.93 (MB), peak memory =  3467.62 (MB)
#Run Statistics for net signature:
#   Cpu time = 00:00:00, elapsed time = 00:00:00 .
#   Increased memory =     0.00 (MB), total memory =  3167.93 (MB), peak memory =  3467.62 (MB)
#Run Statistics for inst signature:
#   Cpu time = 00:00:00, elapsed time = 00:00:00 .
#   Increased memory =    -1.07 (MB), total memory =  3167.93 (MB), peak memory =  3467.62 (MB)
**opt_design ... cpu = 0:01:44, real = 0:02:14, mem = 3168.0M, totSessionCpu=0:02:54 **
Starting delay calculation for Setup views
AAE_INFO: opIsDesignInPostRouteState() is 1
AAE_INFO: resetNetProps viewIdx 0 
Starting SI iteration 1 using Infinite Timing Windows
#################################################################################
# Design Stage: PostRoute
# Design Name: Core
# Design Mode: 130nm
# Analysis Mode: MMMC OCV 
# Parasitics Mode: SPEF/RCDB 
# Signoff Settings: SI On 
#################################################################################
AAE_INFO: 1 threads acquired from CTE.
Start delay calculation (fullDC) (1 T). (MEM=3200.66)
Initializing multi-corner resistance tables ...
Reading RCDB with compressed RC data.
Total number of fetched objects 9364
AAE_INFO: Total number of nets for which stage creation was skipped for all views 0
AAE_INFO-618: Total number of nets in the design is 9478,  99.7 percent of the nets selected for SI analysis
End delay calculation. (MEM=3220.58 CPU=0:00:03.8 REAL=0:00:04.0)
End delay calculation (fullDC). (MEM=3220.58 CPU=0:00:04.3 REAL=0:00:04.0)
Save waveform /nethome/dkhalil8/InnovateECE/PhysicalDesign/RTL2GDS/design/innovus_temp_644643_9c1983e0-14da-4b1f-92b3-0ba950948d44_ece-linlabsrv01_dkhalil8_dRqZGc/.AAE_i3E70a/.AAE_644643_9c1983e0-14da-4b1f-92b3-0ba950948d44/waveform.data...
Loading CTE timing window with TwFlowType 0...(CPU = 0:00:00.0, REAL = 0:00:00.0, MEM = 3221.7M)
Add other clocks and setupCteToAAEClockMapping during iter 1
Loading CTE timing window is completed (CPU = 0:00:00.1, REAL = 0:00:00.0, MEM = 3221.7M)
Starting SI iteration 2
Start delay calculation (fullDC) (1 T). (MEM=3221.02)
Glitch Analysis: View tt_v1.8_25C_Nominal_25_func -- Total Number of Nets Skipped = 152. 
Glitch Analysis: View tt_v1.8_25C_Nominal_25_func -- Total Number of Nets Analyzed = 9364. 
Total number of fetched objects 9364
AAE_INFO: Total number of nets for which stage creation was skipped for all views 0
AAE_INFO-618: Total number of nets in the design is 9478,  0.3 percent of the nets selected for SI analysis
End delay calculation. (MEM=3228.05 CPU=0:00:00.2 REAL=0:00:01.0)
End delay calculation (fullDC). (MEM=3228.05 CPU=0:00:00.2 REAL=0:00:01.0)
*** Done Building Timing Graph (cpu=0:00:07.5 real=0:00:08.0 totSessionCpu=0:03:01 mem=3222.9M)
** INFO: Initializing Glitch Interface

OptSummary:

------------------------------------------------------------------
       Post-ecoRoute Summary
------------------------------------------------------------------

Setup views included:
 tt_v1.8_25C_Nominal_25_func 

+--------------------+---------+---------+---------+
|     Setup mode     |   all   | reg2reg | default |
+--------------------+---------+---------+---------+
|           WNS (ns):|  0.424  |  0.424  |  6.830  |
|           TNS (ns):|  0.000  |  0.000  |  0.000  |
|    Violating Paths:|    0    |    0    |    0    |
|          All Paths:|  1573   |  1571   |  1272   |
+--------------------+---------+---------+---------+

+----------------+-------------------------------+------------------+
|                |              Real             |       Total      |
|    DRVs        +------------------+------------+------------------|
|                |  Nr nets(terms)  | Worst Vio  |  Nr nets(terms)  |
+----------------+------------------+------------+------------------+
|   max_cap      |      0 (0)       |   0.000    |      0 (0)       |
|   max_tran     |      0 (0)       |   0.000    |      0 (0)       |
|   max_fanout   |      0 (0)       |     0      |      0 (0)       |
|   max_length   |      0 (0)       |     0      |      0 (0)       |
+----------------+------------------+------------+------------------+

Density: 26.348%
       (98.627% with Fillers)
------------------------------------------------------------------
**opt_design ... cpu = 0:01:52, real = 0:02:22, mem = 3224.3M, totSessionCpu=0:03:02 **
Executing marking Critical Nets1
** INFO: Initializing Glitch Interface
** INFO: Initializing Glitch Cache
**INFO: flowCheckPoint #7 OptimizationRecovery
*** Timing Is met
*** Check timing (0:00:00.0)
Running postRoute recovery in postEcoRoute mode
**opt_design ... cpu = 0:01:52, real = 0:02:23, mem = 3224.3M, totSessionCpu=0:03:02 **
** INFO: Initializing Glitch Interface
Checking setup slack degradation ...
Checking DRV degradation...
**INFO: Skipping DRV recovery as drv did not degrade beyond margin
GigaOpt Hold Optimizer is used
GigaOpt Checkpoint: Internal optHold -postRoute -maxLocalDensity 1.0 -numThreads 1 -nativePathGroupFlow -recovery -evaluateHoldTiming
Starting initialization (fixHold) cpu=0:00:00.0 real=0:00:00.0 totSessionCpu=0:03:03 mem=3226.4M ***
*** BuildHoldData #3 [begin] (opt_design #1) : totSession cpu/real = 0:03:02.8/0:03:35.4 (0.8), mem = 3226.4M
Saving timing graph ...
Done save timing graph
Latch borrow mode reset to max_borrow
OPTC: user 20.0 (reset)
Starting delay calculation for Hold views
AAE_INFO: opIsDesignInPostRouteState() is 1
AAE_INFO: resetNetProps viewIdx 0 
Starting SI iteration 1 using Infinite Timing Windows
#################################################################################
# Design Stage: PostRoute
# Design Name: Core
# Design Mode: 130nm
# Analysis Mode: MMMC OCV 
# Parasitics Mode: SPEF/RCDB 
# Signoff Settings: SI On 
#################################################################################
AAE_INFO: 1 threads acquired from CTE.
Start delay calculation (fullDC) (1 T). (MEM=3245.21)
Total number of fetched objects 9364
AAE_INFO: Total number of nets for which stage creation was skipped for all views 0
AAE_INFO-618: Total number of nets in the design is 9478,  99.7 percent of the nets selected for SI analysis
End delay calculation. (MEM=3263.01 CPU=0:00:03.5 REAL=0:00:04.0)
End delay calculation (fullDC). (MEM=3263.01 CPU=0:00:03.8 REAL=0:00:04.0)
Save waveform /nethome/dkhalil8/InnovateECE/PhysicalDesign/RTL2GDS/design/innovus_temp_644643_9c1983e0-14da-4b1f-92b3-0ba950948d44_ece-linlabsrv01_dkhalil8_dRqZGc/.AAE_i3E70a/.AAE_644643_9c1983e0-14da-4b1f-92b3-0ba950948d44/waveform.data...
Loading CTE timing window with TwFlowType 0...(CPU = 0:00:00.0, REAL = 0:00:00.0, MEM = 3263.7M)
Add other clocks and setupCteToAAEClockMapping during iter 1
Loading CTE timing window is completed (CPU = 0:00:00.1, REAL = 0:00:01.0, MEM = 3263.7M)

Executing IPO callback for view pruning ..
Starting SI iteration 2
Start delay calculation (fullDC) (1 T). (MEM=3219.34)
Glitch Analysis: View tt_v1.8_25C_Nominal_25_func -- Total Number of Nets Skipped = 152. 
Glitch Analysis: View tt_v1.8_25C_Nominal_25_func -- Total Number of Nets Analyzed = 9364. 
Total number of fetched objects 9364
AAE_INFO: Total number of nets for which stage creation was skipped for all views 0
AAE_INFO-618: Total number of nets in the design is 9478,  0.9 percent of the nets selected for SI analysis
End delay calculation. (MEM=3225.98 CPU=0:00:00.2 REAL=0:00:00.0)
End delay calculation (fullDC). (MEM=3225.98 CPU=0:00:00.2 REAL=0:00:00.0)
*** Done Building Timing Graph (cpu=0:00:06.6 real=0:00:07.0 totSessionCpu=0:03:10 mem=3223.5M)
Done building cte hold timing graph (fixHold) cpu=0:00:07.6 real=0:00:08.0 totSessionCpu=0:03:10 mem=3223.6M ***
OPTC: m4 20.0 50.0 [ 500.0 20.0 50.0 ]
OPTC: view 50.0:500.0 [ 0.0500 ]
Restoring timing graph ...
AAE_INFO: Resetting and re-constructing cache for AAE clocks ...
Done restore timing graph
Done building cte setup timing graph (fixHold) cpu=0:00:09.2 real=0:00:10.0 totSessionCpu=0:03:12 mem=3334.9M ***
Setting latch borrow mode to budget during optimization.
**INFO: total 0 insts, 0 nets marked don't touch
**INFO: total 1 insts, 0 nets marked don't touch
**INFO: total 1 insts, 0 nets marked don't touch DB property
**INFO: total 1 insts, 0 nets unmarked don't touch
*** BuildHoldData #3 [finish] (opt_design #1) : cpu/real = 0:00:09.9/0:00:10.1 (1.0), totSession cpu/real = 0:03:12.7/0:03:45.5 (0.9), mem = 3264.8M
** INFO Cleaning up Glitch Interface
Finish postRoute recovery in postEcoRoute mode (cpu=0:00:10, real=0:00:10, mem=3265.08M, totSessionCpu=0:03:13).
**opt_design ... cpu = 0:02:03, real = 0:02:33, mem = 3265.1M, totSessionCpu=0:03:13 **

Latch borrow mode reset to max_borrow
**INFO: flowCheckPoint #8 FinalSummary
OPTC: user 20.0 (reset)
Reported timing to dir debug
**opt_design ... cpu = 0:02:05, real = 0:02:36, mem = 3268.7M, totSessionCpu=0:03:15 **
Saving timing graph ...
Done save timing graph
Starting delay calculation for Hold views
AAE_INFO: opIsDesignInPostRouteState() is 1
AAE_INFO: resetNetProps viewIdx 0 
Starting SI iteration 1 using Infinite Timing Windows
#################################################################################
# Design Stage: PostRoute
# Design Name: Core
# Design Mode: 130nm
# Analysis Mode: MMMC OCV 
# Parasitics Mode: SPEF/RCDB 
# Signoff Settings: SI On 
#################################################################################
AAE_INFO: 1 threads acquired from CTE.
Start delay calculation (fullDC) (1 T). (MEM=3243.45)
Total number of fetched objects 9364
AAE_INFO: Total number of nets for which stage creation was skipped for all views 0
AAE_INFO-618: Total number of nets in the design is 9478,  99.7 percent of the nets selected for SI analysis
End delay calculation. (MEM=3264.71 CPU=0:00:03.4 REAL=0:00:04.0)
End delay calculation (fullDC). (MEM=3264.71 CPU=0:00:03.7 REAL=0:00:04.0)
Save waveform /nethome/dkhalil8/InnovateECE/PhysicalDesign/RTL2GDS/design/innovus_temp_644643_9c1983e0-14da-4b1f-92b3-0ba950948d44_ece-linlabsrv01_dkhalil8_dRqZGc/.AAE_i3E70a/.AAE_644643_9c1983e0-14da-4b1f-92b3-0ba950948d44/waveform.data...
Loading CTE timing window with TwFlowType 0...(CPU = 0:00:00.0, REAL = 0:00:00.0, MEM = 3265.3M)
Add other clocks and setupCteToAAEClockMapping during iter 1
Loading CTE timing window is completed (CPU = 0:00:00.1, REAL = 0:00:00.0, MEM = 3265.3M)
Starting SI iteration 2
Start delay calculation (fullDC) (1 T). (MEM=3224.68)
Glitch Analysis: View tt_v1.8_25C_Nominal_25_func -- Total Number of Nets Skipped = 152. 
Glitch Analysis: View tt_v1.8_25C_Nominal_25_func -- Total Number of Nets Analyzed = 9364. 
Total number of fetched objects 9364
AAE_INFO: Total number of nets for which stage creation was skipped for all views 0
AAE_INFO-618: Total number of nets in the design is 9478,  0.9 percent of the nets selected for SI analysis
End delay calculation. (MEM=3231.45 CPU=0:00:00.2 REAL=0:00:00.0)
End delay calculation (fullDC). (MEM=3231.45 CPU=0:00:00.2 REAL=0:00:00.0)
*** Done Building Timing Graph (cpu=0:00:05.9 real=0:00:06.0 totSessionCpu=0:03:22 mem=3222.3M)
Restoring timing graph ...
AAE_INFO: Resetting and re-constructing cache for AAE clocks ...
Done restore timing graph
** INFO: Initializing Glitch Interface
** INFO: Initializing Glitch Interface

OptSummary:

------------------------------------------------------------------
     opt_design Final SI Timing Summary
------------------------------------------------------------------

Setup views included:
 tt_v1.8_25C_Nominal_25_func 
Hold views included:
 tt_v1.8_25C_Nominal_25_func

+--------------------+---------+---------+---------+
|     Setup mode     |   all   | reg2reg | default |
+--------------------+---------+---------+---------+
|           WNS (ns):|  0.424  |  0.424  |  6.830  |
|           TNS (ns):|  0.000  |  0.000  |  0.000  |
|    Violating Paths:|    0    |    0    |    0    |
|          All Paths:|  1573   |  1571   |  1272   |
+--------------------+---------+---------+---------+

+--------------------+---------+---------+---------+
|     Hold mode      |   all   | reg2reg | default |
+--------------------+---------+---------+---------+
|           WNS (ns):|  0.003  |  0.003  |  0.091  |
|           TNS (ns):|  0.000  |  0.000  |  0.000  |
|    Violating Paths:|    0    |    0    |    0    |
|          All Paths:|  1573   |  1571   |  1272   |
+--------------------+---------+---------+---------+

+----------------+-------------------------------+------------------+
|                |              Real             |       Total      |
|    DRVs        +------------------+------------+------------------|
|                |  Nr nets(terms)  | Worst Vio  |  Nr nets(terms)  |
+----------------+------------------+------------+------------------+
|   max_cap      |      0 (0)       |   0.000    |      0 (0)       |
|   max_tran     |      0 (0)       |   0.000    |      0 (0)       |
|   max_fanout   |      0 (0)       |     0      |      0 (0)       |
|   max_length   |      0 (0)       |     0      |      0 (0)       |
+----------------+------------------+------------+------------------+

Density: 26.348%
       (98.627% with Fillers)
------------------------------------------------------------------
Begin: Collecting metrics
 ---------------------------------------------------------------------------------------------------------------------- 
| Snapshot           | WNS                  | TNS                  | Density (%) | Resource               | DRVs       |
|                    | HEPG (ns) | ALL (ns) | HEPG (ns) | ALL (ns) |             | Real (s) | Memory (MB) | Tran | Cap |
|--------------------+-----------+----------+-----------+----------+-------------+----------+-------------+------+-----|
| initial_summary    |     0.440 |    0.440 |           |        0 |       26.23 | 0:00:17  |        3123 |   32 |  25 |
| ccopt_pro          |           |          |           |          |             | 0:00:08  |        3158 |      |     |
| drv_eco_fixing     |     0.636 |    0.636 |         0 |        0 |       26.40 | 0:00:05  |        3159 |    0 |   0 |
| initial_summary_2  |     0.636 |    0.636 |           |        0 |       26.36 | 0:00:10  |        3188 |    0 |   0 |
| hold_fixing        |     0.636 |    0.636 |         0 |        0 |       26.39 | 0:00:02  |        3161 |      |     |
| route_type_fixing  |           |          |           |          |             | 0:00:01  |        3158 |      |     |
| pre_route_summary  |     0.636 |    0.636 |           |        0 |       26.35 | 0:00:00  |        3162 |    0 |   0 |
| eco_route          |           |          |           |          |             | 0:00:18  |        3135 |      |     |
| post_route_summary |     0.424 |    0.424 |           |        0 |       26.35 | 0:00:08  |        3224 |    0 |   0 |
| initial_summary_3  |     0.424 |    0.424 |           |        0 |             | 0:00:10  |        3265 |      |     |
| final_summary      |     0.424 |    0.424 |           |        0 |       26.35 | 0:00:14  |        3278 |    0 |   0 |
 ---------------------------------------------------------------------------------------------------------------------- 
End: Collecting metrics
**opt_design ... cpu = 0:02:16, real = 0:02:49, mem = 3277.8M, totSessionCpu=0:03:26 **
 ReSet Options after AAE Based Opt flow 
*** Finished opt_design ***
      flow.cputime  flow.realtime  timing.setup.tns  timing.setup.wns  snapshot
UM:*                                                                   final
      flow.cputime  flow.realtime  timing.setup.tns  timing.setup.wns  snapshot
UM:*                                                                   opt_design_postroute
Info: final physical memory for 2 CRR processes is 981.74MB.
Info: Summary of CRR changes:
      - Timing transform commits:       0
Info: Destroy the CCOpt slew target map.

*** Summary of all messages that are not suppressed in this session:
Severity  ID               Count  Summary                                  
WARNING   IMPSP-362            1  Site '%s' has %s std.Cell height, so ign...
WARNING   IMPOPT-7320          1  Glitch fixing has been disabled since gl...
WARNING   IMPOPT-306           1  Found placement violations in the postRo...
WARNING   IMPCCOPT-2427        2  The cts_target_maximum_transition_time %...
WARNING   NREX-102          1627  Net %s is not extracted due to %s. The r...
*** Message Summary: 1632 warning(s), 0 error(s)

*** opt_design #1 [finish] () : cpu/real = 0:02:16.3/0:02:59.9 (0.8), totSession cpu/real = 0:03:26.5/0:04:12.3 (0.8), mem = 3278.4M
#@ End verbose flow_step implementation.postroute.run_opt_postroute
      flow.cputime  flow.realtime  timing.setup.tns  timing.setup.wns  snapshot
UM:         142.27            185          0.000 ns          0.424 ns  run_opt_postroute
#@ Begin verbose flow_step implementation.postroute.remove_blockages_halos
@flow 2: apply {{} {
    delete_place_halo -all_blocks
    delete_obj [get_db place_blockages]
    delete_route_blockages -type all
    delete_route_halo -all_blocks
  }}
#@ End verbose flow_step implementation.postroute.remove_blockages_halos
      flow.cputime  flow.realtime  timing.setup.tns  timing.setup.wns  snapshot
UM:           6.07              6                                      remove_blockages_halos
#@ Begin verbose flow_step implementation.postroute.fix_antenna
@flow 2: apply {{} {
    delete_markers
    check_antenna
    set antennaMList [get_db markers]
    set antenna_iter 0
    set max_antenna_iter 4
    while { ([llength $antennaMList] > 0) && ($antenna_iter < $max_antenna_iter) } {
      puts "Found [llength $antennaMList] antenna markers. Starting route_eco to fix antennas (iteration $antenna_iter)"
      route_global_detail
      delete_markers
      check_antenna
      set antennaMList [get_db markers]
      incr antenna_iter
    }
    puts "Antenna fixing completed after $antenna_iter iterations. Remaining antennas are [llength $antennaMList]."
  }}
Deleted 461 marker(s)
 *** Starting Verify Antenna (MEM: 3308.7) ***

Report File: Core.verify_antenna.rpt
  VERIFY Antenna ...... Starting Verification
  VERIFY Antenna ...... Using new threading
5000 nets processed: 3 violations
Verification Complete: 3 Violations
 *** End Verify Antenna (CPU: 0:00:01.5  ELAPSED TIME: 0:00:01.0  MEM: -66.6M) ***

******* DONE VERIFY ANTENNA ********
Found 3 antenna markers. Starting route_eco to fix antennas (iteration 0)

route_global_detail

#Start route_global_detail on Tue Mar 17 20:24:33 2026
#
#Warning: design is detail-routed. Trial route is skipped!
#NanoRoute Version 25.11-s102_1 NR250730-0928/25_11-UB
#Total number of trivial nets (e.g. < 2 pins) = 1627 (skipped).
#Total number of routable nets = 7851.
#Total number of nets in the design = 9478.
#7851 routable nets have routed wires.
#54 detail routed (routable) nets have been constrained (e.g. have preferred extra spacing, require shielding etc.)
#No nets have been global routed.
#Start routing data preparation on Tue Mar 17 20:24:34 2026
#
#Initial pin access analysis.
#Detail pin access analysis.
#Done pin access analysis.
# met1         H   Track-Pitch = 0.4600    Line-2-Via Pitch = 0.3400
# met2         V   Track-Pitch = 0.4600    Line-2-Via Pitch = 0.3400
# met3         H   Track-Pitch = 0.6100    Line-2-Via Pitch = 0.6100
# met4         V   Track-Pitch = 0.6150    Line-2-Via Pitch = 0.6150
# met5         H   Track-Pitch = 3.6600    Line-2-Via Pitch = 3.2000
#Bottom routing layer index=1(met1), bottom routing layer for shielding=1(met1), bottom shield layer=1(met1) top shield layer=5(met5)
#shield_bottom_stripe_layer=1(met1), shield_top_stripe_layer=5(met5)
#pin_access_rlayer=2(met2) num_routing_layer=5 top_routing_layer=5 top_ripin_layer=5
#shield_top_dpt_rlayer=-1 top_rlayer=5 top_trim_metal_rlayer=-1 rlayer_lowest=1 bottom_rlayer=1
#enable_trim_layer_shield=F enable_dpt_layer_shield=F has_line_end_grid=F
#cpu time = 00:00:00, elapsed time = 00:00:00, memory = 3247.12 (MB), peak = 3467.62 (MB)
#Regenerating Ggrids automatically.
#Auto generating G-grids with size=15 tracks, using layer met3's pitch = 0.6150.
#Using automatically generated G-grids.
#Done routing data preparation.
#cpu time = 00:00:00, elapsed time = 00:00:00, memory = 3256.87 (MB), peak = 3467.62 (MB)
#
#Finished routing data preparation on Tue Mar 17 20:24:34 2026
#
#Cpu time = 00:00:00
#Elapsed time = 00:00:00
#Increased memory = 17.29 (MB)
#Total memory = 3256.87 (MB)
#Peak memory = 3467.62 (MB)
#
#
#Start global routing on Tue Mar 17 20:24:34 2026
#
#
#Start global routing initialization on Tue Mar 17 20:24:34 2026
#
#WARNING (NRGR-22) Design is already detail routed.
#Routing data preparation, pin analysis, global routing and track assignment statistics:
#Cpu time = 00:00:01
#Elapsed time = 00:00:01
#Increased memory = 17.36 (MB)
#Total memory = 3256.94 (MB)
#Peak memory = 3467.62 (MB)
#
#Start Detail Routing..
#start initial detail routing ...
#   number of violations = 0
#cpu time = 00:00:00, elapsed time = 00:00:00, memory = 3261.39 (MB), peak = 3467.62 (MB)
#Complete Detail Routing.
#Total number of nets with non-default rule or having extra spacing = 53
#
#  Routing Statistics
#
#-------------+-----------+------+
#  Layer      | Length(um)|  Vias|
#-------------+-----------+------+
#  poly ( 0H) |          0|     0|
#  met1 ( 1H) |      88688| 31084|
#  met2 ( 2V) |     205591| 15080|
#  met3 ( 3H) |     176215|  5702|
#  met4 ( 4V) |     120444|   844|
#  met5 ( 5H) |      42601|     0|
#-------------+-----------+------+
#  Total      |     633539| 52710|
#-------------+-----------+------+
#
# Total half perimeter of net bounding box: 468189 um.
#Total number of DRC violations = 0
#Cpu time = 00:00:00
#Elapsed time = 00:00:00
#Increased memory = 4.45 (MB)
#Total memory = 3261.39 (MB)
#Peak memory = 3467.62 (MB)
#
#start routing for process antenna violation fix ...
#- start antenna fix number of process antenna vio = 1.
#- start antenna fix number of net violated process antenna rule = 1.
#cpu time = 00:00:03, elapsed time = 00:00:03, memory = 3262.64 (MB), peak = 3467.62 (MB)
#
#Total number of nets with non-default rule or having extra spacing = 53
#
#  Routing Statistics
#
#-------------+-----------+------+
#  Layer      | Length(um)|  Vias|
#-------------+-----------+------+
#  poly ( 0H) |          0|     0|
#  met1 ( 1H) |      88688| 31084|
#  met2 ( 2V) |     205591| 15080|
#  met3 ( 3H) |     176215|  5702|
#  met4 ( 4V) |     120444|   844|
#  met5 ( 5H) |      42601|     0|
#-------------+-----------+------+
#  Total      |     633539| 52710|
#-------------+-----------+------+
#
# Total half perimeter of net bounding box: 468189 um.
#Total number of DRC violations = 0
#Total number of process antenna violations = 3
#Total number of net violated process antenna rule = 2
#
#
#start delete and reroute for process antenna violation fix ...
#- start antenna fix number of process antenna vio = 1.
#- start antenna fix number of net violated process antenna rule = 1.
#cpu time = 00:00:08, elapsed time = 00:00:08, memory = 3256.21 (MB), peak = 3467.62 (MB)
#Total number of nets with non-default rule or having extra spacing = 53
#
#  Routing Statistics
#
#-------------+-----------+------+
#  Layer      | Length(um)|  Vias|
#-------------+-----------+------+
#  poly ( 0H) |          0|     0|
#  met1 ( 1H) |      88673| 31084|
#  met2 ( 2V) |     205551| 15073|
#  met3 ( 3H) |     176851|  5722|
#  met4 ( 4V) |     120701|   838|
#  met5 ( 5H) |      41893|     0|
#-------------+-----------+------+
#  Total      |     633669| 52717|
#-------------+-----------+------+
#
# Total half perimeter of net bounding box: 468189 um.
#Total number of DRC violations = 0
#Total number of process antenna violations = 0
#Total number of net violated process antenna rule = 0
#
#
#Total number of nets with non-default rule or having extra spacing = 53
#
#  Routing Statistics
#
#-------------+-----------+------+
#  Layer      | Length(um)|  Vias|
#-------------+-----------+------+
#  poly ( 0H) |          0|     0|
#  met1 ( 1H) |      88673| 31084|
#  met2 ( 2V) |     205551| 15073|
#  met3 ( 3H) |     176851|  5722|
#  met4 ( 4V) |     120701|   838|
#  met5 ( 5H) |      41893|     0|
#-------------+-----------+------+
#  Total      |     633669| 52717|
#-------------+-----------+------+
#
# Total half perimeter of net bounding box: 468189 um.
#Total number of DRC violations = 0
#Total number of process antenna violations = 0
#Total number of net violated process antenna rule = 0
#
#route_detail Statistics:
#Cpu time = 00:00:12
#Elapsed time = 00:00:13
#Increased memory = -0.72 (MB)
#Total memory = 3256.21 (MB)
#Peak memory = 3467.62 (MB)
#
#route_global_detail statistics:
#Cpu time = 00:00:14
#Elapsed time = 00:00:14
#Increased memory = -52.66 (MB)
#Total memory = 3189.37 (MB)
#Peak memory = 3467.62 (MB)
#Number of warnings = 1
#Total number of warnings = 45
#Number of fails = 0
#Total number of fails = 0
#Complete route_global_detail on Tue Mar 17 20:24:47 2026
#
#
#  Scalability Statistics
#
#-------------------------+---------+-------------+------------+
#  route_global_detail    | cpu time| elapsed time| scalability|
#-------------------------+---------+-------------+------------+
#  Pre Callback           | 00:00:00|     00:00:00|         1.0|
#  Post Callback          | 00:00:00|     00:00:00|         1.0|
#  Timing Data Generation | 00:00:00|     00:00:00|         1.0|
#  DB Import              | 00:00:00|     00:00:00|         1.0|
#  DB Export              | 00:00:00|     00:00:00|         1.0|
#  Cell Pin Access        | 00:00:00|     00:00:00|         1.0|
#  Data Preparation       | 00:00:01|     00:00:01|         1.0|
#  Global Routing         | 00:00:01|     00:00:01|         1.0|
#  Track Assignment       | 00:00:00|     00:00:00|         1.0|
#  Detail Routing         | 00:00:00|     00:00:00|         1.0|
#  Antenna Fixing         | 00:00:11|     00:00:11|         1.0|
#  Entire Command         | 00:00:14|     00:00:14|         1.0|
#-------------------------+---------+-------------+------------+
#
Deleted 0 marker(s)
 *** Starting Verify Antenna (MEM: 3189.5) ***

Report File: Core.verify_antenna.rpt
  VERIFY Antenna ...... Starting Verification
  VERIFY Antenna ...... Using new threading
5000 nets processed: 0 violations
Verification Complete: 0 Violations
 *** End Verify Antenna (CPU: 0:00:01.4  ELAPSED TIME: 0:00:02.0  MEM: 0.0M) ***

******* DONE VERIFY ANTENNA ********
Antenna fixing completed after 1 iterations. Remaining antennas are 0.
#@ End verbose flow_step implementation.postroute.fix_antenna
      flow.cputime  flow.realtime  timing.setup.tns  timing.setup.wns  snapshot
UM:          22.81             23                                      fix_antenna
#@ Begin verbose flow_step implementation.postroute.fix_drc
@flow 2: apply {{} {
    delete_markers
    check_drc -limit 100000
    set drcMList [get_db markers]
    set drc_iter 0
    set max_drc_iter 4
    while { ([llength $drcMList] > 0) && ($drc_iter < $max_drc_iter) } {
      puts "Found [llength $drcMList] DRC markers. Starting route_eco to fix DRCs (iteration $drc_iter)"
      route_eco -fix_drc
      delete_markers
      check_drc -limit 100000
      set drcMList [get_db markers]
      incr drc_iter
    }
    puts "DRC fixing completed after $drc_iter iterations. Remaining DRCs are [llength $drcMList]."
    if { ([llength $drcMList] > 0) } {
      delete_routes -regular_wire_with_drc
      route_global_detail
      check_drc -limit 100000
      set drcMList [get_db markers]
      puts "Last round of DRC fixing completed after $drc_iter iterations. Remaining DRCs are [llength $drcMList]."
    }
  }}
Deleted 0 marker(s)
#-limit 100000                           # int, default=100000, user setting
#-check_same_via_cell true               # bool, default=false, user setting
 *** Starting Verify DRC (MEM: 3211.6) ***

  VERIFY DRC ...... Starting Verification
  VERIFY DRC ...... Initializing
  VERIFY DRC ...... Deleting Existing Violations
  VERIFY DRC ...... Creating Sub-Areas
  VERIFY DRC ...... Using new threading

  Verification Complete : 0 Viols.

 *** End Verify DRC (CPU TIME: 0:00:02.0  ELAPSED TIME: 0:00:04.0  MEM: 3.0M) ***

DRC fixing completed after 0 iterations. Remaining DRCs are 0.
#@ End verbose flow_step implementation.postroute.fix_drc
      flow.cputime  flow.realtime  timing.setup.tns  timing.setup.wns  snapshot
UM:           8.04              9                                      fix_drc
#@ Begin verbose flow_step implementation.postroute.block_finish
@flow 2: apply {{} {
    #- Make sure flow_report_name is reset from any reports executed during the flow
    set_db flow_report_name [get_db [lindex [get_db flow_hier_path] end] .name]
    #- Set DB for handoff to Innovus
    if {[is_flow -inside flow:syn_opt]} {
      set_db flow_write_db_common true
    }
  
    #- Set value for SPEF output file generation
    if {[get_db flow_branch] ne ""} {
      set out_dir [file join [get_db flow_db_directory] [get_db flow_branch]_[get_db flow_report_name]]
    } else {
      set out_dir [file join [get_db flow_db_directory] [get_db flow_report_name]]
    }
    set_db flow_spef_directory $out_dir
  
    #- Store non-default root attributes to metrics
    catch {report_obj -tcl} flow_root_config
    if {[dict exists $flow_root_config root:/]} {
      set flow_root_config [dict get $flow_root_config root:/]
    } elseif {[dict exists $flow_root_config root:]} {
      set flow_root_config [dict get $flow_root_config root:]
    } else {
    }
    foreach key [dict keys $flow_root_config] {
      if {[string length [dict get $flow_root_config $key]] > 200} {
        dict set flow_root_config $key "\[long value truncated\]"
      }
    }
    set_metric -name flow.root_config -value $flow_root_config
  }}
#@ End verbose flow_step implementation.postroute.block_finish
      flow.cputime  flow.realtime  timing.setup.tns  timing.setup.wns  snapshot
UM:           6.42              5                                      block_finish
#% Begin save design ... (date=03/17 20:25:07, mem=3207.1M)
ff_v1.98_0C tt_v1.8_25C ss_v1.62_125C
Nominal_25C
% Begin Save ccopt configuration ... (date=03/17 20:25:07, mem=3207.1M)
% End Save ccopt configuration ... (date=03/17 20:25:08, total cpu=0:00:00.2, real=0:00:01.0, peak res=3207.5M, current mem=3207.5M)
% Begin Save netlist data ... (date=03/17 20:25:08, mem=3207.5M)
Writing Binary DB to /nethome/dkhalil8/InnovateECE/PhysicalDesign/RTL2GDS/design/dbs/postroute.enc/Core.v.bin in single-threaded mode...
% End Save netlist data ... (date=03/17 20:25:08, total cpu=0:00:00.1, real=0:00:00.0, peak res=3207.5M, current mem=3207.5M)
Saving symbol-table file ...
Saving congestion map file /nethome/dkhalil8/InnovateECE/PhysicalDesign/RTL2GDS/design/dbs/postroute.enc/Core.route.congmap.gz ...
% Begin Save AAE data ... (date=03/17 20:25:08, mem=3208.2M)
Saving AAE Data ...
% End Save AAE data ... (date=03/17 20:25:08, total cpu=0:00:00.1, real=0:00:00.0, peak res=3208.2M, current mem=3208.2M)
Saving preference file /nethome/dkhalil8/InnovateECE/PhysicalDesign/RTL2GDS/design/dbs/postroute.enc/gui.pref.tcl ...
Saving mode setting ...
Saving root attributes to be loaded post write_db ...
**WARN: (IMPMF-5054):	fill_setting_save command is obsolete and should not be used any more. It still works in this release but will be removed in future release. Recommend to use Pegasus metal fill flow which is the replacement.
Saving global file ...
Saving root attributes to be loaded previous write_db ...
% Begin Save floorplan data ... (date=03/17 20:25:11, mem=3209.0M)
Saving floorplan file ...
Convert 0 swires and 0 svias from compressed groups
% End Save floorplan data ... (date=03/17 20:25:12, total cpu=0:00:00.1, real=0:00:01.0, peak res=3209.5M, current mem=3209.5M)
Saving PG file /nethome/dkhalil8/InnovateECE/PhysicalDesign/RTL2GDS/design/dbs/postroute.enc/Core.pg.gz, version#2, (Created by Innovus v25.11-s102_1 on Tue Mar 17 20:25:12 2026)
*** Completed savePGFile (cpu=0:00:00.0 real=0:00:00.0 mem=3209.9M) ***
*info - save blackBox cells to lef file /nethome/dkhalil8/InnovateECE/PhysicalDesign/RTL2GDS/design/dbs/postroute.enc/Core.bbox.lef
Saving Drc markers ...
... No Drc file written since there is no markers found.
% Begin Save placement data ... (date=03/17 20:25:12, mem=3209.7M)
** Saving stdCellPlacement_binary (version# 2) ...
Save Adaptive View Pruning View Names to Binary file
% End Save placement data ... (date=03/17 20:25:12, total cpu=0:00:00.1, real=0:00:00.0, peak res=3210.0M, current mem=3210.0M)
% Begin Save routing data ... (date=03/17 20:25:12, mem=3210.0M)
Saving route file ...
*** Completed saveRoute (cpu=0:00:00.1 real=0:00:00.0 mem=3211.1M) ***
% End Save routing data ... (date=03/17 20:25:12, total cpu=0:00:00.2, real=0:00:00.0, peak res=3210.1M, current mem=3210.1M)
Saving property file /nethome/dkhalil8/InnovateECE/PhysicalDesign/RTL2GDS/design/dbs/postroute.enc/Core.prop
*** Completed saveProperty (cpu=0:00:00.1 real=0:00:00.0 mem=3213.4M) ***
#Saving pin access data to file /nethome/dkhalil8/InnovateECE/PhysicalDesign/RTL2GDS/design/dbs/postroute.enc/Core.apa ...
#
Saving preRoute extracted patterns in file '/nethome/dkhalil8/InnovateECE/PhysicalDesign/RTL2GDS/design/dbs/postroute.enc/Core.techData.gz' ...
% Begin Save power constraints data ... (date=03/17 20:25:13, mem=3211.6M)
% End Save power constraints data ... (date=03/17 20:25:13, total cpu=0:00:00.1, real=0:00:00.0, peak res=3211.6M, current mem=3211.6M)
Nominal_25C
Nominal_25C
Nominal_25C
**WARN: (GLOBAL-100):	Global 'timing_enable_backward_compatible_mmmc_mode' has become obsolete. It will be removed in the next release.
**WARN: (GLOBAL-100):	Global 'timing_enable_backward_compatible_mmmc_mode' has become obsolete. It will be removed in the next release.
Generated self-contained design postroute.enc
#% End save design ... (date=03/17 20:25:14, total cpu=0:00:04.3, real=0:00:07.0, peak res=3212.8M, current mem=3212.8M)

*** Summary of all messages that are not suppressed in this session:
Severity  ID               Count  Summary                                  
WARNING   IMPMF-5054           1  fill_setting_save command is obsolete an...
WARNING   GLOBAL-100           2  Global '%s' has become obsolete. It will...
*** Message Summary: 3 warning(s), 0 error(s)

      flow.cputime  flow.realtime  timing.setup.tns  timing.setup.wns  snapshot
UM:*                                                                   write_db
#@ Begin verbose flow_step implementation.postroute.write_output_files
@@flow 2: write_stream -merge [get_flow_config std_cells]/gds/sky130_scl_9T.gds ./output/[get_db designs .name].gds
Parse flat map file 'streamOut.map'
Merge file: ../SiliconJackets/cadence_sky130/sky130_scl_9T_0.0.5/gds/sky130_scl_9T.gds has version number: 5
Writing GDSII file ...
	****** db unit per micron = 1000 ******
	****** output gds2 file unit per micron = 1000 ******
	****** unit scaling factor = 1 ******
Output for instance
Output for bump
Convert 0 swires and 0 svias from compressed groups
Convert 0 swires and 0 svias from compressed groups
Scanning GDS file ../SiliconJackets/cadence_sky130/sky130_scl_9T_0.0.5/gds/sky130_scl_9T.gds to register cell name ......
Output for physical terminals
Output for logical terminals
Output for regular nets
Output for special nets and metal fills
Output for via structure generation total number 28
Statistics for GDS generated (version 5)
----------------------------------------
Stream Out Layer Mapping Information:
GDS Layer Number          GDS Layer Name
----------------------------------------
    107                             COMP
    108                          DIEAREA
    100                             met5
    98                              met5
    97                              met5
    95                              met5
    94                              met5
    93                              met5
    92                              met5
    91                              via4
    90                              via4
    99                              met5
    89                              via4
    88                              via4
    101                             met5
    87                              via4
    96                              met5
    86                              via4
    85                              via4
    79                              met4
    77                              met4
    76                              met4
    74                              met4
    73                              met4
    72                              met4
    32                              met2
    31                              met2
    58                              met3
    30                              met2
    29                              met2
    55                              met3
    28                               via
    1                               mcon
    27                               via
    25                               via
    16                              met1
    33                              met2
    23                               via
    14                              met1
    17                              met1
    3                               mcon
    53                              met3
    4                               mcon
    15                              met1
    5                               mcon
    51                              met3
    2                               mcon
    12                              met1
    6                               mcon
    56                              met3
    7                               mcon
    8                               met1
    34                              met2
    9                               met1
    26                               via
    36                              met2
    10                              met1
    37                              met2
    11                              met1
    24                               via
    38                              met2
    22                               via
    49                              via2
    13                              met1
    35                              met2
    43                              via2
    70                              via3
    59                              met3
    45                              via2
    46                              via2
    57                              met3
    47                              via2
    48                              via2
    50                              met3
    52                              met3
    44                              via2
    54                              met3
    64                              via3
    75                              met4
    65                              via3
    80                              met4
    66                              via3
    67                              via3
    78                              met4
    68                              via3
    69                              via3
    71                              met4
    105                             met5
    104                             met5
    103                             met5
    102                             met5
    84                              met4
    83                              met4
    82                              met4
    42                              met2
    41                              met2
    40                              met2
    39                              met2
    63                              met3
    61                              met3
    18                              met1
    19                              met1
    20                              met1
    21                              met1
    60                              met3
    62                              met3
    81                              met4


Stream Out Information Processed for GDS version 5:
Units: 1000 DBU

Object                             Count
----------------------------------------
Instances                          25172

Ports/Pins                             3
    metal layer met2                   1
    metal layer met3                   1
    metal layer met4                   1

Nets                              124368
    metal layer met1               18725
    metal layer met2               69813
    metal layer met3               23967
    metal layer met4               11043
    metal layer met5                 820

    Via Instances                  52717

Special Nets                        1206
    metal layer met1                 991
    metal layer met2                  47
    metal layer met3                  14
    metal layer met4                 105
    metal layer met5                  49

    Via Instances                   8956

Metal Fills                            0

    Via Instances                      0

Metal FillOPCs                         0

    Via Instances                      0

Metal FillDRCs                         0

    Via Instances                      0

Text                                7856
    metal layer met1                2426
    metal layer met2                4751
    metal layer met3                 490
    metal layer met4                 181
    metal layer met5                   8


Blockages                              0


Custom Text                            0


Custom Box                             0

Trim Metal                             0

Merging GDS file ../SiliconJackets/cadence_sky130/sky130_scl_9T_0.0.5/gds/sky130_scl_9T.gds ......
	****** Merge file: ../SiliconJackets/cadence_sky130/sky130_scl_9T_0.0.5/gds/sky130_scl_9T.gds has version number: 5.
	****** Merge file: ../SiliconJackets/cadence_sky130/sky130_scl_9T_0.0.5/gds/sky130_scl_9T.gds has units: 1000 per micron.
	****** unit scaling factor = 1 ******
**WARN: (IMPOGDS-217):	Master cell: sky130_sram_2kbyte_1rw1r_32x512_8 not found in merged file(s) and will therefore not be included in the resulting write_stream file. Verify the file names specified with the -merge option are correct and that they contain a definition of this cell.
**WARN: (IMPOGDS-218):	Number of master cells not found after merging: 1

######Streamout is finished!
@@flow 3: write_lef_abstract ./output/[get_db designs .name].lef
@@flow 4: redirect -variable views {report_analysis_views}
@flow 5: foreach {-> view} [regexp -all -inline {Analysis View:\s+(\S+)} $views] {
        set_analysis_view -dynamic $view -leakage $view -setup $view -hold $view
        write_timing_model ./output/[get_db designs .name]__${view}.lib -view $view -post_check
    }
Extraction setup Started for TopCell Core 
Initializing multi-corner RC extraction with 1 active RC Corners ...
Captable file(s) not specified in multi-corner setup. PreRoute extraction will use technology file. For post_route extraction, default value for effort level would be 'medium' and effort level 'low' would not be allowed.
Completed (cpu: 0:00:00.0 real: 0:00:00.0)
Set Shrink Factor to 1.00000
Summary of Active RC-Corners : 
 
 Analysis View: tt_v1.8_25C_Nominal_25_func
    RC-Corner Name        : Nominal_25C
    RC-Corner Index       : 0
    RC-Corner Temperature : 25 Celsius
    RC-Corner Cap Table   : ''
    RC-Corner PreRoute Res Factor         : 1
    RC-Corner PreRoute Cap Factor         : 1
    RC-Corner PostRoute Res Factor        : 1 {1 1 1}
    RC-Corner PostRoute Cap Factor        : 1 {1 1 1}
    RC-Corner PostRoute XCap Factor       : 1 {1 1 1}
    RC-Corner PreRoute Clock Res Factor   : 1	[Derived from postRoute_res (effortLevel low)]
    RC-Corner PreRoute Clock Cap Factor   : 1	[Derived from postRoute_cap (effortLevel low)]
    RC-Corner PostRoute Clock Cap Factor  : 1 {1 1 1} 
    RC-Corner PostRoute Clock Res Factor  : 1 {1 1 1} 
    RC-Corner PostRoute Clock coupling capacitance Factor : 1 {1 1 1} 
    RC-Corner Technology file: '/nethome/dkhalil8/InnovateECE/PhysicalDesign/RTL2GDS/design/dbs/route.enc/libs/mmmc/Nominal_25C/qrcTechFile'
Initializing multi-corner resistance tables ...
Reading timing constraints file '/nethome/dkhalil8/InnovateECE/PhysicalDesign/RTL2GDS/design/innovus_temp_644643_9c1983e0-14da-4b1f-92b3-0ba950948d44_ece-linlabsrv01_dkhalil8_dRqZGc/.mmmcfdJ7Ee/modes/func/func.sdc' ...
Current (total cpu=0:04:24, real=0:05:17, peak res=3467.6M, current mem=3147.9M)
Core
INFO (CTE): Constraints read successfully.
------------------------------------------------------------------------------------
CONSTRAINT READING SUMMARY                                                          
------------------------------------------------------------------------------------
Constraint                                        | Success        | Fail           
------------------------------------------------------------------------------------
set_clock_uncertainty                             | 1              | 0              
set_max_transition                                | 3              | 0              
set_propagated_clock                              | 1              | 0              
set_clock_transition                              | 4              | 0              
get_clocks                                        | 5              | 0              
create_clock                                      | 1              | 0              
set_load                                          | 6              | 0              
set_units                                         | 1              | 0              
get_ports                                         | 11             | 0              
set_clock_gating_check                            | 2              | 0              
current_design                                    | 1              | 0              
------------------------------------------------------------------------------------
Ending "Constraint file reading stats" (total cpu=0:00:00.1, real=0:00:00.0, peak res=3159.2M, current mem=3159.2M)
Current (total cpu=0:04:24, real=0:05:17, peak res=3467.6M, current mem=3159.2M)
Reading latency file '/nethome/dkhalil8/InnovateECE/PhysicalDesign/RTL2GDS/design/innovus_temp_644643_9c1983e0-14da-4b1f-92b3-0ba950948d44_ece-linlabsrv01_dkhalil8_dRqZGc/.mmmcfdJ7Ee/views/tt_v1.8_25C_Nominal_25_func/latency.sdc' ...
Total number of combinational cells: 87
Total number of sequential cells: 19
Total number of tristate cells: 3
Total number of level shifter cells: 0
Total number of power gating cells: 0
Total number of isolation cells: 0
Total number of power switch cells: 0
Total number of pulse generator cells: 0
Total number of always on buffers: 0
Total number of retention cells: 0
Total number of physical cells: 0
List of usable buffers: CLKBUFX2 BUFX2 CLKBUFX4 BUFX4 CLKBUFX8 BUFX8 BUFX16
Total number of usable buffers: 7
List of unusable buffers:
Total number of unusable buffers: 0
List of usable inverters: INVX2 INVX1 CLKINVX2 CLKINVX1 INVX4 CLKINVX4 INVX8 CLKINVX8 INVX16
Total number of usable inverters: 9
List of unusable inverters:
Total number of unusable inverters: 0
List of identified usable delay cells: DLY1X1 DLY1X4 DLY2X4 DLY4X4
Total number of identified usable delay cells: 4
List of identified unusable delay cells:
Total number of identified unusable delay cells: 0
AAE_INFO: opIsDesignInPostRouteState() is 1
AAE_INFO: resetNetProps viewIdx 0 
Starting SI iteration 1 using Infinite Timing Windows
#################################################################################
# Design Stage: PostRoute
# Design Name: Core
# Design Mode: 130nm
# Analysis Mode: MMMC OCV 
# Parasitics Mode: SPEF/RCDB 
# Signoff Settings: SI On 
#################################################################################
AAE_INFO: 1 threads acquired from CTE.
Start delay calculation (fullDC) (1 T). (MEM=3203.49)
Total number of fetched objects 9364
AAE_INFO: Total number of nets for which stage creation was skipped for all views 0
AAE_INFO-618: Total number of nets in the design is 9478,  99.6 percent of the nets selected for SI analysis
End delay calculation. (MEM=3220.92 CPU=0:00:03.5 REAL=0:00:04.0)
End delay calculation (fullDC). (MEM=3220.92 CPU=0:00:03.7 REAL=0:00:04.0)
Save waveform /nethome/dkhalil8/InnovateECE/PhysicalDesign/RTL2GDS/design/innovus_temp_644643_9c1983e0-14da-4b1f-92b3-0ba950948d44_ece-linlabsrv01_dkhalil8_dRqZGc/.AAE_udMCV3/.AAE_644643_9c1983e0-14da-4b1f-92b3-0ba950948d44/waveform.data...
Loading CTE timing window with TwFlowType 0...(CPU = 0:00:00.0, REAL = 0:00:00.0, MEM = 3221.6M)
Add other clocks and setupCteToAAEClockMapping during iter 1
Loading CTE timing window is completed (CPU = 0:00:00.1, REAL = 0:00:00.0, MEM = 3221.6M)
Starting SI iteration 2
Start delay calculation (fullDC) (1 T). (MEM=3209.84)
Glitch Analysis: View tt_v1.8_25C_Nominal_25_func -- Total Number of Nets Skipped = 148. 
Glitch Analysis: View tt_v1.8_25C_Nominal_25_func -- Total Number of Nets Analyzed = 9364. 
Total number of fetched objects 9364
AAE_INFO: Total number of nets for which stage creation was skipped for all views 0
AAE_INFO-618: Total number of nets in the design is 9478,  0.9 percent of the nets selected for SI analysis
End delay calculation. (MEM=3216.67 CPU=0:00:00.2 REAL=0:00:00.0)
End delay calculation (fullDC). (MEM=3216.67 CPU=0:00:00.2 REAL=0:00:00.0)
***********************************************************
* Valus version 25.11-s013_1                              *
* Copyright (c) Cadence Design Systems, Inc. 1996 - 2015. *
* All rights reserved.                                    *
***********************************************************

Validating ./output/Core__tt_v1.8_25C_Nominal_25_func.lib ... 



 Info
        Number of Error Messages: 0
        Number of Warning Messages: 0

--- Ending "Valus Library Validation Solution" ---
TAMODEL Cpu User Time =    1.7 sec
TAMODEL Memory Usage  =    0.0 MB
TAMODEL Cpu User Time =    1.7 sec
TAMODEL Memory Usage  =    0.0 MB
Ending "etm_extraction" (total cpu=0:00:08.1, real=0:00:10.0, peak res=3214.7M, current mem=3209.6M)
Ending "etm_generation" (total cpu=0:00:27.3, real=0:00:29.0, peak res=3214.7M, current mem=3175.2M)
#@ End verbose flow_step implementation.postroute.write_output_files
      flow.cputime  flow.realtime  timing.setup.tns  timing.setup.wns  snapshot
UM:          35.57             37                                      write_output_files
#@ Begin verbose flow_step implementation.postroute.write_output_screenshot
@flow 2: set inputstring [get_db flow_starting_db]
@flow 3: set stepname [lindex $inputstring [expr {[llength stepname]}]]
@flow 4: set filename [file tail $stepname]
@flow 5: set rootname [file rootname $filename]
@flow 6: set outfile "./output/screenshots/${rootname}.gif"
@flow 7: # Define the directory name
@flow 8: set dirName "output/screenshots"
@flow 10: # Check if the directory exists
@flow 11: if {![file exists $dirName]} {...
@flow 15: } else {
@flow 16: puts "Directory '$dirName' already exists."
Directory 'output/screenshots' already exists.
@flow 17: }
@@flow 18: write_to_gif $outfile
#@ End verbose flow_step implementation.postroute.write_output_screenshot
      flow.cputime  flow.realtime  timing.setup.tns  timing.setup.wns  snapshot
UM:           6.52              6                                      write_output_screenshot
#@ Begin verbose flow_step implementation.postroute.schedule_postroute_report_postroute
@@flow 2: schedule_flow -flow report_postroute -include_in_metrics
#@ End verbose flow_step implementation.postroute.schedule_postroute_report_postroute
#@ Begin verbose flow_step implementation.postroute.innovus_to_tempus
@flow 2: apply {{} {
    #- initialize sta analysis_views
    if {([get_feature -obj flow:sta setup_views] ne "") || ([get_feature -obj flow:sta hold_views] ne "")} {
      set cmd "set_analysis_view"
      if {[get_feature -obj flow:sta setup_views] ne ""} {
        set cmd "$cmd -setup [list [get_db analysis_views [get_feature -obj flow:sta setup_views]]]"
      } else {
        set cmd "$cmd -setup [list [get_db analysis_views -if .is_setup]]"
      }
      if {[get_feature -obj flow:sta hold_views] ne ""} {
        set cmd "$cmd -hold [list [get_db analysis_views [get_feature -obj flow:sta hold_views]]]"
      } else {
        set cmd "$cmd -hold [list [get_db analysis_views -if .is_hold]]"
      }
      eval "$cmd -leakage [get_db analysis_views -if .is_leakage] -dynamic [get_db analysis_views -if .is_dynamic]"
    }
    #- write design and library information
    if {[get_db flow_branch] ne ""} {
      set out_dir [file join [get_db flow_db_directory] [get_db flow_branch]_[get_db flow_report_name]]
    } else {
      set out_dir [file join [get_db flow_db_directory] [get_db flow_report_name]]
    }
    if {[llength [get_db -u rc_corners .cap_table_file]] > 0} {
      write_design -tempus -signoff_eco $out_dir
    } else {
      write_design -tempus $out_dir
    }
  
    #- write init_design sequence for STA flow
    set FH [open [file join $out_dir init_sta.tcl] w]
    puts $FH {#dataVar is dir where this script is found}
    puts $FH {set dataVar [file dirname [file normalize [info script]]]}
    if {![string is space [get_flow_config -quiet init_physical_files oa_ref_libs]]} {
      puts $FH "cd [get_db flow_startup_directory]"
    }
    puts $FH "source -quiet [file join  \$dataVar [get_db current_design .name].tempus_setup.tcl]"
    if {![string is space [get_flow_config -quiet init_physical_files oa_ref_libs]]} {
      puts $FH "cd \[get_db flow_working_directory\]"
    }
    puts $FH "set_db flow_report_name [get_db flow_report_name]"
    puts $FH "set_db flow_spef_directory [get_db flow_spef_directory]"
    close $FH
  }}
Writing Netlist "dbs/postroute/Core.v.gz" ...
No power domain defined, nothing done.
#@ End verbose flow_step implementation.postroute.innovus_to_tempus
      flow.cputime  flow.realtime  timing.setup.tns  timing.setup.wns  snapshot
UM:          11.61             11                                      innovus_to_tempus
#@ Begin verbose flow_step implementation.postroute.innovus_to_quantus
@flow 2: apply {{} {
    #- determine required rc_corners
    set setup_views {}
    set hold_views {}
    set leakage_views {}
    set dynamic_views {}
  
    if {([get_feature -obj flow:sta setup_views] ne "")} {
      lappend setup_views [get_feature -obj flow:sta setup_views]
    } else {
      lappend setup_views [get_db [get_db analysis_views -if .is_setup] .name]
    }
    if {([get_feature -obj flow:sta hold_views] ne "")} {
      lappend hold_views [get_feature -obj flow:sta hold_views]
    } else {
      lappend hold_views [get_db [get_db analysis_views -if .is_hold] .name]
    }
    if {([get_feature -obj flow:sta leakage_view] ne "")} {
      lappend leakage_views [get_feature -obj flow:sta leakage_view]
    } else {
      lappend leakage_views [get_db [get_db analysis_views -if .is_leakage] .name]
    }
    if {([get_feature -obj flow:sta dynamic_view] ne "")} {
      lappend dynamic_views [get_feature -obj flow:sta dynamic_view]
    } else {
      lappend dynamic_views [get_db [get_db analysis_views -if .is_dynamic] .name]
    }
  if {[get_feature report_static_ir]} {
      if {([get_feature -obj flow:ir_static setup_views] ne "")} {
        lappend setup_views [get_feature -obj flow:ir_static setup_views]
      } else {
        lappend setup_views [get_db [get_db analysis_views -if .is_setup] .name]
      }
      if {([get_feature -obj flow:ir_static hold_views] ne "")} {
        lappend hold_views [get_feature -obj flow:ir_static hold_views]
      } else {
        lappend hold_views [get_db [get_db analysis_views -if .is_hold] .name]
      }
      if {([get_feature -obj flow:ir_static leakage_view] ne "")} {
        lappend leakage_views [get_feature -obj flow:ir_static leakage_view]
      } else {
        lappend leakage_views [get_db [get_db analysis_views -if .is_leakage] .name]
      }
      if {([get_feature -obj flow:ir_static dynamic_view] ne "")} {
        lappend dynamic_views [get_feature -obj flow:ir_static dynamic_view]
      } else {
        lappend dynamic_views [get_db [get_db analysis_views -if .is_dynamic] .name]
      }
  }
  if {[get_feature report_dynamic_ir]} {
      if {([get_feature -obj flow:ir_dynamic setup_views] ne "")} {
        lappend setup_views [get_feature -obj flow:ir_dynamic setup_views]
      } else {
        lappend setup_views [get_db [get_db analysis_views -if .is_setup] .name]
      }
      if {([get_feature -obj flow:ir_dynamic hold_views] ne "")} {
        lappend hold_views [get_feature -obj flow:ir_dynamic hold_views]
      } else {
        lappend hold_views [get_db [get_db analysis_views -if .is_hold] .name]
      }
      if {([get_feature -obj flow:ir_dynamic leakage_view] ne "")} {
        lappend leakage_views [get_feature -obj flow:ir_dynamic leakage_view]
      } else {
        lappend leakage_views [get_db [get_db analysis_views -if .is_leakage] .name]
      }
      if {([get_feature -obj flow:ir_dynamic dynamic_view] ne "")} {
        lappend dynamic_views [get_feature -obj flow:ir_dynamic dynamic_view]
      } else {
        lappend dynamic_views [get_db [get_db analysis_views -if .is_dynamic] .name]
      }
  }
  
    #- create output location
    if {![file exists [get_db flow_spef_directory]]} {
      file mkdir [get_db flow_spef_directory]
    }
  
    #- write extraction command file
    set views [get_db -u analysis_views [join "$setup_views $hold_views $leakage_views $dynamic_views"]]
    set corners [lsort -u [concat [get_db -u $views .delay_corner.late_rc_corner]  [get_db -u $views .delay_corner.early_rc_corner]]]
  
    if {$corners ne ""} {
      write_extraction_spec -out_dir [get_db flow_spef_directory] -rc_corners $corners
    } else {
      write_extraction_spec -out_dir [get_db flow_spef_directory]
    }
    if {[get_db extract_rc_qrc_run_mode] eq "sequential"} {
      foreach file [glob -directory . qrc.cmd*] {
        file rename -force $file [file join [get_db flow_spef_directory] $file]
      }
    } else {
      file rename -force qrc.cmd [file join [get_db flow_spef_directory] qrc.cmd]
    }
  }}
Nominal_25C
Command file qrc.cmd for Quantus QRC extraction is generated in current directory.
#@ End verbose flow_step implementation.postroute.innovus_to_quantus
      flow.cputime  flow.realtime  timing.setup.tns  timing.setup.wns  snapshot
UM:           6.42              7                                      innovus_to_quantus

Program version = 25.11-s102_1
Working directory = /nethome/dkhalil8/InnovateECE/PhysicalDesign/RTL2GDS/design
Databases directory = /nethome/dkhalil8/InnovateECE/PhysicalDesign/RTL2GDS/design/dbs
Starting time = Mar 17, 2026 20:20:59
Ending time = Mar 17, 2026 20:26:25

Run Flow Summary
---------------------

Steps run:  implementation.postroute.block_start implementation.postroute.init_innovus.init_innovus_yaml implementation.postroute.init_innovus.init_innovus_user implementation.postroute.run_opt_postroute implementation.postroute.remove_blockages_halos implementation.postroute.fix_antenna implementation.postroute.fix_drc implementation.postroute.block_finish implementation.postroute.write_output_files implementation.postroute.write_output_screenshot implementation.postroute.schedule_postroute_report_postroute implementation.postroute.innovus_to_tempus implementation.postroute.innovus_to_quantus

Step status:
     implementation.postroute.block_start                                 success
     implementation.postroute.init_innovus.init_innovus_yaml              success
     implementation.postroute.init_innovus.init_innovus_user              success
     implementation.postroute.run_opt_postroute                           success
     implementation.postroute.remove_blockages_halos                      success
     implementation.postroute.fix_antenna                                 success
     implementation.postroute.fix_drc                                     success
     implementation.postroute.block_finish                                success
     implementation.postroute.write_output_files                          success
     implementation.postroute.write_output_screenshot                     success
     implementation.postroute.schedule_postroute_report_postroute         success
     implementation.postroute.innovus_to_tempus                           success
     implementation.postroute.innovus_to_quantus                          success

 ---------------------------------------------------------------------------------------------------- 
| Snapshot    | flow.cputime (s) | flow.realtime (s) | timing.setup.tns (ns) | timing.setup.wns (ns) |
|-------------+------------------+-------------------+-----------------------+-----------------------|
| syn_generic | 0:03:58          | 0:04:05           |                     0 |                 4.065 |
| syn_map     | 0:03:40          | 0:03:31           |                     0 |                 0.661 |
| syn_opt     | 0:02:22          | 0:02:31           |                     0 |                 0.027 |
| floorplan   | 0:02:19          | 0:02:28           |                       |                       |
| prects      | 0:06:29          | 0:07:33           |                    -0 |                -0.009 |
| cts         | 0:05:53          | 0:06:55           |                     0 |                 0.065 |
| postcts     | 0:02:57          | 0:03:06           |                     0 |                 0.065 |
| route       | 0:04:53          | 0:04:59           |                       |                       |
| postroute   | 0:05:11          | 0:05:56           |                     0 |                 0.424 |
 ---------------------------------------------------------------------------------------------------- 
*** Message Summary: 3415 warning(s), 0 error(s)


*** Memory Usage v#1 (Current mem = 3396.535M, initial mem = 949.766M) ***
--- Ending "Innovus" (totcpu=0:05:23, real=0:06:20, mem=3396.5M) ---
