
Cadence Innovus(TM) Implementation System.
Copyright 2025 Cadence Design Systems, Inc. All rights reserved worldwide.

Version:	v25.11-s102_1, built Wed Aug 27 13:03:08 PDT 2025
Options:	-batch -stylus -log /nethome/dkhalil8/InnovateECE/PhysicalDesign/RTL2GDS/design/logs/route -disable_user_startup -execute if {[catch {init_flow  {flow_script {} yaml_script /nethome/dkhalil8/InnovateECE/PhysicalDesign/RTL2GDS/design/scripts/flow.yaml flow_no_check 0 parent_uuid {} previous_uuid {} top_dir /nethome/dkhalil8/InnovateECE/PhysicalDesign/RTL2GDS/design flow_dir . status_file /nethome/dkhalil8/InnovateECE/PhysicalDesign/RTL2GDS/design/flow.status.d/route metrics_file /nethome/dkhalil8/InnovateECE/PhysicalDesign/RTL2GDS/design/flow.metrics.d/route run_tag {} db {enc /nethome/dkhalil8/InnovateECE/PhysicalDesign/RTL2GDS/design/dbs/postcts.enc Core {}} db_is_ref_run 0 branch {} caller_data {group 0 process_branch 0 trunk_process 1 flowtool_hostname ece-rschsrv.ece.gatech.edu flowtool_pid 1323878} flow {flow flow:flow_current dir . db {enc dbs/postcts.enc Core {}} branch {} tool innovus caller_data {group 0 process_branch 0 trunk_process 1 flowtool_hostname ece-rschsrv.ece.gatech.edu flowtool_pid 1323878} uuid {} tool_options {} start_step {tool innovus flow flow:flow_current canonical_path {.steps flow:implementation .steps flow:route .steps flow_step:block_start} step flow_step:block_start features {} str implementation.route.block_start} process_branch_trunk 1} flow_name flow:flow_current first_step {tool innovus flow flow:flow_current canonical_path {.steps flow:implementation .steps flow:route .steps flow_step:block_start} step flow_step:block_start features {} str implementation.route.block_start} interactive 0 interactive_run 0 enabled_features {} inject_tcl {} trunk_process 1 aum_upload false tool_options {} overwrite 0 last_step {tool innovus flow flow:flow_current canonical_path {.steps flow:implementation .steps flow:route .steps flow_step:schedule_route_report_postroute} step flow_step:schedule_route_report_postroute features {} str implementation.route.schedule_route_report_postroute} log_prefix /nethome/dkhalil8/InnovateECE/PhysicalDesign/RTL2GDS/design/logs/route}; run_flow -from {tool innovus flow flow:flow_current canonical_path {.steps flow:implementation .steps flow:route .steps flow_step:block_start} step flow_step:block_start features {} str implementation.route.block_start} -to {tool innovus flow flow:flow_current canonical_path {.steps flow:implementation .steps flow:route .steps flow_step:schedule_route_report_postroute} step flow_step:schedule_route_report_postroute features {} str implementation.route.schedule_route_report_postroute}} msg]} { puts [concat {Tcl error:} $errorInfo]; set fp [open {/nethome/dkhalil8/InnovateECE/PhysicalDesign/RTL2GDS/design/flow.status.d/route} a]; puts $fp {}; puts $fp [list [list script run_tcl status error flow {flow:flow_current} branch {} flow_working_directory {.} flow_starting_db {enc /nethome/dkhalil8/InnovateECE/PhysicalDesign/RTL2GDS/design/dbs/postcts.enc Core {}} {tool_options} {} steps_run [get_db flow_step_canonical_current] msg $msg]]; close $fp; exit 1 }; exit 0 
Date:		Mon Mar 16 12:43:08 2026
Host:		ece-rschsrv.ece.gatech.edu (x86_64 w/Linux 4.18.0-553.89.1.el8_10.x86_64) (22cores*88cpus*Intel(R) Xeon(R) CPU E5-2699 v4 @ 2.20GHz 56320KB)
OS:		Red Hat Enterprise Linux 8.10 (Ootpa)

License:
		[12:43:08.185745] Configured Lic search path (25.01-s002): 5280@ece-winlic.ece.gatech.edu

		invs	Innovus Implementation System	25.1	checkout succeeded
		8 CPU jobs allowed with the current license(s). Use set_multi_cpu_usage to set your required CPU count.


Create and set the environment variable TMPDIR to /nethome/dkhalil8/InnovateECE/PhysicalDesign/RTL2GDS/design/innovus_temp_1707723_ebf647c6-07c6-4e84-a98b-b8a1e8254512_ece-rschsrv.ece.gatech.edu_dkhalil8_DXnmlk.

Change the soft stacksize limit to 0.2%RAM (515 mbytes). Set global soft_stack_size_limit to change the value.
[INFO] Loading Pegasus 24.14 fill procedures
Info: Process UID = 1707723 / ebf647c6-07c6-4e84-a98b-b8a1e8254512 / ZYMsRHruMY

**INFO:  MMMC transition support version v31-84 

#@ Processing -execute option
@innovus 1> if {[catch {init_flow  {flow_script {} yaml_script /nethome/dkhalil8/InnovateECE/PhysicalDesign/RTL2GDS/design/scripts/flow.yaml flow_no_check 0 parent_uuid {} previous_uuid {} top_dir /nethome/dkhalil8/InnovateECE/PhysicalDesign/RTL2GDS/design flow_dir . status_file /nethome/dkhalil8/InnovateECE/PhysicalDesign/RTL2GDS/design/flow.status.d/route metrics_file /nethome/dkhalil8/InnovateECE/PhysicalDesign/RTL2GDS/design/flow.metrics.d/route run_tag {} db {enc /nethome/dkhalil8/InnovateECE/PhysicalDesign/RTL2GDS/design/dbs/postcts.enc Core {}} db_is_ref_run 0 branch {} caller_data {group 0 process_branch 0 trunk_process 1 flowtool_hostname ece-rschsrv.ece.gatech.edu flowtool_pid 1323878} flow {flow flow:flow_current dir . db {enc dbs/postcts.enc Core {}} branch {} tool innovus caller_data {group 0 process_branch 0 trunk_process 1 flowtool_hostname ece-rschsrv.ece.gatech.edu flowtool_pid 1323878} uuid {} tool_options {} start_step {tool innovus flow flow:flow_current canonical_path {.steps flow:implementation .steps flow:route .steps flow_step:block_start} step flow_step:block_start features {} str implementation.route.block_start} process_branch_trunk 1} flow_name flow:flow_current first_step {tool innovus flow flow:flow_current canonical_path {.steps flow:implementation .steps flow:route .steps flow_step:block_start} step flow_step:block_start features {} str implementation.route.block_start} interactive 0 interactive_run 0 enabled_features {} inject_tcl {} trunk_process 1 aum_upload false tool_options {} overwrite 0 last_step {tool innovus flow flow:flow_current canonical_path {.steps flow:implementation .steps flow:route .steps flow_step:schedule_route_report_postroute} step flow_step:schedule_route_report_postroute features {} str implementation.route.schedule_route_report_postroute} log_prefix /nethome/dkhalil8/InnovateECE/PhysicalDesign/RTL2GDS/design/logs/route}; run_flow -from {tool innovus flow flow:flow_current canonical_path {.steps flow:implementation .steps flow:route .steps flow_step:block_start} step flow_step:block_start features {} str implementation.route.block_start} -to {tool innovus flow flow:flow_current canonical_path {.steps flow:implementation .steps flow:route .steps flow_step:schedule_route_report_postroute} step flow_step:schedule_route_report_postroute features {} str implementation.route.schedule_route_report_postroute}} msg]} { puts [concat {Tcl error:} $errorInfo]; set fp [open {/nethome/dkhalil8/InnovateECE/PhysicalDesign/RTL2GDS/design/flow.status.d/route} a]; puts $fp {}; puts $fp [list [list script run_tcl status error flow {flow:flow_current} branch {} flow_working_directory {.} flow_starting_db {enc /nethome/dkhalil8/InnovateECE/PhysicalDesign/RTL2GDS/design/dbs/postcts.enc Core {}} {tool_options} {} steps_run [get_db flow_step_canonical_current] msg $msg]]; close $fp; exit 1 }; exit 0
init_flow summary:
  Flow script        : 
  YAML script        : /nethome/dkhalil8/InnovateECE/PhysicalDesign/RTL2GDS/design/scripts/flow.yaml
  Flow               : flow:flow_current
  From               : implementation.route.block_start
  To                 : implementation.route.schedule_route_report_postroute
  Top directory      : /nethome/dkhalil8/InnovateECE/PhysicalDesign/RTL2GDS/design
  Working directory  : .
  Starting database  : /nethome/dkhalil8/InnovateECE/PhysicalDesign/RTL2GDS/design/dbs/postcts.enc
  Run tag            : 
  Branch name        : 
  Metrics file       : /nethome/dkhalil8/InnovateECE/PhysicalDesign/RTL2GDS/design/flow.metrics.d/route
  Status file        : /nethome/dkhalil8/InnovateECE/PhysicalDesign/RTL2GDS/design/flow.status.d/route
reading previous metrics...
Sourcing flow scripts...
Sourcing flow scripts done.
Begin steps for plugin point Cadence.plugin.flowkit.read_db.pre
#@ Begin verbose flow_step activate_views
@flow 2: apply {{} {
    set db [get_db flow_starting_db]
    set flow [lindex [get_db flow_hier_path] end]
    set setup_views [get_feature -obj $flow setup_views]
    set hold_views [get_feature -obj $flow hold_views]
    set leakage_view [get_feature -obj $flow leakage_view]
    set dynamic_view [get_feature -obj $flow dynamic_view]
  
    if {($setup_views ne "") || ($hold_views ne "") || ($leakage_view ne "") || ($dynamic_view ne "")} {
      #- use read_db args for DB types and set_analysis_views for TCL
      if {([llength [get_db analysis_views]]) > 0 &&  ([lindex $db 0] eq {tcl} || [lindex $db 0] in {enc cdb} && [file isfile [lindex $db 1]])} {
        set cmd "set_analysis_view"
        if {$setup_views ne ""} {
          append cmd " -setup [list $setup_views]"
        } else {
          append cmd " -setup [list [get_db [get_db analysis_views -if .is_setup] .name]]"
        }
        if {$hold_views ne ""} {
          append cmd " -hold [list $hold_views]"
        } else {
          append cmd " -hold [list [get_db [get_db analysis_views -if .is_hold] .name]]"
        }
        if {$leakage_view ne ""} {
          append cmd " -leakage [list $leakage_view]"
        } else {
          if {[llength [get_db analysis_views -if .is_leakage]] > 0} {
            append cmd " -leakage [list [get_db [get_db analysis_views -if .is_leakage] .name]]"
          }
        }
        if {$dynamic_view ne ""} {
          append cmd " -dynamic [list $dynamic_view]"
        } else {
          if {[llength [get_db analysis_views -if .is_dynamic]] > 0} {
            append cmd " -dynamic [list [get_db [get_db analysis_views -if .is_dynamic] .name]]"
          }
        }
        eval $cmd
      } elseif {[llength [get_db analysis_views]] == 0} {
        set cmd "set_flowkit_read_db_args"
        if {$setup_views ne ""} {
          append cmd " -setup_views [list $setup_views]"
        }
        if {$hold_views ne ""} {
          append cmd " -hold_views [list $hold_views]"
        }
        if {$leakage_view ne ""} {
          append cmd " -leakage_view [list $leakage_view]"
        }
        if {$dynamic_view ne ""} {
          append cmd " -dynamic_view [list $dynamic_view]"
        }
        eval $cmd
      } else {
      }
    }
  }}
#@ End verbose flow_step activate_views
#@ Begin verbose flow_step init_mcpu
@flow 2: apply {{} {
    # Multi host/cpu attributes
    #-----------------------------------------------------------------------------
    # The FLOWTOOL_NUM_CPUS is an environment variable which should be exported by
    # the specified dist script.  This connects the number of CPUs being reserved
    # for batch jobs with the current flow scripts.  The LSB_MAX_NUM_PROCESSORS is
    # a typical environment variable exported by distribution platforms and is
    # useful for ensuring all interactive jobs are using the reserved amount of CPUs.
    if {[info exists ::env(FLOWTOOL_NUM_CPUS)]} {
      set max_cpus $::env(FLOWTOOL_NUM_CPUS)
    } elseif {[info exists ::env(LSB_MAX_NUM_PROCESSORS)]} {
      set max_cpus $::env(LSB_MAX_NUM_PROCESSORS)
    } else {
      set max_cpus 1
    }
    switch -glob [get_db program_short_name] {
      default       {}
      joules*       -
      genus*        -
      innovus*      -
      tempus*       -
      voltus*       { set_multi_cpu_usage -verbose -local_cpu $max_cpus }
    }
if {[get_feature opt_signoff]} {
      if {[is_flow -inside flow:opt_signoff]} {
        set_multi_cpu_usage -verbose -remote_host 1
        set_multi_cpu_usage -verbose -cpu_per_remote_host 16
        set_distributed_hosts -local
      }
}
  }}
set_multi_cpu_usage -local_cpu 1
#@ End verbose flow_step init_mcpu
End steps for plugin point Cadence.plugin.flowkit.read_db.pre
#% Begin load design ... (date=03/16 12:43:44, mem=2038.0M)
**WARN: (IMPDBTCL-321):	The attribute 'timing_aocv_enable_gba_combine_launch_capture' still works but will be obsolete in a future major release. You should remove it from your script before the next major release to avoid errors.
**WARN: (IMPDBTCL-321):	The attribute 'timing_aocv_enable_gba_combine_launch_capture' still works but will be obsolete in a future major release. You should remove it from your script before the next major release to avoid errors.
**WARN: (IMPDBTCL-321):	The attribute 'timing_aocv_enable_gba_combine_launch_capture' still works but will be obsolete in a future major release. You should remove it from your script before the next major release to avoid errors.
**WARN: (IMPDBTCL-321):	The attribute 'timing_enable_backward_compatible_latch_thru_mt_mode' still works but will be obsolete in a future major release. You should remove it from your script before the next major release to avoid errors.
**WARN: (IMPDBTCL-321):	The attribute 'timing_enable_backward_compatible_latch_thru_mt_mode' still works but will be obsolete in a future major release. You should remove it from your script before the next major release to avoid errors.
**WARN: (IMPDBTCL-321):	The attribute 'timing_enable_backward_compatible_latch_thru_mt_mode' still works but will be obsolete in a future major release. You should remove it from your script before the next major release to avoid errors.
**WARN: (IMPDB-6501):	"set_db design_process_node" will be obsoleted in future release. Remove it from the script to avoid the interruption of running the script in future.
##  Process: 130           (User Set)               
##     Node: (not set)                           

##  Check design process and node:  
##  Design tech node is not set.

Applying the recommended capacitance filtering threshold values for 130nm process node: total_c_th=0, relative_c_th=1 and coupling_c_th=0.4.
	These values will be used by all post-route extraction engines, including TQuantus, IQuantus and Quantus QRC extraction.
	Capacitance filtering mode(extract_rc_cap_filter_mode option of the set_db) is 'relative_and_coupling' for all engines.
	The accuracy mode for post_route extract_rc_effort_level low extraction will be set to 'standard'.
	Default value for EffortLevel(extract_rc_effort_level option of the set_db) in post_route extraction mode is 'low'.
**WARN: (IMPDBTCL-321):	The attribute 'timing_aocv_enable_gba_combine_launch_capture' still works but will be obsolete in a future major release. You should remove it from your script before the next major release to avoid errors.
**WARN: (IMPDBTCL-321):	The attribute 'timing_enable_backward_compatible_latch_thru_mt_mode' still works but will be obsolete in a future major release. You should remove it from your script before the next major release to avoid errors.
**WARN: (IMPDBTCL-321):	The attribute 'timing_enable_separate_device_slew_effect_sensitivities' still works but will be obsolete in a future major release. You should remove it from your script before the next major release to avoid errors.
**WARN: (IMPDBTCL-321):	The attribute 'timing_aocv_enable_gba_combine_launch_capture' still works but will be obsolete in a future major release. You should remove it from your script before the next major release to avoid errors.
**WARN: (IMPDBTCL-321):	The attribute 'timing_aocv_enable_gba_combine_launch_capture' still works but will be obsolete in a future major release. You should remove it from your script before the next major release to avoid errors.
**WARN: (IMPDBTCL-321):	The attribute 'timing_aocv_enable_gba_combine_launch_capture' still works but will be obsolete in a future major release. You should remove it from your script before the next major release to avoid errors.
**WARN: (IMPDBTCL-321):	The attribute 'timing_enable_backward_compatible_latch_thru_mt_mode' still works but will be obsolete in a future major release. You should remove it from your script before the next major release to avoid errors.
**WARN: (IMPDBTCL-321):	The attribute 'timing_enable_backward_compatible_latch_thru_mt_mode' still works but will be obsolete in a future major release. You should remove it from your script before the next major release to avoid errors.
**WARN: (IMPDBTCL-321):	The attribute 'timing_enable_backward_compatible_latch_thru_mt_mode' still works but will be obsolete in a future major release. You should remove it from your script before the next major release to avoid errors.
Loading design 'Core' saved by 'Innovus' '25.11-s102_1' on 'Mon Mar 16 12:42:43 2026'.
Reading tt_v1.8_25C timing library '/nethome/dkhalil8/InnovateECE/PhysicalDesign/RTL2GDS/SiliconJackets/cadence_sky130/sky130_scl_9T_0.0.5/lib/sky130_tt_1.8_25_nldm.lib' ...
Read 109 cells in library 'sky130_tt_1.8_25' 
Reading tt_v1.8_25C timing library '/nethome/dkhalil8/InnovateECE/PhysicalDesign/RTL2GDS/SiliconJackets/sram_sky130/lib/sky130_sram_2kbyte_1rw1r_32x512_8_TT_1p8V_25C.lib' ...
Read 1 cells in library 'sky130_sram_2kbyte_1rw1r_32x512_8_TT_1p8V_25C_lib' 
ff_v1.98_0C tt_v1.8_25C ss_v1.62_125C
Nominal_25C

Loading LEF file /nethome/dkhalil8/InnovateECE/PhysicalDesign/RTL2GDS/design/dbs/postcts.enc/libs/lef/sky130_scl_9T.tlef ...

Loading LEF file /nethome/dkhalil8/InnovateECE/PhysicalDesign/RTL2GDS/design/dbs/postcts.enc/libs/lef/sky130_scl_9T.lef ...
Set DBUPerIGU to M2 pitch 460.

Loading LEF file /nethome/dkhalil8/InnovateECE/PhysicalDesign/RTL2GDS/design/dbs/postcts.enc/libs/lef/sky130_sram_2kbyte_1rw1r_32x512_8.lef ...
**WARN: (IMPLF-200):	Pin 'din0[0]' in macro 'sky130_sram_2kbyte_1rw1r_32x512_8' has no ANTENNAGATEAREA value defined. The library data is incomplete and some process antenna rules will not be checked correctly.
Type 'man IMPLF-200' for more detail.
**WARN: (IMPLF-200):	Pin 'din0[1]' in macro 'sky130_sram_2kbyte_1rw1r_32x512_8' has no ANTENNAGATEAREA value defined. The library data is incomplete and some process antenna rules will not be checked correctly.
Type 'man IMPLF-200' for more detail.
**WARN: (IMPLF-200):	Pin 'din0[2]' in macro 'sky130_sram_2kbyte_1rw1r_32x512_8' has no ANTENNAGATEAREA value defined. The library data is incomplete and some process antenna rules will not be checked correctly.
Type 'man IMPLF-200' for more detail.
**WARN: (IMPLF-200):	Pin 'din0[3]' in macro 'sky130_sram_2kbyte_1rw1r_32x512_8' has no ANTENNAGATEAREA value defined. The library data is incomplete and some process antenna rules will not be checked correctly.
Type 'man IMPLF-200' for more detail.
**WARN: (IMPLF-200):	Pin 'din0[4]' in macro 'sky130_sram_2kbyte_1rw1r_32x512_8' has no ANTENNAGATEAREA value defined. The library data is incomplete and some process antenna rules will not be checked correctly.
Type 'man IMPLF-200' for more detail.
**WARN: (IMPLF-200):	Pin 'din0[5]' in macro 'sky130_sram_2kbyte_1rw1r_32x512_8' has no ANTENNAGATEAREA value defined. The library data is incomplete and some process antenna rules will not be checked correctly.
Type 'man IMPLF-200' for more detail.
**WARN: (IMPLF-200):	Pin 'din0[6]' in macro 'sky130_sram_2kbyte_1rw1r_32x512_8' has no ANTENNAGATEAREA value defined. The library data is incomplete and some process antenna rules will not be checked correctly.
Type 'man IMPLF-200' for more detail.
**WARN: (IMPLF-200):	Pin 'din0[7]' in macro 'sky130_sram_2kbyte_1rw1r_32x512_8' has no ANTENNAGATEAREA value defined. The library data is incomplete and some process antenna rules will not be checked correctly.
Type 'man IMPLF-200' for more detail.
**WARN: (IMPLF-200):	Pin 'din0[8]' in macro 'sky130_sram_2kbyte_1rw1r_32x512_8' has no ANTENNAGATEAREA value defined. The library data is incomplete and some process antenna rules will not be checked correctly.
Type 'man IMPLF-200' for more detail.
**WARN: (IMPLF-200):	Pin 'din0[9]' in macro 'sky130_sram_2kbyte_1rw1r_32x512_8' has no ANTENNAGATEAREA value defined. The library data is incomplete and some process antenna rules will not be checked correctly.
Type 'man IMPLF-200' for more detail.
**WARN: (IMPLF-200):	Pin 'din0[10]' in macro 'sky130_sram_2kbyte_1rw1r_32x512_8' has no ANTENNAGATEAREA value defined. The library data is incomplete and some process antenna rules will not be checked correctly.
Type 'man IMPLF-200' for more detail.
**WARN: (IMPLF-200):	Pin 'din0[11]' in macro 'sky130_sram_2kbyte_1rw1r_32x512_8' has no ANTENNAGATEAREA value defined. The library data is incomplete and some process antenna rules will not be checked correctly.
Type 'man IMPLF-200' for more detail.
**WARN: (IMPLF-200):	Pin 'din0[12]' in macro 'sky130_sram_2kbyte_1rw1r_32x512_8' has no ANTENNAGATEAREA value defined. The library data is incomplete and some process antenna rules will not be checked correctly.
Type 'man IMPLF-200' for more detail.
**WARN: (IMPLF-200):	Pin 'din0[13]' in macro 'sky130_sram_2kbyte_1rw1r_32x512_8' has no ANTENNAGATEAREA value defined. The library data is incomplete and some process antenna rules will not be checked correctly.
Type 'man IMPLF-200' for more detail.
**WARN: (IMPLF-200):	Pin 'din0[14]' in macro 'sky130_sram_2kbyte_1rw1r_32x512_8' has no ANTENNAGATEAREA value defined. The library data is incomplete and some process antenna rules will not be checked correctly.
Type 'man IMPLF-200' for more detail.
**WARN: (IMPLF-200):	Pin 'din0[15]' in macro 'sky130_sram_2kbyte_1rw1r_32x512_8' has no ANTENNAGATEAREA value defined. The library data is incomplete and some process antenna rules will not be checked correctly.
Type 'man IMPLF-200' for more detail.
**WARN: (IMPLF-200):	Pin 'din0[16]' in macro 'sky130_sram_2kbyte_1rw1r_32x512_8' has no ANTENNAGATEAREA value defined. The library data is incomplete and some process antenna rules will not be checked correctly.
Type 'man IMPLF-200' for more detail.
**WARN: (IMPLF-200):	Pin 'din0[17]' in macro 'sky130_sram_2kbyte_1rw1r_32x512_8' has no ANTENNAGATEAREA value defined. The library data is incomplete and some process antenna rules will not be checked correctly.
Type 'man IMPLF-200' for more detail.
**WARN: (IMPLF-200):	Pin 'din0[18]' in macro 'sky130_sram_2kbyte_1rw1r_32x512_8' has no ANTENNAGATEAREA value defined. The library data is incomplete and some process antenna rules will not be checked correctly.
Type 'man IMPLF-200' for more detail.
**WARN: (IMPLF-200):	Pin 'din0[19]' in macro 'sky130_sram_2kbyte_1rw1r_32x512_8' has no ANTENNAGATEAREA value defined. The library data is incomplete and some process antenna rules will not be checked correctly.
Type 'man IMPLF-200' for more detail.
**WARN: (EMS-27):	Message (IMPLF-200) has exceeded the current message display limit of 20.
To increase the message display limit, refer to the product command reference manual.
**WARN: (IMPLF-201):	Pin 'dout0[0]' in macro 'sky130_sram_2kbyte_1rw1r_32x512_8' has no ANTENNADIFFAREA value defined. The library data is incomplete and some process antenna rules will not be checked correctly.
Type 'man IMPLF-201' for more detail.
**WARN: (IMPLF-201):	Pin 'dout0[1]' in macro 'sky130_sram_2kbyte_1rw1r_32x512_8' has no ANTENNADIFFAREA value defined. The library data is incomplete and some process antenna rules will not be checked correctly.
Type 'man IMPLF-201' for more detail.
**WARN: (IMPLF-201):	Pin 'dout0[2]' in macro 'sky130_sram_2kbyte_1rw1r_32x512_8' has no ANTENNADIFFAREA value defined. The library data is incomplete and some process antenna rules will not be checked correctly.
Type 'man IMPLF-201' for more detail.
**WARN: (IMPLF-201):	Pin 'dout0[3]' in macro 'sky130_sram_2kbyte_1rw1r_32x512_8' has no ANTENNADIFFAREA value defined. The library data is incomplete and some process antenna rules will not be checked correctly.
Type 'man IMPLF-201' for more detail.
**WARN: (IMPLF-201):	Pin 'dout0[4]' in macro 'sky130_sram_2kbyte_1rw1r_32x512_8' has no ANTENNADIFFAREA value defined. The library data is incomplete and some process antenna rules will not be checked correctly.
Type 'man IMPLF-201' for more detail.
**WARN: (IMPLF-201):	Pin 'dout0[5]' in macro 'sky130_sram_2kbyte_1rw1r_32x512_8' has no ANTENNADIFFAREA value defined. The library data is incomplete and some process antenna rules will not be checked correctly.
Type 'man IMPLF-201' for more detail.
**WARN: (IMPLF-201):	Pin 'dout0[6]' in macro 'sky130_sram_2kbyte_1rw1r_32x512_8' has no ANTENNADIFFAREA value defined. The library data is incomplete and some process antenna rules will not be checked correctly.
Type 'man IMPLF-201' for more detail.
**WARN: (IMPLF-201):	Pin 'dout0[7]' in macro 'sky130_sram_2kbyte_1rw1r_32x512_8' has no ANTENNADIFFAREA value defined. The library data is incomplete and some process antenna rules will not be checked correctly.
Type 'man IMPLF-201' for more detail.
**WARN: (IMPLF-201):	Pin 'dout0[8]' in macro 'sky130_sram_2kbyte_1rw1r_32x512_8' has no ANTENNADIFFAREA value defined. The library data is incomplete and some process antenna rules will not be checked correctly.
Type 'man IMPLF-201' for more detail.
**WARN: (IMPLF-201):	Pin 'dout0[9]' in macro 'sky130_sram_2kbyte_1rw1r_32x512_8' has no ANTENNADIFFAREA value defined. The library data is incomplete and some process antenna rules will not be checked correctly.
Type 'man IMPLF-201' for more detail.
**WARN: (IMPLF-201):	Pin 'dout0[10]' in macro 'sky130_sram_2kbyte_1rw1r_32x512_8' has no ANTENNADIFFAREA value defined. The library data is incomplete and some process antenna rules will not be checked correctly.
Type 'man IMPLF-201' for more detail.
**WARN: (IMPLF-201):	Pin 'dout0[11]' in macro 'sky130_sram_2kbyte_1rw1r_32x512_8' has no ANTENNADIFFAREA value defined. The library data is incomplete and some process antenna rules will not be checked correctly.
Type 'man IMPLF-201' for more detail.
**WARN: (IMPLF-201):	Pin 'dout0[12]' in macro 'sky130_sram_2kbyte_1rw1r_32x512_8' has no ANTENNADIFFAREA value defined. The library data is incomplete and some process antenna rules will not be checked correctly.
Type 'man IMPLF-201' for more detail.
**WARN: (IMPLF-201):	Pin 'dout0[13]' in macro 'sky130_sram_2kbyte_1rw1r_32x512_8' has no ANTENNADIFFAREA value defined. The library data is incomplete and some process antenna rules will not be checked correctly.
Type 'man IMPLF-201' for more detail.
**WARN: (IMPLF-201):	Pin 'dout0[14]' in macro 'sky130_sram_2kbyte_1rw1r_32x512_8' has no ANTENNADIFFAREA value defined. The library data is incomplete and some process antenna rules will not be checked correctly.
Type 'man IMPLF-201' for more detail.
**WARN: (IMPLF-201):	Pin 'dout0[15]' in macro 'sky130_sram_2kbyte_1rw1r_32x512_8' has no ANTENNADIFFAREA value defined. The library data is incomplete and some process antenna rules will not be checked correctly.
Type 'man IMPLF-201' for more detail.
**WARN: (IMPLF-201):	Pin 'dout0[16]' in macro 'sky130_sram_2kbyte_1rw1r_32x512_8' has no ANTENNADIFFAREA value defined. The library data is incomplete and some process antenna rules will not be checked correctly.
Type 'man IMPLF-201' for more detail.
**WARN: (IMPLF-201):	Pin 'dout0[17]' in macro 'sky130_sram_2kbyte_1rw1r_32x512_8' has no ANTENNADIFFAREA value defined. The library data is incomplete and some process antenna rules will not be checked correctly.
Type 'man IMPLF-201' for more detail.
**WARN: (IMPLF-201):	Pin 'dout0[18]' in macro 'sky130_sram_2kbyte_1rw1r_32x512_8' has no ANTENNADIFFAREA value defined. The library data is incomplete and some process antenna rules will not be checked correctly.
Type 'man IMPLF-201' for more detail.
**WARN: (IMPLF-201):	Pin 'dout0[19]' in macro 'sky130_sram_2kbyte_1rw1r_32x512_8' has no ANTENNADIFFAREA value defined. The library data is incomplete and some process antenna rules will not be checked correctly.
Type 'man IMPLF-201' for more detail.
**WARN: (EMS-27):	Message (IMPLF-201) has exceeded the current message display limit of 20.
To increase the message display limit, refer to the product command reference manual.

##  Check design process and node:  
##  Design tech node is not set.

Loading view definition file from /nethome/dkhalil8/InnovateECE/PhysicalDesign/RTL2GDS/design/dbs/postcts.enc/viewDefinition.tcl
% Begin Load netlist data ... (date=03/16 12:43:48, mem=2057.8M)
*** Begin netlist parsing (mem=2057.8M) ***
Created 110 new cells from 2 timing libraries.
Reading netlist ...
Backslashed names will retain backslash and a trailing blank character.
Reading verilogBinary netlist '/nethome/dkhalil8/InnovateECE/PhysicalDesign/RTL2GDS/design/dbs/postcts.enc/Core.v.bin'

*** Memory Usage v#1 (Current mem = 2069.086M, initial mem = 931.375M) ***
*** End netlist parsing (cpu=0:00:00.0, real=0:00:00.0, mem=2069.1M) ***
% End Load netlist data ... (date=03/16 12:43:48, total cpu=0:00:00.1, real=0:00:00.0, peak res=2066.6M, current mem=2066.6M)
Top level cell is Core.
Hooked 110 DB cells to tlib cells.
Starting recursive module instantiation check.
No recursion found.
Building hierarchical netlist for Cell Core ...
***** UseNewTieNetMode *****.
*** Netlist is unique.
** info: there are 119 modules.
** info: there are 7508 stdCell insts.
** info: there are 7508 stdCell insts with at least one signal pin.
** info: there are 2 macros.

*** Memory Usage v#1 (Current mem = 2100.195M, initial mem = 931.375M) ***
*info: set bottom ioPad orient R0
**WARN: (IMPFP-3961):	The techSite 'CornerSite' has no related standard cells in the LEF/OA library. The calculations for this site type cannot be made unless standard cell models of this type exist in the LEF/OA library. Ignore this warning if the SITE is not used by the library. Alternatively, remove the SITE definition for the LEF/OA library to avoid this message.
Type 'man IMPFP-3961' for more detail.
**WARN: (IMPFP-3961):	The techSite 'IOSite' has no related standard cells in the LEF/OA library. The calculations for this site type cannot be made unless standard cell models of this type exist in the LEF/OA library. Ignore this warning if the SITE is not used by the library. Alternatively, remove the SITE definition for the LEF/OA library to avoid this message.
Type 'man IMPFP-3961' for more detail.
Start create_tracks
Generated pitch 3.66 in met5 is different from 3.22 defined in technology file in preferred direction.
Generated pitch 0.615 in met4 is different from 0.69 defined in technology file in preferred direction.
Generated pitch 0.61 in met3 is different from 0.69 defined in technology file in preferred direction.
Loading preference file /nethome/dkhalil8/InnovateECE/PhysicalDesign/RTL2GDS/design/dbs/postcts.enc/gui.pref.tcl ...
**WARN: (IMPDB-6501):	"set_db design_process_node" will be obsoleted in future release. Remove it from the script to avoid the interruption of running the script in future.
##  Process: 130           (User Set)               
##     Node: (not set)                           

##  Check design process and node:  
##  Design tech node is not set.

Applying the recommended capacitance filtering threshold values for 130nm process node: total_c_th=0, relative_c_th=1 and coupling_c_th=0.4.
	These values will be used by all post-route extraction engines, including TQuantus, IQuantus and Quantus QRC extraction.
	Capacitance filtering mode(extract_rc_cap_filter_mode option of the set_db) is 'relative_and_coupling' for all engines.
	The accuracy mode for post_route extract_rc_effort_level low extraction will be set to 'standard'.
	Default value for EffortLevel(extract_rc_effort_level option of the set_db) in post_route extraction mode is 'low'.
Effort level <high> specified for tdgp_reg2reg_default path_group
Slack adjustment of -0 applied on tdgp_reg2reg_default path_group
Change floorplan default-technical-site to 'CoreSite'.
*Info: initialize multi-corner CTS.
Total number of combinational cells: 87
Total number of sequential cells: 19
Total number of tristate cells: 3
Total number of level shifter cells: 0
Total number of power gating cells: 0
Total number of isolation cells: 0
Total number of power switch cells: 0
Total number of pulse generator cells: 0
Total number of always on buffers: 0
Total number of retention cells: 0
Total number of physical cells: 0
List of usable buffers: CLKBUFX2 BUFX2 CLKBUFX4 BUFX4 CLKBUFX8 BUFX8 BUFX16
Total number of usable buffers: 7
List of unusable buffers:
Total number of unusable buffers: 0
List of usable inverters: INVX2 INVX1 CLKINVX2 CLKINVX1 INVX4 CLKINVX4 INVX8 CLKINVX8 INVX16
Total number of usable inverters: 9
List of unusable inverters:
Total number of unusable inverters: 0
List of identified usable delay cells: DLY1X1 DLY1X4 DLY2X4 DLY4X4
Total number of identified usable delay cells: 4
List of identified unusable delay cells:
Total number of identified unusable delay cells: 0
Reading floorplan file - /nethome/dkhalil8/InnovateECE/PhysicalDesign/RTL2GDS/design/dbs/postcts.enc/Core.fp.gz (mem = 2408.1M).
% Begin Load floorplan data ... (date=03/16 12:43:49, mem=2408.8M)
*info: reset 9301 existing net BottomPreferredLayer and AvoidDetour
Deleting old partition specification.
Set FPlanBox to (0 0 1025800 1301800)
**WARN: (IMPFP-3961):	The techSite 'CornerSite' has no related standard cells in the LEF/OA library. The calculations for this site type cannot be made unless standard cell models of this type exist in the LEF/OA library. Ignore this warning if the SITE is not used by the library. Alternatively, remove the SITE definition for the LEF/OA library to avoid this message.
Type 'man IMPFP-3961' for more detail.
**WARN: (IMPFP-3961):	The techSite 'IOSite' has no related standard cells in the LEF/OA library. The calculations for this site type cannot be made unless standard cell models of this type exist in the LEF/OA library. Ignore this warning if the SITE is not used by the library. Alternatively, remove the SITE definition for the LEF/OA library to avoid this message.
Type 'man IMPFP-3961' for more detail.
 ... processed partition successfully.
Reading binary special route file /nethome/dkhalil8/InnovateECE/PhysicalDesign/RTL2GDS/design/dbs/postcts.enc/Core.fp.spr.gz (Created by Innovus v25.11-s102_1 on Mon Mar 16 12:42:41 2026, version: 1)
Ending "Read special route file" (total cpu=0:00:00.1, real=0:00:00.0, peak res=2410.4M, current mem=2410.4M)
There are 44 nets with weight being set
There are 44 nets with bottomPreferredRoutingLayer being set
There are 44 nets with avoidDetour being set
Extracting standard cell pins and blockage ...... 
Pin and blockage extraction finished
Delete all existing relative floorplan constraints.
% End Load floorplan data ... (date=03/16 12:43:50, total cpu=0:00:00.1, real=0:00:01.0, peak res=2411.2M, current mem=2411.2M)
Reading congestion map file /nethome/dkhalil8/InnovateECE/PhysicalDesign/RTL2GDS/design/dbs/postcts.enc/Core.route.congmap.gz ...
% Begin Load SymbolTable ... (date=03/16 12:43:50, mem=2411.2M)
Suppress "**WARN ..." messages.
Un-suppress "**WARN ..." messages.
% End Load SymbolTable ... (date=03/16 12:43:50, total cpu=0:00:00.1, real=0:00:00.0, peak res=2414.4M, current mem=2414.3M)
Loading place ...
% Begin Load placement data ... (date=03/16 12:43:50, mem=2414.3M)
Reading placement file - /nethome/dkhalil8/InnovateECE/PhysicalDesign/RTL2GDS/design/dbs/postcts.enc/Core.place.gz.
** Reading stdCellPlacement_binary (Created by Innovus v25.11-s102_1 on Mon Mar 16 12:42:41 2026, version# 2) ...
Read Views for adaptive view pruning ...
Read 0 views from Binary DB for adaptive view pruning
*** Completed restorePlace (cpu=0:00:00.0 real=0:00:00.0 mem=2414.9M) ***
Total net length = 4.171e+05 (2.106e+05 2.065e+05) (ext = 2.435e+03)
% End Load placement data ... (date=03/16 12:43:50, total cpu=0:00:00.1, real=0:00:00.0, peak res=2415.2M, current mem=2414.9M)
Reading PG file /nethome/dkhalil8/InnovateECE/PhysicalDesign/RTL2GDS/design/dbs/postcts.enc/Core.pg.gz, version#2, (Created by Innovus v25.11-s102_1 on       Mon Mar 16 12:42:41 2026)
*** Completed restorePGFile (cpu=0:00:00.0 real=0:00:00.0 mem=2415.2M) ***
% Begin Load routing data ... (date=03/16 12:43:50, mem=2415.2M)
Reading routing file - /nethome/dkhalil8/InnovateECE/PhysicalDesign/RTL2GDS/design/dbs/postcts.enc/Core.route.gz.
Reading Innovus routing data (Created by Innovus v25.11-s102_1 on Mon Mar 16 12:42:41 2026 Format: 23.1) ...
*** Total 9190 nets are successfully restored.
*** Completed restoreRoute (cpu=0:00:00.1 real=0:00:01.0 mem=2416.5M) ***
% End Load routing data ... (date=03/16 12:43:51, total cpu=0:00:00.1, real=0:00:01.0, peak res=2416.5M, current mem=2415.8M)
TAT_INFO: ::restoreCongMap REAL = 0 : CPU = 0 : MEM = 0.
Reading property file /nethome/dkhalil8/InnovateECE/PhysicalDesign/RTL2GDS/design/dbs/postcts.enc/Core.prop
*** Completed restoreProperty (cpu=0:00:00.1 real=0:00:00.0 mem=2419.4M) ***
Reading dirtyarea snapshot file /nethome/dkhalil8/InnovateECE/PhysicalDesign/RTL2GDS/design/dbs/postcts.enc/Core.db.da.gz (Create by Innovus v25.11-s102_1 on Mon Mar 16 12:42:42 2026, version: 8).
ff_v1.98_0C_Nominal_25 tt_v1.8_25C_Nominal_25 ss_v1.62_125C_Nominal_25
Change floorplan default-technical-site to 'CoreSite'.
Loading preRoute extraction data from directory '/nethome/dkhalil8/InnovateECE/PhysicalDesign/RTL2GDS/design/dbs/postcts.enc/extraction/' ...
Extraction setup Started for TopCell Core 
Initializing multi-corner RC extraction with 1 active RC Corners ...
Captable file(s) not specified in multi-corner setup. PreRoute extraction will use technology file. For post_route extraction, default value for effort level would be 'medium' and effort level 'low' would not be allowed.
Generating auto layer map file.
Loading preRoute extracted patterns from file '/nethome/dkhalil8/InnovateECE/PhysicalDesign/RTL2GDS/design/dbs/postcts.enc/Core.techData.gz' ...
Completed (cpu: 0:00:00.3 real: 0:00:00.0)
Set Shrink Factor to 1.00000
Summary of Active RC-Corners : 
 
 Analysis View: tt_v1.8_25C_Nominal_25_func
    RC-Corner Name        : Nominal_25C
    RC-Corner Index       : 0
    RC-Corner Temperature : 25 Celsius
    RC-Corner Cap Table   : ''
    RC-Corner PreRoute Res Factor         : 1
    RC-Corner PreRoute Cap Factor         : 1
    RC-Corner PostRoute Res Factor        : 1 {1 1 1}
    RC-Corner PostRoute Cap Factor        : 1 {1 1 1}
    RC-Corner PostRoute XCap Factor       : 1 {1 1 1}
    RC-Corner PreRoute Clock Res Factor   : 1	[Derived from postRoute_res (effortLevel low)]
    RC-Corner PreRoute Clock Cap Factor   : 1	[Derived from postRoute_cap (effortLevel low)]
    RC-Corner PostRoute Clock Cap Factor  : 1 {1 1 1} 
    RC-Corner PostRoute Clock Res Factor  : 1 {1 1 1} 
    RC-Corner PostRoute Clock coupling capacitance Factor : 1 {1 1 1} 
    RC-Corner Technology file: '/nethome/dkhalil8/InnovateECE/PhysicalDesign/RTL2GDS/design/dbs/postcts.enc/libs/mmmc/Nominal_25C/qrcTechFile'
Restored Grid density data
Initializing multi-corner resistance tables ...
Default value for post_route extraction mode's extract_rc_effort_level (extract_rc_effort_level option of set_db) changed to 'medium'.
Start generating vias ..
#Skip building auto via since it is not turned on.
Extracting standard cell pins and blockage ...... 
Pin and blockage extraction finished
Via generation completed.
% Begin Load power constraints ... (date=03/16 12:43:52, mem=2447.5M)
source /nethome/dkhalil8/InnovateECE/PhysicalDesign/RTL2GDS/design/dbs/postcts.enc/Core_power_constraints.tcl
'set_default_switching_activity' finished successfully.
% End Load power constraints ... (date=03/16 12:43:52, total cpu=0:00:00.1, real=0:00:00.0, peak res=2469.3M, current mem=2469.3M)
ff_v1.98_0C_Nominal_25 tt_v1.8_25C_Nominal_25 ss_v1.62_125C_Nominal_25
% Begin load AAE data ... (date=03/16 12:43:52, mem=2488.3M)
**WARN: (IMPESI-3505):	set_db delaycal_eng_enablePrePlacedFlow false (default=false) will be obsoleted along with its sgs2set equivalent.  This parameter will continue to be supported in the current release, but will be removed in the next major release of the software.
AAE DB initialization (MEM=2503.328125 CPU=0:00:00.0 REAL=0:00:00.0) 
% End load AAE data ... (date=03/16 12:43:53, total cpu=0:00:00.7, real=0:00:01.0, peak res=2503.8M, current mem=2503.8M)
Restoring CCOpt config...
  Extracting original clock gating for core_clock...
    clock_tree core_clock contains 1446 sinks and 0 clock gates.
  Extracting original clock gating for core_clock done.
  The skew group core_clock/func was created. It contains 1446 sinks and 1 sources.
  The skew group core_clock/func was created. It contains 1446 sinks and 1 sources.
Restoring CCOpt config done.
Total number of combinational cells: 87
Total number of sequential cells: 19
Total number of tristate cells: 3
Total number of level shifter cells: 0
Total number of power gating cells: 0
Total number of isolation cells: 0
Total number of power switch cells: 0
Total number of pulse generator cells: 0
Total number of always on buffers: 0
Total number of retention cells: 0
Total number of physical cells: 0
List of usable buffers: CLKBUFX2 BUFX2 CLKBUFX4 BUFX4 CLKBUFX8 BUFX8 BUFX16
Total number of usable buffers: 7
List of unusable buffers:
Total number of unusable buffers: 0
List of usable inverters: INVX2 INVX1 CLKINVX2 CLKINVX1 INVX4 CLKINVX4 INVX8 CLKINVX8 INVX16
Total number of usable inverters: 9
List of unusable inverters:
Total number of unusable inverters: 0
List of identified usable delay cells: DLY1X1 DLY1X4 DLY2X4 DLY4X4
Total number of identified usable delay cells: 4
List of identified unusable delay cells:
Total number of identified unusable delay cells: 0
**WARN: (IMPCTE-107):	The following globals have been obsoleted since version (null). They will be removed in the next release. 
timing_aocv_enable_gba_combine_launch_capture
timing_enable_backward_compatible_latch_thru_mt_mode
timing_enable_separate_device_slew_effect_sensitivities
#% End load design ... (date=03/16 12:43:53, total cpu=0:00:07.1, real=0:00:09.0, peak res=2518.8M, current mem=2508.7M)

*** Summary of all messages that are not suppressed in this session:
Severity  ID               Count  Summary                                  
WARNING   IMPLF-200           60  Pin '%s' in macro '%s' has no ANTENNAGAT...
WARNING   IMPLF-201           64  Pin '%s' in macro '%s' has no ANTENNADIF...
WARNING   IMPFP-3961           4  The techSite '%s' has no related standar...
WARNING   IMPDBTCL-321        15  The attribute '%s' still works but will ...
WARNING   IMPDB-6501           2  "set_db design_process_node" will be obs...
WARNING   IMPESI-3505          1  set_db delaycal_eng_%s (default=%s) will...
WARNING   IMPCTE-107           1  The following globals have been obsolete...
*** Message Summary: 147 warning(s), 0 error(s)

UM:   flow.cputime  flow.realtime  timing.setup.tns  timing.setup.wns  snapshot
UM:*                                                                   read_db
Sourcing flow scripts...
Sourcing flow scripts done.
reading previous metrics...
Begin steps for plugin point Cadence.plugin.flowkit.read_db.post
#@ Begin verbose flow_step activate_views
@flow 2: apply {{} {
    set db [get_db flow_starting_db]
    set flow [lindex [get_db flow_hier_path] end]
    set setup_views [get_feature -obj $flow setup_views]
    set hold_views [get_feature -obj $flow hold_views]
    set leakage_view [get_feature -obj $flow leakage_view]
    set dynamic_view [get_feature -obj $flow dynamic_view]
  
    if {($setup_views ne "") || ($hold_views ne "") || ($leakage_view ne "") || ($dynamic_view ne "")} {
      #- use read_db args for DB types and set_analysis_views for TCL
      if {([llength [get_db analysis_views]]) > 0 &&  ([lindex $db 0] eq {tcl} || [lindex $db 0] in {enc cdb} && [file isfile [lindex $db 1]])} {
        set cmd "set_analysis_view"
        if {$setup_views ne ""} {
          append cmd " -setup [list $setup_views]"
        } else {
          append cmd " -setup [list [get_db [get_db analysis_views -if .is_setup] .name]]"
        }
        if {$hold_views ne ""} {
          append cmd " -hold [list $hold_views]"
        } else {
          append cmd " -hold [list [get_db [get_db analysis_views -if .is_hold] .name]]"
        }
        if {$leakage_view ne ""} {
          append cmd " -leakage [list $leakage_view]"
        } else {
          if {[llength [get_db analysis_views -if .is_leakage]] > 0} {
            append cmd " -leakage [list [get_db [get_db analysis_views -if .is_leakage] .name]]"
          }
        }
        if {$dynamic_view ne ""} {
          append cmd " -dynamic [list $dynamic_view]"
        } else {
          if {[llength [get_db analysis_views -if .is_dynamic]] > 0} {
            append cmd " -dynamic [list [get_db [get_db analysis_views -if .is_dynamic] .name]]"
          }
        }
        eval $cmd
      } elseif {[llength [get_db analysis_views]] == 0} {
        set cmd "set_flowkit_read_db_args"
        if {$setup_views ne ""} {
          append cmd " -setup_views [list $setup_views]"
        }
        if {$hold_views ne ""} {
          append cmd " -hold_views [list $hold_views]"
        }
        if {$leakage_view ne ""} {
          append cmd " -leakage_view [list $leakage_view]"
        }
        if {$dynamic_view ne ""} {
          append cmd " -dynamic_view [list $dynamic_view]"
        }
        eval $cmd
      } else {
      }
    }
  }}
#@ End verbose flow_step activate_views
#@ Begin verbose flow_step init_mcpu
@flow 2: apply {{} {
    # Multi host/cpu attributes
    #-----------------------------------------------------------------------------
    # The FLOWTOOL_NUM_CPUS is an environment variable which should be exported by
    # the specified dist script.  This connects the number of CPUs being reserved
    # for batch jobs with the current flow scripts.  The LSB_MAX_NUM_PROCESSORS is
    # a typical environment variable exported by distribution platforms and is
    # useful for ensuring all interactive jobs are using the reserved amount of CPUs.
    if {[info exists ::env(FLOWTOOL_NUM_CPUS)]} {
      set max_cpus $::env(FLOWTOOL_NUM_CPUS)
    } elseif {[info exists ::env(LSB_MAX_NUM_PROCESSORS)]} {
      set max_cpus $::env(LSB_MAX_NUM_PROCESSORS)
    } else {
      set max_cpus 1
    }
    switch -glob [get_db program_short_name] {
      default       {}
      joules*       -
      genus*        -
      innovus*      -
      tempus*       -
      voltus*       { set_multi_cpu_usage -verbose -local_cpu $max_cpus }
    }
if {[get_feature opt_signoff]} {
      if {[is_flow -inside flow:opt_signoff]} {
        set_multi_cpu_usage -verbose -remote_host 1
        set_multi_cpu_usage -verbose -cpu_per_remote_host 16
        set_distributed_hosts -local
      }
}
  }}
set_multi_cpu_usage -local_cpu 1
#@ End verbose flow_step init_mcpu
End steps for plugin point Cadence.plugin.flowkit.read_db.post
      flow.cputime  flow.realtime  timing.setup.tns  timing.setup.wns  snapshot
UM:*                                                                   init_flow
      flow.cputime  flow.realtime  timing.setup.tns  timing.setup.wns  snapshot
UM:*                                                                   route
#@ Begin verbose flow_step implementation.route.block_start
@@flow 2: set_db flow_write_db_common false
#@ End verbose flow_step implementation.route.block_start
      flow.cputime  flow.realtime  timing.setup.tns  timing.setup.wns  snapshot
UM:          44.98             50                                      block_start
#@ Begin verbose flow_step implementation.route.init_innovus.init_innovus_yaml
@flow 2: if {[get_feature report_lec]} {...}
@flow 8: # Design attributes  [get_db -category design]
@flow 9: #-------------------------------------------------------------------------------
@@flow 10: set_db design_process_node 130
**WARN: (IMPDB-6501):	"set_db design_process_node" will be obsoleted in future release. Remove it from the script to avoid the interruption of running the script in future.
##  Process: 130           (User Set)               
##     Node: (not set)                           

##  Check design process and node:  
##  Design tech node is not set.

Applying the recommended capacitance filtering threshold values for 130nm process node: total_c_th=0, relative_c_th=1 and coupling_c_th=0.4.
	These values will be used by all post-route extraction engines, including TQuantus, IQuantus and Quantus QRC extraction.
	Capacitance filtering mode(extract_rc_cap_filter_mode option of the set_db) is 'relative_and_coupling' for all engines.
	The accuracy mode for post_route extract_rc_effort_level low extraction will be set to 'standard'.
	Default value for EffortLevel(extract_rc_effort_level option of the set_db) in post_route extraction mode is 'low'.
@@flow 11: set_db design_top_routing_layer met5
@@flow 12: set_db design_bottom_routing_layer met1
@@flow 13: set_db design_flow_effort standard
@@flow 14: set_db design_power_effort none
@flow 16: # Timing attributes  [get_db -category timing && delaycalc]
@flow 17: #-------------------------------------------------------------------------------
@@flow 18: set_db timing_analysis_cppr           both
@@flow 19: set_db timing_analysis_type           ocv
@@flow 20: set_db timing_analysis_aocv 0
@@flow 21: set_db timing_analysis_socv 0
@flow 22: if {[get_feature report_pba]} {...}
@flow 26: # Extraction attributes  [get_db -category extract_rc]
@flow 27: #-------------------------------------------------------------------------------
@flow 28: if {[is_flow -after route.block_finish]} {...}
@flow 33: # Tieoff attributes  [get_db -category add_tieoffs]
@flow 34: #-------------------------------------------------------------------------------
@@flow 35: set_db add_tieoffs_cells {TIEHI TIELO}
@flow 37: # Optimization attributes  [get_db -category opt]
@flow 38: #-------------------------------------------------------------------------------
@@flow 39: set_db opt_new_inst_prefix            "[get_db flow_report_name]_"
@@flow 40: set_db opt_leakage_to_dynamic_ratio 0.5
@flow 42: # Clock attributes  [get_db -category cts]
@flow 43: #-------------------------------------------------------------------------------
@@flow 44: set_db cts_target_skew auto
@@flow 45: set_db cts_target_max_transition_time_top 100
@@flow 46: set_db cts_target_max_transition_time_trunk 100
@@flow 47: set_db cts_target_max_transition_time_leaf 100
@@flow 49: set_db cts_buffer_cells {CLKBUFX2 CLKBUFX4 CLKBUFX8}
@@flow 50: set_db cts_inverter_cells {CLKINVX1 CLKINVX2 CLKINVX4 CLKINVX8}
@@flow 51: set_db cts_clock_gating_cells ICGX1
@@flow 52: set_db cts_logic_cells {CLKAND2X2 CLKXOR2X1 CLKMX2X2 CLKINVX1 CLKINVX2 CLKINVX4 CLKINVX8}
@flow 54: # Filler attributes  [get_db -category add_fillers]
@flow 55: #-------------------------------------------------------------------------------
@@flow 56: set_db add_fillers_cells {FILL1 FILL2 FILL4 FILL8 FILL16 FILL32 FILL64}
@flow 58: # Routing attributes  [get_db -category route]
@flow 59: #-------------------------------------------------------------------------------
#@ End verbose flow_step implementation.route.init_innovus.init_innovus_yaml
      flow.cputime  flow.realtime  timing.setup.tns  timing.setup.wns  snapshot
UM:           5.35              5                                      init_innovus_yaml
      flow.cputime  flow.realtime  timing.setup.tns  timing.setup.wns  snapshot
UM:*                                                                   init_innovus
#@ Begin verbose flow_step implementation.route.init_innovus.init_innovus_user
@flow 2: # Timing attributes  [get_db -category timing && delaycalc]
@flow 3: #-----------------------------------------------------------------------------
@flow 5: # Extraction attributes  [get_db -category extract_rc]
@flow 6: #-----------------------------------------------------------------------------
@flow 8: # Floorplan attributes  [get_db -category floorplan]
@flow 9: #-----------------------------------------------------------------------------
@@flow 10: set_db finish_floorplan_active_objs   [list macro soft_blockage core]
@flow 12: # Placement attributes  [get_db -category place]
@flow 13: #-----------------------------------------------------------------------------
@flow 15: # Optimization attributes  [get_db -category opt]
@flow 16: #-----------------------------------------------------------------------------
@flow 18: # Clock attributes  [get_db -category cts]
@flow 19: #-----------------------------------------------------------------------------
@flow 21: # Routing attributes  [get_db -category route]
@flow 22: #-----------------------------------------------------------------------------
#@ End verbose flow_step implementation.route.init_innovus.init_innovus_user
      flow.cputime  flow.realtime  timing.setup.tns  timing.setup.wns  snapshot
UM:           4.64              5                                      init_innovus_user
#@ Begin verbose flow_step implementation.route.add_fillers
@flow 2: #- insert filler cells before final routing
@flow 3: if {[get_db add_fillers_cells] ne "" } {
@@flow 4: add_fillers
**Info: (IMPSP-2055): Transparent Filler Flow is OFF !

**WARN: (IMPSP-362):	Site 'CoreSite' has one std.Cell height, so ignoring its X-symmetry.
Type 'man IMPSP-362' for more detail.
*INFO: Adding fillers to top-module.
*INFO:   Added 2541 filler insts (cell FILL64 / prefix FILLER).
*INFO:   Added 850 filler insts (cell FILL32 / prefix FILLER).
*INFO:   Added 1965 filler insts (cell FILL16 / prefix FILLER).
*INFO:   Added 2452 filler insts (cell FILL8 / prefix FILLER).
*INFO:   Added 3352 filler insts (cell FILL4 / prefix FILLER).
*INFO:   Added 3845 filler insts (cell FILL2 / prefix FILLER).
*INFO:   Added 3683 filler insts (cell FILL1 / prefix FILLER).
*INFO: Total 18688 filler insts added - prefix FILLER (CPU: 0:00:00.6).
For 18688 new insts, 
Finished add_fillers (CPU: 0:00:00.7 REAL: 0:00:01.0 MEM: 2563.7MB)
@flow 5: }
#@ End verbose flow_step implementation.route.add_fillers
      flow.cputime  flow.realtime  timing.setup.tns  timing.setup.wns  snapshot
UM:            5.8              6                                      add_fillers
#@ Begin verbose flow_step implementation.route.run_route
@flow 2: #- perform detail routing and DRC cleanup
@@flow 3: route_design
#% Begin route_design (date=03/16 12:44:19, mem=2570.7M)
#route_design: cpu time = 00:00:00, elapsed time = 00:00:00, memory = 2570.69 (MB), peak = 2575.68 (MB)
AAE_INFO: Pre Route call back at the beginning of routeDesign
#**INFO: setDesignMode -flowEffort standard
#**INFO: setDesignMode -powerEffort none
**INFO: User settings:
delaycal_enable_high_fanout                                 true
delaycal_enable_ideal_seq_async_pins                        false
delaycal_eng_enablepreplacedflow                            false
delaycal_ignore_net_load                                    false
delaycal_socv_accuracy_mode                                 low
setAnalysisMode -monteCarlo                                 false
setDelayCalMode -enable_hier_save_restore_flow              false
setDelayCalMode -engine                                     aae
design_bottom_routing_layer                                 met1
design_flow_effort                                          standard
design_power_effort                                         none
design_process_node                                         130
design_top_routing_layer                                    met5
extract_rc_assume_metal_fill                                0.0
extract_rc_coupling_cap_threshold                           0.4
extract_rc_engine                                           pre_route
extract_rc_pre_place_site_size                              4.6
extract_rc_pre_place_wire_length_slope                      1.9
extract_rc_pre_place_wire_length_y0                         2.0
extract_rc_relative_cap_threshold                           1.0
extract_rc_shrink_factor                                    1.0
extract_rc_total_cap_threshold                              0.0
route_exp_design_mode_bottom_routing_layer                  1
route_exp_design_mode_top_routing_layer                     5
route_extract_third_party_compatible                        false
route_global_exp_timing_driven_std_delay                    37.6
route_re_insert_filler_cell_list                            {FILL1 FILL2 FILL4 FILL8 FILL16 FILL32 FILL64}
route_re_insert_filler_cell_list_from_file                  false
route_route_side                                            front
setActiveLogicViewMode -keepHighFanoutCriticalInsts         false
getAnalysisMode -monteCarlo                                 false
getDelayCalMode -enable_hier_save_restore_flow              false
getDelayCalMode -engine                                     aae
getImportMode -config                                       true
get_power_analysis_mode -honor_net_activity_for_tcf         false
get_power_analysis_mode -honor_sublevel_activity            true
getAnalysisMode -monteCarlo                                 false
#**INFO: multi-cut via swapping will be performed after routing.
#**INFO: All auto set options tuned by route_design will be restored to their original settings on command completion.
Begin checking placement ... (start mem=2570.9M, init mem=2574.4M)
*info: Placed = 26198          (Fixed = 45)
*info: Unplaced = 0           
Placement Density:100.00%(628509/628509)
Placement Density (including fixed std cells):100.00%(628509/628509)
Finished check_place (total: cpu=0:00:00.3, real=0:00:00.0; vio checks: cpu=0:00:00.3, real=0:00:00.0; mem=2575.9M)

changeUseClockNetStatus Option :  -ignoreSkipRoutingNets -noFixedNetWires 
*** Changed status on (44) nets in Clock.
*** End changeUseClockNetStatus (cpu=0:00:00.0, real=0:00:00.0, mem=2576.7M) ***
#Start route 44 clock and analog nets...

route_global_detail

#Start route_global_detail on Mon Mar 16 12:44:19 2026
#
Grid density data update skipped
Initializing multi-corner resistance tables ...
#WARNING (NRIG-1303) The congestion map does not match the GCELL grid. Clearing the congestion map.
#NanoRoute Version 25.11-s102_1 NR250730-0928/25_11-UB
#Skip comparing routing design signature in db-snapshot flow
#Total number of trivial nets (e.g. < 2 pins) = 1628 (skipped).
#Total number of nets with skipped attribute = 7629 (skipped).
#Total number of routable nets = 44.
#Total number of nets in the design = 9301.
#2 routable nets do not have any wires.
#42 routable nets have routed wires.
#7629 skipped nets have only detail routed wires.
#2 nets will be global routed.
#2 global routed or unrouted (routable) nets have been constrained (e.g. have preferred extra spacing, require shielding etc.)
#42 detail routed (routable) nets have been constrained (e.g. have preferred extra spacing, require shielding etc.)
#Start routing data preparation on Mon Mar 16 12:44:20 2026
#
#WARNING (NRDB-2040) Rule LEF_DEFAULT doesn't specify any vias that satisfy all of the area rules for layer met3 
#Rebuild pin access data for design.
#WARNING (NRDB-1028) Some option affecting pin access calculation is set by the user. Pin access is to be recalculated. This incurs runtime.
#Initial pin access analysis.
#Detail pin access analysis.
#Done pin access analysis.
# met1         H   Track-Pitch = 0.4600    Line-2-Via Pitch = 0.3400
# met2         V   Track-Pitch = 0.4600    Line-2-Via Pitch = 0.3400
# met3         H   Track-Pitch = 0.6100    Line-2-Via Pitch = 0.6100
# met4         V   Track-Pitch = 0.6150    Line-2-Via Pitch = 0.6150
# met5         H   Track-Pitch = 3.6600    Line-2-Via Pitch = 3.2000
#Bottom routing layer index=1(met1), bottom routing layer for shielding=1(met1), bottom shield layer=1(met1) top shield layer=5(met5)
#shield_bottom_stripe_layer=1(met1), shield_top_stripe_layer=5(met5)
#pin_access_rlayer=2(met2) num_routing_layer=5 top_routing_layer=5 top_ripin_layer=5
#shield_top_dpt_rlayer=-1 top_rlayer=5 top_trim_metal_rlayer=-1 rlayer_lowest=1 bottom_rlayer=1
#enable_trim_layer_shield=F enable_dpt_layer_shield=F has_line_end_grid=F
#cpu time = 00:00:00, elapsed time = 00:00:00, memory = 2601.14 (MB), peak = 2632.23 (MB)
#Regenerating Ggrids automatically.
#Auto generating G-grids with size=15 tracks, using layer met3's pitch = 0.6150.
#Using automatically generated G-grids.
#Done routing data preparation.
#cpu time = 00:00:01, elapsed time = 00:00:01, memory = 2612.53 (MB), peak = 2632.23 (MB)
#
#Finished routing data preparation on Mon Mar 16 12:44:21 2026
#
#Cpu time = 00:00:01
#Elapsed time = 00:00:01
#Increased memory = 26.44 (MB)
#Total memory = 2612.53 (MB)
#Peak memory = 2632.23 (MB)
#
#
#Start global routing on Mon Mar 16 12:44:21 2026
#
#
#Start global routing initialization on Mon Mar 16 12:44:21 2026
#
#Number of eco nets is 2
#
#Start global routing data preparation on Mon Mar 16 12:44:21 2026
#
#Start routing resource analysis on Mon Mar 16 12:44:21 2026
#
#Routing resource analysis is done on Mon Mar 16 12:44:21 2026
#
#  Resource Analysis:
#
#               Routing  #Avail      #Track     #Total     %Gcell
#  Layer      Direction   Track     Blocked      Gcell    Blocked
#  --------------------------------------------------------------
#  met1           H        1010        1819       15651    45.18%
#  met2           V        1069        1160       15651    42.44%
#  met3           H        1084        1032       15651    42.67%
#  met4           V         775         893       15651    43.03%
#  met5           H         234         121       15651    12.38%
#  --------------------------------------------------------------
#  Total                   4173      50.54%       78255    37.14%
#
#  44 nets (0.47%) with 1 preferred extra spacing.
#
#
#
#Global routing data preparation is done on Mon Mar 16 12:44:21 2026
#
#cpu time = 00:00:00, elapsed time = 00:00:00, memory = 2614.88 (MB), peak = 2632.23 (MB)
#
#
#Global routing initialization is done on Mon Mar 16 12:44:21 2026
#
#cpu time = 00:00:00, elapsed time = 00:00:00, memory = 2614.88 (MB), peak = 2632.23 (MB)
#
#start global routing iteration 1...
#cpu time = 00:00:00, elapsed time = 00:00:00, memory = 2615.93 (MB), peak = 2632.23 (MB)
#
#start global routing iteration 2...
#cpu time = 00:00:00, elapsed time = 00:00:00, memory = 2615.93 (MB), peak = 2632.23 (MB)
#
#
#Total number of trivial nets (e.g. < 2 pins) = 1628 (skipped).
#Total number of nets with skipped attribute = 7629 (skipped).
#Total number of routable nets = 44.
#Total number of nets in the design = 9301.
#
#44 routable nets have routed wires.
#7629 skipped nets have only detail routed wires.
#2 global routed or unrouted (routable) nets have been constrained (e.g. have preferred extra spacing, require shielding etc.)
#42 detail routed (routable) nets have been constrained (e.g. have preferred extra spacing, require shielding etc.)
#
#Routed net constraints summary:
#------------------------------------------------
#        Rules   Pref Extra Space   Unconstrained  
#------------------------------------------------
#      Default                  2               0  
#------------------------------------------------
#        Total                  2               0  
#------------------------------------------------
#
#Routing constraints summary of the whole design:
#------------------------------------------------
#        Rules   Pref Extra Space   Unconstrained  
#------------------------------------------------
#      Default                 44            7629  
#------------------------------------------------
#        Total                 44            7629  
#------------------------------------------------
#
#
#  Congestion Analysis: (blocked Gcells are excluded)
#
#                 OverCon          
#                  #Gcell    %Gcell
#     Layer           (1)   OverCon  Flow/Cap
#  ----------------------------------------------
#  met1          0(0.00%)   (0.00%)     0.38  
#  met2          0(0.00%)   (0.00%)     0.16  
#  met3          0(0.00%)   (0.00%)     0.11  
#  met4          0(0.00%)   (0.00%)     0.01  
#  met5          0(0.00%)   (0.00%)     0.00  
#  ----------------------------------------------
#     Total      0(0.00%)   (0.00%)
#
#  The worst congested Gcell overcon (routing demand over resource in number of tracks) = 1
#  Overflow after GR: 0.00% H + 0.00% V
#
#Complete Global Routing.
#Total number of nets with non-default rule or having extra spacing = 44
#
#  Routing Statistics
#
#-------------+-----------+-----+
#  Layer      | Length(um)| Vias|
#-------------+-----------+-----+
#  poly ( 0H) |          0|    0|
#  met1 ( 1H) |        132| 1527|
#  met2 ( 2V) |       2313| 1303|
#  met3 ( 3H) |       8750|  856|
#  met4 ( 4V) |       6407|    2|
#  met5 ( 5H) |          7|    0|
#-------------+-----------+-----+
#  Total      |      17610| 3688|
#-------------+-----------+-----+
#
# Total half perimeter of net bounding box: 9921 um.
#Max overcon = 0 track.
#Total overcon = 0.00%.
#Worst layer Gcell overcon rate = 0.00%.
#
#Global routing statistics:
#Cpu time = 00:00:00
#Elapsed time = 00:00:00
#Increased memory = 3.01 (MB)
#Total memory = 2615.54 (MB)
#Peak memory = 2632.23 (MB)
#
#Finished global routing on Mon Mar 16 12:44:21 2026
#
#
#cpu time = 00:00:00, elapsed time = 00:00:00, memory = 2614.27 (MB), peak = 2632.23 (MB)
#Start Track Assignment.
#Done with 0 horizontal wires in 5 hboxes and 0 vertical wires in 4 hboxes.
#Done with 0 horizontal wires in 5 hboxes and 0 vertical wires in 4 hboxes.
#Complete Track Assignment.
#Total number of nets with non-default rule or having extra spacing = 44
#
#  Routing Statistics
#
#-------------+-----------+-----+
#  Layer      | Length(um)| Vias|
#-------------+-----------+-----+
#  poly ( 0H) |          0|    0|
#  met1 ( 1H) |        132| 1527|
#  met2 ( 2V) |       2313| 1303|
#  met3 ( 3H) |       8750|  856|
#  met4 ( 4V) |       6407|    2|
#  met5 ( 5H) |          7|    0|
#-------------+-----------+-----+
#  Total      |      17610| 3688|
#-------------+-----------+-----+
#
# Total half perimeter of net bounding box: 9921 um.
#cpu time = 00:00:00, elapsed time = 00:00:00, memory = 2614.48 (MB), peak = 2632.23 (MB)
#
#Routing data preparation, pin analysis, global routing and track assignment statistics:
#Cpu time = 00:00:01
#Elapsed time = 00:00:01
#Increased memory = 28.39 (MB)
#Total memory = 2614.48 (MB)
#Peak memory = 2632.23 (MB)
#
#Start Detail Routing..
#start initial detail routing ...
# ECO: 34.54% of the total area was rechecked for DRC, and 0.48% required routing.
#   number of violations = 0
#4515 out of 26198 instances (17.2%) need to be verified(marked ipoed), dirty area = 4.4%.
#27.71% of the total area is being checked for drcs
#27.7% of the total area was checked
#   number of violations = 0
#cpu time = 00:00:07, elapsed time = 00:00:07, memory = 2629.13 (MB), peak = 2721.86 (MB)
#Complete Detail Routing.
#Total number of nets with non-default rule or having extra spacing = 44
#
#  Routing Statistics
#
#-------------+-----------+-----+
#  Layer      | Length(um)| Vias|
#-------------+-----------+-----+
#  poly ( 0H) |          0|    0|
#  met1 ( 1H) |        132| 1527|
#  met2 ( 2V) |       2314| 1303|
#  met3 ( 3H) |       8748|  856|
#  met4 ( 4V) |       6407|    2|
#  met5 ( 5H) |          7|    0|
#-------------+-----------+-----+
#  Total      |      17609| 3688|
#-------------+-----------+-----+
#
# Total half perimeter of net bounding box: 9921 um.
#Total number of DRC violations = 0
#Cpu time = 00:00:07
#Elapsed time = 00:00:07
#Increased memory = 14.65 (MB)
#Total memory = 2629.13 (MB)
#Peak memory = 2721.86 (MB)
#route_detail Statistics:
#Cpu time = 00:00:07
#Elapsed time = 00:00:07
#Increased memory = 14.65 (MB)
#Total memory = 2629.13 (MB)
#Peak memory = 2721.86 (MB)
#
#route_global_detail statistics:
#Cpu time = 00:00:08
#Elapsed time = 00:00:08
#Increased memory = 43.43 (MB)
#Total memory = 2620.14 (MB)
#Peak memory = 2721.86 (MB)
#Number of warnings = 3
#Total number of warnings = 3
#Number of fails = 0
#Total number of fails = 0
#Complete route_global_detail on Mon Mar 16 12:44:28 2026
#
#**INFO: auto set of droutePostRouteSwapVia to multiCut

route_global_detail

#Start route_global_detail on Mon Mar 16 12:44:28 2026
#
#Generating timing data, please wait...
#9188 total nets, 44 already routed, 44 will ignore in trialRoute
**WARN: (IMPPTN-1250):	Pin placement has been enabled on metal layer 1.
#View pruning: cpu time = 00:00:00, elapsed time = 00:00:00, memory = 2628.92 (MB), peak = 2721.86 (MB)
#Reporting timing...
###############################################################
#  Generated by:      Cadence Innovus 25.11-s102_1
#  OS:                Linux x86_64(Host ID ece-rschsrv.ece.gatech.edu)
#  Generated on:      Mon Mar 16 12:44:33 2026
#  Design:            Core
#  Command:           route_design
###############################################################
#Normalized TNS: 0.000 -> 0.000, r2r 0.000 -> 0.000, unit 1000.000, clk period 25.000 (ns)
#Stage 1: cpu time = 00:00:04, elapsed time = 00:00:04, memory = 2785.25 (MB), peak = 2792.45 (MB)
#Library Standard Delay: 37.60ps
#Slack threshold: 75.20ps
#*** Analyzed 0 timing critical paths, and collected 0.
#Stage 2: cpu time = 00:00:00, elapsed time = 00:00:00, memory = 2785.71 (MB), peak = 2792.45 (MB)
#Stage 3: cpu time = 00:00:00, elapsed time = 00:00:00, memory = 2793.68 (MB), peak = 2793.72 (MB)
#Default setup view is reset to tt_v1.8_25C_Nominal_25_func.
#Stage 4: cpu time = 00:00:00, elapsed time = 00:00:00, memory = 2793.68 (MB), peak = 2793.72 (MB)
#Current view: tt_v1.8_25C_Nominal_25_func 
#Current enabled view: tt_v1.8_25C_Nominal_25_func 
#Generating timing data took: cpu time = 00:00:05, elapsed time = 00:00:06, memory = 2792.95 (MB), peak = 2801.59 (MB)
#Done generating timing data.
#WARNING (NRIG-1303) The congestion map does not match the GCELL grid. Clearing the congestion map.
#NanoRoute Version 25.11-s102_1 NR250730-0928/25_11-UB
#Start routing data preparation on Mon Mar 16 12:44:34 2026
#
#Initial pin access analysis.
#Detail pin access analysis.
#Done pin access analysis.
# met1         H   Track-Pitch = 0.4600    Line-2-Via Pitch = 0.3400
# met2         V   Track-Pitch = 0.4600    Line-2-Via Pitch = 0.3400
# met3         H   Track-Pitch = 0.6100    Line-2-Via Pitch = 0.6100
# met4         V   Track-Pitch = 0.6150    Line-2-Via Pitch = 0.6150
# met5         H   Track-Pitch = 3.6600    Line-2-Via Pitch = 3.2000
#Bottom routing layer index=1(met1), bottom routing layer for shielding=1(met1), bottom shield layer=1(met1) top shield layer=5(met5)
#shield_bottom_stripe_layer=1(met1), shield_top_stripe_layer=5(met5)
#pin_access_rlayer=2(met2) num_routing_layer=5 top_routing_layer=5 top_ripin_layer=5
#shield_top_dpt_rlayer=-1 top_rlayer=5 top_trim_metal_rlayer=-1 rlayer_lowest=1 bottom_rlayer=1
#enable_trim_layer_shield=F enable_dpt_layer_shield=F has_line_end_grid=F
#cpu time = 00:00:00, elapsed time = 00:00:00, memory = 2822.49 (MB), peak = 2823.68 (MB)
#Regenerating Ggrids automatically.
#Auto generating G-grids with size=15 tracks, using layer met3's pitch = 0.6150.
#Using automatically generated G-grids.
#Done routing data preparation.
#cpu time = 00:00:00, elapsed time = 00:00:00, memory = 2833.25 (MB), peak = 2833.25 (MB)
#
#Summary of active signal nets routing constraints set by OPT:
#	preferred routing layers      : 0
#	preferred routing layer effort: 0
#	preferred extra space         : 0
#	preferred multi-cut via       : 0
#	avoid detour                  : 0
#	expansion ratio               : 0
#	net priority                  : 0
#	s2s control                   : 0
#	avoid chaining                : 0
#	inst-based stacking via       : 0
#
#Summary of active signal nets routing constraints set by USER:
#	preferred routing layers      : 0
#	preferred routing layer effort     : 0
#	preferred extra space              : 0
#	preferred multi-cut via            : 0
#	avoid detour                       : 0
#	net weight                         : 0
#	avoid chaining                     : 0
#	cell-based stacking via (required) : 0
#	cell-based stacking via (optional) : 0
#
#Start timing driven prevention iteration...
#Setup timing driven global route constraints on 0 nets
#
#----------------------------------------------------
# Summary of active signal nets routing constraints
#+--------------------------+-----------+
#+--------------------------+-----------+
#
#----------------------------------------------------
#Skipped timing-driven prevention.
#cpu time = 00:00:00, elapsed time = 00:00:00, memory = 2835.39 (MB), peak = 2835.39 (MB)
#Total number of trivial nets (e.g. < 2 pins) = 1628 (skipped).
#Total number of routable nets = 7673.
#Total number of nets in the design = 9301.
#7629 routable nets do not have any wires.
#44 routable nets have routed wires.
#7629 nets will be global routed.
#44 detail routed (routable) nets have been constrained (e.g. have preferred extra spacing, require shielding etc.)
#
#Finished routing data preparation on Mon Mar 16 12:44:35 2026
#
#Cpu time = 00:00:00
#Elapsed time = 00:00:00
#Increased memory = 0.00 (MB)
#Total memory = 2835.39 (MB)
#Peak memory = 2835.39 (MB)
#
#
#Start global routing on Mon Mar 16 12:44:35 2026
#
#
#Start global routing initialization on Mon Mar 16 12:44:35 2026
#
#Number of eco nets is 0
#
#Start global routing data preparation on Mon Mar 16 12:44:35 2026
#
#Start routing resource analysis on Mon Mar 16 12:44:35 2026
#
#Routing resource analysis is done on Mon Mar 16 12:44:35 2026
#
#  Resource Analysis:
#
#               Routing  #Avail      #Track     #Total     %Gcell
#  Layer      Direction   Track     Blocked      Gcell    Blocked
#  --------------------------------------------------------------
#  met1           H        1010        1819       15651    45.18%
#  met2           V        1068        1161       15651    42.44%
#  met3           H        1082        1034       15651    42.67%
#  met4           V         775         893       15651    43.03%
#  met5           H         234         121       15651    12.38%
#  --------------------------------------------------------------
#  Total                   4169      50.57%       78255    37.14%
#
#  44 nets (0.47%) with 1 preferred extra spacing.
#
#
#
#Global routing data preparation is done on Mon Mar 16 12:44:35 2026
#
#cpu time = 00:00:00, elapsed time = 00:00:00, memory = 2837.54 (MB), peak = 2837.54 (MB)
#
#
#Global routing initialization is done on Mon Mar 16 12:44:35 2026
#
#cpu time = 00:00:00, elapsed time = 00:00:00, memory = 2837.54 (MB), peak = 2837.54 (MB)
#
#Skip 1/2 round for no nets in the round...
#Route nets in 2/2 round...
#start global routing iteration 1...
#cpu time = 00:00:13, elapsed time = 00:00:13, memory = 2862.65 (MB), peak = 2868.37 (MB)
#
#start global routing iteration 2...
#cpu time = 00:00:05, elapsed time = 00:00:05, memory = 2864.53 (MB), peak = 2868.37 (MB)
#
#
#Total number of trivial nets (e.g. < 2 pins) = 1628 (skipped).
#Total number of routable nets = 7673.
#Total number of nets in the design = 9301.
#
#7673 routable nets have routed wires.
#44 detail routed (routable) nets have been constrained (e.g. have preferred extra spacing, require shielding etc.)
#
#Routed nets constraints summary:
#-----------------------------
#        Rules   Unconstrained  
#-----------------------------
#      Default            7629  
#-----------------------------
#        Total            7629  
#-----------------------------
#
#Routing constraints summary of the whole design:
#------------------------------------------------
#        Rules   Pref Extra Space   Unconstrained  
#------------------------------------------------
#      Default                 44            7629  
#------------------------------------------------
#        Total                 44            7629  
#------------------------------------------------
#
#
#  Congestion Analysis: (blocked Gcells are excluded)
#
#                 OverCon       OverCon       OverCon          
#                  #Gcell        #Gcell        #Gcell    %Gcell
#     Layer         (1-2)         (3-4)         (5-6)   OverCon  Flow/Cap
#  --------------------------------------------------------------------------
#  met1         68(0.75%)     26(0.29%)      7(0.08%)   (1.12%)     0.40  
#  met2         15(0.17%)      1(0.01%)      1(0.01%)   (0.19%)     0.35  
#  met3         84(0.93%)     14(0.16%)      0(0.00%)   (1.09%)     0.35  
#  met4          0(0.00%)      0(0.00%)      0(0.00%)   (0.00%)     0.17  
#  met5          8(0.06%)      0(0.00%)      0(0.00%)   (0.06%)     0.18  
#  --------------------------------------------------------------------------
#     Total    175(0.35%)     41(0.08%)      8(0.02%)   (0.45%)
#
#  The worst congested Gcell overcon (routing demand over resource in number of tracks) = 6
#  Overflow after GR: 0.42% H + 0.03% V
#
#Hotspot report including placement blocked areas
[hotspot] +----------------+-------------------+-------------------+-------------------------------------+
[hotspot] |      layer     |    max hotspot    |   total hotspot   |            hotspot bbox             |
[hotspot] +----------------+-------------------+-------------------+-------------------------------------+
[hotspot] |     met1(H)    |             21.00 |             45.00 |   778.32   629.27   943.91   678.96 |
[hotspot] |     met2(V)    |              0.00 |              0.00 |   (none)                            |
[hotspot] |     met3(H)    |             17.00 |             32.00 |   778.32   629.27   910.80   678.96 |
[hotspot] |     met4(V)    |              0.00 |              0.00 |   (none)                            |
[hotspot] |     met5(H)    |             46.00 |             62.00 |   165.59   877.68   927.36   894.24 |
[hotspot] +----------------+-------------------+-------------------+-------------------------------------+
[hotspot] |      worst     |   (met5)    46.00 |   (met5)    62.00 |                                     |
[hotspot] +----------------+-------------------+-------------------+-------------------------------------+
[hotspot] |   all layers   |             41.00 |             81.00 |                                     |
[hotspot] +----------------+-------------------+-------------------+-------------------------------------+
Local HotSpot Analysis (blockage included) (3d): normalized congestion max/total hotspot area = 41.00/81.00 (area is in unit of 4 std-cell row bins)
[hotspot] top 4 congestion hotspot bounding boxes and scores of all layers hotspot
[hotspot] +-----+-------------------------------------+---------------+-------------------------------+
[hotspot] | top |            hotspot bbox             | hotspot score |           module              |
[hotspot] +-----+-------------------------------------+---------------+-------------------------------+
[hotspot] |  1  |   165.59   877.68   844.56   894.24 |       41.00   |             NA                |
[hotspot] +-----+-------------------------------------+---------------+-------------------------------+
[hotspot] |  2  |   778.32   629.27   910.80   678.96 |       24.00   |             NA                |
[hotspot] +-----+-------------------------------------+---------------+-------------------------------+
[hotspot] |  3  |   182.16   629.27   264.95   678.96 |       15.00   |             NA                |
[hotspot] +-----+-------------------------------------+---------------+-------------------------------+
[hotspot] |  4  |   927.36   645.84   943.91   662.39 |        1.00   |             NA                |
[hotspot] +-----+-------------------------------------+---------------+-------------------------------+
#Complete Global Routing.
#Total number of nets with non-default rule or having extra spacing = 44
#
#  Routing Statistics
#
#-------------+-----------+------+
#  Layer      | Length(um)|  Vias|
#-------------+-----------+------+
#  poly ( 0H) |          0|     0|
#  met1 ( 1H) |      30675| 27031|
#  met2 ( 2V) |     173480| 15992|
#  met3 ( 3H) |     207048|  4840|
#  met4 ( 4V) |     135307|   951|
#  met5 ( 5H) |      38818|     0|
#-------------+-----------+------+
#  Total      |     585327| 48814|
#-------------+-----------+------+
#
# Total half perimeter of net bounding box: 437401 um.
#Total number of involved regular nets 974
#Maximum src to sink distance  1847.7
#Average of max src_to_sink distance  265.6
#Average of ave src_to_sink distance  174.1
#Max overcon = 6 tracks.
#Total overcon = 0.45%.
#Worst layer Gcell overcon rate = 1.09%.
#
#Global routing statistics:
#Cpu time = 00:00:18
#Elapsed time = 00:00:18
#Increased memory = 28.97 (MB)
#Total memory = 2864.37 (MB)
#Peak memory = 2868.37 (MB)
#
#Finished global routing on Mon Mar 16 12:44:53 2026
#
#
#cpu time = 00:00:00, elapsed time = 00:00:00, memory = 2863.10 (MB), peak = 2868.37 (MB)
#Start Track Assignment.
#Done with 11556 horizontal wires in 5 hboxes and 13354 vertical wires in 4 hboxes.
#Done with 3325 horizontal wires in 5 hboxes and 2890 vertical wires in 4 hboxes.
#Done with 5 horizontal wires in 5 hboxes and 4 vertical wires in 4 hboxes.
#
#Track assignment summary:
# layer   (wire length)   (overlap)     (long ovlp)	(with obs/pg/clk)  
#------------------------------------------------------------------------
# met1       29918.65 	 94.16%  	  3.26% 	 87.60%
# met2      165687.17 	  0.08%  	  0.00% 	  0.00%
# met3      195474.37 	  0.27%  	  0.00% 	  0.08%
# met4      127466.92 	  0.72%  	  0.00% 	  0.68%
# met5       39322.53 	  0.01%  	  0.00% 	  0.00%
#------------------------------------------------------------------------
# All      557869.63  	  5.33% 	  0.17% 	  0.00%
#Complete Track Assignment.
#Total number of nets with non-default rule or having extra spacing = 44
#
#  Routing Statistics
#
#-------------+-----------+------+
#  Layer      | Length(um)|  Vias|
#-------------+-----------+------+
#  poly ( 0H) |          0|     0|
#  met1 ( 1H) |      29949| 27031|
#  met2 ( 2V) |     168265| 15992|
#  met3 ( 3H) |     203357|  4840|
#  met4 ( 4V) |     133531|   951|
#  met5 ( 5H) |      38548|     0|
#-------------+-----------+------+
#  Total      |     573651| 48814|
#-------------+-----------+------+
#
# Total half perimeter of net bounding box: 437401 um.
#cpu time = 00:00:03, elapsed time = 00:00:03, memory = 2863.53 (MB), peak = 2868.37 (MB)
#
#number of short segments in preferred routing layers
#	
#	
#
#Start post global route fixing for timing critical nets ...
#
#* Updating design timing data...
#Extracting RC...
Un-suppress "**WARN ..." messages.
#
#Start tQuantus RC extraction...
#Finish check_net_pin_list step Enter extract_rc_after_routing
#Extract in track assign mode
#Start extraction data preparation
#Start building rc corner(s)...
#Number of RC Corner = 1
#Corner Nominal_25C /nethome/dkhalil8/InnovateECE/PhysicalDesign/RTL2GDS/SiliconJackets/cadence_sky130/sky130_release_0.0.4/quantus/extraction/typical/qrcTechFile 25.000000 (real) 
#(i=5, n=5 1000)
#metal1 -> met1 (1)
#metal2 -> met2 (2)
#metal3 -> met3 (3)
#metal4 -> met4 (4)
#metal5 -> met5 (5)
#SADV_On
# Corner(s) : 
#Nominal_25C [25.00]
# Corner id: 0
# Layout Scale: 1.000000
# Has Metal Fill model: yes
# Temperature was set
# Temperature : 25.000000
# Ref. Temp   : 25.000000
#SADV_Off
#
#layer[5] tech width 1600 != ict width 800.0
#
#layer[5] tech spc 1600 != ict spc 800.0
#total pattern=35 [5, 90]
#Generating the tQuantus model file automatically.
#num_tile=2988 avg_aspect_ratio=1.175574 
#Vertical num_row 20 per_row= 148 halo= 82500 
#hor_num_col = 50 final aspect_ratio= 1.016739
#Build RC corners: cpu time = 00:00:03, elapsed time = 00:00:07, memory = 2878.45 (MB), peak = 2950.54 (MB)
#Finish check_net_pin_list step Enter extract
#Start init net ripin tree building
#Finish init net ripin tree building
#Cpu time = 00:00:00
#Elapsed time = 00:00:00
#Increased memory = 0.00 (MB)
#Total memory = 2882.48 (MB)
#Peak memory = 2950.54 (MB)
#begin processing metal fill model file
#end processing metal fill model file
#
#Start Post Track Assignment Wire Spread.
#Done with 2909 horizontal wires in 5 hboxes and 8507 vertical wires in 4 hboxes.
#Complete Post Track Assignment Wire Spread.
#
#Length limit = 200 pitches
#opt mode = 2
#Finish check_net_pin_list step Fix net pin list
#Start generate extraction boxes.
#
#Extract using 30 x 30 Hboxes
#5x6 initial hboxes
#Use area based hbox pruning.
#0/0 hboxes pruned.
#Complete generating extraction boxes.
#Extract 16 hboxes with single thread on machine with  Xeon 2.80GHz 56320KB Cache 88CPU...
#Process 0 special clock nets for rc extraction
#WARNING (NREX-80) Net reset does not have a driver pin. It may have incomplete route.
#Need to add unplaced ipin PIN:reset of net 0(reset) into rc tree
#WARNING (NREX-80) Net clock does not have a driver pin. It may have incomplete route.
#Need to add unplaced ipin PIN:clock of net 477(clock) into rc tree
#WARNING (NREX-80) Net mem_en does not have a driver pin. It may have incomplete route.
#Need to add unplaced ipin PIN:mem_en of net 1868(mem_en) into rc tree
#Total 7673 nets were built. 975 nodes added to break long wires. 0 net(s) have incomplete routes.
#Start inst blockage merging.
#Run Statistics for Extraction:
#   Cpu time = 00:00:07, elapsed time = 00:00:07 .
#   Increased memory =    70.02 (MB), total memory =  2951.07 (MB), peak memory =  2951.74 (MB)
#
#Scale RC for track assignment: res 1.000000; cap 1.000000; clk res 1.000000; clk cap 1.000000, xcap 1.000000
#Simplify RC tree: cpu time = 00:00:00, elapsed time = 00:00:00, memory = 2896.78 (MB), peak = 2951.74 (MB)
#RC Statistics: 35678 Res, 23554 Ground Cap, 21209 XCap (Edge to Edge)
#WARNING (NREX-102) Net UNCONNECTED1443 is not extracted due to Has no routing. The result of timing analysis involving such net is inaccurate.
#WARNING (NREX-102) Net InstructionDecode_Module_EX_instruction_opcode\[0\]_4001 is not extracted due to Has no routing. The result of timing analysis involving such net is inaccurate.
#WARNING (NREX-102) Net UNCONNECTED164 is not extracted due to Has no routing. The result of timing analysis involving such net is inaccurate.
#WARNING (NREX-102) Net UNCONNECTED1511 is not extracted due to Has no routing. The result of timing analysis involving such net is inaccurate.
#WARNING (NREX-102) Net UNCONNECTED1445 is not extracted due to Has no routing. The result of timing analysis involving such net is inaccurate.
#WARNING (NREX-102) Net UNCONNECTED1447 is not extracted due to Has no routing. The result of timing analysis involving such net is inaccurate.
#WARNING (NREX-102) Net UNCONNECTED1448 is not extracted due to Has no routing. The result of timing analysis involving such net is inaccurate.
#WARNING (NREX-102) Net UNCONNECTED1449 is not extracted due to Has no routing. The result of timing analysis involving such net is inaccurate.
#WARNING (NREX-102) Net UNCONNECTED1450 is not extracted due to Has no routing. The result of timing analysis involving such net is inaccurate.
#WARNING (NREX-102) Net UNCONNECTED1451 is not extracted due to Has no routing. The result of timing analysis involving such net is inaccurate.
#WARNING (NREX-102) Net UNCONNECTED1452 is not extracted due to Has no routing. The result of timing analysis involving such net is inaccurate.
#WARNING (NREX-102) Net UNCONNECTED1453 is not extracted due to Has no routing. The result of timing analysis involving such net is inaccurate.
#WARNING (NREX-102) Net UNCONNECTED1456 is not extracted due to Has no routing. The result of timing analysis involving such net is inaccurate.
#WARNING (NREX-102) Net UNCONNECTED1464 is not extracted due to Has no routing. The result of timing analysis involving such net is inaccurate.
#WARNING (NREX-102) Net UNCONNECTED1454 is not extracted due to Has no routing. The result of timing analysis involving such net is inaccurate.
#WARNING (NREX-102) Net UNCONNECTED1455 is not extracted due to Has no routing. The result of timing analysis involving such net is inaccurate.
#WARNING (NREX-102) Net UNCONNECTED1458 is not extracted due to Has no routing. The result of timing analysis involving such net is inaccurate.
#WARNING (NREX-102) Net UNCONNECTED1457 is not extracted due to Has no routing. The result of timing analysis involving such net is inaccurate.
#WARNING (NREX-102) Net UNCONNECTED1461 is not extracted due to Has no routing. The result of timing analysis involving such net is inaccurate.
#WARNING (NREX-102) Net UNCONNECTED1459 is not extracted due to Has no routing. The result of timing analysis involving such net is inaccurate.
#WARNING (EMS-27) Message (NREX-102) has exceeded the current message display limit of 20.
#To increase the message display limit, refer to the product command reference manual.
#RC V/H edge ratio: 0.32, Avg V/H Edge Length: 5490.42 (23329), Avg L-Edge Length: 31938.08 (8411)
#Register nets and terms for rcdb /nethome/dkhalil8/InnovateECE/PhysicalDesign/RTL2GDS/design/innovus_temp_1707723_ebf647c6-07c6-4e84-a98b-b8a1e8254512_ece-rschsrv.ece.gatech.edu_dkhalil8_DXnmlk/nr0_1707723_ebf647c6-07c6-4e84-a98b-b8a1e82545128vwAyu.rcdb.d
#Finish registering nets and terms for rcdb.
#Start writing RC data.
#Finish writing RC data
#Finish writing rcdb with 50814 nodes, 43141 edges, and 59260 xcaps
#975 inserted nodes are removed
#Restored 0 tie nets, 0 tie snets, 0 partial nets
#Remove Post Track Assignment Wire Spread
Restoring parasitic data from file '/nethome/dkhalil8/InnovateECE/PhysicalDesign/RTL2GDS/design/innovus_temp_1707723_ebf647c6-07c6-4e84-a98b-b8a1e8254512_ece-rschsrv.ece.gatech.edu_dkhalil8_DXnmlk/nr0_1707723_ebf647c6-07c6-4e84-a98b-b8a1e82545128vwAyu.rcdb.d' ...
Reading RCDB with compressed RC data.
Reading RCDB with compressed RC data.
Begin read_parasitics... (cpu: 0:00:00.0 real: 0:00:00.0 mem: 2903.590M)
Following multi-corner parasitics specified:
	/nethome/dkhalil8/InnovateECE/PhysicalDesign/RTL2GDS/design/innovus_temp_1707723_ebf647c6-07c6-4e84-a98b-b8a1e8254512_ece-rschsrv.ece.gatech.edu_dkhalil8_DXnmlk/nr0_1707723_ebf647c6-07c6-4e84-a98b-b8a1e82545128vwAyu.rcdb.d (rcdb)
Reading RCDB with compressed RC data.
		Cell Core has rcdb /nethome/dkhalil8/InnovateECE/PhysicalDesign/RTL2GDS/design/innovus_temp_1707723_ebf647c6-07c6-4e84-a98b-b8a1e8254512_ece-rschsrv.ece.gatech.edu_dkhalil8_DXnmlk/nr0_1707723_ebf647c6-07c6-4e84-a98b-b8a1e82545128vwAyu.rcdb.d specified
Cell Core, hinst 
Reading RCDB with compressed RC data.
Done read_parasitics... (cpu: 0:00:00.2 real: 0:00:00.0 mem: 2903.227M)
#
#Restore RCDB.
#Remove Post Track Assignment Wire Spread
#
#Complete tQuantus RC extraction.
#Cpu time = 00:00:12
#Elapsed time = 00:00:17
#Increased memory = 37.32 (MB)
#Total memory = 2901.06 (MB)
#Peak memory = 2951.74 (MB)
#
Un-suppress "**WARN ..." messages.
#RC Extraction Completed...
AAE_INFO: switching set_db delaycal_enable_si from false to true ...
AAE_INFO: The setting is changed from false to true in set_db delaycal_enable_si
#Reporting timing...
###############################################################
#  Generated by:      Cadence Innovus 25.11-s102_1
#  OS:                Linux x86_64(Host ID ece-rschsrv.ece.gatech.edu)
#  Generated on:      Mon Mar 16 12:45:20 2026
#  Design:            Core
#  Command:           route_design
###############################################################
#Normalized TNS: 0.000 -> 0.000, r2r 0.000 -> 0.000, unit 1000.000, clk period 25.000 (ns)
#Stage 1: cpu time = 00:00:07, elapsed time = 00:00:08, memory = 2932.91 (MB), peak = 2962.13 (MB)
#Library Standard Delay: 37.60ps
#Slack threshold: 0.00ps
#*** Analyzed 0 timing critical paths, and collected 0.
#Stage 2: cpu time = 00:00:00, elapsed time = 00:00:00, memory = 2933.19 (MB), peak = 2962.13 (MB)
#Stage 3: cpu time = 00:00:00, elapsed time = 00:00:00, memory = 2933.84 (MB), peak = 2962.13 (MB)
Worst slack reported in the design = 21.415201 (late)

*** writeDesignTiming (0:00:00.6) ***
#Stage 4: cpu time = 00:00:01, elapsed time = 00:00:01, memory = 2934.63 (MB), peak = 2962.13 (MB)
Un-suppress "**WARN ..." messages.
#Number of victim nets: 0
#Number of aggressor nets: 0
#Number of weak nets: 0
#Number of critical nets: 0
#	level 1 [   0.0, -1000.0]: 0 nets
#	level 2 [   0.0, -1000.0]: 0 nets
#	level 3 [   0.0, -1000.0]: 0 nets
#Total number of nets: 7673
#Total number of significant detoured timing critical nets is 0
#Total number of selected detoured timing critical nets is 0
#
#----------------------------------------------------
# Summary of active signal nets routing constraints
#+--------------------------+-----------+
#+--------------------------+-----------+
#
#----------------------------------------------------
Current (total cpu=0:02:04, real=0:02:15, peak res=2962.1M, current mem=2859.5M)
Core
Ending "Constraint file reading stats" (total cpu=0:00:00.1, real=0:00:00.0, peak res=2871.0M, current mem=2871.0M)
------------------------------------------------------------------------------------
CONSTRAINT READING SUMMARY                                                          
------------------------------------------------------------------------------------
Constraint                                        | Success        | Fail           
------------------------------------------------------------------------------------
set_clock_uncertainty                             | 1              | 0              
set_max_transition                                | 3              | 0              
set_propagated_clock                              | 1              | 0              
set_clock_transition                              | 4              | 0              
get_clocks                                        | 5              | 0              
create_clock                                      | 1              | 0              
set_load                                          | 6              | 0              
set_units                                         | 1              | 0              
get_ports                                         | 11             | 0              
set_clock_gating_check                            | 2              | 0              
current_design                                    | 1              | 0              
------------------------------------------------------------------------------------
Current (total cpu=0:02:05, real=0:02:15, peak res=2962.1M, current mem=2871.0M)
#cpu time = 00:00:00, elapsed time = 00:00:00, memory = 2871.13 (MB), peak = 2962.13 (MB)
#* Importing design timing data...
#Number of victim nets: 0
#Number of aggressor nets: 0
#Number of weak nets: 0
#Number of critical nets: 0
#	level 1 [   0.0, -1000.0]: 0 nets
#	level 2 [   0.0, -1000.0]: 0 nets
#	level 3 [   0.0, -1000.0]: 0 nets
#Total number of nets: 7673
#
#timing driven effort level: 3
#Start Track Assignment With Timing Driven.
#Done with 452 horizontal wires in 5 hboxes and 455 vertical wires in 4 hboxes.
#Done with 106 horizontal wires in 5 hboxes and 101 vertical wires in 4 hboxes.
#Done with 5 horizontal wires in 5 hboxes and 4 vertical wires in 4 hboxes.
#
#Track assignment summary:
# layer   (wire length)   (overlap)     (long ovlp)	(with obs/pg/clk)  
#------------------------------------------------------------------------
# met1       29908.71 	 94.12%  	  3.26% 	 87.60%
# met2      165598.20 	  0.05%  	  0.00% 	  0.00%
# met3      195468.83 	  0.24%  	  0.00% 	  0.07%
# met4      127457.63 	  0.72%  	  0.00% 	  0.69%
# met5       39315.14 	  0.01%  	  0.00% 	  0.00%
#------------------------------------------------------------------------
# All      557748.51  	  5.31% 	  0.17% 	  0.00%
#Complete Track Assignment With Timing Driven.
#Total number of nets with non-default rule or having extra spacing = 44
#
#  Routing Statistics
#
#-------------+-----------+------+
#  Layer      | Length(um)|  Vias|
#-------------+-----------+------+
#  poly ( 0H) |          0|     0|
#  met1 ( 1H) |      29939| 27031|
#  met2 ( 2V) |     168215| 15992|
#  met3 ( 3H) |     203378|  4840|
#  met4 ( 4V) |     133519|   951|
#  met5 ( 5H) |      38549|     0|
#-------------+-----------+------+
#  Total      |     573600| 48814|
#-------------+-----------+------+
#
# Total half perimeter of net bounding box: 437401 um.
#cpu time = 00:00:01, elapsed time = 00:00:01, memory = 2884.49 (MB), peak = 2962.13 (MB)
#
#Routing data preparation, pin analysis, global routing and track assignment statistics:
#Cpu time = 00:00:45
#Elapsed time = 00:00:50
#Increased memory = 70.57 (MB)
#Total memory = 2884.49 (MB)
#Peak memory = 2962.13 (MB)
#Start reading timing information from file .timing_file_1707723_ebf647c6-07c6-4e84-a98b-b8a1e8254512.tif.gz ...
#Read in timing information for 3 ports, 7510 instances from timing file .timing_file_1707723_ebf647c6-07c6-4e84-a98b-b8a1e8254512.tif.gz.
#
#Start Detail Routing..
#start initial detail routing ...
#   number of violations = 285
#
#  By Layer and Type:
#
#---------+-------+------+-----+-------+
#  -      | MetSpc| Short| Loop| Totals|
#---------+-------+------+-----+-------+
#  met1   |      0|     6|    2|      8|
#  met2   |      3|   227|    0|    230|
#  met3   |     26|     0|    0|     26|
#  met4   |      5|    15|    0|     20|
#  met5   |      1|     0|    0|      1|
#  Totals |     35|   248|    2|    285|
#---------+-------+------+-----+-------+
#
#cpu time = 00:01:39, elapsed time = 00:01:39, memory = 2916.72 (MB), peak = 3150.10 (MB)
#start 1st optimization iteration ...
#   number of violations = 52
#
#  By Layer and Type:
#
#---------+-------+------+-------+-------+
#  -      | MetSpc| Short| CShort| Totals|
#---------+-------+------+-------+-------+
#  met1   |      0|     1|      0|      1|
#  met2   |      1|    28|      0|     29|
#  met3   |      6|     2|      0|      8|
#  met4   |      2|     8|      1|     11|
#  met5   |      2|     1|      0|      3|
#  Totals |     11|    40|      1|     52|
#---------+-------+------+-------+-------+
#
#    number of process antenna violations = 454
#cpu time = 00:00:10, elapsed time = 00:00:10, memory = 2917.25 (MB), peak = 3150.10 (MB)
#start 2nd optimization iteration ...
#   number of violations = 44
#
#  By Layer and Type:
#
#---------+-------+------+-------+-------+
#  -      | MetSpc| Short| CShort| Totals|
#---------+-------+------+-------+-------+
#  met1   |      0|     0|      0|      0|
#  met2   |      0|    24|      0|     24|
#  met3   |      6|     2|      0|      8|
#  met4   |      1|     7|      1|      9|
#  met5   |      2|     1|      0|      3|
#  Totals |      9|    34|      1|     44|
#---------+-------+------+-------+-------+
#
#    number of process antenna violations = 459
#cpu time = 00:00:02, elapsed time = 00:00:02, memory = 2917.82 (MB), peak = 3150.10 (MB)
#start 3rd optimization iteration ...
#   number of violations = 20
#
#  By Layer and Type:
#
#---------+-------+------+-------+-------+
#  -      | MetSpc| Short| CShort| Totals|
#---------+-------+------+-------+-------+
#  met1   |      0|     0|      0|      0|
#  met2   |      0|     0|      0|      0|
#  met3   |      6|     2|      0|      8|
#  met4   |      1|     7|      1|      9|
#  met5   |      2|     1|      0|      3|
#  Totals |      9|    10|      1|     20|
#---------+-------+------+-------+-------+
#
#    number of process antenna violations = 471
#cpu time = 00:00:02, elapsed time = 00:00:02, memory = 2916.55 (MB), peak = 3150.10 (MB)
#start 4th optimization iteration ...
#   number of violations = 20
#
#  By Layer and Type:
#
#---------+-------+------+-------+-------+
#  -      | MetSpc| Short| CShort| Totals|
#---------+-------+------+-------+-------+
#  met1   |      0|     0|      0|      0|
#  met2   |      0|     0|      0|      0|
#  met3   |      6|     2|      0|      8|
#  met4   |      1|     7|      1|      9|
#  met5   |      2|     1|      0|      3|
#  Totals |      9|    10|      1|     20|
#---------+-------+------+-------+-------+
#
#    number of process antenna violations = 459
#cpu time = 00:00:01, elapsed time = 00:00:01, memory = 2918.31 (MB), peak = 3150.10 (MB)
#start 5th optimization iteration ...
#   number of violations = 20
#
#  By Layer and Type:
#
#---------+-------+------+-------+-------+
#  -      | MetSpc| Short| CShort| Totals|
#---------+-------+------+-------+-------+
#  met1   |      0|     0|      0|      0|
#  met2   |      0|     0|      0|      0|
#  met3   |      6|     1|      0|      7|
#  met4   |      1|     8|      1|     10|
#  met5   |      2|     1|      0|      3|
#  Totals |      9|    10|      1|     20|
#---------+-------+------+-------+-------+
#
#    number of process antenna violations = 459
#cpu time = 00:00:01, elapsed time = 00:00:01, memory = 2918.46 (MB), peak = 3150.10 (MB)
#start 6th optimization iteration ...
#   number of violations = 20
#
#  By Layer and Type:
#
#---------+-------+------+-------+-------+
#  -      | MetSpc| Short| CShort| Totals|
#---------+-------+------+-------+-------+
#  met1   |      0|     0|      0|      0|
#  met2   |      0|     0|      0|      0|
#  met3   |      6|     1|      0|      7|
#  met4   |      1|     8|      1|     10|
#  met5   |      2|     1|      0|      3|
#  Totals |      9|    10|      1|     20|
#---------+-------+------+-------+-------+
#
#    number of process antenna violations = 459
#cpu time = 00:00:02, elapsed time = 00:00:02, memory = 2918.06 (MB), peak = 3150.10 (MB)
#start 7th optimization iteration ...
#   number of violations = 21
#
#  By Layer and Type:
#
#---------+-------+------+-------+-------+
#  -      | MetSpc| Short| CShort| Totals|
#---------+-------+------+-------+-------+
#  met1   |      0|     0|      0|      0|
#  met2   |      0|     0|      0|      0|
#  met3   |      5|     1|      0|      6|
#  met4   |      2|     9|      1|     12|
#  met5   |      2|     1|      0|      3|
#  Totals |      9|    11|      1|     21|
#---------+-------+------+-------+-------+
#
#    number of process antenna violations = 461
#cpu time = 00:00:01, elapsed time = 00:00:01, memory = 2918.53 (MB), peak = 3150.10 (MB)
#start 8th optimization iteration ...
#   number of violations = 20
#
#  By Layer and Type:
#
#---------+-------+------+-------+-------+
#  -      | MetSpc| Short| CShort| Totals|
#---------+-------+------+-------+-------+
#  met1   |      0|     0|      0|      0|
#  met2   |      0|     0|      0|      0|
#  met3   |      6|     1|      0|      7|
#  met4   |      1|     8|      1|     10|
#  met5   |      2|     1|      0|      3|
#  Totals |      9|    10|      1|     20|
#---------+-------+------+-------+-------+
#
#    number of process antenna violations = 461
#cpu time = 00:00:01, elapsed time = 00:00:01, memory = 2919.30 (MB), peak = 3150.10 (MB)
#start 9th optimization iteration ...
#   number of violations = 21
#
#  By Layer and Type:
#
#---------+-------+------+-------+-------+
#  -      | MetSpc| Short| CShort| Totals|
#---------+-------+------+-------+-------+
#  met1   |      0|     0|      0|      0|
#  met2   |      0|     0|      0|      0|
#  met3   |      5|     1|      0|      6|
#  met4   |      2|     9|      1|     12|
#  met5   |      2|     1|      0|      3|
#  Totals |      9|    11|      1|     21|
#---------+-------+------+-------+-------+
#
#    number of process antenna violations = 461
#cpu time = 00:00:01, elapsed time = 00:00:01, memory = 2920.42 (MB), peak = 3150.10 (MB)
#start 10th optimization iteration ...
#   number of violations = 22
#
#  By Layer and Type:
#
#---------+-------+------+-------+-------+
#  -      | MetSpc| Short| CShort| Totals|
#---------+-------+------+-------+-------+
#  met1   |      0|     0|      0|      0|
#  met2   |      0|     0|      0|      0|
#  met3   |      5|     0|      0|      5|
#  met4   |      3|    10|      1|     14|
#  met5   |      2|     1|      0|      3|
#  Totals |     10|    11|      1|     22|
#---------+-------+------+-------+-------+
#
#    number of process antenna violations = 461
#cpu time = 00:00:01, elapsed time = 00:00:01, memory = 2918.89 (MB), peak = 3150.10 (MB)
#start 11th optimization iteration ...
#   number of violations = 22
#
#  By Layer and Type:
#
#---------+-------+------+-----+-------+-------+
#  -      | MetSpc| Short| Loop| CShort| Totals|
#---------+-------+------+-----+-------+-------+
#  met1   |      0|     0|    0|      0|      0|
#  met2   |      0|     0|    0|      0|      0|
#  met3   |      6|     0|    0|      0|      6|
#  met4   |      2|     9|    1|      1|     13|
#  met5   |      2|     1|    0|      0|      3|
#  Totals |     10|    10|    1|      1|     22|
#---------+-------+------+-----+-------+-------+
#
#    number of process antenna violations = 461
#cpu time = 00:00:01, elapsed time = 00:00:01, memory = 2919.53 (MB), peak = 3150.10 (MB)
#start 12th optimization iteration ...
#   number of violations = 22
#
#  By Layer and Type:
#
#---------+-------+------+-------+-------+
#  -      | MetSpc| Short| CShort| Totals|
#---------+-------+------+-------+-------+
#  met1   |      0|     0|      0|      0|
#  met2   |      0|     0|      0|      0|
#  met3   |      6|     0|      0|      6|
#  met4   |      3|     9|      1|     13|
#  met5   |      2|     1|      0|      3|
#  Totals |     11|    10|      1|     22|
#---------+-------+------+-------+-------+
#
#    number of process antenna violations = 461
#cpu time = 00:00:02, elapsed time = 00:00:02, memory = 2917.77 (MB), peak = 3150.10 (MB)
#start 13th optimization iteration ...
#   number of violations = 21
#
#  By Layer and Type:
#
#---------+-------+------+-------+-------+
#  -      | MetSpc| Short| CShort| Totals|
#---------+-------+------+-------+-------+
#  met1   |      0|     0|      0|      0|
#  met2   |      0|     0|      0|      0|
#  met3   |      6|     0|      0|      6|
#  met4   |      2|     9|      1|     12|
#  met5   |      2|     1|      0|      3|
#  Totals |     10|    10|      1|     21|
#---------+-------+------+-------+-------+
#
#    number of process antenna violations = 461
#cpu time = 00:00:01, elapsed time = 00:00:01, memory = 2918.34 (MB), peak = 3150.10 (MB)
#start 14th optimization iteration ...
#   number of violations = 23
#
#  By Layer and Type:
#
#---------+-------+------+-----+-------+-------+
#  -      | MetSpc| Short| Loop| CShort| Totals|
#---------+-------+------+-----+-------+-------+
#  met1   |      0|     0|    0|      0|      0|
#  met2   |      0|     0|    0|      0|      0|
#  met3   |      6|     0|    0|      0|      6|
#  met4   |      3|     9|    1|      1|     14|
#  met5   |      2|     1|    0|      0|      3|
#  Totals |     11|    10|    1|      1|     23|
#---------+-------+------+-----+-------+-------+
#
#    number of process antenna violations = 461
#cpu time = 00:00:01, elapsed time = 00:00:01, memory = 2920.15 (MB), peak = 3150.10 (MB)
#start 15th optimization iteration ...
#   number of violations = 23
#
#  By Layer and Type:
#
#---------+-------+------+-----+-------+-------+
#  -      | MetSpc| Short| Loop| CShort| Totals|
#---------+-------+------+-----+-------+-------+
#  met1   |      0|     0|    0|      0|      0|
#  met2   |      0|     0|    0|      0|      0|
#  met3   |      6|     0|    0|      0|      6|
#  met4   |      3|     9|    1|      1|     14|
#  met5   |      2|     1|    0|      0|      3|
#  Totals |     11|    10|    1|      1|     23|
#---------+-------+------+-----+-------+-------+
#
#    number of process antenna violations = 461
#cpu time = 00:00:01, elapsed time = 00:00:01, memory = 2918.70 (MB), peak = 3150.10 (MB)
#start 16th optimization iteration ...
#   number of violations = 22
#
#  By Layer and Type:
#
#---------+-------+------+-----+-------+-------+
#  -      | MetSpc| Short| Loop| CShort| Totals|
#---------+-------+------+-----+-------+-------+
#  met1   |      0|     0|    0|      0|      0|
#  met2   |      0|     0|    0|      0|      0|
#  met3   |      6|     0|    0|      0|      6|
#  met4   |      2|     9|    1|      1|     13|
#  met5   |      2|     1|    0|      0|      3|
#  Totals |     10|    10|    1|      1|     22|
#---------+-------+------+-----+-------+-------+
#
#    number of process antenna violations = 461
#cpu time = 00:00:01, elapsed time = 00:00:01, memory = 2918.14 (MB), peak = 3150.10 (MB)
#start 17th optimization iteration ...
#   number of violations = 22
#
#  By Layer and Type:
#
#---------+-------+------+-----+-------+-------+
#  -      | MetSpc| Short| Loop| CShort| Totals|
#---------+-------+------+-----+-------+-------+
#  met1   |      0|     0|    0|      0|      0|
#  met2   |      0|     0|    0|      0|      0|
#  met3   |      6|     0|    0|      0|      6|
#  met4   |      2|     9|    1|      1|     13|
#  met5   |      2|     1|    0|      0|      3|
#  Totals |     10|    10|    1|      1|     22|
#---------+-------+------+-----+-------+-------+
#
#    number of process antenna violations = 461
#cpu time = 00:00:01, elapsed time = 00:00:01, memory = 2918.68 (MB), peak = 3150.10 (MB)
#start 18th optimization iteration ...
#   number of violations = 22
#
#  By Layer and Type:
#
#---------+-------+------+-------+-------+
#  -      | MetSpc| Short| CShort| Totals|
#---------+-------+------+-------+-------+
#  met1   |      0|     0|      0|      0|
#  met2   |      0|     0|      0|      0|
#  met3   |      6|     0|      0|      6|
#  met4   |      3|     9|      1|     13|
#  met5   |      2|     1|      0|      3|
#  Totals |     11|    10|      1|     22|
#---------+-------+------+-------+-------+
#
#    number of process antenna violations = 461
#cpu time = 00:00:02, elapsed time = 00:00:02, memory = 2917.57 (MB), peak = 3150.10 (MB)
#start 19th optimization iteration ...
#   number of violations = 21
#
#  By Layer and Type:
#
#---------+-------+------+-------+-------+
#  -      | MetSpc| Short| CShort| Totals|
#---------+-------+------+-------+-------+
#  met1   |      0|     0|      0|      0|
#  met2   |      0|     0|      0|      0|
#  met3   |      6|     0|      0|      6|
#  met4   |      2|     9|      1|     12|
#  met5   |      2|     1|      0|      3|
#  Totals |     10|    10|      1|     21|
#---------+-------+------+-------+-------+
#
#    number of process antenna violations = 461
#cpu time = 00:00:01, elapsed time = 00:00:01, memory = 2918.52 (MB), peak = 3150.10 (MB)
#start 20th optimization iteration ...
#   number of violations = 22
#
#  By Layer and Type:
#
#---------+-------+------+-------+-------+
#  -      | MetSpc| Short| CShort| Totals|
#---------+-------+------+-------+-------+
#  met1   |      0|     0|      0|      0|
#  met2   |      0|     0|      0|      0|
#  met3   |      6|     0|      0|      6|
#  met4   |      3|     9|      1|     13|
#  met5   |      2|     1|      0|      3|
#  Totals |     11|    10|      1|     22|
#---------+-------+------+-------+-------+
#
#    number of process antenna violations = 461
#cpu time = 00:00:01, elapsed time = 00:00:01, memory = 2919.17 (MB), peak = 3150.10 (MB)
#start 21th optimization iteration ...
#   number of violations = 22
#
#  By Layer and Type:
#
#---------+-------+------+-----+-------+-------+
#  -      | MetSpc| Short| Loop| CShort| Totals|
#---------+-------+------+-----+-------+-------+
#  met1   |      0|     0|    0|      0|      0|
#  met2   |      0|     0|    0|      0|      0|
#  met3   |      6|     0|    0|      0|      6|
#  met4   |      2|     9|    1|      1|     13|
#  met5   |      2|     1|    0|      0|      3|
#  Totals |     10|    10|    1|      1|     22|
#---------+-------+------+-----+-------+-------+
#
#    number of process antenna violations = 461
#cpu time = 00:00:01, elapsed time = 00:00:01, memory = 2919.83 (MB), peak = 3150.10 (MB)
#start 22th optimization iteration ...
#   number of violations = 22
#
#  By Layer and Type:
#
#---------+-------+------+-----+-------+-------+
#  -      | MetSpc| Short| Loop| CShort| Totals|
#---------+-------+------+-----+-------+-------+
#  met1   |      0|     0|    0|      0|      0|
#  met2   |      0|     0|    0|      0|      0|
#  met3   |      6|     0|    0|      0|      6|
#  met4   |      2|     9|    1|      1|     13|
#  met5   |      2|     1|    0|      0|      3|
#  Totals |     10|    10|    1|      1|     22|
#---------+-------+------+-----+-------+-------+
#
#    number of process antenna violations = 461
#cpu time = 00:00:01, elapsed time = 00:00:01, memory = 2918.27 (MB), peak = 3150.10 (MB)
#start 23th optimization iteration ...
#   number of violations = 23
#
#  By Layer and Type:
#
#---------+-------+------+-----+-------+-------+
#  -      | MetSpc| Short| Loop| CShort| Totals|
#---------+-------+------+-----+-------+-------+
#  met1   |      0|     0|    0|      0|      0|
#  met2   |      0|     0|    0|      0|      0|
#  met3   |      6|     0|    0|      0|      6|
#  met4   |      3|     9|    1|      1|     14|
#  met5   |      2|     1|    0|      0|      3|
#  Totals |     11|    10|    1|      1|     23|
#---------+-------+------+-----+-------+-------+
#
#    number of process antenna violations = 461
#cpu time = 00:00:01, elapsed time = 00:00:01, memory = 2918.91 (MB), peak = 3150.10 (MB)
#start 24th optimization iteration ...
#   number of violations = 23
#
#  By Layer and Type:
#
#---------+-------+------+-----+-------+-------+
#  -      | MetSpc| Short| Loop| CShort| Totals|
#---------+-------+------+-----+-------+-------+
#  met1   |      0|     0|    0|      0|      0|
#  met2   |      0|     0|    0|      0|      0|
#  met3   |      6|     0|    0|      0|      6|
#  met4   |      3|     9|    1|      1|     14|
#  met5   |      2|     1|    0|      0|      3|
#  Totals |     11|    10|    1|      1|     23|
#---------+-------+------+-----+-------+-------+
#
#    number of process antenna violations = 461
#cpu time = 00:00:02, elapsed time = 00:00:02, memory = 2917.47 (MB), peak = 3150.10 (MB)
#start 25th optimization iteration ...
#   number of violations = 23
#
#  By Layer and Type:
#
#---------+-------+------+-----+-------+-------+
#  -      | MetSpc| Short| Loop| CShort| Totals|
#---------+-------+------+-----+-------+-------+
#  met1   |      0|     0|    0|      0|      0|
#  met2   |      0|     0|    0|      0|      0|
#  met3   |      6|     0|    0|      0|      6|
#  met4   |      3|     9|    1|      1|     14|
#  met5   |      2|     1|    0|      0|      3|
#  Totals |     11|    10|    1|      1|     23|
#---------+-------+------+-----+-------+-------+
#
#    number of process antenna violations = 461
#cpu time = 00:00:01, elapsed time = 00:00:01, memory = 2918.82 (MB), peak = 3150.10 (MB)
#start 26th optimization iteration ...
#   number of violations = 23
#
#  By Layer and Type:
#
#---------+-------+------+-----+-------+-------+
#  -      | MetSpc| Short| Loop| CShort| Totals|
#---------+-------+------+-----+-------+-------+
#  met1   |      0|     0|    0|      0|      0|
#  met2   |      0|     0|    0|      0|      0|
#  met3   |      6|     0|    0|      0|      6|
#  met4   |      3|     9|    1|      1|     14|
#  met5   |      2|     1|    0|      0|      3|
#  Totals |     11|    10|    1|      1|     23|
#---------+-------+------+-----+-------+-------+
#
#    number of process antenna violations = 461
#cpu time = 00:00:01, elapsed time = 00:00:01, memory = 2918.29 (MB), peak = 3150.10 (MB)
#start 27th optimization iteration ...
#   number of violations = 23
#
#  By Layer and Type:
#
#---------+-------+------+-----+-------+-------+
#  -      | MetSpc| Short| Loop| CShort| Totals|
#---------+-------+------+-----+-------+-------+
#  met1   |      0|     0|    0|      0|      0|
#  met2   |      0|     0|    0|      0|      0|
#  met3   |      6|     0|    0|      0|      6|
#  met4   |      3|     9|    1|      1|     14|
#  met5   |      2|     1|    0|      0|      3|
#  Totals |     11|    10|    1|      1|     23|
#---------+-------+------+-----+-------+-------+
#
#    number of process antenna violations = 461
#cpu time = 00:00:01, elapsed time = 00:00:01, memory = 2917.52 (MB), peak = 3150.10 (MB)
#start 28th optimization iteration ...
#   number of violations = 22
#
#  By Layer and Type:
#
#---------+-------+------+-----+-------+-------+
#  -      | MetSpc| Short| Loop| CShort| Totals|
#---------+-------+------+-----+-------+-------+
#  met1   |      0|     0|    0|      0|      0|
#  met2   |      0|     0|    0|      0|      0|
#  met3   |      6|     0|    0|      0|      6|
#  met4   |      2|     9|    1|      1|     13|
#  met5   |      2|     1|    0|      0|      3|
#  Totals |     10|    10|    1|      1|     22|
#---------+-------+------+-----+-------+-------+
#
#    number of process antenna violations = 461
#cpu time = 00:00:01, elapsed time = 00:00:01, memory = 2917.63 (MB), peak = 3150.10 (MB)
#start 29th optimization iteration ...
#   number of violations = 23
#
#  By Layer and Type:
#
#---------+-------+------+-----+-------+-------+
#  -      | MetSpc| Short| Loop| CShort| Totals|
#---------+-------+------+-----+-------+-------+
#  met1   |      0|     0|    0|      0|      0|
#  met2   |      0|     0|    0|      0|      0|
#  met3   |      6|     0|    0|      0|      6|
#  met4   |      3|     9|    1|      1|     14|
#  met5   |      2|     1|    0|      0|      3|
#  Totals |     11|    10|    1|      1|     23|
#---------+-------+------+-----+-------+-------+
#
#    number of process antenna violations = 461
#cpu time = 00:00:01, elapsed time = 00:00:01, memory = 2918.13 (MB), peak = 3150.10 (MB)
#start 30th optimization iteration ...
#   number of violations = 23
#
#  By Layer and Type:
#
#---------+-------+------+-----+-------+-------+
#  -      | MetSpc| Short| Loop| CShort| Totals|
#---------+-------+------+-----+-------+-------+
#  met1   |      0|     0|    0|      0|      0|
#  met2   |      0|     0|    0|      0|      0|
#  met3   |      6|     0|    0|      0|      6|
#  met4   |      3|     9|    1|      1|     14|
#  met5   |      2|     1|    0|      0|      3|
#  Totals |     11|    10|    1|      1|     23|
#---------+-------+------+-----+-------+-------+
#
#    number of process antenna violations = 461
#cpu time = 00:00:02, elapsed time = 00:00:02, memory = 2917.21 (MB), peak = 3150.10 (MB)
#start 31th optimization iteration ...
#   number of violations = 23
#
#  By Layer and Type:
#
#---------+-------+------+-----+-------+-------+
#  -      | MetSpc| Short| Loop| CShort| Totals|
#---------+-------+------+-----+-------+-------+
#  met1   |      0|     0|    0|      0|      0|
#  met2   |      0|     0|    0|      0|      0|
#  met3   |      6|     0|    0|      0|      6|
#  met4   |      3|     9|    1|      1|     14|
#  met5   |      2|     1|    0|      0|      3|
#  Totals |     11|    10|    1|      1|     23|
#---------+-------+------+-----+-------+-------+
#
#    number of process antenna violations = 461
#cpu time = 00:00:02, elapsed time = 00:00:02, memory = 2918.23 (MB), peak = 3150.10 (MB)
#start 32th optimization iteration ...
#   number of violations = 22
#
#  By Layer and Type:
#
#---------+-------+------+-----+-------+-------+
#  -      | MetSpc| Short| Loop| CShort| Totals|
#---------+-------+------+-----+-------+-------+
#  met1   |      0|     0|    0|      0|      0|
#  met2   |      0|     0|    0|      0|      0|
#  met3   |      6|     0|    0|      0|      6|
#  met4   |      2|     9|    1|      1|     13|
#  met5   |      2|     1|    0|      0|      3|
#  Totals |     10|    10|    1|      1|     22|
#---------+-------+------+-----+-------+-------+
#
#    number of process antenna violations = 461
#cpu time = 00:00:01, elapsed time = 00:00:01, memory = 2917.67 (MB), peak = 3150.10 (MB)
#start 33th optimization iteration ...
#   number of violations = 23
#
#  By Layer and Type:
#
#---------+-------+------+-----+-------+-------+
#  -      | MetSpc| Short| Loop| CShort| Totals|
#---------+-------+------+-----+-------+-------+
#  met1   |      0|     0|    0|      0|      0|
#  met2   |      0|     0|    0|      0|      0|
#  met3   |      6|     0|    0|      0|      6|
#  met4   |      3|     9|    1|      1|     14|
#  met5   |      2|     1|    0|      0|      3|
#  Totals |     11|    10|    1|      1|     23|
#---------+-------+------+-----+-------+-------+
#
#    number of process antenna violations = 461
#cpu time = 00:00:02, elapsed time = 00:00:02, memory = 2917.88 (MB), peak = 3150.10 (MB)
#start 34th optimization iteration ...
#   number of violations = 22
#
#  By Layer and Type:
#
#---------+-------+------+-----+-------+-------+
#  -      | MetSpc| Short| Loop| CShort| Totals|
#---------+-------+------+-----+-------+-------+
#  met1   |      0|     0|    0|      0|      0|
#  met2   |      0|     0|    0|      0|      0|
#  met3   |      6|     0|    0|      0|      6|
#  met4   |      2|     9|    1|      1|     13|
#  met5   |      2|     1|    0|      0|      3|
#  Totals |     10|    10|    1|      1|     22|
#---------+-------+------+-----+-------+-------+
#
#    number of process antenna violations = 461
#cpu time = 00:00:02, elapsed time = 00:00:02, memory = 2917.55 (MB), peak = 3150.10 (MB)
#start 35th optimization iteration ...
#   number of violations = 22
#
#  By Layer and Type:
#
#---------+-------+------+-----+-------+-------+
#  -      | MetSpc| Short| Loop| CShort| Totals|
#---------+-------+------+-----+-------+-------+
#  met1   |      0|     0|    0|      0|      0|
#  met2   |      0|     0|    0|      0|      0|
#  met3   |      6|     0|    0|      0|      6|
#  met4   |      2|     9|    1|      1|     13|
#  met5   |      2|     1|    0|      0|      3|
#  Totals |     10|    10|    1|      1|     22|
#---------+-------+------+-----+-------+-------+
#
#    number of process antenna violations = 461
#cpu time = 00:00:02, elapsed time = 00:00:02, memory = 2917.98 (MB), peak = 3150.10 (MB)
#start 36th optimization iteration ...
#   number of violations = 22
#
#  By Layer and Type:
#
#---------+-------+------+-----+-------+-------+
#  -      | MetSpc| Short| Loop| CShort| Totals|
#---------+-------+------+-----+-------+-------+
#  met1   |      0|     0|    0|      0|      0|
#  met2   |      0|     0|    0|      0|      0|
#  met3   |      6|     0|    0|      0|      6|
#  met4   |      2|     9|    1|      1|     13|
#  met5   |      2|     1|    0|      0|      3|
#  Totals |     10|    10|    1|      1|     22|
#---------+-------+------+-----+-------+-------+
#
#    number of process antenna violations = 461
#cpu time = 00:00:02, elapsed time = 00:00:02, memory = 2916.77 (MB), peak = 3150.10 (MB)
#start 37th optimization iteration ...
#   number of violations = 23
#
#  By Layer and Type:
#
#---------+-------+------+-----+-------+-------+
#  -      | MetSpc| Short| Loop| CShort| Totals|
#---------+-------+------+-----+-------+-------+
#  met1   |      0|     0|    0|      0|      0|
#  met2   |      0|     0|    0|      0|      0|
#  met3   |      5|     0|    0|      0|      5|
#  met4   |      3|    10|    1|      1|     15|
#  met5   |      2|     1|    0|      0|      3|
#  Totals |     10|    11|    1|      1|     23|
#---------+-------+------+-----+-------+-------+
#
#    number of process antenna violations = 461
#cpu time = 00:00:02, elapsed time = 00:00:02, memory = 2917.76 (MB), peak = 3150.10 (MB)
#start 38th optimization iteration ...
#   number of violations = 22
#
#  By Layer and Type:
#
#---------+-------+------+-----+-------+-------+
#  -      | MetSpc| Short| Loop| CShort| Totals|
#---------+-------+------+-----+-------+-------+
#  met1   |      0|     0|    0|      0|      0|
#  met2   |      0|     0|    0|      0|      0|
#  met3   |      6|     0|    0|      0|      6|
#  met4   |      2|     9|    1|      1|     13|
#  met5   |      2|     1|    0|      0|      3|
#  Totals |     10|    10|    1|      1|     22|
#---------+-------+------+-----+-------+-------+
#
#    number of process antenna violations = 461
#cpu time = 00:00:02, elapsed time = 00:00:02, memory = 2917.72 (MB), peak = 3150.10 (MB)
#start 39th optimization iteration ...
#   number of violations = 22
#
#  By Layer and Type:
#
#---------+-------+------+-----+-------+-------+
#  -      | MetSpc| Short| Loop| CShort| Totals|
#---------+-------+------+-----+-------+-------+
#  met1   |      0|     0|    0|      0|      0|
#  met2   |      0|     0|    0|      0|      0|
#  met3   |      6|     0|    0|      0|      6|
#  met4   |      2|     9|    1|      1|     13|
#  met5   |      2|     1|    0|      0|      3|
#  Totals |     10|    10|    1|      1|     22|
#---------+-------+------+-----+-------+-------+
#
#    number of process antenna violations = 461
#cpu time = 00:00:03, elapsed time = 00:00:03, memory = 2916.57 (MB), peak = 3150.10 (MB)
#start 40th optimization iteration ...
#   number of violations = 23
#
#  By Layer and Type:
#
#---------+-------+------+-----+-------+-------+
#  -      | MetSpc| Short| Loop| CShort| Totals|
#---------+-------+------+-----+-------+-------+
#  met1   |      0|     0|    0|      0|      0|
#  met2   |      0|     0|    0|      0|      0|
#  met3   |      6|     0|    0|      0|      6|
#  met4   |      3|     9|    1|      1|     14|
#  met5   |      2|     1|    0|      0|      3|
#  Totals |     11|    10|    1|      1|     23|
#---------+-------+------+-----+-------+-------+
#
#    number of process antenna violations = 461
#cpu time = 00:00:03, elapsed time = 00:00:03, memory = 2917.56 (MB), peak = 3150.10 (MB)
#start 41th optimization iteration ...
#   number of violations = 22
#
#  By Layer and Type:
#
#---------+-------+------+-----+-------+-------+
#  -      | MetSpc| Short| Loop| CShort| Totals|
#---------+-------+------+-----+-------+-------+
#  met1   |      0|     0|    0|      0|      0|
#  met2   |      0|     0|    0|      0|      0|
#  met3   |      6|     0|    0|      0|      6|
#  met4   |      2|     9|    1|      1|     13|
#  met5   |      2|     1|    0|      0|      3|
#  Totals |     10|    10|    1|      1|     22|
#---------+-------+------+-----+-------+-------+
#
#    number of process antenna violations = 461
#cpu time = 00:00:02, elapsed time = 00:00:02, memory = 2918.59 (MB), peak = 3150.10 (MB)
#start 42th optimization iteration ...
#   number of violations = 23
#
#  By Layer and Type:
#
#---------+-------+------+-----+-------+-------+
#  -      | MetSpc| Short| Loop| CShort| Totals|
#---------+-------+------+-----+-------+-------+
#  met1   |      0|     0|    0|      0|      0|
#  met2   |      0|     0|    0|      0|      0|
#  met3   |      6|     0|    0|      0|      6|
#  met4   |      3|     9|    1|      1|     14|
#  met5   |      2|     1|    0|      0|      3|
#  Totals |     11|    10|    1|      1|     23|
#---------+-------+------+-----+-------+-------+
#
#    number of process antenna violations = 461
#cpu time = 00:00:02, elapsed time = 00:00:02, memory = 2917.02 (MB), peak = 3150.10 (MB)
#start 43th optimization iteration ...
#   number of violations = 21
#
#  By Layer and Type:
#
#---------+-------+------+-------+-------+
#  -      | MetSpc| Short| CShort| Totals|
#---------+-------+------+-------+-------+
#  met1   |      0|     0|      0|      0|
#  met2   |      0|     0|      0|      0|
#  met3   |      6|     0|      0|      6|
#  met4   |      2|     9|      1|     12|
#  met5   |      2|     1|      0|      3|
#  Totals |     10|    10|      1|     21|
#---------+-------+------+-------+-------+
#
#    number of process antenna violations = 461
#cpu time = 00:00:02, elapsed time = 00:00:02, memory = 2918.30 (MB), peak = 3150.10 (MB)
#start 44th optimization iteration ...
#   number of violations = 22
#
#  By Layer and Type:
#
#---------+-------+------+-----+-------+-------+
#  -      | MetSpc| Short| Loop| CShort| Totals|
#---------+-------+------+-----+-------+-------+
#  met1   |      0|     0|    0|      0|      0|
#  met2   |      0|     0|    0|      0|      0|
#  met3   |      6|     0|    0|      0|      6|
#  met4   |      2|     9|    1|      1|     13|
#  met5   |      2|     1|    0|      0|      3|
#  Totals |     10|    10|    1|      1|     22|
#---------+-------+------+-----+-------+-------+
#
#    number of process antenna violations = 461
#cpu time = 00:00:01, elapsed time = 00:00:01, memory = 2917.57 (MB), peak = 3150.10 (MB)
#start 45th optimization iteration ...
#   number of violations = 21
#
#  By Layer and Type:
#
#---------+-------+------+-------+-------+
#  -      | MetSpc| Short| CShort| Totals|
#---------+-------+------+-------+-------+
#  met1   |      0|     0|      0|      0|
#  met2   |      0|     0|      0|      0|
#  met3   |      6|     0|      0|      6|
#  met4   |      2|     9|      1|     12|
#  met5   |      2|     1|      0|      3|
#  Totals |     10|    10|      1|     21|
#---------+-------+------+-------+-------+
#
#    number of process antenna violations = 461
#cpu time = 00:00:02, elapsed time = 00:00:02, memory = 2917.69 (MB), peak = 3150.10 (MB)
#start 46th optimization iteration ...
#   number of violations = 21
#
#  By Layer and Type:
#
#---------+-------+------+-------+-------+
#  -      | MetSpc| Short| CShort| Totals|
#---------+-------+------+-------+-------+
#  met1   |      0|     0|      0|      0|
#  met2   |      0|     0|      0|      0|
#  met3   |      6|     0|      0|      6|
#  met4   |      2|     9|      1|     12|
#  met5   |      2|     1|      0|      3|
#  Totals |     10|    10|      1|     21|
#---------+-------+------+-------+-------+
#
#    number of process antenna violations = 461
#cpu time = 00:00:02, elapsed time = 00:00:02, memory = 2917.66 (MB), peak = 3150.10 (MB)
#start 47th optimization iteration ...
#   number of violations = 22
#
#  By Layer and Type:
#
#---------+-------+------+-----+-------+-------+
#  -      | MetSpc| Short| Loop| CShort| Totals|
#---------+-------+------+-----+-------+-------+
#  met1   |      0|     0|    0|      0|      0|
#  met2   |      0|     0|    0|      0|      0|
#  met3   |      6|     0|    0|      0|      6|
#  met4   |      2|     9|    1|      1|     13|
#  met5   |      2|     1|    0|      0|      3|
#  Totals |     10|    10|    1|      1|     22|
#---------+-------+------+-----+-------+-------+
#
#    number of process antenna violations = 461
#cpu time = 00:00:02, elapsed time = 00:00:02, memory = 2917.92 (MB), peak = 3150.10 (MB)
#start 48th optimization iteration ...
#   number of violations = 22
#
#  By Layer and Type:
#
#---------+-------+------+-----+-------+-------+
#  -      | MetSpc| Short| Loop| CShort| Totals|
#---------+-------+------+-----+-------+-------+
#  met1   |      0|     0|    0|      0|      0|
#  met2   |      0|     0|    0|      0|      0|
#  met3   |      6|     0|    0|      0|      6|
#  met4   |      2|     9|    1|      1|     13|
#  met5   |      2|     1|    0|      0|      3|
#  Totals |     10|    10|    1|      1|     22|
#---------+-------+------+-----+-------+-------+
#
#    number of process antenna violations = 461
#cpu time = 00:00:02, elapsed time = 00:00:02, memory = 2916.98 (MB), peak = 3150.10 (MB)
#start 49th optimization iteration ...
#   number of violations = 22
#
#  By Layer and Type:
#
#---------+-------+------+-------+-------+
#  -      | MetSpc| Short| CShort| Totals|
#---------+-------+------+-------+-------+
#  met1   |      0|     0|      0|      0|
#  met2   |      0|     0|      0|      0|
#  met3   |      6|     0|      0|      6|
#  met4   |      3|     9|      1|     13|
#  met5   |      2|     1|      0|      3|
#  Totals |     11|    10|      1|     22|
#---------+-------+------+-------+-------+
#
#    number of process antenna violations = 461
#cpu time = 00:00:02, elapsed time = 00:00:02, memory = 2918.20 (MB), peak = 3150.10 (MB)
#start 50th optimization iteration ...
#   number of violations = 23
#
#  By Layer and Type:
#
#---------+-------+------+-----+-------+-------+
#  -      | MetSpc| Short| Loop| CShort| Totals|
#---------+-------+------+-----+-------+-------+
#  met1   |      0|     0|    0|      0|      0|
#  met2   |      0|     0|    0|      0|      0|
#  met3   |      6|     0|    0|      0|      6|
#  met4   |      3|     9|    1|      1|     14|
#  met5   |      2|     1|    0|      0|      3|
#  Totals |     11|    10|    1|      1|     23|
#---------+-------+------+-----+-------+-------+
#
#    number of process antenna violations = 461
#cpu time = 00:00:01, elapsed time = 00:00:01, memory = 2917.66 (MB), peak = 3150.10 (MB)
#start 51th optimization iteration ...
#   number of violations = 21
#
#  By Layer and Type:
#
#---------+-------+------+-------+-------+
#  -      | MetSpc| Short| CShort| Totals|
#---------+-------+------+-------+-------+
#  met1   |      0|     0|      0|      0|
#  met2   |      0|     0|      0|      0|
#  met3   |      6|     0|      0|      6|
#  met4   |      2|     9|      1|     12|
#  met5   |      2|     1|      0|      3|
#  Totals |     10|    10|      1|     21|
#---------+-------+------+-------+-------+
#
#    number of process antenna violations = 461
#cpu time = 00:00:01, elapsed time = 00:00:01, memory = 2917.48 (MB), peak = 3150.10 (MB)
#start 52th optimization iteration ...
#   number of violations = 23
#
#  By Layer and Type:
#
#---------+-------+------+-----+-------+-------+
#  -      | MetSpc| Short| Loop| CShort| Totals|
#---------+-------+------+-----+-------+-------+
#  met1   |      0|     0|    0|      0|      0|
#  met2   |      0|     0|    0|      0|      0|
#  met3   |      6|     0|    0|      0|      6|
#  met4   |      3|     9|    1|      1|     14|
#  met5   |      2|     1|    0|      0|      3|
#  Totals |     11|    10|    1|      1|     23|
#---------+-------+------+-----+-------+-------+
#
#    number of process antenna violations = 461
#cpu time = 00:00:01, elapsed time = 00:00:01, memory = 2917.62 (MB), peak = 3150.10 (MB)
#start 53th optimization iteration ...
#   number of violations = 22
#
#  By Layer and Type:
#
#---------+-------+------+-----+-------+-------+
#  -      | MetSpc| Short| Loop| CShort| Totals|
#---------+-------+------+-----+-------+-------+
#  met1   |      0|     0|    0|      0|      0|
#  met2   |      0|     0|    0|      0|      0|
#  met3   |      6|     0|    0|      0|      6|
#  met4   |      2|     9|    1|      1|     13|
#  met5   |      2|     1|    0|      0|      3|
#  Totals |     10|    10|    1|      1|     22|
#---------+-------+------+-----+-------+-------+
#
#    number of process antenna violations = 461
#cpu time = 00:00:02, elapsed time = 00:00:02, memory = 2917.94 (MB), peak = 3150.10 (MB)
#start 54th optimization iteration ...
#   number of violations = 23
#
#  By Layer and Type:
#
#---------+-------+------+-----+-------+-------+
#  -      | MetSpc| Short| Loop| CShort| Totals|
#---------+-------+------+-----+-------+-------+
#  met1   |      0|     0|    0|      0|      0|
#  met2   |      0|     0|    0|      0|      0|
#  met3   |      6|     0|    0|      0|      6|
#  met4   |      3|     9|    1|      1|     14|
#  met5   |      2|     1|    0|      0|      3|
#  Totals |     11|    10|    1|      1|     23|
#---------+-------+------+-----+-------+-------+
#
#    number of process antenna violations = 461
#cpu time = 00:00:02, elapsed time = 00:00:02, memory = 2916.81 (MB), peak = 3150.10 (MB)
#start 55th optimization iteration ...
#   number of violations = 21
#
#  By Layer and Type:
#
#---------+-------+------+-------+-------+
#  -      | MetSpc| Short| CShort| Totals|
#---------+-------+------+-------+-------+
#  met1   |      0|     0|      0|      0|
#  met2   |      0|     0|      0|      0|
#  met3   |      6|     0|      0|      6|
#  met4   |      2|     9|      1|     12|
#  met5   |      2|     1|      0|      3|
#  Totals |     10|    10|      1|     21|
#---------+-------+------+-------+-------+
#
#    number of process antenna violations = 461
#cpu time = 00:00:01, elapsed time = 00:00:01, memory = 2918.22 (MB), peak = 3150.10 (MB)
#start 56th optimization iteration ...
#   number of violations = 22
#
#  By Layer and Type:
#
#---------+-------+------+-----+-------+-------+
#  -      | MetSpc| Short| Loop| CShort| Totals|
#---------+-------+------+-----+-------+-------+
#  met1   |      0|     0|    0|      0|      0|
#  met2   |      0|     0|    0|      0|      0|
#  met3   |      6|     0|    0|      0|      6|
#  met4   |      2|     9|    1|      1|     13|
#  met5   |      2|     1|    0|      0|      3|
#  Totals |     10|    10|    1|      1|     22|
#---------+-------+------+-----+-------+-------+
#
#    number of process antenna violations = 461
#cpu time = 00:00:01, elapsed time = 00:00:01, memory = 2917.66 (MB), peak = 3150.10 (MB)
#start 57th optimization iteration ...
#   number of violations = 22
#
#  By Layer and Type:
#
#---------+-------+------+-------+-------+
#  -      | MetSpc| Short| CShort| Totals|
#---------+-------+------+-------+-------+
#  met1   |      0|     0|      0|      0|
#  met2   |      0|     0|      0|      0|
#  met3   |      6|     0|      0|      6|
#  met4   |      3|     9|      1|     13|
#  met5   |      2|     1|      0|      3|
#  Totals |     11|    10|      1|     22|
#---------+-------+------+-------+-------+
#
#    number of process antenna violations = 461
#cpu time = 00:00:01, elapsed time = 00:00:01, memory = 2917.48 (MB), peak = 3150.10 (MB)
#start 58th optimization iteration ...
#   number of violations = 22
#
#  By Layer and Type:
#
#---------+-------+------+-----+-------+-------+
#  -      | MetSpc| Short| Loop| CShort| Totals|
#---------+-------+------+-----+-------+-------+
#  met1   |      0|     0|    0|      0|      0|
#  met2   |      0|     0|    0|      0|      0|
#  met3   |      6|     0|    0|      0|      6|
#  met4   |      2|     9|    1|      1|     13|
#  met5   |      2|     1|    0|      0|      3|
#  Totals |     10|    10|    1|      1|     22|
#---------+-------+------+-----+-------+-------+
#
#    number of process antenna violations = 461
#cpu time = 00:00:02, elapsed time = 00:00:01, memory = 2917.62 (MB), peak = 3150.10 (MB)
#start 59th optimization iteration ...
#   number of violations = 23
#
#  By Layer and Type:
#
#---------+-------+------+-----+-------+-------+
#  -      | MetSpc| Short| Loop| CShort| Totals|
#---------+-------+------+-----+-------+-------+
#  met1   |      0|     0|    0|      0|      0|
#  met2   |      0|     0|    0|      0|      0|
#  met3   |      6|     0|    0|      0|      6|
#  met4   |      3|     9|    1|      1|     14|
#  met5   |      2|     1|    0|      0|      3|
#  Totals |     11|    10|    1|      1|     23|
#---------+-------+------+-----+-------+-------+
#
#    number of process antenna violations = 461
#cpu time = 00:00:02, elapsed time = 00:00:02, memory = 2918.05 (MB), peak = 3150.10 (MB)
#start 60th optimization iteration ...
#   number of violations = 22
#
#  By Layer and Type:
#
#---------+-------+------+-----+-------+-------+
#  -      | MetSpc| Short| Loop| CShort| Totals|
#---------+-------+------+-----+-------+-------+
#  met1   |      0|     0|    0|      0|      0|
#  met2   |      0|     0|    0|      0|      0|
#  met3   |      6|     0|    0|      0|      6|
#  met4   |      2|     9|    1|      1|     13|
#  met5   |      2|     1|    0|      0|      3|
#  Totals |     10|    10|    1|      1|     22|
#---------+-------+------+-----+-------+-------+
#
#    number of process antenna violations = 461
#cpu time = 00:00:02, elapsed time = 00:00:02, memory = 2916.80 (MB), peak = 3150.10 (MB)
#start 61th optimization iteration ...
#   number of violations = 21
#
#  By Layer and Type:
#
#---------+-------+------+-------+-------+
#  -      | MetSpc| Short| CShort| Totals|
#---------+-------+------+-------+-------+
#  met1   |      0|     0|      0|      0|
#  met2   |      0|     0|      0|      0|
#  met3   |      6|     0|      0|      6|
#  met4   |      2|     9|      1|     12|
#  met5   |      2|     1|      0|      3|
#  Totals |     10|    10|      1|     21|
#---------+-------+------+-------+-------+
#
#    number of process antenna violations = 461
#cpu time = 00:00:02, elapsed time = 00:00:02, memory = 2917.98 (MB), peak = 3150.10 (MB)
#start 62th optimization iteration ...
#   number of violations = 23
#
#  By Layer and Type:
#
#---------+-------+------+-----+-------+-------+
#  -      | MetSpc| Short| Loop| CShort| Totals|
#---------+-------+------+-----+-------+-------+
#  met1   |      0|     0|    0|      0|      0|
#  met2   |      0|     0|    0|      0|      0|
#  met3   |      6|     0|    0|      0|      6|
#  met4   |      3|     9|    1|      1|     14|
#  met5   |      2|     1|    0|      0|      3|
#  Totals |     11|    10|    1|      1|     23|
#---------+-------+------+-----+-------+-------+
#
#    number of process antenna violations = 461
#cpu time = 00:00:01, elapsed time = 00:00:01, memory = 2917.43 (MB), peak = 3150.10 (MB)
#start 63th optimization iteration ...
#   number of violations = 21
#
#  By Layer and Type:
#
#---------+-------+------+-------+-------+
#  -      | MetSpc| Short| CShort| Totals|
#---------+-------+------+-------+-------+
#  met1   |      0|     0|      0|      0|
#  met2   |      0|     0|      0|      0|
#  met3   |      6|     0|      0|      6|
#  met4   |      2|     9|      1|     12|
#  met5   |      2|     1|      0|      3|
#  Totals |     10|    10|      1|     21|
#---------+-------+------+-------+-------+
#
#    number of process antenna violations = 461
#cpu time = 00:00:01, elapsed time = 00:00:01, memory = 2917.48 (MB), peak = 3150.10 (MB)
#start 64th optimization iteration ...
#   number of violations = 23
#
#  By Layer and Type:
#
#---------+-------+------+-----+-------+-------+
#  -      | MetSpc| Short| Loop| CShort| Totals|
#---------+-------+------+-----+-------+-------+
#  met1   |      0|     0|    0|      0|      0|
#  met2   |      0|     0|    0|      0|      0|
#  met3   |      6|     0|    0|      0|      6|
#  met4   |      3|     9|    1|      1|     14|
#  met5   |      2|     1|    0|      0|      3|
#  Totals |     11|    10|    1|      1|     23|
#---------+-------+------+-----+-------+-------+
#
#    number of process antenna violations = 461
#cpu time = 00:00:01, elapsed time = 00:00:01, memory = 2917.62 (MB), peak = 3150.10 (MB)
#start 65th optimization iteration ...
#   number of violations = 21
#
#  By Layer and Type:
#
#---------+-------+------+-------+-------+
#  -      | MetSpc| Short| CShort| Totals|
#---------+-------+------+-------+-------+
#  met1   |      0|     0|      0|      0|
#  met2   |      0|     0|      0|      0|
#  met3   |      6|     0|      0|      6|
#  met4   |      2|     9|      1|     12|
#  met5   |      2|     1|      0|      3|
#  Totals |     10|    10|      1|     21|
#---------+-------+------+-------+-------+
#
#    number of process antenna violations = 461
#cpu time = 00:00:02, elapsed time = 00:00:02, memory = 2918.16 (MB), peak = 3150.10 (MB)
#start 66th optimization iteration ...
#   number of violations = 22
#
#  By Layer and Type:
#
#---------+-------+------+-----+-------+-------+
#  -      | MetSpc| Short| Loop| CShort| Totals|
#---------+-------+------+-----+-------+-------+
#  met1   |      0|     0|    0|      0|      0|
#  met2   |      0|     0|    0|      0|      0|
#  met3   |      6|     0|    0|      0|      6|
#  met4   |      2|     9|    1|      1|     13|
#  met5   |      2|     1|    0|      0|      3|
#  Totals |     10|    10|    1|      1|     22|
#---------+-------+------+-----+-------+-------+
#
#    number of process antenna violations = 461
#cpu time = 00:00:02, elapsed time = 00:00:02, memory = 2916.98 (MB), peak = 3150.10 (MB)
#start 67th optimization iteration ...
#   number of violations = 22
#
#  By Layer and Type:
#
#---------+-------+------+-------+-------+
#  -      | MetSpc| Short| CShort| Totals|
#---------+-------+------+-------+-------+
#  met1   |      0|     0|      0|      0|
#  met2   |      0|     0|      0|      0|
#  met3   |      6|     0|      0|      6|
#  met4   |      3|     9|      1|     13|
#  met5   |      2|     1|      0|      3|
#  Totals |     11|    10|      1|     22|
#---------+-------+------+-------+-------+
#
#    number of process antenna violations = 461
#cpu time = 00:00:02, elapsed time = 00:00:02, memory = 2918.04 (MB), peak = 3150.10 (MB)
#start 68th optimization iteration ...
#   number of violations = 23
#
#  By Layer and Type:
#
#---------+-------+------+-----+-------+-------+
#  -      | MetSpc| Short| Loop| CShort| Totals|
#---------+-------+------+-----+-------+-------+
#  met1   |      0|     0|    0|      0|      0|
#  met2   |      0|     0|    0|      0|      0|
#  met3   |      6|     0|    0|      0|      6|
#  met4   |      3|     9|    1|      1|     14|
#  met5   |      2|     1|    0|      0|      3|
#  Totals |     11|    10|    1|      1|     23|
#---------+-------+------+-----+-------+-------+
#
#    number of process antenna violations = 461
#cpu time = 00:00:01, elapsed time = 00:00:01, memory = 2917.57 (MB), peak = 3150.10 (MB)
#start 69th optimization iteration ...
#   number of violations = 21
#
#  By Layer and Type:
#
#---------+-------+------+-------+-------+
#  -      | MetSpc| Short| CShort| Totals|
#---------+-------+------+-------+-------+
#  met1   |      0|     0|      0|      0|
#  met2   |      0|     0|      0|      0|
#  met3   |      6|     0|      0|      6|
#  met4   |      2|     9|      1|     12|
#  met5   |      2|     1|      0|      3|
#  Totals |     10|    10|      1|     21|
#---------+-------+------+-------+-------+
#
#    number of process antenna violations = 461
#cpu time = 00:00:01, elapsed time = 00:00:01, memory = 2917.48 (MB), peak = 3150.10 (MB)
#start 70th optimization iteration ...
#   number of violations = 22
#
#  By Layer and Type:
#
#---------+-------+------+-----+-------+-------+
#  -      | MetSpc| Short| Loop| CShort| Totals|
#---------+-------+------+-----+-------+-------+
#  met1   |      0|     0|    0|      0|      0|
#  met2   |      0|     0|    0|      0|      0|
#  met3   |      6|     0|    0|      0|      6|
#  met4   |      2|     9|    1|      1|     13|
#  met5   |      2|     1|    0|      0|      3|
#  Totals |     10|    10|    1|      1|     22|
#---------+-------+------+-----+-------+-------+
#
#    number of process antenna violations = 461
#cpu time = 00:00:01, elapsed time = 00:00:01, memory = 2917.62 (MB), peak = 3150.10 (MB)
#start 71th optimization iteration ...
#   number of violations = 22
#
#  By Layer and Type:
#
#---------+-------+------+-------+-------+
#  -      | MetSpc| Short| CShort| Totals|
#---------+-------+------+-------+-------+
#  met1   |      0|     0|      0|      0|
#  met2   |      0|     0|      0|      0|
#  met3   |      6|     0|      0|      6|
#  met4   |      3|     9|      1|     13|
#  met5   |      2|     1|      0|      3|
#  Totals |     11|    10|      1|     22|
#---------+-------+------+-------+-------+
#
#    number of process antenna violations = 461
#cpu time = 00:00:02, elapsed time = 00:00:02, memory = 2918.14 (MB), peak = 3150.10 (MB)
#start 72th optimization iteration ...
#   number of violations = 23
#
#  By Layer and Type:
#
#---------+-------+------+-----+-------+-------+
#  -      | MetSpc| Short| Loop| CShort| Totals|
#---------+-------+------+-----+-------+-------+
#  met1   |      0|     0|    0|      0|      0|
#  met2   |      0|     0|    0|      0|      0|
#  met3   |      6|     0|    0|      0|      6|
#  met4   |      3|     9|    1|      1|     14|
#  met5   |      2|     1|    0|      0|      3|
#  Totals |     11|    10|    1|      1|     23|
#---------+-------+------+-----+-------+-------+
#
#    number of process antenna violations = 461
#cpu time = 00:00:02, elapsed time = 00:00:02, memory = 2919.32 (MB), peak = 3150.10 (MB)
#start 73th optimization iteration ...
#   number of violations = 23
#
#  By Layer and Type:
#
#---------+-------+------+-----+-------+-------+
#  -      | MetSpc| Short| Loop| CShort| Totals|
#---------+-------+------+-----+-------+-------+
#  met1   |      0|     0|    0|      0|      0|
#  met2   |      0|     0|    0|      0|      0|
#  met3   |      6|     0|    0|      0|      6|
#  met4   |      3|     9|    1|      1|     14|
#  met5   |      2|     1|    0|      0|      3|
#  Totals |     11|    10|    1|      1|     23|
#---------+-------+------+-----+-------+-------+
#
#    number of process antenna violations = 461
#cpu time = 00:00:01, elapsed time = 00:00:01, memory = 2918.34 (MB), peak = 3150.10 (MB)
#start 74th optimization iteration ...
#   number of violations = 23
#
#  By Layer and Type:
#
#---------+-------+------+-----+-------+-------+
#  -      | MetSpc| Short| Loop| CShort| Totals|
#---------+-------+------+-----+-------+-------+
#  met1   |      0|     0|    0|      0|      0|
#  met2   |      0|     0|    0|      0|      0|
#  met3   |      6|     0|    0|      0|      6|
#  met4   |      3|     9|    1|      1|     14|
#  met5   |      2|     1|    0|      0|      3|
#  Totals |     11|    10|    1|      1|     23|
#---------+-------+------+-----+-------+-------+
#
#    number of process antenna violations = 461
#cpu time = 00:00:01, elapsed time = 00:00:01, memory = 2917.72 (MB), peak = 3150.10 (MB)
#Complete Detail Routing.
#Total number of nets with non-default rule or having extra spacing = 44
#
#  Routing Statistics
#
#-------------+-----------+------+
#  Layer      | Length(um)|  Vias|
#-------------+-----------+------+
#  poly ( 0H) |          0|     0|
#  met1 ( 1H) |      66148| 31374|
#  met2 ( 2V) |     179599| 14219|
#  met3 ( 3H) |     177213|  5997|
#  met4 ( 4V) |     117194|   799|
#  met5 ( 5H) |      38335|     0|
#-------------+-----------+------+
#  Total      |     578488| 52389|
#-------------+-----------+------+
#
# Total half perimeter of net bounding box: 437401 um.
#Total number of DRC violations = 23
#Cpu time = 00:03:39
#Elapsed time = 00:03:39
#Increased memory = 32.50 (MB)
#Total memory = 2917.00 (MB)
#Peak memory = 3150.10 (MB)
#
#start routing for process antenna violation fix ...
#- start antenna fix number of process antenna vio = 163.
#- start antenna fix number of net violated process antenna rule = 135.
#
#  By Layer and Type:
#
#---------+-------+------+-----+-------+-------+
#  -      | MetSpc| Short| Loop| CShort| Totals|
#---------+-------+------+-----+-------+-------+
#  met1   |      0|     0|    0|      0|      0|
#  met2   |      0|     0|    0|      0|      0|
#  met3   |      6|     0|    0|      0|      6|
#  met4   |      3|     9|    1|      1|     14|
#  met5   |      2|     1|    0|      0|      3|
#  Totals |     11|    10|    1|      1|     23|
#---------+-------+------+-----+-------+-------+
#
#cpu time = 00:00:04, elapsed time = 00:00:05, memory = 2922.46 (MB), peak = 3150.10 (MB)
#
#Total number of nets with non-default rule or having extra spacing = 44
#
#  Routing Statistics
#
#-------------+-----------+------+
#  Layer      | Length(um)|  Vias|
#-------------+-----------+------+
#  poly ( 0H) |          0|     0|
#  met1 ( 1H) |      66148| 31374|
#  met2 ( 2V) |     179468| 14258|
#  met3 ( 3H) |     177017|  6521|
#  met4 ( 4V) |     117781|   923|
#  met5 ( 5H) |      38684|     0|
#-------------+-----------+------+
#  Total      |     579098| 53076|
#-------------+-----------+------+
#
# Total half perimeter of net bounding box: 437401 um.
#Total number of DRC violations = 23
#Total number of process antenna violations = 23
#Total number of net violated process antenna rule = 21
#
#
#start delete and reroute for process antenna violation fix ...
#- start antenna fix number of process antenna vio = 9.
#- start antenna fix number of net violated process antenna rule = 8.
#- start antenna fix number of process antenna vio = 2.
#- start antenna fix number of net violated process antenna rule = 1.
#- start antenna fix number of process antenna vio = 1.
#- start antenna fix number of net violated process antenna rule = 1.
#- start antenna fix number of process antenna vio = 2.
#- start antenna fix number of net violated process antenna rule = 1.
#cpu time = 00:00:29, elapsed time = 00:00:30, memory = 2919.81 (MB), peak = 3214.77 (MB)
#Total number of nets with non-default rule or having extra spacing = 44
#
#  Routing Statistics
#
#-------------+-----------+------+
#  Layer      | Length(um)|  Vias|
#-------------+-----------+------+
#  poly ( 0H) |          0|     0|
#  met1 ( 1H) |      70050| 31618|
#  met2 ( 2V) |     182167| 14405|
#  met3 ( 3H) |     177404|  6526|
#  met4 ( 4V) |     116149|   851|
#  met5 ( 5H) |      33790|     0|
#-------------+-----------+------+
#  Total      |     579561| 53400|
#-------------+-----------+------+
#
# Total half perimeter of net bounding box: 437401 um.
#Total number of DRC violations = 23
#Total number of process antenna violations = 1
#Total number of net violated process antenna rule = 1
#
#
#Total number of nets with non-default rule or having extra spacing = 44
#
#  Routing Statistics
#
#-------------+-----------+------+
#  Layer      | Length(um)|  Vias|
#-------------+-----------+------+
#  poly ( 0H) |          0|     0|
#  met1 ( 1H) |      70050| 31618|
#  met2 ( 2V) |     182167| 14405|
#  met3 ( 3H) |     177404|  6526|
#  met4 ( 4V) |     116149|   851|
#  met5 ( 5H) |      33790|     0|
#-------------+-----------+------+
#  Total      |     579561| 53400|
#-------------+-----------+------+
#
# Total half perimeter of net bounding box: 437401 um.
#Total number of DRC violations = 23
#Total number of process antenna violations = 1
#Total number of net violated process antenna rule = 1
#
#
#Start Post Route via swapping...
#57.32% of area are rerouted by ECO routing.
#   number of violations = 23
#
#  By Layer and Type:
#
#---------+-------+------+-----+-------+-------+
#  -      | MetSpc| Short| Loop| CShort| Totals|
#---------+-------+------+-----+-------+-------+
#  met1   |      0|     0|    0|      0|      0|
#  met2   |      0|     0|    0|      0|      0|
#  met3   |      6|     0|    0|      0|      6|
#  met4   |      3|     9|    1|      1|     14|
#  met5   |      2|     1|    0|      0|      3|
#  Totals |     11|    10|    1|      1|     23|
#---------+-------+------+-----+-------+-------+
#
#cpu time = 00:00:02, elapsed time = 00:00:02, memory = 2920.96 (MB), peak = 3214.77 (MB)
#CELL_VIEW Core,init has 23 DRC violations
#Total number of DRC violations = 23
#Total number of process antenna violations = 1
#Total number of net violated process antenna rule = 1
#No via is swapped.
#Post Route via swapping is done.
#Total number of nets with non-default rule or having extra spacing = 44
#
#  Routing Statistics
#
#-------------+-----------+------+
#  Layer      | Length(um)|  Vias|
#-------------+-----------+------+
#  poly ( 0H) |          0|     0|
#  met1 ( 1H) |      70050| 31618|
#  met2 ( 2V) |     182167| 14405|
#  met3 ( 3H) |     177404|  6526|
#  met4 ( 4V) |     116149|   851|
#  met5 ( 5H) |      33790|     0|
#-------------+-----------+------+
#  Total      |     579561| 53400|
#-------------+-----------+------+
#
# Total half perimeter of net bounding box: 437401 um.
#
#Start Post Route wire spreading..
#
#Start DRC checking..
#   number of violations = 28
#
#  By Layer and Type:
#
#---------+-------+------+-----+-------+-------+
#  -      | MetSpc| Short| Loop| CShort| Totals|
#---------+-------+------+-----+-------+-------+
#  met1   |      0|     0|    0|      0|      0|
#  met2   |      0|     0|    0|      0|      0|
#  met3   |      6|     0|    0|      0|      6|
#  met4   |      3|    12|    1|      1|     17|
#  met5   |      4|     1|    0|      0|      5|
#  Totals |     13|    13|    1|      1|     28|
#---------+-------+------+-----+-------+-------+
#
#cpu time = 00:00:07, elapsed time = 00:00:07, memory = 2920.29 (MB), peak = 3214.77 (MB)
#CELL_VIEW Core,init has 28 DRC violations
#Total number of DRC violations = 28
#Total number of process antenna violations = 1
#Total number of net violated process antenna rule = 1
#
#Start data preparation for wire spreading...
#
#Data preparation is done on Mon Mar 16 12:49:49 2026
#
#
#Start Post Route Wire Spread.
#Done with 1999 horizontal wires in 9 hboxes and 8596 vertical wires in 7 hboxes.
#Complete Post Route Wire Spread.
#
#Total number of nets with non-default rule or having extra spacing = 44
#
#  Routing Statistics
#
#-------------+-----------+------+
#  Layer      | Length(um)|  Vias|
#-------------+-----------+------+
#  poly ( 0H) |          0|     0|
#  met1 ( 1H) |      70063| 31618|
#  met2 ( 2V) |     187637| 14405|
#  met3 ( 3H) |     179107|  6526|
#  met4 ( 4V) |     117593|   851|
#  met5 ( 5H) |      34058|     0|
#-------------+-----------+------+
#  Total      |     588457| 53400|
#-------------+-----------+------+
#
# Total half perimeter of net bounding box: 437401 um.
#
#Start DRC checking..
#   number of violations = 29
#
#  By Layer and Type:
#
#---------+-------+------+-----+-------+-------+
#  -      | MetSpc| Short| Loop| CShort| Totals|
#---------+-------+------+-----+-------+-------+
#  met1   |      0|     0|    0|      0|      0|
#  met2   |      0|     0|    0|      0|      0|
#  met3   |      6|     0|    0|      0|      6|
#  met4   |      4|    12|    1|      1|     18|
#  met5   |      4|     1|    0|      0|      5|
#  Totals |     14|    13|    1|      1|     29|
#---------+-------+------+-----+-------+-------+
#
#cpu time = 00:00:08, elapsed time = 00:00:08, memory = 2920.85 (MB), peak = 3214.77 (MB)
#CELL_VIEW Core,init has 29 DRC violations
#Total number of DRC violations = 29
#Total number of process antenna violations = 1
#Total number of net violated process antenna rule = 1
#   number of violations = 29
#
#  By Layer and Type:
#
#---------+-------+------+-----+-------+-------+
#  -      | MetSpc| Short| Loop| CShort| Totals|
#---------+-------+------+-----+-------+-------+
#  met1   |      0|     0|    0|      0|      0|
#  met2   |      0|     0|    0|      0|      0|
#  met3   |      6|     0|    0|      0|      6|
#  met4   |      4|    12|    1|      1|     18|
#  met5   |      4|     1|    0|      0|      5|
#  Totals |     14|    13|    1|      1|     29|
#---------+-------+------+-----+-------+-------+
#
#cpu time = 00:00:11, elapsed time = 00:00:11, memory = 2917.09 (MB), peak = 3214.77 (MB)
#CELL_VIEW Core,init has 29 DRC violations
#Total number of DRC violations = 29
#Total number of process antenna violations = 2
#Total number of net violated process antenna rule = 2
#Post Route wire spread is done.
#Total number of nets with non-default rule or having extra spacing = 44
#
#  Routing Statistics
#
#-------------+-----------+------+
#  Layer      | Length(um)|  Vias|
#-------------+-----------+------+
#  poly ( 0H) |          0|     0|
#  met1 ( 1H) |      70063| 31618|
#  met2 ( 2V) |     187637| 14405|
#  met3 ( 3H) |     179107|  6526|
#  met4 ( 4V) |     117593|   851|
#  met5 ( 5H) |      34058|     0|
#-------------+-----------+------+
#  Total      |     588457| 53400|
#-------------+-----------+------+
#
# Total half perimeter of net bounding box: 437401 um.
#route_detail Statistics:
#Cpu time = 00:04:34
#Elapsed time = 00:04:35
#Increased memory = 29.49 (MB)
#Total memory = 2913.98 (MB)
#Peak memory = 3214.77 (MB)
#
#route_global_detail statistics:
#Cpu time = 00:05:26
#Elapsed time = 00:05:32
#Increased memory = 257.73 (MB)
#Total memory = 2877.83 (MB)
#Peak memory = 3214.77 (MB)
#Number of warnings = 26
#Total number of warnings = 30
#Number of fails = 0
#Total number of fails = 0
#Complete route_global_detail on Mon Mar 16 12:50:00 2026
#
#Default setup view is reset to tt_v1.8_25C_Nominal_25_func.
#Default setup view is reset to tt_v1.8_25C_Nominal_25_func.
AAE_INFO: Post Route call back at the end of routeDesign
#route_design: cpu time = 00:05:35, elapsed time = 00:05:41, memory = 2858.55 (MB), peak = 3214.77 (MB)
#
#  Scalability Statistics
#
#----------------------------+---------+-------------+------------+
#  route_design              | cpu time| elapsed time| scalability|
#----------------------------+---------+-------------+------------+
#  Pre Callback              | 00:00:00|     00:00:00|         1.0|
#  Post Callback             | 00:00:00|     00:00:00|         1.0|
#  Timing Data Generation    | 00:00:28|     00:00:33|         0.8|
#  DB Import                 | 00:00:01|     00:00:01|         1.0|
#  DB Export                 | 00:00:00|     00:00:00|         1.0|
#  Cell Pin Access           | 00:00:01|     00:00:01|         1.0|
#  Data Preparation          | 00:00:01|     00:00:01|         1.0|
#  Global Routing            | 00:00:20|     00:00:20|         1.0|
#  Track Assignment          | 00:00:05|     00:00:05|         1.0|
#  Detail Routing            | 00:03:45|     00:03:46|         1.0|
#  Antenna Fixing            | 00:00:32|     00:00:33|         1.0|
#  Post Route Via Swapping   | 00:00:02|     00:00:02|         1.0|
#  Post Route Wire Spreading | 00:00:18|     00:00:18|         1.0|
#  (-) Signature             | 00:00:00|     00:00:00|         1.0|
#  Entire Command            | 00:05:35|     00:05:41|         1.0|
#----------------------------+---------+-------------+------------+
#
#% End route_design (date=03/16 12:50:00, total cpu=0:05:35, real=0:05:41, peak res=3214.8M, current mem=2858.6M)
#@ End verbose flow_step implementation.route.run_route
      flow.cputime  flow.realtime  timing.setup.tns  timing.setup.wns  snapshot
UM:         340.24            346                                      run_route
#@ Begin verbose flow_step implementation.route.block_finish
@flow 2: apply {{} {
    #- Make sure flow_report_name is reset from any reports executed during the flow
    set_db flow_report_name [get_db [lindex [get_db flow_hier_path] end] .name]
    #- Set DB for handoff to Innovus
    if {[is_flow -inside flow:syn_opt]} {
      set_db flow_write_db_common true
    }
  
    #- Set value for SPEF output file generation
    if {[get_db flow_branch] ne ""} {
      set out_dir [file join [get_db flow_db_directory] [get_db flow_branch]_[get_db flow_report_name]]
    } else {
      set out_dir [file join [get_db flow_db_directory] [get_db flow_report_name]]
    }
    set_db flow_spef_directory $out_dir
  
    #- Store non-default root attributes to metrics
    catch {report_obj -tcl} flow_root_config
    if {[dict exists $flow_root_config root:/]} {
      set flow_root_config [dict get $flow_root_config root:/]
    } elseif {[dict exists $flow_root_config root:]} {
      set flow_root_config [dict get $flow_root_config root:]
    } else {
    }
    foreach key [dict keys $flow_root_config] {
      if {[string length [dict get $flow_root_config $key]] > 200} {
        dict set flow_root_config $key "\[long value truncated\]"
      }
    }
    set_metric -name flow.root_config -value $flow_root_config
  }}
#@ End verbose flow_step implementation.route.block_finish
      flow.cputime  flow.realtime  timing.setup.tns  timing.setup.wns  snapshot
UM:           5.13              5                                      block_finish
#% Begin save design ... (date=03/16 12:50:07, mem=2868.6M)
ff_v1.98_0C tt_v1.8_25C ss_v1.62_125C
Nominal_25C
% Begin Save ccopt configuration ... (date=03/16 12:50:07, mem=2868.6M)
% End Save ccopt configuration ... (date=03/16 12:50:07, total cpu=0:00:00.1, real=0:00:00.0, peak res=2869.4M, current mem=2869.4M)
% Begin Save netlist data ... (date=03/16 12:50:07, mem=2869.4M)
Writing Binary DB to /nethome/dkhalil8/InnovateECE/PhysicalDesign/RTL2GDS/design/dbs/route.enc/Core.v.bin in single-threaded mode...
% End Save netlist data ... (date=03/16 12:50:08, total cpu=0:00:00.1, real=0:00:01.0, peak res=2869.4M, current mem=2869.4M)
Saving symbol-table file ...
Saving congestion map file /nethome/dkhalil8/InnovateECE/PhysicalDesign/RTL2GDS/design/dbs/route.enc/Core.route.congmap.gz ...
% Begin Save AAE data ... (date=03/16 12:50:08, mem=2870.1M)
Saving AAE Data ...
AAE DB initialization (MEM=2931.203125 CPU=0:00:00.0 REAL=0:00:00.0) 
% End Save AAE data ... (date=03/16 12:50:08, total cpu=0:00:00.1, real=0:00:00.0, peak res=2870.9M, current mem=2870.9M)
Saving preference file /nethome/dkhalil8/InnovateECE/PhysicalDesign/RTL2GDS/design/dbs/route.enc/gui.pref.tcl ...
Saving mode setting ...
Saving root attributes to be loaded post write_db ...
**WARN: (IMPMF-5054):	fill_setting_save command is obsolete and should not be used any more. It still works in this release but will be removed in future release. Recommend to use Pegasus metal fill flow which is the replacement.
Saving global file ...
Saving root attributes to be loaded previous write_db ...
% Begin Save floorplan data ... (date=03/16 12:50:10, mem=2877.1M)
Saving floorplan file ...
Convert 0 swires and 0 svias from compressed groups
% End Save floorplan data ... (date=03/16 12:50:10, total cpu=0:00:00.1, real=0:00:00.0, peak res=2877.7M, current mem=2877.7M)
Saving PG file /nethome/dkhalil8/InnovateECE/PhysicalDesign/RTL2GDS/design/dbs/route.enc/Core.pg.gz, version#2, (Created by Innovus v25.11-s102_1 on Mon Mar 16 12:50:10 2026)
*** Completed savePGFile (cpu=0:00:00.0 real=0:00:01.0 mem=2878.2M) ***
*info - save blackBox cells to lef file /nethome/dkhalil8/InnovateECE/PhysicalDesign/RTL2GDS/design/dbs/route.enc/Core.bbox.lef
Saving Drc markers ...
... 31 markers are saved ...
... 28 geometry drc markers are saved ...
... 2 antenna drc markers are saved ...
% Begin Save placement data ... (date=03/16 12:50:11, mem=2878.1M)
** Saving stdCellPlacement_binary (version# 2) ...
Save Adaptive View Pruning View Names to Binary file
% End Save placement data ... (date=03/16 12:50:11, total cpu=0:00:00.1, real=0:00:00.0, peak res=2878.4M, current mem=2878.4M)
% Begin Save routing data ... (date=03/16 12:50:11, mem=2878.4M)
Saving route file ...
*** Completed saveRoute (cpu=0:00:00.1 real=0:00:00.0 mem=2879.6M) ***
% End Save routing data ... (date=03/16 12:50:11, total cpu=0:00:00.2, real=0:00:00.0, peak res=2878.6M, current mem=2878.6M)
Saving property file /nethome/dkhalil8/InnovateECE/PhysicalDesign/RTL2GDS/design/dbs/route.enc/Core.prop
*** Completed saveProperty (cpu=0:00:00.1 real=0:00:00.0 mem=2881.7M) ***
#Saving pin access data to file /nethome/dkhalil8/InnovateECE/PhysicalDesign/RTL2GDS/design/dbs/route.enc/Core.apa ...
#
Saving preRoute extracted patterns in file '/nethome/dkhalil8/InnovateECE/PhysicalDesign/RTL2GDS/design/dbs/route.enc/Core.techData.gz' ...
Saving preRoute extraction data in directory '/nethome/dkhalil8/InnovateECE/PhysicalDesign/RTL2GDS/design/dbs/route.enc/extraction/' ...
% Begin Save power constraints data ... (date=03/16 12:50:12, mem=2881.2M)
% End Save power constraints data ... (date=03/16 12:50:12, total cpu=0:00:00.1, real=0:00:00.0, peak res=2881.2M, current mem=2881.2M)
Nominal_25C
Nominal_25C
Nominal_25C
**WARN: (GLOBAL-100):	Global 'timing_enable_backward_compatible_mmmc_mode' has become obsolete. It will be removed in the next release.
**WARN: (GLOBAL-100):	Global 'timing_enable_backward_compatible_mmmc_mode' has become obsolete. It will be removed in the next release.
Generated self-contained design route.enc
#% End save design ... (date=03/16 12:50:13, total cpu=0:00:03.8, real=0:00:06.0, peak res=2912.8M, current mem=2883.3M)

*** Summary of all messages that are not suppressed in this session:
Severity  ID               Count  Summary                                  
WARNING   IMPMF-5054           1  fill_setting_save command is obsolete an...
WARNING   GLOBAL-100           2  Global '%s' has become obsolete. It will...
*** Message Summary: 3 warning(s), 0 error(s)

      flow.cputime  flow.realtime  timing.setup.tns  timing.setup.wns  snapshot
UM:*                                                                   write_db
#@ Begin verbose flow_step implementation.route.write_output_screenshot
@flow 2: set inputstring [get_db flow_starting_db]
@flow 3: set stepname [lindex $inputstring [expr {[llength stepname]}]]
@flow 4: set filename [file tail $stepname]
@flow 5: set rootname [file rootname $filename]
@flow 6: set outfile "./output/screenshots/${rootname}.gif"
@flow 7: # Define the directory name
@flow 8: set dirName "output/screenshots"
@flow 10: # Check if the directory exists
@flow 11: if {![file exists $dirName]} {...
@flow 15: } else {
@flow 16: puts "Directory '$dirName' already exists."
Directory 'output/screenshots' already exists.
@flow 17: }
@@flow 18: write_to_gif $outfile
#@ End verbose flow_step implementation.route.write_output_screenshot
      flow.cputime  flow.realtime  timing.setup.tns  timing.setup.wns  snapshot
UM:           4.79              5                                      write_output_screenshot
#@ Begin verbose flow_step implementation.route.schedule_route_report_postroute
@@flow 2: schedule_flow -flow report_postroute -include_in_metrics
#@ End verbose flow_step implementation.route.schedule_route_report_postroute

Program version = 25.11-s102_1
Working directory = /nethome/dkhalil8/InnovateECE/PhysicalDesign/RTL2GDS/design
Databases directory = /nethome/dkhalil8/InnovateECE/PhysicalDesign/RTL2GDS/design/dbs
Starting time = Mar 16, 2026 12:43:56
Ending time = Mar 16, 2026 12:50:26

Run Flow Summary
---------------------

Steps run:  implementation.route.block_start implementation.route.init_innovus.init_innovus_yaml implementation.route.init_innovus.init_innovus_user implementation.route.add_fillers implementation.route.run_route implementation.route.block_finish implementation.route.write_output_screenshot implementation.route.schedule_route_report_postroute

Step status:
     implementation.route.block_start                             success
     implementation.route.init_innovus.init_innovus_yaml          success
     implementation.route.init_innovus.init_innovus_user          success
     implementation.route.add_fillers                             success
     implementation.route.run_route                               success
     implementation.route.block_finish                            success
     implementation.route.write_output_screenshot                 success
     implementation.route.schedule_route_report_postroute         success

 ---------------------------------------------------------------------------------------------------- 
| Snapshot    | flow.cputime (s) | flow.realtime (s) | timing.setup.tns (ns) | timing.setup.wns (ns) |
|-------------+------------------+-------------------+-----------------------+-----------------------|
| syn_generic | 0:03:13          | 0:03:18           |                     0 |                11.575 |
| syn_map     | 0:03:16          | 0:03:14           |                     0 |                11.466 |
| syn_opt     | 0:01:52          | 0:02:03           |                     0 |                11.469 |
| floorplan   | 0:02:02          | 0:02:13           |                       |                       |
| prects      | 0:05:40          | 0:06:35           |                     0 |                11.000 |
| cts         | 0:04:43          | 0:05:36           |                     0 |                11.086 |
| postcts     | 0:01:42          | 0:01:47           |                     0 |                10.895 |
| route       | 0:06:51          | 0:07:02           |                       |                       |
 ---------------------------------------------------------------------------------------------------- 
*** Message Summary: 1787 warning(s), 0 error(s)


*** Memory Usage v#1 (Current mem = 3067.344M, initial mem = 931.375M) ***
--- Ending "Innovus" (totcpu=0:07:05, real=0:07:19, mem=3067.3M) ---
