###############################################################
#  Generated by:      Cadence Innovus 25.11-s102_1
#  OS:                Linux x86_64(Host ID ece-rschsrv.ece.gatech.edu)
#  Generated on:      Mon Mar 16 12:53:57 2026
#  Design:            Core
#  Command:           check_drc -out_file reports/route/route.drc.rpt
###############################################################

SHORT: ( Metal Short ) Special Wire of Net VSS & Blockage of Cell MainMemory_data_sram  ( met3 )
Bounds : ( 757.900, 166.320 ) ( 760.900, 166.720 )


SHORT: ( Metal Short ) Special Wire of Net VSS & Blockage of Cell MainMemory_data_sram  ( met2 )
Bounds : ( 757.900, 166.320 ) ( 760.900, 166.720 )


SHORT: ( Metal Short ) Special Wire of Net VSS & Blockage of Cell MainMemory_data_sram  ( met2 )
Bounds : ( 757.900, 174.600 ) ( 760.900, 175.000 )


SHORT: ( Metal Short ) Special Wire of Net VSS & Blockage of Cell MainMemory_data_sram  ( met2 )
Bounds : ( 757.900, 182.880 ) ( 760.900, 183.280 )


SHORT: ( Metal Short ) Special Wire of Net VDD & Blockage of Cell MainMemory_data_sram  ( met2 )
Bounds : ( 784.900, 170.460 ) ( 787.900, 170.860 )


SHORT: ( Metal Short ) Special Wire of Net VDD & Blockage of Cell MainMemory_data_sram  ( met2 )
Bounds : ( 784.900, 178.740 ) ( 787.900, 179.140 )


SHORT: ( Metal Short ) Special Wire of Net VDD & Blockage of Cell MainMemory_data_sram  ( met2 )
Bounds : ( 784.900, 187.020 ) ( 787.900, 187.420 )


SHORT: ( Metal Short ) Special Wire of Net VSS & Blockage of Cell MainMemory_data_sram  ( met2 )
Bounds : ( 807.900, 166.320 ) ( 810.900, 166.720 )


SHORT: ( Metal Short ) Special Wire of Net VSS & Blockage of Cell MainMemory_data_sram  ( met2 )
Bounds : ( 807.900, 174.600 ) ( 810.900, 175.000 )


SHORT: ( Metal Short ) Special Wire of Net VSS & Blockage of Cell MainMemory_data_sram  ( met2 )
Bounds : ( 807.900, 182.880 ) ( 810.900, 183.280 )


SHORT: ( Metal Short ) Special Wire of Net VDD & Blockage of Cell MainMemory_data_sram  ( met2 )
Bounds : ( 834.900, 170.460 ) ( 837.900, 170.860 )


SHORT: ( Metal Short ) Special Wire of Net VDD & Blockage of Cell MainMemory_data_sram  ( met2 )
Bounds : ( 834.900, 178.740 ) ( 837.900, 179.140 )


SHORT: ( Metal Short ) Special Wire of Net VDD & Blockage of Cell MainMemory_data_sram  ( met2 )
Bounds : ( 834.900, 187.020 ) ( 837.900, 187.420 )


SHORT: ( Metal Short ) Special Wire of Net VSS & Blockage of Cell MainMemory_data_sram  ( met3 )
Bounds : ( 757.900, 174.600 ) ( 760.900, 175.000 )


SHORT: ( Metal Short ) Special Wire of Net VSS & Blockage of Cell MainMemory_data_sram  ( met3 )
Bounds : ( 757.900, 182.880 ) ( 760.900, 183.280 )


SHORT: ( Metal Short ) Special Wire of Net VDD & Blockage of Cell MainMemory_data_sram  ( met3 )
Bounds : ( 784.900, 170.460 ) ( 787.900, 170.860 )


SHORT: ( Metal Short ) Special Wire of Net VDD & Blockage of Cell MainMemory_data_sram  ( met3 )
Bounds : ( 784.900, 178.740 ) ( 787.900, 179.140 )


SHORT: ( Metal Short ) Special Wire of Net VDD & Blockage of Cell MainMemory_data_sram  ( met3 )
Bounds : ( 784.900, 187.020 ) ( 787.900, 187.420 )


SHORT: ( Metal Short ) Special Wire of Net VSS & Blockage of Cell MainMemory_data_sram  ( met3 )
Bounds : ( 807.900, 166.320 ) ( 810.900, 166.720 )


SHORT: ( Metal Short ) Special Wire of Net VSS & Blockage of Cell MainMemory_data_sram  ( met3 )
Bounds : ( 807.900, 174.600 ) ( 810.900, 175.000 )


SHORT: ( Metal Short ) Special Wire of Net VSS & Blockage of Cell MainMemory_data_sram  ( met3 )
Bounds : ( 807.900, 182.880 ) ( 810.900, 183.280 )


SHORT: ( Metal Short ) Special Wire of Net VDD & Blockage of Cell MainMemory_data_sram  ( met3 )
Bounds : ( 834.900, 170.460 ) ( 837.900, 170.860 )


SHORT: ( Metal Short ) Special Wire of Net VDD & Blockage of Cell MainMemory_data_sram  ( met3 )
Bounds : ( 834.900, 178.740 ) ( 837.900, 179.140 )


SHORT: ( Metal Short ) Special Wire of Net VDD & Blockage of Cell MainMemory_data_sram  ( met3 )
Bounds : ( 834.900, 187.020 ) ( 837.900, 187.420 )


SHORT: ( Metal Short ) Special Wire of Net VDD & Blockage of Cell MainMemory_data_sram  ( met2 )
Bounds : ( 684.900, 187.020 ) ( 687.900, 187.420 )


SHORT: ( Metal Short ) Special Wire of Net VDD & Blockage of Cell MainMemory_data_sram  ( met2 )
Bounds : ( 684.900, 178.740 ) ( 687.900, 179.140 )


SHORT: ( Metal Short ) Special Wire of Net VDD & Blockage of Cell MainMemory_data_sram  ( met2 )
Bounds : ( 684.900, 170.460 ) ( 687.900, 170.860 )


SHORT: ( Metal Short ) Special Wire of Net VDD & Blockage of Cell MainMemory_data_sram  ( met3 )
Bounds : ( 684.900, 170.460 ) ( 687.900, 170.860 )


SHORT: ( Metal Short ) Special Wire of Net VDD & Blockage of Cell MainMemory_data_sram  ( met3 )
Bounds : ( 684.900, 178.740 ) ( 687.900, 179.140 )


SHORT: ( Metal Short ) Special Wire of Net VDD & Blockage of Cell MainMemory_data_sram  ( met3 )
Bounds : ( 684.900, 187.020 ) ( 687.900, 187.420 )


SHORT: ( Metal Short ) Special Wire of Net VSS & Blockage of Cell MainMemory_data_sram  ( met2 )
Bounds : ( 707.900, 166.320 ) ( 710.900, 166.720 )


SHORT: ( Metal Short ) Special Wire of Net VSS & Blockage of Cell MainMemory_data_sram  ( met2 )
Bounds : ( 707.900, 174.600 ) ( 710.900, 175.000 )


SHORT: ( Metal Short ) Special Wire of Net VSS & Blockage of Cell MainMemory_data_sram  ( met2 )
Bounds : ( 707.900, 182.880 ) ( 710.900, 183.280 )


SHORT: ( Metal Short ) Special Wire of Net VDD & Blockage of Cell MainMemory_data_sram  ( met2 )
Bounds : ( 734.900, 170.460 ) ( 737.900, 170.860 )


SHORT: ( Metal Short ) Special Wire of Net VDD & Blockage of Cell MainMemory_data_sram  ( met2 )
Bounds : ( 734.900, 178.740 ) ( 737.900, 179.140 )


SHORT: ( Metal Short ) Special Wire of Net VDD & Blockage of Cell MainMemory_data_sram  ( met2 )
Bounds : ( 734.900, 187.020 ) ( 737.900, 187.420 )


SHORT: ( Metal Short ) Special Wire of Net VSS & Blockage of Cell MainMemory_data_sram  ( met3 )
Bounds : ( 707.900, 166.320 ) ( 710.900, 166.720 )


SHORT: ( Metal Short ) Special Wire of Net VSS & Blockage of Cell MainMemory_data_sram  ( met3 )
Bounds : ( 707.900, 174.600 ) ( 710.900, 175.000 )


SHORT: ( Metal Short ) Special Wire of Net VSS & Blockage of Cell MainMemory_data_sram  ( met3 )
Bounds : ( 707.900, 182.880 ) ( 710.900, 183.280 )


SHORT: ( Metal Short ) Special Wire of Net VDD & Blockage of Cell MainMemory_data_sram  ( met3 )
Bounds : ( 734.900, 170.460 ) ( 737.900, 170.860 )


SHORT: ( Metal Short ) Special Wire of Net VDD & Blockage of Cell MainMemory_data_sram  ( met3 )
Bounds : ( 734.900, 178.740 ) ( 737.900, 179.140 )


SHORT: ( Metal Short ) Special Wire of Net VDD & Blockage of Cell MainMemory_data_sram  ( met3 )
Bounds : ( 734.900, 187.020 ) ( 737.900, 187.420 )


SHORT: ( Metal Short ) Special Wire of Net VDD & Blockage of Cell MainMemory_data_sram  ( met3 )
Bounds : ( 634.900, 170.460 ) ( 637.900, 170.860 )


SHORT: ( Metal Short ) Special Wire of Net VSS & Blockage of Cell MainMemory_data_sram  ( met2 )
Bounds : ( 657.900, 182.880 ) ( 660.900, 183.280 )


SHORT: ( Metal Short ) Special Wire of Net VSS & Blockage of Cell MainMemory_data_sram  ( met2 )
Bounds : ( 657.900, 174.600 ) ( 660.900, 175.000 )


SHORT: ( Metal Short ) Special Wire of Net VSS & Blockage of Cell MainMemory_data_sram  ( met2 )
Bounds : ( 657.900, 166.320 ) ( 660.900, 166.720 )


SHORT: ( Metal Short ) Special Wire of Net VDD & Blockage of Cell MainMemory_data_sram  ( met2 )
Bounds : ( 634.900, 187.020 ) ( 637.900, 187.420 )


SHORT: ( Metal Short ) Special Wire of Net VDD & Blockage of Cell MainMemory_data_sram  ( met2 )
Bounds : ( 634.900, 178.740 ) ( 637.900, 179.140 )


SHORT: ( Metal Short ) Special Wire of Net VDD & Blockage of Cell MainMemory_data_sram  ( met2 )
Bounds : ( 634.900, 170.460 ) ( 637.900, 170.860 )


SHORT: ( Metal Short ) Special Wire of Net VSS & Blockage of Cell MainMemory_data_sram  ( met2 )
Bounds : ( 607.900, 174.600 ) ( 610.900, 175.000 )


SHORT: ( Metal Short ) Special Wire of Net VSS & Blockage of Cell MainMemory_data_sram  ( met2 )
Bounds : ( 607.900, 166.320 ) ( 610.900, 166.720 )


SHORT: ( Metal Short ) Special Wire of Net VSS & Blockage of Cell MainMemory_data_sram  ( met2 )
Bounds : ( 607.900, 182.880 ) ( 610.900, 183.280 )


SHORT: ( Metal Short ) Special Wire of Net VSS & Blockage of Cell MainMemory_data_sram  ( met3 )
Bounds : ( 607.900, 166.320 ) ( 610.900, 166.720 )


SHORT: ( Metal Short ) Special Wire of Net VSS & Blockage of Cell MainMemory_data_sram  ( met3 )
Bounds : ( 607.900, 174.600 ) ( 610.900, 175.000 )


SHORT: ( Metal Short ) Special Wire of Net VSS & Blockage of Cell MainMemory_data_sram  ( met3 )
Bounds : ( 607.900, 182.880 ) ( 610.900, 183.280 )


SHORT: ( Metal Short ) Special Wire of Net VDD & Blockage of Cell MainMemory_data_sram  ( met3 )
Bounds : ( 634.900, 178.740 ) ( 637.900, 179.140 )


SHORT: ( Metal Short ) Special Wire of Net VDD & Blockage of Cell MainMemory_data_sram  ( met3 )
Bounds : ( 634.900, 187.020 ) ( 637.900, 187.420 )


SHORT: ( Metal Short ) Special Wire of Net VSS & Blockage of Cell MainMemory_data_sram  ( met3 )
Bounds : ( 657.900, 166.320 ) ( 660.900, 166.720 )


SHORT: ( Metal Short ) Special Wire of Net VSS & Blockage of Cell MainMemory_data_sram  ( met3 )
Bounds : ( 657.900, 174.600 ) ( 660.900, 175.000 )


SHORT: ( Metal Short ) Special Wire of Net VSS & Blockage of Cell MainMemory_data_sram  ( met3 )
Bounds : ( 657.900, 182.880 ) ( 660.900, 183.280 )


SHORT: ( Metal Short ) Special Wire of Net VDD & Blockage of Cell MainMemory_data_sram  ( met3 )
Bounds : ( 584.900, 187.020 ) ( 587.900, 187.420 )


SHORT: ( Metal Short ) Special Wire of Net VDD & Blockage of Cell MainMemory_data_sram  ( met3 )
Bounds : ( 584.900, 178.740 ) ( 587.900, 179.140 )


SHORT: ( Metal Short ) Special Wire of Net VDD & Blockage of Cell MainMemory_data_sram  ( met3 )
Bounds : ( 584.900, 170.460 ) ( 587.900, 170.860 )


SHORT: ( Metal Short ) Special Wire of Net VSS & Blockage of Cell MainMemory_data_sram  ( met3 )
Bounds : ( 557.900, 182.880 ) ( 560.900, 183.280 )


SHORT: ( Metal Short ) Special Wire of Net VSS & Blockage of Cell MainMemory_data_sram  ( met3 )
Bounds : ( 557.900, 174.600 ) ( 560.900, 175.000 )


SHORT: ( Metal Short ) Special Wire of Net VSS & Blockage of Cell MainMemory_data_sram  ( met3 )
Bounds : ( 557.900, 166.320 ) ( 560.900, 166.720 )


SHORT: ( Metal Short ) Special Wire of Net VDD & Blockage of Cell MainMemory_data_sram  ( met3 )
Bounds : ( 534.900, 187.020 ) ( 537.900, 187.420 )


SHORT: ( Metal Short ) Special Wire of Net VDD & Blockage of Cell MainMemory_data_sram  ( met3 )
Bounds : ( 534.900, 178.740 ) ( 537.900, 179.140 )


SHORT: ( Metal Short ) Special Wire of Net VDD & Blockage of Cell MainMemory_data_sram  ( met3 )
Bounds : ( 534.900, 170.460 ) ( 537.900, 170.860 )


SHORT: ( Metal Short ) Special Wire of Net VDD & Blockage of Cell MainMemory_data_sram  ( met2 )
Bounds : ( 534.900, 170.460 ) ( 537.900, 170.860 )


SHORT: ( Metal Short ) Special Wire of Net VDD & Blockage of Cell MainMemory_data_sram  ( met2 )
Bounds : ( 534.900, 178.740 ) ( 537.900, 179.140 )


SHORT: ( Metal Short ) Special Wire of Net VDD & Blockage of Cell MainMemory_data_sram  ( met2 )
Bounds : ( 534.900, 187.020 ) ( 537.900, 187.420 )


SHORT: ( Metal Short ) Special Wire of Net VSS & Blockage of Cell MainMemory_data_sram  ( met2 )
Bounds : ( 557.900, 166.320 ) ( 560.900, 166.720 )


SHORT: ( Metal Short ) Special Wire of Net VSS & Blockage of Cell MainMemory_data_sram  ( met2 )
Bounds : ( 557.900, 174.600 ) ( 560.900, 175.000 )


SHORT: ( Metal Short ) Special Wire of Net VSS & Blockage of Cell MainMemory_data_sram  ( met2 )
Bounds : ( 557.900, 182.880 ) ( 560.900, 183.280 )


SHORT: ( Metal Short ) Special Wire of Net VDD & Blockage of Cell MainMemory_data_sram  ( met2 )
Bounds : ( 584.900, 170.460 ) ( 587.900, 170.860 )


SHORT: ( Metal Short ) Special Wire of Net VDD & Blockage of Cell MainMemory_data_sram  ( met2 )
Bounds : ( 584.900, 178.740 ) ( 587.900, 179.140 )


SHORT: ( Metal Short ) Special Wire of Net VDD & Blockage of Cell MainMemory_data_sram  ( met2 )
Bounds : ( 584.900, 187.020 ) ( 587.900, 187.420 )


SHORT: ( Metal Short ) Special Wire of Net VDD & Blockage of Cell MainMemory_data_sram  ( met3 )
Bounds : ( 834.900, 153.900 ) ( 837.900, 154.300 )


SHORT: ( Metal Short ) Special Wire of Net VDD & Blockage of Cell MainMemory_data_sram  ( met2 )
Bounds : ( 834.900, 137.340 ) ( 837.900, 137.740 )


SHORT: ( Metal Short ) Special Wire of Net VSS & Blockage of Cell MainMemory_data_sram  ( met2 )
Bounds : ( 807.900, 141.480 ) ( 810.900, 141.880 )


SHORT: ( Metal Short ) Special Wire of Net VSS & Blockage of Cell MainMemory_data_sram  ( met2 )
Bounds : ( 807.900, 149.760 ) ( 810.900, 150.160 )


SHORT: ( Metal Short ) Special Wire of Net VSS & Blockage of Cell MainMemory_data_sram  ( met2 )
Bounds : ( 807.900, 158.040 ) ( 810.900, 158.440 )


SHORT: ( Metal Short ) Special Wire of Net VDD & Blockage of Cell MainMemory_data_sram  ( met2 )
Bounds : ( 834.900, 145.620 ) ( 837.900, 146.020 )


SHORT: ( Metal Short ) Special Wire of Net VDD & Blockage of Cell MainMemory_data_sram  ( met2 )
Bounds : ( 834.900, 153.900 ) ( 837.900, 154.300 )


SHORT: ( Metal Short ) Special Wire of Net VDD & Blockage of Cell MainMemory_data_sram  ( met2 )
Bounds : ( 834.900, 162.180 ) ( 837.900, 162.580 )


SHORT: ( Metal Short ) Special Wire of Net VSS & Blockage of Cell MainMemory_data_sram  ( met3 )
Bounds : ( 807.900, 141.480 ) ( 810.900, 141.880 )


SHORT: ( Metal Short ) Special Wire of Net VSS & Blockage of Cell MainMemory_data_sram  ( met3 )
Bounds : ( 807.900, 149.760 ) ( 810.900, 150.160 )


SHORT: ( Metal Short ) Special Wire of Net VSS & Blockage of Cell MainMemory_data_sram  ( met3 )
Bounds : ( 807.900, 158.040 ) ( 810.900, 158.440 )


SHORT: ( Metal Short ) Special Wire of Net VDD & Blockage of Cell MainMemory_data_sram  ( met3 )
Bounds : ( 834.900, 137.340 ) ( 837.900, 137.560 )


SHORT: ( Metal Short ) Special Wire of Net VDD & Blockage of Cell MainMemory_data_sram  ( met3 )
Bounds : ( 834.900, 145.620 ) ( 837.900, 146.020 )


SHORT: ( Metal Short ) Special Wire of Net VDD & Blockage of Cell MainMemory_data_sram  ( met3 )
Bounds : ( 834.900, 162.180 ) ( 837.900, 162.580 )


SHORT: ( Metal Short ) Special Wire of Net VSS & Blockage of Cell MainMemory_data_sram  ( met2 )
Bounds : ( 757.900, 141.480 ) ( 760.900, 141.880 )


SHORT: ( Metal Short ) Special Wire of Net VSS & Blockage of Cell MainMemory_data_sram  ( met2 )
Bounds : ( 757.900, 149.760 ) ( 760.900, 150.160 )


SHORT: ( Metal Short ) Special Wire of Net VSS & Blockage of Cell MainMemory_data_sram  ( met2 )
Bounds : ( 757.900, 158.040 ) ( 760.900, 158.440 )


SHORT: ( Metal Short ) Special Wire of Net VDD & Blockage of Cell MainMemory_data_sram  ( met2 )
Bounds : ( 784.900, 137.340 ) ( 787.900, 137.740 )


SHORT: ( Metal Short ) Special Wire of Net VDD & Blockage of Cell MainMemory_data_sram  ( met2 )
Bounds : ( 784.900, 145.620 ) ( 787.900, 146.020 )


SHORT: ( Metal Short ) Special Wire of Net VDD & Blockage of Cell MainMemory_data_sram  ( met2 )
Bounds : ( 784.900, 153.900 ) ( 787.900, 154.300 )


SHORT: ( Metal Short ) Special Wire of Net VDD & Blockage of Cell MainMemory_data_sram  ( met2 )
Bounds : ( 784.900, 162.180 ) ( 787.900, 162.580 )


SHORT: ( Metal Short ) Special Wire of Net VSS & Blockage of Cell MainMemory_data_sram  ( met3 )
Bounds : ( 757.900, 141.480 ) ( 760.900, 141.880 )


SHORT: ( Metal Short ) Special Wire of Net VSS & Blockage of Cell MainMemory_data_sram  ( met3 )
Bounds : ( 757.900, 149.760 ) ( 760.900, 150.160 )


SHORT: ( Metal Short ) Special Wire of Net VSS & Blockage of Cell MainMemory_data_sram  ( met3 )
Bounds : ( 757.900, 158.040 ) ( 760.900, 158.440 )


SHORT: ( Metal Short ) Special Wire of Net VDD & Blockage of Cell MainMemory_data_sram  ( met3 )
Bounds : ( 784.900, 137.340 ) ( 787.900, 137.560 )


SHORT: ( Metal Short ) Special Wire of Net VDD & Blockage of Cell MainMemory_data_sram  ( met3 )
Bounds : ( 784.900, 145.620 ) ( 787.900, 146.020 )


SHORT: ( Metal Short ) Special Wire of Net VDD & Blockage of Cell MainMemory_data_sram  ( met3 )
Bounds : ( 784.900, 153.900 ) ( 787.900, 154.300 )


SHORT: ( Metal Short ) Special Wire of Net VDD & Blockage of Cell MainMemory_data_sram  ( met3 )
Bounds : ( 784.900, 162.180 ) ( 787.900, 162.580 )


SHORT: ( Metal Short ) Regular Wire of Net FE_OFN4892_n & Special Wire of Net VDD  ( met4 )
Bounds : ( 787.200, 133.400 ) ( 787.580, 134.460 )


SHORT: ( Metal Short ) Special Wire of Net VDD & Pin of Cell MainMemory_data_sram  ( met4 )
Bounds : ( 787.880, 133.400 ) ( 787.900, 134.460 )


SPACING: ( ParallelRunLength Spacing ) Regular Wire of Net FE_OFN4892_n & Blockage of Cell MainMemory_data_sram  ( met3 )
Bounds : ( 787.200, 133.760 ) ( 787.580, 134.020 )


SPACING: ( ParallelRunLength Spacing ) Regular Wire of Net FE_OFN4894_n & Blockage of Cell MainMemory_data_sram  ( met3 )
Bounds : ( 787.880, 133.760 ) ( 788.260, 134.020 )


SHORT: ( Metal Short ) Special Wire of Net VDD & Blockage of Cell MainMemory_data_sram  ( met2 )
Bounds : ( 684.900, 162.180 ) ( 687.900, 162.580 )


SHORT: ( Metal Short ) Special Wire of Net VDD & Blockage of Cell MainMemory_data_sram  ( met2 )
Bounds : ( 684.900, 153.900 ) ( 687.900, 154.300 )


SHORT: ( Metal Short ) Special Wire of Net VDD & Blockage of Cell MainMemory_data_sram  ( met2 )
Bounds : ( 684.900, 145.620 ) ( 687.900, 146.020 )


SHORT: ( Metal Short ) Special Wire of Net VDD & Blockage of Cell MainMemory_data_sram  ( met2 )
Bounds : ( 684.900, 137.340 ) ( 687.900, 137.740 )


SHORT: ( Metal Short ) Special Wire of Net VDD & Blockage of Cell MainMemory_data_sram  ( met3 )
Bounds : ( 684.900, 137.340 ) ( 687.900, 137.560 )


SHORT: ( Metal Short ) Special Wire of Net VDD & Blockage of Cell MainMemory_data_sram  ( met3 )
Bounds : ( 684.900, 145.620 ) ( 687.900, 146.020 )


SHORT: ( Metal Short ) Special Wire of Net VDD & Blockage of Cell MainMemory_data_sram  ( met3 )
Bounds : ( 684.900, 153.900 ) ( 687.900, 154.300 )


SHORT: ( Metal Short ) Special Wire of Net VDD & Blockage of Cell MainMemory_data_sram  ( met3 )
Bounds : ( 684.900, 162.180 ) ( 687.900, 162.580 )


SPACING: ( ParallelRunLength Spacing ) Special Wire of Net VDD & Pin of Cell MainMemory_data_sram  ( met4 )
Bounds : ( 687.900, 133.400 ) ( 687.920, 134.460 )


SHORT: ( Metal Short ) Special Wire of Net VSS & Blockage of Cell MainMemory_data_sram  ( met2 )
Bounds : ( 707.900, 141.480 ) ( 710.900, 141.880 )


SHORT: ( Metal Short ) Special Wire of Net VSS & Blockage of Cell MainMemory_data_sram  ( met2 )
Bounds : ( 707.900, 149.760 ) ( 710.900, 150.160 )


SHORT: ( Metal Short ) Special Wire of Net VSS & Blockage of Cell MainMemory_data_sram  ( met2 )
Bounds : ( 707.900, 158.040 ) ( 710.900, 158.440 )


SHORT: ( Metal Short ) Special Wire of Net VDD & Blockage of Cell MainMemory_data_sram  ( met2 )
Bounds : ( 734.900, 137.340 ) ( 737.900, 137.740 )


SHORT: ( Metal Short ) Special Wire of Net VDD & Blockage of Cell MainMemory_data_sram  ( met2 )
Bounds : ( 734.900, 145.620 ) ( 737.900, 146.020 )


SHORT: ( Metal Short ) Special Wire of Net VDD & Blockage of Cell MainMemory_data_sram  ( met2 )
Bounds : ( 734.900, 153.900 ) ( 737.900, 154.300 )


SHORT: ( Metal Short ) Special Wire of Net VDD & Blockage of Cell MainMemory_data_sram  ( met2 )
Bounds : ( 734.900, 162.180 ) ( 737.900, 162.580 )


SHORT: ( Metal Short ) Special Wire of Net VSS & Blockage of Cell MainMemory_data_sram  ( met3 )
Bounds : ( 707.900, 141.480 ) ( 710.900, 141.880 )


SHORT: ( Metal Short ) Special Wire of Net VSS & Blockage of Cell MainMemory_data_sram  ( met3 )
Bounds : ( 707.900, 149.760 ) ( 710.900, 150.160 )


SHORT: ( Metal Short ) Special Wire of Net VSS & Blockage of Cell MainMemory_data_sram  ( met3 )
Bounds : ( 707.900, 158.040 ) ( 710.900, 158.440 )


SHORT: ( Metal Short ) Special Wire of Net VDD & Blockage of Cell MainMemory_data_sram  ( met3 )
Bounds : ( 734.900, 137.340 ) ( 737.900, 137.560 )


SHORT: ( Metal Short ) Special Wire of Net VDD & Blockage of Cell MainMemory_data_sram  ( met3 )
Bounds : ( 734.900, 145.620 ) ( 737.900, 146.020 )


SHORT: ( Metal Short ) Special Wire of Net VDD & Blockage of Cell MainMemory_data_sram  ( met3 )
Bounds : ( 734.900, 153.900 ) ( 737.900, 154.300 )


SHORT: ( Metal Short ) Special Wire of Net VDD & Blockage of Cell MainMemory_data_sram  ( met3 )
Bounds : ( 734.900, 162.180 ) ( 737.900, 162.580 )


SHORT: ( Metal Short ) Special Wire of Net VSS & Blockage of Cell MainMemory_data_sram  ( met2 )
Bounds : ( 657.900, 158.040 ) ( 660.900, 158.440 )


SHORT: ( Metal Short ) Special Wire of Net VSS & Blockage of Cell MainMemory_data_sram  ( met2 )
Bounds : ( 657.900, 149.760 ) ( 660.900, 150.160 )


SHORT: ( Metal Short ) Special Wire of Net VSS & Blockage of Cell MainMemory_data_sram  ( met2 )
Bounds : ( 657.900, 141.480 ) ( 660.900, 141.880 )


SHORT: ( Metal Short ) Special Wire of Net VDD & Blockage of Cell MainMemory_data_sram  ( met2 )
Bounds : ( 634.900, 162.180 ) ( 637.900, 162.580 )


SHORT: ( Metal Short ) Special Wire of Net VDD & Blockage of Cell MainMemory_data_sram  ( met2 )
Bounds : ( 634.900, 153.900 ) ( 637.900, 154.300 )


SHORT: ( Metal Short ) Special Wire of Net VDD & Blockage of Cell MainMemory_data_sram  ( met2 )
Bounds : ( 634.900, 145.620 ) ( 637.900, 146.020 )


SHORT: ( Metal Short ) Special Wire of Net VDD & Blockage of Cell MainMemory_data_sram  ( met2 )
Bounds : ( 634.900, 137.340 ) ( 637.900, 137.740 )


SHORT: ( Metal Short ) Special Wire of Net VSS & Blockage of Cell MainMemory_data_sram  ( met2 )
Bounds : ( 607.900, 141.480 ) ( 610.900, 141.880 )


SHORT: ( Metal Short ) Special Wire of Net VSS & Blockage of Cell MainMemory_data_sram  ( met2 )
Bounds : ( 607.900, 149.760 ) ( 610.900, 150.160 )


SHORT: ( Metal Short ) Special Wire of Net VSS & Blockage of Cell MainMemory_data_sram  ( met2 )
Bounds : ( 607.900, 158.040 ) ( 610.900, 158.440 )


SHORT: ( Metal Short ) Special Wire of Net VSS & Blockage of Cell MainMemory_data_sram  ( met3 )
Bounds : ( 607.900, 141.480 ) ( 610.900, 141.880 )


SHORT: ( Metal Short ) Special Wire of Net VSS & Blockage of Cell MainMemory_data_sram  ( met3 )
Bounds : ( 607.900, 149.760 ) ( 610.900, 150.160 )


SHORT: ( Metal Short ) Special Wire of Net VSS & Blockage of Cell MainMemory_data_sram  ( met3 )
Bounds : ( 607.900, 158.040 ) ( 610.900, 158.440 )


SHORT: ( Metal Short ) Special Wire of Net VDD & Blockage of Cell MainMemory_data_sram  ( met3 )
Bounds : ( 634.900, 137.340 ) ( 637.900, 137.560 )


SHORT: ( Metal Short ) Special Wire of Net VDD & Blockage of Cell MainMemory_data_sram  ( met3 )
Bounds : ( 634.900, 145.620 ) ( 637.900, 146.020 )


SHORT: ( Metal Short ) Special Wire of Net VDD & Blockage of Cell MainMemory_data_sram  ( met3 )
Bounds : ( 634.900, 153.900 ) ( 637.900, 154.300 )


SHORT: ( Metal Short ) Special Wire of Net VDD & Blockage of Cell MainMemory_data_sram  ( met3 )
Bounds : ( 634.900, 162.180 ) ( 637.900, 162.580 )


SHORT: ( Metal Short ) Special Wire of Net VSS & Blockage of Cell MainMemory_data_sram  ( met3 )
Bounds : ( 657.900, 141.480 ) ( 660.900, 141.880 )


SHORT: ( Metal Short ) Special Wire of Net VSS & Blockage of Cell MainMemory_data_sram  ( met3 )
Bounds : ( 657.900, 149.760 ) ( 660.900, 150.160 )


SHORT: ( Metal Short ) Special Wire of Net VSS & Blockage of Cell MainMemory_data_sram  ( met3 )
Bounds : ( 657.900, 158.040 ) ( 660.900, 158.440 )


SHORT: ( Metal Short ) Special Wire of Net VDD & Blockage of Cell MainMemory_data_sram  ( met3 )
Bounds : ( 584.900, 153.900 ) ( 587.900, 154.300 )


SHORT: ( Metal Short ) Special Wire of Net VDD & Blockage of Cell MainMemory_data_sram  ( met3 )
Bounds : ( 534.900, 137.340 ) ( 537.900, 137.560 )


SHORT: ( Metal Short ) Special Wire of Net VDD & Blockage of Cell MainMemory_data_sram  ( met2 )
Bounds : ( 534.900, 137.340 ) ( 537.900, 137.740 )


SHORT: ( Metal Short ) Special Wire of Net VDD & Blockage of Cell MainMemory_data_sram  ( met2 )
Bounds : ( 534.900, 145.620 ) ( 537.900, 146.020 )


SHORT: ( Metal Short ) Special Wire of Net VDD & Blockage of Cell MainMemory_data_sram  ( met2 )
Bounds : ( 534.900, 153.900 ) ( 537.900, 154.300 )


SHORT: ( Metal Short ) Special Wire of Net VDD & Blockage of Cell MainMemory_data_sram  ( met2 )
Bounds : ( 534.900, 162.180 ) ( 537.900, 162.580 )


SHORT: ( Metal Short ) Special Wire of Net VSS & Blockage of Cell MainMemory_data_sram  ( met2 )
Bounds : ( 557.900, 141.480 ) ( 560.900, 141.880 )


SHORT: ( Metal Short ) Special Wire of Net VSS & Blockage of Cell MainMemory_data_sram  ( met2 )
Bounds : ( 557.900, 149.760 ) ( 560.900, 150.160 )


SHORT: ( Metal Short ) Special Wire of Net VSS & Blockage of Cell MainMemory_data_sram  ( met2 )
Bounds : ( 557.900, 158.040 ) ( 560.900, 158.440 )


SHORT: ( Metal Short ) Special Wire of Net VDD & Blockage of Cell MainMemory_data_sram  ( met2 )
Bounds : ( 584.900, 137.340 ) ( 587.900, 137.740 )


SHORT: ( Metal Short ) Special Wire of Net VDD & Blockage of Cell MainMemory_data_sram  ( met2 )
Bounds : ( 584.900, 145.620 ) ( 587.900, 146.020 )


SHORT: ( Metal Short ) Special Wire of Net VDD & Blockage of Cell MainMemory_data_sram  ( met2 )
Bounds : ( 584.900, 153.900 ) ( 587.900, 154.300 )


SHORT: ( Metal Short ) Special Wire of Net VDD & Blockage of Cell MainMemory_data_sram  ( met2 )
Bounds : ( 584.900, 162.180 ) ( 587.900, 162.580 )


SHORT: ( Metal Short ) Special Wire of Net VDD & Blockage of Cell MainMemory_data_sram  ( met3 )
Bounds : ( 534.900, 145.620 ) ( 537.900, 146.020 )


SHORT: ( Metal Short ) Special Wire of Net VDD & Blockage of Cell MainMemory_data_sram  ( met3 )
Bounds : ( 534.900, 153.900 ) ( 537.900, 154.300 )


SHORT: ( Metal Short ) Special Wire of Net VDD & Blockage of Cell MainMemory_data_sram  ( met3 )
Bounds : ( 534.900, 162.180 ) ( 537.900, 162.580 )


SHORT: ( Metal Short ) Special Wire of Net VSS & Blockage of Cell MainMemory_data_sram  ( met3 )
Bounds : ( 557.900, 141.480 ) ( 560.900, 141.880 )


SHORT: ( Metal Short ) Special Wire of Net VSS & Blockage of Cell MainMemory_data_sram  ( met3 )
Bounds : ( 557.900, 149.760 ) ( 560.900, 150.160 )


SHORT: ( Metal Short ) Special Wire of Net VSS & Blockage of Cell MainMemory_data_sram  ( met3 )
Bounds : ( 557.900, 158.040 ) ( 560.900, 158.440 )


SHORT: ( Metal Short ) Special Wire of Net VDD & Blockage of Cell MainMemory_data_sram  ( met3 )
Bounds : ( 584.900, 137.340 ) ( 587.900, 137.560 )


SHORT: ( Metal Short ) Special Wire of Net VDD & Blockage of Cell MainMemory_data_sram  ( met3 )
Bounds : ( 584.900, 145.620 ) ( 587.900, 146.020 )


SHORT: ( Metal Short ) Special Wire of Net VDD & Blockage of Cell MainMemory_data_sram  ( met3 )
Bounds : ( 584.900, 162.180 ) ( 587.900, 162.580 )


SHORT: ( Metal Short ) Special Wire of Net VDD & Blockage of Cell MainMemory_data_sram  ( met4 )
Bounds : ( 534.900, 134.020 ) ( 537.720, 549.320 )


SHORT: ( Metal Short ) Special Wire of Net VDD & Blockage of Cell MainMemory_data_sram  ( met4 )
Bounds : ( 534.900, 135.060 ) ( 537.900, 549.320 )


SHORT: ( Metal Short ) Special Wire of Net VSS & Blockage of Cell MainMemory_data_sram  ( met4 )
Bounds : ( 557.900, 134.020 ) ( 560.900, 549.320 )


SHORT: ( Metal Short ) Special Wire of Net VDD & Blockage of Cell MainMemory_data_sram  ( met4 )
Bounds : ( 584.900, 134.020 ) ( 587.900, 549.320 )


SHORT: ( Metal Short ) Special Wire of Net VSS & Blockage of Cell MainMemory_data_sram  ( met4 )
Bounds : ( 607.900, 134.020 ) ( 610.900, 549.320 )


SHORT: ( Metal Short ) Special Wire of Net VDD & Blockage of Cell MainMemory_data_sram  ( met4 )
Bounds : ( 634.900, 134.020 ) ( 637.680, 549.320 )


SHORT: ( Metal Short ) Special Wire of Net VDD & Blockage of Cell MainMemory_data_sram  ( met4 )
Bounds : ( 634.900, 135.060 ) ( 637.900, 549.320 )


SHORT: ( Metal Short ) Special Wire of Net VSS & Blockage of Cell MainMemory_data_sram  ( met4 )
Bounds : ( 657.900, 134.020 ) ( 660.900, 549.320 )


SHORT: ( Metal Short ) Special Wire of Net VDD & Blockage of Cell MainMemory_data_sram  ( met4 )
Bounds : ( 684.900, 134.020 ) ( 687.320, 549.320 )


SHORT: ( Metal Short ) Special Wire of Net VDD & Blockage of Cell MainMemory_data_sram  ( met4 )
Bounds : ( 684.900, 135.060 ) ( 687.900, 548.280 )


SHORT: ( Metal Short ) Special Wire of Net VSS & Blockage of Cell MainMemory_data_sram  ( met4 )
Bounds : ( 707.900, 134.020 ) ( 710.900, 549.320 )


SHORT: ( Metal Short ) Special Wire of Net VDD & Blockage of Cell MainMemory_data_sram  ( met4 )
Bounds : ( 734.900, 134.020 ) ( 737.900, 549.320 )


SHORT: ( Metal Short ) Special Wire of Net VSS & Blockage of Cell MainMemory_data_sram  ( met4 )
Bounds : ( 757.900, 134.020 ) ( 760.900, 549.320 )


SHORT: ( Metal Short ) Special Wire of Net VDD & Blockage of Cell MainMemory_data_sram  ( met4 )
Bounds : ( 784.900, 134.020 ) ( 786.600, 549.320 )


SHORT: ( Metal Short ) Special Wire of Net VDD & Blockage of Cell MainMemory_data_sram  ( met4 )
Bounds : ( 784.900, 135.060 ) ( 787.900, 549.320 )


SHORT: ( Metal Short ) Special Wire of Net VSS & Blockage of Cell MainMemory_data_sram  ( met4 )
Bounds : ( 807.900, 134.020 ) ( 810.900, 549.320 )


SHORT: ( Metal Short ) Special Wire of Net VDD & Blockage of Cell MainMemory_data_sram  ( met4 )
Bounds : ( 834.900, 134.020 ) ( 837.900, 548.280 )


SHORT: ( Metal Short ) Special Wire of Net VDD & Blockage of Cell MainMemory_data_sram  ( met2 )
Bounds : ( 484.900, 327.780 ) ( 487.900, 328.180 )


SHORT: ( Metal Short ) Special Wire of Net VDD & Blockage of Cell MainMemory_data_sram  ( met2 )
Bounds : ( 434.900, 327.780 ) ( 437.900, 328.180 )


SHORT: ( Metal Short ) Special Wire of Net VDD & Blockage of Cell MainMemory_data_sram  ( met2 )
Bounds : ( 434.900, 336.060 ) ( 437.900, 336.460 )


SHORT: ( Metal Short ) Special Wire of Net VDD & Blockage of Cell MainMemory_data_sram  ( met2 )
Bounds : ( 434.900, 344.340 ) ( 437.900, 344.740 )


SHORT: ( Metal Short ) Special Wire of Net VDD & Blockage of Cell MainMemory_data_sram  ( met2 )
Bounds : ( 434.900, 352.620 ) ( 437.900, 353.020 )


SHORT: ( Metal Short ) Special Wire of Net VDD & Blockage of Cell MainMemory_data_sram  ( met2 )
Bounds : ( 434.900, 360.900 ) ( 437.900, 361.300 )


SHORT: ( Metal Short ) Special Wire of Net VDD & Blockage of Cell MainMemory_data_sram  ( met2 )
Bounds : ( 434.900, 369.180 ) ( 437.900, 369.580 )


SHORT: ( Metal Short ) Special Wire of Net VSS & Blockage of Cell MainMemory_data_sram  ( met2 )
Bounds : ( 457.900, 331.920 ) ( 460.900, 332.320 )


SHORT: ( Metal Short ) Special Wire of Net VSS & Blockage of Cell MainMemory_data_sram  ( met2 )
Bounds : ( 457.900, 340.200 ) ( 460.900, 340.600 )


SHORT: ( Metal Short ) Special Wire of Net VSS & Blockage of Cell MainMemory_data_sram  ( met2 )
Bounds : ( 457.900, 348.480 ) ( 460.900, 348.880 )


SHORT: ( Metal Short ) Special Wire of Net VSS & Blockage of Cell MainMemory_data_sram  ( met2 )
Bounds : ( 457.900, 356.760 ) ( 460.900, 357.160 )


SHORT: ( Metal Short ) Special Wire of Net VSS & Blockage of Cell MainMemory_data_sram  ( met2 )
Bounds : ( 457.900, 365.040 ) ( 460.900, 365.440 )


SHORT: ( Metal Short ) Special Wire of Net VSS & Blockage of Cell MainMemory_data_sram  ( met2 )
Bounds : ( 457.900, 373.320 ) ( 460.900, 373.720 )


SHORT: ( Metal Short ) Special Wire of Net VDD & Blockage of Cell MainMemory_data_sram  ( met2 )
Bounds : ( 484.900, 336.060 ) ( 487.900, 336.460 )


SHORT: ( Metal Short ) Special Wire of Net VDD & Blockage of Cell MainMemory_data_sram  ( met2 )
Bounds : ( 484.900, 344.340 ) ( 487.900, 344.740 )


SHORT: ( Metal Short ) Special Wire of Net VDD & Blockage of Cell MainMemory_data_sram  ( met2 )
Bounds : ( 484.900, 352.620 ) ( 487.900, 353.020 )


SHORT: ( Metal Short ) Special Wire of Net VDD & Blockage of Cell MainMemory_data_sram  ( met2 )
Bounds : ( 484.900, 360.900 ) ( 487.900, 361.300 )


SHORT: ( Metal Short ) Special Wire of Net VDD & Blockage of Cell MainMemory_data_sram  ( met2 )
Bounds : ( 484.900, 369.180 ) ( 487.900, 369.580 )


SHORT: ( Metal Short ) Special Wire of Net VSS & Blockage of Cell MainMemory_data_sram  ( met2 )
Bounds : ( 507.900, 331.920 ) ( 510.900, 332.320 )


SHORT: ( Metal Short ) Special Wire of Net VSS & Blockage of Cell MainMemory_data_sram  ( met2 )
Bounds : ( 507.900, 340.200 ) ( 510.900, 340.600 )


SHORT: ( Metal Short ) Special Wire of Net VSS & Blockage of Cell MainMemory_data_sram  ( met2 )
Bounds : ( 507.900, 348.480 ) ( 510.900, 348.880 )


SHORT: ( Metal Short ) Special Wire of Net VSS & Blockage of Cell MainMemory_data_sram  ( met2 )
Bounds : ( 507.900, 356.760 ) ( 510.900, 357.160 )


SHORT: ( Metal Short ) Special Wire of Net VSS & Blockage of Cell MainMemory_data_sram  ( met2 )
Bounds : ( 507.900, 365.040 ) ( 510.900, 365.440 )


SHORT: ( Metal Short ) Special Wire of Net VSS & Blockage of Cell MainMemory_data_sram  ( met2 )
Bounds : ( 507.900, 373.320 ) ( 510.900, 373.720 )


SHORT: ( Metal Short ) Special Wire of Net VDD & Blockage of Cell MainMemory_data_sram  ( met3 )
Bounds : ( 384.900, 369.180 ) ( 387.900, 369.580 )


SHORT: ( Metal Short ) Special Wire of Net VSS & Blockage of Cell MainMemory_data_sram  ( met3 )
Bounds : ( 357.900, 373.320 ) ( 360.900, 373.720 )


SHORT: ( Metal Short ) Special Wire of Net VSS & Blockage of Cell MainMemory_data_sram  ( met2 )
Bounds : ( 407.900, 373.320 ) ( 410.900, 373.720 )


SHORT: ( Metal Short ) Special Wire of Net VDD & Blockage of Cell MainMemory_data_sram  ( met2 )
Bounds : ( 384.900, 369.180 ) ( 387.900, 369.580 )


SHORT: ( Metal Short ) Special Wire of Net VSS & Blockage of Cell MainMemory_data_sram  ( met2 )
Bounds : ( 357.900, 373.320 ) ( 360.900, 373.720 )


SHORT: ( Metal Short ) Special Wire of Net VDD & Blockage of Cell MainMemory_data_sram  ( met3 )
Bounds : ( 384.900, 360.900 ) ( 387.900, 361.300 )


SHORT: ( Metal Short ) Special Wire of Net VDD & Blockage of Cell MainMemory_data_sram  ( met3 )
Bounds : ( 384.900, 352.620 ) ( 387.900, 353.020 )


SHORT: ( Metal Short ) Special Wire of Net VDD & Blockage of Cell MainMemory_data_sram  ( met3 )
Bounds : ( 384.900, 344.340 ) ( 387.900, 344.740 )


SHORT: ( Metal Short ) Special Wire of Net VDD & Blockage of Cell MainMemory_data_sram  ( met3 )
Bounds : ( 384.900, 336.060 ) ( 387.900, 336.460 )


SHORT: ( Metal Short ) Special Wire of Net VDD & Blockage of Cell MainMemory_data_sram  ( met3 )
Bounds : ( 384.900, 327.780 ) ( 387.900, 328.180 )


SHORT: ( Metal Short ) Special Wire of Net VSS & Blockage of Cell MainMemory_data_sram  ( met3 )
Bounds : ( 357.900, 365.040 ) ( 360.900, 365.440 )


SHORT: ( Metal Short ) Special Wire of Net VSS & Blockage of Cell MainMemory_data_sram  ( met3 )
Bounds : ( 357.900, 356.760 ) ( 360.900, 357.160 )


SHORT: ( Metal Short ) Special Wire of Net VSS & Blockage of Cell MainMemory_data_sram  ( met3 )
Bounds : ( 357.900, 348.480 ) ( 360.900, 348.880 )


SHORT: ( Metal Short ) Special Wire of Net VSS & Blockage of Cell MainMemory_data_sram  ( met3 )
Bounds : ( 357.900, 340.200 ) ( 360.900, 340.600 )


SHORT: ( Metal Short ) Special Wire of Net VSS & Blockage of Cell MainMemory_data_sram  ( met3 )
Bounds : ( 357.900, 331.920 ) ( 360.900, 332.320 )


SHORT: ( Metal Short ) Special Wire of Net VSS & Blockage of Cell MainMemory_data_sram  ( met2 )
Bounds : ( 407.900, 365.040 ) ( 410.900, 365.440 )


SHORT: ( Metal Short ) Special Wire of Net VSS & Blockage of Cell MainMemory_data_sram  ( met2 )
Bounds : ( 407.900, 356.760 ) ( 410.900, 357.160 )


SHORT: ( Metal Short ) Special Wire of Net VSS & Blockage of Cell MainMemory_data_sram  ( met2 )
Bounds : ( 407.900, 348.480 ) ( 410.900, 348.880 )


SHORT: ( Metal Short ) Special Wire of Net VSS & Blockage of Cell MainMemory_data_sram  ( met2 )
Bounds : ( 407.900, 340.200 ) ( 410.900, 340.600 )


SHORT: ( Metal Short ) Special Wire of Net VSS & Blockage of Cell MainMemory_data_sram  ( met2 )
Bounds : ( 407.900, 331.920 ) ( 410.900, 332.320 )


SHORT: ( Metal Short ) Special Wire of Net VDD & Blockage of Cell MainMemory_data_sram  ( met2 )
Bounds : ( 384.900, 360.900 ) ( 387.900, 361.300 )


SHORT: ( Metal Short ) Special Wire of Net VDD & Blockage of Cell MainMemory_data_sram  ( met2 )
Bounds : ( 384.900, 352.620 ) ( 387.900, 353.020 )


SHORT: ( Metal Short ) Special Wire of Net VDD & Blockage of Cell MainMemory_data_sram  ( met2 )
Bounds : ( 384.900, 344.340 ) ( 387.900, 344.740 )


SHORT: ( Metal Short ) Special Wire of Net VDD & Blockage of Cell MainMemory_data_sram  ( met2 )
Bounds : ( 384.900, 336.060 ) ( 387.900, 336.460 )


SHORT: ( Metal Short ) Special Wire of Net VDD & Blockage of Cell MainMemory_data_sram  ( met2 )
Bounds : ( 384.900, 327.780 ) ( 387.900, 328.180 )


SHORT: ( Metal Short ) Special Wire of Net VSS & Blockage of Cell MainMemory_data_sram  ( met2 )
Bounds : ( 357.900, 365.040 ) ( 360.900, 365.440 )


SHORT: ( Metal Short ) Special Wire of Net VSS & Blockage of Cell MainMemory_data_sram  ( met2 )
Bounds : ( 357.900, 356.760 ) ( 360.900, 357.160 )


SHORT: ( Metal Short ) Special Wire of Net VSS & Blockage of Cell MainMemory_data_sram  ( met2 )
Bounds : ( 357.900, 348.480 ) ( 360.900, 348.880 )


SHORT: ( Metal Short ) Special Wire of Net VSS & Blockage of Cell MainMemory_data_sram  ( met2 )
Bounds : ( 357.900, 340.200 ) ( 360.900, 340.600 )


SHORT: ( Metal Short ) Special Wire of Net VSS & Blockage of Cell MainMemory_data_sram  ( met2 )
Bounds : ( 357.900, 331.920 ) ( 360.900, 332.320 )


SHORT: ( Metal Short ) Special Wire of Net VSS & Blockage of Cell MainMemory_data_sram  ( met3 )
Bounds : ( 307.900, 373.320 ) ( 310.900, 373.720 )


SHORT: ( Metal Short ) Special Wire of Net VDD & Blockage of Cell MainMemory_data_sram  ( met3 )
Bounds : ( 284.900, 369.180 ) ( 287.900, 369.580 )


SHORT: ( Metal Short ) Special Wire of Net VDD & Blockage of Cell MainMemory_data_sram  ( met2 )
Bounds : ( 334.900, 369.180 ) ( 337.900, 369.580 )


SHORT: ( Metal Short ) Special Wire of Net VSS & Blockage of Cell MainMemory_data_sram  ( met2 )
Bounds : ( 307.900, 373.320 ) ( 310.900, 373.720 )


SHORT: ( Metal Short ) Special Wire of Net VDD & Blockage of Cell MainMemory_data_sram  ( met2 )
Bounds : ( 284.900, 369.180 ) ( 287.900, 369.580 )


SHORT: ( Metal Short ) Special Wire of Net VDD & Blockage of Cell MainMemory_data_sram  ( met3 )
Bounds : ( 334.900, 369.180 ) ( 337.900, 369.580 )


SHORT: ( Metal Short ) Special Wire of Net VDD & Blockage of Cell MainMemory_data_sram  ( met3 )
Bounds : ( 334.900, 360.900 ) ( 337.900, 361.300 )


SHORT: ( Metal Short ) Special Wire of Net VDD & Blockage of Cell MainMemory_data_sram  ( met3 )
Bounds : ( 334.900, 352.620 ) ( 337.900, 353.020 )


SHORT: ( Metal Short ) Special Wire of Net VDD & Blockage of Cell MainMemory_data_sram  ( met3 )
Bounds : ( 334.900, 344.340 ) ( 337.900, 344.740 )


SHORT: ( Metal Short ) Special Wire of Net VDD & Blockage of Cell MainMemory_data_sram  ( met3 )
Bounds : ( 334.900, 336.060 ) ( 337.900, 336.460 )


SHORT: ( Metal Short ) Special Wire of Net VDD & Blockage of Cell MainMemory_data_sram  ( met3 )
Bounds : ( 334.900, 327.780 ) ( 337.900, 328.180 )


SHORT: ( Metal Short ) Special Wire of Net VDD & Blockage of Cell MainMemory_data_sram  ( met2 )
Bounds : ( 334.900, 344.340 ) ( 337.900, 344.740 )


SHORT: ( Metal Short ) Special Wire of Net VDD & Blockage of Cell MainMemory_data_sram  ( met2 )
Bounds : ( 334.900, 327.780 ) ( 337.900, 328.180 )


SHORT: ( Metal Short ) Special Wire of Net VDD & Blockage of Cell MainMemory_data_sram  ( met2 )
Bounds : ( 334.900, 336.060 ) ( 337.900, 336.460 )


SHORT: ( Metal Short ) Special Wire of Net VDD & Blockage of Cell MainMemory_data_sram  ( met2 )
Bounds : ( 334.900, 352.620 ) ( 337.900, 353.020 )


SHORT: ( Metal Short ) Special Wire of Net VDD & Blockage of Cell MainMemory_data_sram  ( met2 )
Bounds : ( 334.900, 360.900 ) ( 337.900, 361.300 )


SHORT: ( Metal Short ) Special Wire of Net VDD & Blockage of Cell MainMemory_data_sram  ( met2 )
Bounds : ( 284.900, 360.900 ) ( 287.900, 361.300 )


SHORT: ( Metal Short ) Special Wire of Net VDD & Blockage of Cell MainMemory_data_sram  ( met2 )
Bounds : ( 284.900, 352.620 ) ( 287.900, 353.020 )


SHORT: ( Metal Short ) Special Wire of Net VDD & Blockage of Cell MainMemory_data_sram  ( met2 )
Bounds : ( 284.900, 344.340 ) ( 287.900, 344.740 )


SHORT: ( Metal Short ) Special Wire of Net VDD & Blockage of Cell MainMemory_data_sram  ( met2 )
Bounds : ( 284.900, 336.060 ) ( 287.900, 336.460 )


SHORT: ( Metal Short ) Special Wire of Net VDD & Blockage of Cell MainMemory_data_sram  ( met2 )
Bounds : ( 284.900, 327.780 ) ( 287.900, 328.180 )


SHORT: ( Metal Short ) Special Wire of Net VDD & Blockage of Cell MainMemory_data_sram  ( met3 )
Bounds : ( 284.900, 327.780 ) ( 287.900, 328.180 )


SHORT: ( Metal Short ) Special Wire of Net VDD & Blockage of Cell MainMemory_data_sram  ( met3 )
Bounds : ( 284.900, 336.060 ) ( 287.900, 336.460 )


SHORT: ( Metal Short ) Special Wire of Net VDD & Blockage of Cell MainMemory_data_sram  ( met3 )
Bounds : ( 284.900, 344.340 ) ( 287.900, 344.740 )


SHORT: ( Metal Short ) Special Wire of Net VDD & Blockage of Cell MainMemory_data_sram  ( met3 )
Bounds : ( 284.900, 352.620 ) ( 287.900, 353.020 )


SHORT: ( Metal Short ) Special Wire of Net VDD & Blockage of Cell MainMemory_data_sram  ( met3 )
Bounds : ( 284.900, 360.900 ) ( 287.900, 361.300 )


SHORT: ( Metal Short ) Special Wire of Net VSS & Blockage of Cell MainMemory_data_sram  ( met3 )
Bounds : ( 307.900, 365.040 ) ( 310.900, 365.440 )


SHORT: ( Metal Short ) Special Wire of Net VSS & Blockage of Cell MainMemory_data_sram  ( met3 )
Bounds : ( 307.900, 356.760 ) ( 310.900, 357.160 )


SHORT: ( Metal Short ) Special Wire of Net VSS & Blockage of Cell MainMemory_data_sram  ( met3 )
Bounds : ( 307.900, 348.480 ) ( 310.900, 348.880 )


SHORT: ( Metal Short ) Special Wire of Net VSS & Blockage of Cell MainMemory_data_sram  ( met3 )
Bounds : ( 307.900, 340.200 ) ( 310.900, 340.600 )


SHORT: ( Metal Short ) Special Wire of Net VSS & Blockage of Cell MainMemory_data_sram  ( met3 )
Bounds : ( 307.900, 331.920 ) ( 310.900, 332.320 )


SHORT: ( Metal Short ) Special Wire of Net VSS & Blockage of Cell MainMemory_data_sram  ( met2 )
Bounds : ( 307.900, 365.040 ) ( 310.900, 365.440 )


SHORT: ( Metal Short ) Special Wire of Net VSS & Blockage of Cell MainMemory_data_sram  ( met2 )
Bounds : ( 307.900, 356.760 ) ( 310.900, 357.160 )


SHORT: ( Metal Short ) Special Wire of Net VSS & Blockage of Cell MainMemory_data_sram  ( met2 )
Bounds : ( 307.900, 348.480 ) ( 310.900, 348.880 )


SHORT: ( Metal Short ) Special Wire of Net VSS & Blockage of Cell MainMemory_data_sram  ( met2 )
Bounds : ( 307.900, 340.200 ) ( 310.900, 340.600 )


SHORT: ( Metal Short ) Special Wire of Net VSS & Blockage of Cell MainMemory_data_sram  ( met2 )
Bounds : ( 307.900, 331.920 ) ( 310.900, 332.320 )


SHORT: ( Metal Short ) Special Wire of Net VDD & Blockage of Cell MainMemory_data_sram  ( met3 )
Bounds : ( 234.900, 369.180 ) ( 237.900, 369.580 )


SHORT: ( Metal Short ) Special Wire of Net VSS & Blockage of Cell MainMemory_data_sram  ( met3 )
Bounds : ( 207.900, 373.320 ) ( 210.900, 373.720 )


SHORT: ( Metal Short ) Special Wire of Net VSS & Blockage of Cell MainMemory_data_sram  ( met2 )
Bounds : ( 207.900, 373.320 ) ( 210.900, 373.720 )


SHORT: ( Metal Short ) Special Wire of Net VDD & Blockage of Cell MainMemory_data_sram  ( met2 )
Bounds : ( 234.900, 369.180 ) ( 237.900, 369.580 )


SHORT: ( Metal Short ) Special Wire of Net VSS & Blockage of Cell MainMemory_data_sram  ( met2 )
Bounds : ( 257.900, 373.320 ) ( 260.900, 373.720 )


SHORT: ( Metal Short ) Special Wire of Net VSS & Blockage of Cell MainMemory_data_sram  ( met3 )
Bounds : ( 257.900, 373.320 ) ( 260.900, 373.720 )


SHORT: ( Metal Short ) Special Wire of Net VSS & Blockage of Cell MainMemory_data_sram  ( met3 )
Bounds : ( 257.900, 365.040 ) ( 260.900, 365.440 )


SHORT: ( Metal Short ) Special Wire of Net VSS & Blockage of Cell MainMemory_data_sram  ( met3 )
Bounds : ( 257.900, 356.760 ) ( 260.900, 357.160 )


SHORT: ( Metal Short ) Special Wire of Net VSS & Blockage of Cell MainMemory_data_sram  ( met3 )
Bounds : ( 257.900, 348.480 ) ( 260.900, 348.880 )


SHORT: ( Metal Short ) Special Wire of Net VSS & Blockage of Cell MainMemory_data_sram  ( met3 )
Bounds : ( 257.900, 340.200 ) ( 260.900, 340.600 )


SHORT: ( Metal Short ) Special Wire of Net VSS & Blockage of Cell MainMemory_data_sram  ( met3 )
Bounds : ( 257.900, 331.920 ) ( 260.900, 332.320 )


SHORT: ( Metal Short ) Special Wire of Net VSS & Blockage of Cell MainMemory_data_sram  ( met2 )
Bounds : ( 257.900, 365.040 ) ( 260.900, 365.440 )


SHORT: ( Metal Short ) Special Wire of Net VSS & Blockage of Cell MainMemory_data_sram  ( met2 )
Bounds : ( 257.900, 356.760 ) ( 260.900, 357.160 )


SHORT: ( Metal Short ) Special Wire of Net VSS & Blockage of Cell MainMemory_data_sram  ( met2 )
Bounds : ( 257.900, 348.480 ) ( 260.900, 348.880 )


SHORT: ( Metal Short ) Special Wire of Net VSS & Blockage of Cell MainMemory_data_sram  ( met2 )
Bounds : ( 257.900, 340.200 ) ( 260.900, 340.600 )


SHORT: ( Metal Short ) Special Wire of Net VSS & Blockage of Cell MainMemory_data_sram  ( met2 )
Bounds : ( 257.900, 331.920 ) ( 260.900, 332.320 )


SHORT: ( Metal Short ) Special Wire of Net VDD & Blockage of Cell MainMemory_data_sram  ( met2 )
Bounds : ( 234.900, 360.900 ) ( 237.900, 361.300 )


SHORT: ( Metal Short ) Special Wire of Net VDD & Blockage of Cell MainMemory_data_sram  ( met2 )
Bounds : ( 234.900, 352.620 ) ( 237.900, 353.020 )


SHORT: ( Metal Short ) Special Wire of Net VDD & Blockage of Cell MainMemory_data_sram  ( met2 )
Bounds : ( 234.900, 344.340 ) ( 237.900, 344.740 )


SHORT: ( Metal Short ) Special Wire of Net VDD & Blockage of Cell MainMemory_data_sram  ( met2 )
Bounds : ( 234.900, 336.060 ) ( 237.900, 336.460 )


SHORT: ( Metal Short ) Special Wire of Net VDD & Blockage of Cell MainMemory_data_sram  ( met2 )
Bounds : ( 234.900, 327.780 ) ( 237.900, 328.180 )


SHORT: ( Metal Short ) Special Wire of Net VDD & Blockage of Cell MainMemory_data_sram  ( met3 )
Bounds : ( 234.900, 327.780 ) ( 237.900, 328.180 )


SHORT: ( Metal Short ) Special Wire of Net VDD & Blockage of Cell MainMemory_data_sram  ( met3 )
Bounds : ( 234.900, 336.060 ) ( 237.900, 336.460 )


SHORT: ( Metal Short ) Special Wire of Net VDD & Blockage of Cell MainMemory_data_sram  ( met3 )
Bounds : ( 234.900, 344.340 ) ( 237.900, 344.740 )


SHORT: ( Metal Short ) Special Wire of Net VDD & Blockage of Cell MainMemory_data_sram  ( met3 )
Bounds : ( 234.900, 352.620 ) ( 237.900, 353.020 )


SHORT: ( Metal Short ) Special Wire of Net VDD & Blockage of Cell MainMemory_data_sram  ( met3 )
Bounds : ( 234.900, 360.900 ) ( 237.900, 361.300 )


SHORT: ( Metal Short ) Special Wire of Net VSS & Blockage of Cell MainMemory_data_sram  ( met2 )
Bounds : ( 207.900, 365.040 ) ( 210.900, 365.440 )


SHORT: ( Metal Short ) Special Wire of Net VSS & Blockage of Cell MainMemory_data_sram  ( met2 )
Bounds : ( 207.900, 356.760 ) ( 210.900, 357.160 )


SHORT: ( Metal Short ) Special Wire of Net VSS & Blockage of Cell MainMemory_data_sram  ( met2 )
Bounds : ( 207.900, 348.480 ) ( 210.900, 348.880 )


SHORT: ( Metal Short ) Special Wire of Net VSS & Blockage of Cell MainMemory_data_sram  ( met2 )
Bounds : ( 207.900, 340.200 ) ( 210.900, 340.600 )


SHORT: ( Metal Short ) Special Wire of Net VSS & Blockage of Cell MainMemory_data_sram  ( met2 )
Bounds : ( 207.900, 331.920 ) ( 210.900, 332.320 )


SHORT: ( Metal Short ) Special Wire of Net VSS & Blockage of Cell MainMemory_data_sram  ( met3 )
Bounds : ( 207.900, 331.920 ) ( 210.900, 332.320 )


SHORT: ( Metal Short ) Special Wire of Net VSS & Blockage of Cell MainMemory_data_sram  ( met3 )
Bounds : ( 207.900, 340.200 ) ( 210.900, 340.600 )


SHORT: ( Metal Short ) Special Wire of Net VSS & Blockage of Cell MainMemory_data_sram  ( met3 )
Bounds : ( 207.900, 348.480 ) ( 210.900, 348.880 )


SHORT: ( Metal Short ) Special Wire of Net VSS & Blockage of Cell MainMemory_data_sram  ( met3 )
Bounds : ( 207.900, 356.760 ) ( 210.900, 357.160 )


SHORT: ( Metal Short ) Special Wire of Net VSS & Blockage of Cell MainMemory_data_sram  ( met3 )
Bounds : ( 207.900, 365.040 ) ( 210.900, 365.440 )


SHORT: ( Metal Short ) Special Wire of Net VDD & Blockage of Cell MainMemory_data_sram  ( met2 )
Bounds : ( 184.900, 327.780 ) ( 187.900, 328.180 )


SHORT: ( Metal Short ) Special Wire of Net VDD & Blockage of Cell MainMemory_data_sram  ( met2 )
Bounds : ( 184.900, 336.060 ) ( 187.900, 336.460 )


SHORT: ( Metal Short ) Special Wire of Net VDD & Blockage of Cell MainMemory_data_sram  ( met2 )
Bounds : ( 184.900, 344.340 ) ( 187.900, 344.740 )


SHORT: ( Metal Short ) Special Wire of Net VDD & Blockage of Cell MainMemory_data_sram  ( met2 )
Bounds : ( 184.900, 352.620 ) ( 187.900, 353.020 )


SHORT: ( Metal Short ) Special Wire of Net VDD & Blockage of Cell MainMemory_data_sram  ( met2 )
Bounds : ( 184.900, 360.900 ) ( 187.900, 361.300 )


SHORT: ( Metal Short ) Special Wire of Net VDD & Blockage of Cell MainMemory_data_sram  ( met2 )
Bounds : ( 184.900, 369.180 ) ( 187.900, 369.580 )


SHORT: ( Metal Short ) Special Wire of Net VDD & Blockage of Cell MainMemory_data_sram  ( met3 )
Bounds : ( 184.900, 327.780 ) ( 187.900, 328.180 )


SHORT: ( Metal Short ) Special Wire of Net VDD & Blockage of Cell MainMemory_data_sram  ( met3 )
Bounds : ( 184.900, 336.060 ) ( 187.900, 336.460 )


SHORT: ( Metal Short ) Special Wire of Net VDD & Blockage of Cell MainMemory_data_sram  ( met3 )
Bounds : ( 184.900, 344.340 ) ( 187.900, 344.740 )


SHORT: ( Metal Short ) Special Wire of Net VDD & Blockage of Cell MainMemory_data_sram  ( met3 )
Bounds : ( 184.900, 352.620 ) ( 187.900, 353.020 )


SHORT: ( Metal Short ) Special Wire of Net VDD & Blockage of Cell MainMemory_data_sram  ( met3 )
Bounds : ( 184.900, 360.900 ) ( 187.900, 361.300 )


SHORT: ( Metal Short ) Special Wire of Net VDD & Blockage of Cell MainMemory_data_sram  ( met3 )
Bounds : ( 184.900, 369.180 ) ( 187.900, 369.580 )


SHORT: ( Metal Short ) Special Wire of Net VDD & Blockage of Cell MainMemory_data_sram  ( met2 )
Bounds : ( 484.900, 319.500 ) ( 487.900, 319.900 )


SHORT: ( Metal Short ) Special Wire of Net VDD & Blockage of Cell MainMemory_data_sram  ( met2 )
Bounds : ( 484.900, 311.220 ) ( 487.900, 311.620 )


SHORT: ( Metal Short ) Special Wire of Net VDD & Blockage of Cell MainMemory_data_sram  ( met2 )
Bounds : ( 484.900, 302.940 ) ( 487.900, 303.340 )


SHORT: ( Metal Short ) Special Wire of Net VDD & Blockage of Cell MainMemory_data_sram  ( met2 )
Bounds : ( 484.900, 294.660 ) ( 487.900, 295.060 )


SHORT: ( Metal Short ) Special Wire of Net VDD & Blockage of Cell MainMemory_data_sram  ( met2 )
Bounds : ( 484.900, 286.380 ) ( 487.900, 286.780 )


SHORT: ( Metal Short ) Special Wire of Net VSS & Blockage of Cell MainMemory_data_sram  ( met2 )
Bounds : ( 457.900, 323.640 ) ( 460.900, 324.040 )


SHORT: ( Metal Short ) Special Wire of Net VSS & Blockage of Cell MainMemory_data_sram  ( met2 )
Bounds : ( 457.900, 315.360 ) ( 460.900, 315.760 )


SHORT: ( Metal Short ) Special Wire of Net VSS & Blockage of Cell MainMemory_data_sram  ( met2 )
Bounds : ( 457.900, 307.080 ) ( 460.900, 307.480 )


SHORT: ( Metal Short ) Special Wire of Net VSS & Blockage of Cell MainMemory_data_sram  ( met2 )
Bounds : ( 457.900, 298.800 ) ( 460.900, 299.200 )


SHORT: ( Metal Short ) Special Wire of Net VSS & Blockage of Cell MainMemory_data_sram  ( met2 )
Bounds : ( 457.900, 290.520 ) ( 460.900, 290.920 )


SHORT: ( Metal Short ) Special Wire of Net VDD & Blockage of Cell MainMemory_data_sram  ( met2 )
Bounds : ( 434.900, 319.500 ) ( 437.900, 319.900 )


SHORT: ( Metal Short ) Special Wire of Net VDD & Blockage of Cell MainMemory_data_sram  ( met2 )
Bounds : ( 434.900, 311.220 ) ( 437.900, 311.620 )


SHORT: ( Metal Short ) Special Wire of Net VDD & Blockage of Cell MainMemory_data_sram  ( met2 )
Bounds : ( 434.900, 302.940 ) ( 437.900, 303.340 )


SHORT: ( Metal Short ) Special Wire of Net VDD & Blockage of Cell MainMemory_data_sram  ( met2 )
Bounds : ( 434.900, 294.660 ) ( 437.900, 295.060 )


SHORT: ( Metal Short ) Special Wire of Net VDD & Blockage of Cell MainMemory_data_sram  ( met2 )
Bounds : ( 434.900, 286.380 ) ( 437.900, 286.780 )


SHORT: ( Metal Short ) Special Wire of Net VSS & Blockage of Cell MainMemory_data_sram  ( met2 )
Bounds : ( 507.900, 290.520 ) ( 510.900, 290.920 )


SHORT: ( Metal Short ) Special Wire of Net VSS & Blockage of Cell MainMemory_data_sram  ( met2 )
Bounds : ( 507.900, 298.800 ) ( 510.900, 299.200 )


SHORT: ( Metal Short ) Special Wire of Net VSS & Blockage of Cell MainMemory_data_sram  ( met2 )
Bounds : ( 507.900, 307.080 ) ( 510.900, 307.480 )


SHORT: ( Metal Short ) Special Wire of Net VSS & Blockage of Cell MainMemory_data_sram  ( met2 )
Bounds : ( 507.900, 315.360 ) ( 510.900, 315.760 )


SHORT: ( Metal Short ) Special Wire of Net VSS & Blockage of Cell MainMemory_data_sram  ( met2 )
Bounds : ( 507.900, 323.640 ) ( 510.900, 324.040 )


SHORT: ( Metal Short ) Special Wire of Net VDD & Blockage of Cell MainMemory_data_sram  ( met2 )
Bounds : ( 484.900, 278.100 ) ( 487.900, 278.500 )


SHORT: ( Metal Short ) Special Wire of Net VDD & Blockage of Cell MainMemory_data_sram  ( met2 )
Bounds : ( 484.900, 269.820 ) ( 487.900, 270.220 )


SHORT: ( Metal Short ) Special Wire of Net VDD & Blockage of Cell MainMemory_data_sram  ( met2 )
Bounds : ( 484.900, 261.540 ) ( 487.900, 261.940 )


SHORT: ( Metal Short ) Special Wire of Net VDD & Blockage of Cell MainMemory_data_sram  ( met2 )
Bounds : ( 484.900, 253.260 ) ( 487.900, 253.660 )


SHORT: ( Metal Short ) Special Wire of Net VDD & Blockage of Cell MainMemory_data_sram  ( met2 )
Bounds : ( 484.900, 244.980 ) ( 487.900, 245.380 )


SHORT: ( Metal Short ) Special Wire of Net VSS & Blockage of Cell MainMemory_data_sram  ( met2 )
Bounds : ( 457.900, 282.240 ) ( 460.900, 282.640 )


SHORT: ( Metal Short ) Special Wire of Net VSS & Blockage of Cell MainMemory_data_sram  ( met2 )
Bounds : ( 457.900, 273.960 ) ( 460.900, 274.360 )


SHORT: ( Metal Short ) Special Wire of Net VSS & Blockage of Cell MainMemory_data_sram  ( met2 )
Bounds : ( 457.900, 265.680 ) ( 460.900, 266.080 )


SHORT: ( Metal Short ) Special Wire of Net VSS & Blockage of Cell MainMemory_data_sram  ( met2 )
Bounds : ( 457.900, 257.400 ) ( 460.900, 257.800 )


SHORT: ( Metal Short ) Special Wire of Net VSS & Blockage of Cell MainMemory_data_sram  ( met2 )
Bounds : ( 457.900, 249.120 ) ( 460.900, 249.520 )


SHORT: ( Metal Short ) Special Wire of Net VDD & Blockage of Cell MainMemory_data_sram  ( met2 )
Bounds : ( 434.900, 278.100 ) ( 437.900, 278.500 )


SHORT: ( Metal Short ) Special Wire of Net VDD & Blockage of Cell MainMemory_data_sram  ( met2 )
Bounds : ( 434.900, 269.820 ) ( 437.900, 270.220 )


SHORT: ( Metal Short ) Special Wire of Net VDD & Blockage of Cell MainMemory_data_sram  ( met2 )
Bounds : ( 434.900, 261.540 ) ( 437.900, 261.940 )


SHORT: ( Metal Short ) Special Wire of Net VDD & Blockage of Cell MainMemory_data_sram  ( met2 )
Bounds : ( 434.900, 253.260 ) ( 437.900, 253.660 )


SHORT: ( Metal Short ) Special Wire of Net VDD & Blockage of Cell MainMemory_data_sram  ( met2 )
Bounds : ( 434.900, 244.980 ) ( 437.900, 245.380 )


SHORT: ( Metal Short ) Special Wire of Net VSS & Blockage of Cell MainMemory_data_sram  ( met2 )
Bounds : ( 507.900, 249.120 ) ( 510.900, 249.520 )


SHORT: ( Metal Short ) Special Wire of Net VSS & Blockage of Cell MainMemory_data_sram  ( met2 )
Bounds : ( 507.900, 257.400 ) ( 510.900, 257.800 )


SHORT: ( Metal Short ) Special Wire of Net VSS & Blockage of Cell MainMemory_data_sram  ( met2 )
Bounds : ( 507.900, 265.680 ) ( 510.900, 266.080 )


SHORT: ( Metal Short ) Special Wire of Net VSS & Blockage of Cell MainMemory_data_sram  ( met2 )
Bounds : ( 507.900, 273.960 ) ( 510.900, 274.360 )


SHORT: ( Metal Short ) Special Wire of Net VSS & Blockage of Cell MainMemory_data_sram  ( met2 )
Bounds : ( 507.900, 282.240 ) ( 510.900, 282.640 )


SHORT: ( Metal Short ) Special Wire of Net VSS & Blockage of Cell MainMemory_data_sram  ( met2 )
Bounds : ( 357.900, 290.520 ) ( 360.900, 290.920 )


SHORT: ( Metal Short ) Special Wire of Net VSS & Blockage of Cell MainMemory_data_sram  ( met2 )
Bounds : ( 357.900, 298.800 ) ( 360.900, 299.200 )


SHORT: ( Metal Short ) Special Wire of Net VSS & Blockage of Cell MainMemory_data_sram  ( met2 )
Bounds : ( 357.900, 307.080 ) ( 360.900, 307.480 )


SHORT: ( Metal Short ) Special Wire of Net VSS & Blockage of Cell MainMemory_data_sram  ( met2 )
Bounds : ( 357.900, 315.360 ) ( 360.900, 315.760 )


SHORT: ( Metal Short ) Special Wire of Net VSS & Blockage of Cell MainMemory_data_sram  ( met2 )
Bounds : ( 357.900, 323.640 ) ( 360.900, 324.040 )


SHORT: ( Metal Short ) Special Wire of Net VDD & Blockage of Cell MainMemory_data_sram  ( met2 )
Bounds : ( 384.900, 286.380 ) ( 387.900, 286.780 )


SHORT: ( Metal Short ) Special Wire of Net VDD & Blockage of Cell MainMemory_data_sram  ( met2 )
Bounds : ( 384.900, 294.660 ) ( 387.900, 295.060 )


SHORT: ( Metal Short ) Special Wire of Net VDD & Blockage of Cell MainMemory_data_sram  ( met2 )
Bounds : ( 384.900, 302.940 ) ( 387.900, 303.340 )


SHORT: ( Metal Short ) Special Wire of Net VDD & Blockage of Cell MainMemory_data_sram  ( met2 )
Bounds : ( 384.900, 311.220 ) ( 387.900, 311.620 )


SHORT: ( Metal Short ) Special Wire of Net VDD & Blockage of Cell MainMemory_data_sram  ( met2 )
Bounds : ( 384.900, 319.500 ) ( 387.900, 319.900 )


SHORT: ( Metal Short ) Special Wire of Net VSS & Blockage of Cell MainMemory_data_sram  ( met2 )
Bounds : ( 407.900, 290.520 ) ( 410.900, 290.920 )


SHORT: ( Metal Short ) Special Wire of Net VSS & Blockage of Cell MainMemory_data_sram  ( met2 )
Bounds : ( 407.900, 298.800 ) ( 410.900, 299.200 )


SHORT: ( Metal Short ) Special Wire of Net VSS & Blockage of Cell MainMemory_data_sram  ( met2 )
Bounds : ( 407.900, 307.080 ) ( 410.900, 307.480 )


SHORT: ( Metal Short ) Special Wire of Net VSS & Blockage of Cell MainMemory_data_sram  ( met2 )
Bounds : ( 407.900, 315.360 ) ( 410.900, 315.760 )


SHORT: ( Metal Short ) Special Wire of Net VSS & Blockage of Cell MainMemory_data_sram  ( met2 )
Bounds : ( 407.900, 323.640 ) ( 410.900, 324.040 )


SHORT: ( Metal Short ) Special Wire of Net VSS & Blockage of Cell MainMemory_data_sram  ( met3 )
Bounds : ( 357.900, 290.520 ) ( 360.900, 290.920 )


SHORT: ( Metal Short ) Special Wire of Net VSS & Blockage of Cell MainMemory_data_sram  ( met3 )
Bounds : ( 357.900, 298.800 ) ( 360.900, 299.200 )


SHORT: ( Metal Short ) Special Wire of Net VSS & Blockage of Cell MainMemory_data_sram  ( met3 )
Bounds : ( 357.900, 307.080 ) ( 360.900, 307.480 )


SHORT: ( Metal Short ) Special Wire of Net VSS & Blockage of Cell MainMemory_data_sram  ( met3 )
Bounds : ( 357.900, 315.360 ) ( 360.900, 315.760 )


SHORT: ( Metal Short ) Special Wire of Net VSS & Blockage of Cell MainMemory_data_sram  ( met3 )
Bounds : ( 357.900, 323.640 ) ( 360.900, 324.040 )


SHORT: ( Metal Short ) Special Wire of Net VDD & Blockage of Cell MainMemory_data_sram  ( met3 )
Bounds : ( 384.900, 286.380 ) ( 387.900, 286.780 )


SHORT: ( Metal Short ) Special Wire of Net VDD & Blockage of Cell MainMemory_data_sram  ( met3 )
Bounds : ( 384.900, 294.660 ) ( 387.900, 295.060 )


SHORT: ( Metal Short ) Special Wire of Net VDD & Blockage of Cell MainMemory_data_sram  ( met3 )
Bounds : ( 384.900, 302.940 ) ( 387.900, 303.340 )


SHORT: ( Metal Short ) Special Wire of Net VDD & Blockage of Cell MainMemory_data_sram  ( met3 )
Bounds : ( 384.900, 311.220 ) ( 387.900, 311.620 )


SHORT: ( Metal Short ) Special Wire of Net VDD & Blockage of Cell MainMemory_data_sram  ( met3 )
Bounds : ( 384.900, 319.500 ) ( 387.900, 319.900 )


SHORT: ( Metal Short ) Special Wire of Net VSS & Blockage of Cell MainMemory_data_sram  ( met3 )
Bounds : ( 407.900, 290.520 ) ( 410.900, 290.920 )


SHORT: ( Metal Short ) Special Wire of Net VSS & Blockage of Cell MainMemory_data_sram  ( met3 )
Bounds : ( 407.900, 298.800 ) ( 410.900, 299.200 )


SHORT: ( Metal Short ) Special Wire of Net VSS & Blockage of Cell MainMemory_data_sram  ( met3 )
Bounds : ( 407.900, 282.240 ) ( 410.900, 282.640 )


SHORT: ( Metal Short ) Special Wire of Net VSS & Blockage of Cell MainMemory_data_sram  ( met3 )
Bounds : ( 407.900, 273.960 ) ( 410.900, 274.360 )


SHORT: ( Metal Short ) Special Wire of Net VSS & Blockage of Cell MainMemory_data_sram  ( met3 )
Bounds : ( 407.900, 265.680 ) ( 410.900, 266.080 )


SHORT: ( Metal Short ) Special Wire of Net VSS & Blockage of Cell MainMemory_data_sram  ( met3 )
Bounds : ( 407.900, 257.400 ) ( 410.900, 257.800 )


SHORT: ( Metal Short ) Special Wire of Net VSS & Blockage of Cell MainMemory_data_sram  ( met3 )
Bounds : ( 407.900, 249.120 ) ( 410.900, 249.520 )


SHORT: ( Metal Short ) Special Wire of Net VSS & Blockage of Cell MainMemory_data_sram  ( met2 )
Bounds : ( 407.900, 282.240 ) ( 410.900, 282.640 )


SHORT: ( Metal Short ) Special Wire of Net VSS & Blockage of Cell MainMemory_data_sram  ( met2 )
Bounds : ( 407.900, 273.960 ) ( 410.900, 274.360 )


SHORT: ( Metal Short ) Special Wire of Net VSS & Blockage of Cell MainMemory_data_sram  ( met2 )
Bounds : ( 407.900, 265.680 ) ( 410.900, 266.080 )


SHORT: ( Metal Short ) Special Wire of Net VSS & Blockage of Cell MainMemory_data_sram  ( met2 )
Bounds : ( 407.900, 257.400 ) ( 410.900, 257.800 )


SHORT: ( Metal Short ) Special Wire of Net VSS & Blockage of Cell MainMemory_data_sram  ( met2 )
Bounds : ( 407.900, 249.120 ) ( 410.900, 249.520 )


SHORT: ( Metal Short ) Special Wire of Net VDD & Blockage of Cell MainMemory_data_sram  ( met3 )
Bounds : ( 384.900, 278.100 ) ( 387.900, 278.500 )


SHORT: ( Metal Short ) Special Wire of Net VDD & Blockage of Cell MainMemory_data_sram  ( met3 )
Bounds : ( 384.900, 269.820 ) ( 387.900, 270.220 )


SHORT: ( Metal Short ) Special Wire of Net VDD & Blockage of Cell MainMemory_data_sram  ( met3 )
Bounds : ( 384.900, 261.540 ) ( 387.900, 261.940 )


SHORT: ( Metal Short ) Special Wire of Net VDD & Blockage of Cell MainMemory_data_sram  ( met3 )
Bounds : ( 384.900, 253.260 ) ( 387.900, 253.660 )


SHORT: ( Metal Short ) Special Wire of Net VDD & Blockage of Cell MainMemory_data_sram  ( met3 )
Bounds : ( 384.900, 244.980 ) ( 387.900, 245.380 )


SHORT: ( Metal Short ) Special Wire of Net VSS & Blockage of Cell MainMemory_data_sram  ( met3 )
Bounds : ( 357.900, 282.240 ) ( 360.900, 282.640 )


SHORT: ( Metal Short ) Special Wire of Net VSS & Blockage of Cell MainMemory_data_sram  ( met3 )
Bounds : ( 357.900, 273.960 ) ( 360.900, 274.360 )


SHORT: ( Metal Short ) Special Wire of Net VSS & Blockage of Cell MainMemory_data_sram  ( met3 )
Bounds : ( 357.900, 265.680 ) ( 360.900, 266.080 )


SHORT: ( Metal Short ) Special Wire of Net VSS & Blockage of Cell MainMemory_data_sram  ( met3 )
Bounds : ( 357.900, 257.400 ) ( 360.900, 257.800 )


SHORT: ( Metal Short ) Special Wire of Net VDD & Blockage of Cell MainMemory_data_sram  ( met2 )
Bounds : ( 384.900, 278.100 ) ( 387.900, 278.500 )


SHORT: ( Metal Short ) Special Wire of Net VDD & Blockage of Cell MainMemory_data_sram  ( met2 )
Bounds : ( 384.900, 269.820 ) ( 387.900, 270.220 )


SHORT: ( Metal Short ) Special Wire of Net VDD & Blockage of Cell MainMemory_data_sram  ( met2 )
Bounds : ( 384.900, 261.540 ) ( 387.900, 261.940 )


SHORT: ( Metal Short ) Special Wire of Net VDD & Blockage of Cell MainMemory_data_sram  ( met2 )
Bounds : ( 384.900, 253.260 ) ( 387.900, 253.660 )


SHORT: ( Metal Short ) Special Wire of Net VDD & Blockage of Cell MainMemory_data_sram  ( met2 )
Bounds : ( 384.900, 244.980 ) ( 387.900, 245.380 )


SHORT: ( Metal Short ) Special Wire of Net VSS & Blockage of Cell MainMemory_data_sram  ( met2 )
Bounds : ( 357.900, 282.240 ) ( 360.900, 282.640 )


SHORT: ( Metal Short ) Special Wire of Net VSS & Blockage of Cell MainMemory_data_sram  ( met2 )
Bounds : ( 357.900, 273.960 ) ( 360.900, 274.360 )


SHORT: ( Metal Short ) Special Wire of Net VSS & Blockage of Cell MainMemory_data_sram  ( met2 )
Bounds : ( 357.900, 265.680 ) ( 360.900, 266.080 )


SHORT: ( Metal Short ) Special Wire of Net VSS & Blockage of Cell MainMemory_data_sram  ( met2 )
Bounds : ( 357.900, 257.400 ) ( 360.900, 257.800 )


SHORT: ( Metal Short ) Special Wire of Net VSS & Blockage of Cell MainMemory_data_sram  ( met2 )
Bounds : ( 357.900, 249.120 ) ( 360.900, 249.520 )


SHORT: ( Metal Short ) Special Wire of Net VSS & Blockage of Cell MainMemory_data_sram  ( met3 )
Bounds : ( 357.900, 249.120 ) ( 360.900, 249.520 )


SHORT: ( Metal Short ) Special Wire of Net VDD & Blockage of Cell MainMemory_data_sram  ( met2 )
Bounds : ( 434.900, 236.700 ) ( 437.900, 237.100 )


SHORT: ( Metal Short ) Special Wire of Net VDD & Blockage of Cell MainMemory_data_sram  ( met2 )
Bounds : ( 434.900, 228.420 ) ( 437.900, 228.820 )


SHORT: ( Metal Short ) Special Wire of Net VDD & Blockage of Cell MainMemory_data_sram  ( met2 )
Bounds : ( 434.900, 220.140 ) ( 437.900, 220.540 )


SHORT: ( Metal Short ) Special Wire of Net VDD & Blockage of Cell MainMemory_data_sram  ( met2 )
Bounds : ( 434.900, 211.860 ) ( 437.900, 212.260 )


SHORT: ( Metal Short ) Special Wire of Net VDD & Blockage of Cell MainMemory_data_sram  ( met2 )
Bounds : ( 434.900, 203.580 ) ( 437.900, 203.980 )


SHORT: ( Metal Short ) Special Wire of Net VSS & Blockage of Cell MainMemory_data_sram  ( met2 )
Bounds : ( 457.900, 207.720 ) ( 460.900, 208.120 )


SHORT: ( Metal Short ) Special Wire of Net VSS & Blockage of Cell MainMemory_data_sram  ( met2 )
Bounds : ( 457.900, 216.000 ) ( 460.900, 216.400 )


SHORT: ( Metal Short ) Special Wire of Net VSS & Blockage of Cell MainMemory_data_sram  ( met2 )
Bounds : ( 457.900, 224.280 ) ( 460.900, 224.680 )


SHORT: ( Metal Short ) Special Wire of Net VSS & Blockage of Cell MainMemory_data_sram  ( met2 )
Bounds : ( 457.900, 232.560 ) ( 460.900, 232.960 )


SHORT: ( Metal Short ) Special Wire of Net VSS & Blockage of Cell MainMemory_data_sram  ( met2 )
Bounds : ( 457.900, 240.840 ) ( 460.900, 241.240 )


SHORT: ( Metal Short ) Special Wire of Net VDD & Blockage of Cell MainMemory_data_sram  ( met2 )
Bounds : ( 484.900, 203.580 ) ( 487.900, 203.980 )


SHORT: ( Metal Short ) Special Wire of Net VDD & Blockage of Cell MainMemory_data_sram  ( met2 )
Bounds : ( 484.900, 211.860 ) ( 487.900, 212.260 )


SHORT: ( Metal Short ) Special Wire of Net VDD & Blockage of Cell MainMemory_data_sram  ( met2 )
Bounds : ( 484.900, 220.140 ) ( 487.900, 220.540 )


SHORT: ( Metal Short ) Special Wire of Net VDD & Blockage of Cell MainMemory_data_sram  ( met2 )
Bounds : ( 484.900, 228.420 ) ( 487.900, 228.820 )


SHORT: ( Metal Short ) Special Wire of Net VDD & Blockage of Cell MainMemory_data_sram  ( met2 )
Bounds : ( 484.900, 236.700 ) ( 487.900, 237.100 )


SHORT: ( Metal Short ) Special Wire of Net VSS & Blockage of Cell MainMemory_data_sram  ( met2 )
Bounds : ( 507.900, 207.720 ) ( 510.900, 208.120 )


SHORT: ( Metal Short ) Special Wire of Net VSS & Blockage of Cell MainMemory_data_sram  ( met2 )
Bounds : ( 507.900, 216.000 ) ( 510.900, 216.400 )


SHORT: ( Metal Short ) Special Wire of Net VSS & Blockage of Cell MainMemory_data_sram  ( met2 )
Bounds : ( 507.900, 224.280 ) ( 510.900, 224.680 )


SHORT: ( Metal Short ) Special Wire of Net VSS & Blockage of Cell MainMemory_data_sram  ( met2 )
Bounds : ( 507.900, 232.560 ) ( 510.900, 232.960 )


SHORT: ( Metal Short ) Special Wire of Net VSS & Blockage of Cell MainMemory_data_sram  ( met2 )
Bounds : ( 507.900, 240.840 ) ( 510.900, 241.240 )


SHORT: ( Metal Short ) Special Wire of Net VSS & Blockage of Cell MainMemory_data_sram  ( met2 )
Bounds : ( 507.900, 199.440 ) ( 510.900, 199.840 )


SHORT: ( Metal Short ) Special Wire of Net VSS & Blockage of Cell MainMemory_data_sram  ( met2 )
Bounds : ( 507.900, 191.160 ) ( 510.900, 191.560 )


SHORT: ( Metal Short ) Special Wire of Net VDD & Blockage of Cell MainMemory_data_sram  ( met2 )
Bounds : ( 484.900, 195.300 ) ( 487.900, 195.700 )


SHORT: ( Metal Short ) Special Wire of Net VDD & Blockage of Cell MainMemory_data_sram  ( met2 )
Bounds : ( 484.900, 170.460 ) ( 487.900, 170.860 )


SHORT: ( Metal Short ) Special Wire of Net VDD & Blockage of Cell MainMemory_data_sram  ( met2 )
Bounds : ( 484.900, 178.740 ) ( 487.900, 179.140 )


SHORT: ( Metal Short ) Special Wire of Net VDD & Blockage of Cell MainMemory_data_sram  ( met2 )
Bounds : ( 484.900, 187.020 ) ( 487.900, 187.420 )


SHORT: ( Metal Short ) Special Wire of Net VSS & Blockage of Cell MainMemory_data_sram  ( met2 )
Bounds : ( 507.900, 166.320 ) ( 510.900, 166.720 )


SHORT: ( Metal Short ) Special Wire of Net VSS & Blockage of Cell MainMemory_data_sram  ( met2 )
Bounds : ( 507.900, 174.600 ) ( 510.900, 175.000 )


SHORT: ( Metal Short ) Special Wire of Net VSS & Blockage of Cell MainMemory_data_sram  ( met2 )
Bounds : ( 507.900, 182.880 ) ( 510.900, 183.280 )


SHORT: ( Metal Short ) Special Wire of Net VDD & Blockage of Cell MainMemory_data_sram  ( met3 )
Bounds : ( 484.900, 170.460 ) ( 487.900, 170.860 )


SHORT: ( Metal Short ) Special Wire of Net VDD & Blockage of Cell MainMemory_data_sram  ( met3 )
Bounds : ( 484.900, 178.740 ) ( 487.900, 179.140 )


SHORT: ( Metal Short ) Special Wire of Net VDD & Blockage of Cell MainMemory_data_sram  ( met3 )
Bounds : ( 484.900, 187.020 ) ( 487.900, 187.420 )


SHORT: ( Metal Short ) Special Wire of Net VSS & Blockage of Cell MainMemory_data_sram  ( met3 )
Bounds : ( 507.900, 166.320 ) ( 510.900, 166.720 )


SHORT: ( Metal Short ) Special Wire of Net VSS & Blockage of Cell MainMemory_data_sram  ( met3 )
Bounds : ( 507.900, 174.600 ) ( 510.900, 175.000 )


SHORT: ( Metal Short ) Special Wire of Net VSS & Blockage of Cell MainMemory_data_sram  ( met3 )
Bounds : ( 507.900, 182.880 ) ( 510.900, 183.280 )


SHORT: ( Metal Short ) Special Wire of Net VSS & Blockage of Cell MainMemory_data_sram  ( met2 )
Bounds : ( 457.900, 199.440 ) ( 460.900, 199.840 )


SHORT: ( Metal Short ) Special Wire of Net VSS & Blockage of Cell MainMemory_data_sram  ( met2 )
Bounds : ( 457.900, 191.160 ) ( 460.900, 191.560 )


SHORT: ( Metal Short ) Special Wire of Net VDD & Blockage of Cell MainMemory_data_sram  ( met3 )
Bounds : ( 434.900, 170.460 ) ( 437.900, 170.860 )


SHORT: ( Metal Short ) Special Wire of Net VDD & Blockage of Cell MainMemory_data_sram  ( met2 )
Bounds : ( 434.900, 170.460 ) ( 437.900, 170.860 )


SHORT: ( Metal Short ) Special Wire of Net VDD & Blockage of Cell MainMemory_data_sram  ( met2 )
Bounds : ( 434.900, 178.740 ) ( 437.900, 179.140 )


SHORT: ( Metal Short ) Special Wire of Net VDD & Blockage of Cell MainMemory_data_sram  ( met2 )
Bounds : ( 434.900, 187.020 ) ( 437.900, 187.420 )


SHORT: ( Metal Short ) Special Wire of Net VSS & Blockage of Cell MainMemory_data_sram  ( met2 )
Bounds : ( 457.900, 166.320 ) ( 460.900, 166.720 )


SHORT: ( Metal Short ) Special Wire of Net VSS & Blockage of Cell MainMemory_data_sram  ( met2 )
Bounds : ( 457.900, 174.600 ) ( 460.900, 175.000 )


SHORT: ( Metal Short ) Special Wire of Net VSS & Blockage of Cell MainMemory_data_sram  ( met2 )
Bounds : ( 457.900, 182.880 ) ( 460.900, 183.280 )


SHORT: ( Metal Short ) Special Wire of Net VDD & Blockage of Cell MainMemory_data_sram  ( met3 )
Bounds : ( 434.900, 178.740 ) ( 437.900, 179.140 )


SHORT: ( Metal Short ) Special Wire of Net VDD & Blockage of Cell MainMemory_data_sram  ( met3 )
Bounds : ( 434.900, 187.020 ) ( 437.900, 187.420 )


SHORT: ( Metal Short ) Special Wire of Net VSS & Blockage of Cell MainMemory_data_sram  ( met3 )
Bounds : ( 457.900, 166.320 ) ( 460.900, 166.720 )


SHORT: ( Metal Short ) Special Wire of Net VSS & Blockage of Cell MainMemory_data_sram  ( met3 )
Bounds : ( 457.900, 174.600 ) ( 460.900, 175.000 )


SHORT: ( Metal Short ) Special Wire of Net VSS & Blockage of Cell MainMemory_data_sram  ( met3 )
Bounds : ( 457.900, 182.880 ) ( 460.900, 183.280 )


SHORT: ( Metal Short ) Special Wire of Net VDD & Blockage of Cell MainMemory_data_sram  ( met2 )
Bounds : ( 434.900, 195.300 ) ( 437.900, 195.700 )


SHORT: ( Metal Short ) Special Wire of Net VSS & Blockage of Cell MainMemory_data_sram  ( met3 )
Bounds : ( 407.900, 240.840 ) ( 410.900, 241.240 )


SHORT: ( Metal Short ) Special Wire of Net VSS & Blockage of Cell MainMemory_data_sram  ( met3 )
Bounds : ( 407.900, 232.560 ) ( 410.900, 232.960 )


SHORT: ( Metal Short ) Special Wire of Net VSS & Blockage of Cell MainMemory_data_sram  ( met3 )
Bounds : ( 407.900, 224.280 ) ( 410.900, 224.680 )


SHORT: ( Metal Short ) Special Wire of Net VSS & Blockage of Cell MainMemory_data_sram  ( met3 )
Bounds : ( 407.900, 216.000 ) ( 410.900, 216.400 )


SHORT: ( Metal Short ) Special Wire of Net VSS & Blockage of Cell MainMemory_data_sram  ( met3 )
Bounds : ( 407.900, 207.720 ) ( 410.900, 208.120 )


SHORT: ( Metal Short ) Special Wire of Net VSS & Blockage of Cell MainMemory_data_sram  ( met2 )
Bounds : ( 407.900, 240.840 ) ( 410.900, 241.240 )


SHORT: ( Metal Short ) Special Wire of Net VSS & Blockage of Cell MainMemory_data_sram  ( met2 )
Bounds : ( 407.900, 232.560 ) ( 410.900, 232.960 )


SHORT: ( Metal Short ) Special Wire of Net VSS & Blockage of Cell MainMemory_data_sram  ( met2 )
Bounds : ( 407.900, 224.280 ) ( 410.900, 224.680 )


SHORT: ( Metal Short ) Special Wire of Net VSS & Blockage of Cell MainMemory_data_sram  ( met2 )
Bounds : ( 407.900, 216.000 ) ( 410.900, 216.400 )


SHORT: ( Metal Short ) Special Wire of Net VSS & Blockage of Cell MainMemory_data_sram  ( met2 )
Bounds : ( 407.900, 207.720 ) ( 410.900, 208.120 )


SHORT: ( Metal Short ) Special Wire of Net VDD & Blockage of Cell MainMemory_data_sram  ( met3 )
Bounds : ( 384.900, 236.700 ) ( 387.900, 237.100 )


SHORT: ( Metal Short ) Special Wire of Net VDD & Blockage of Cell MainMemory_data_sram  ( met3 )
Bounds : ( 384.900, 228.420 ) ( 387.900, 228.820 )


SHORT: ( Metal Short ) Special Wire of Net VDD & Blockage of Cell MainMemory_data_sram  ( met3 )
Bounds : ( 384.900, 220.140 ) ( 387.900, 220.540 )


SHORT: ( Metal Short ) Special Wire of Net VDD & Blockage of Cell MainMemory_data_sram  ( met3 )
Bounds : ( 384.900, 211.860 ) ( 387.900, 212.260 )


SHORT: ( Metal Short ) Special Wire of Net VDD & Blockage of Cell MainMemory_data_sram  ( met3 )
Bounds : ( 384.900, 203.580 ) ( 387.900, 203.980 )


SHORT: ( Metal Short ) Special Wire of Net VSS & Blockage of Cell MainMemory_data_sram  ( met3 )
Bounds : ( 357.900, 240.840 ) ( 360.900, 241.240 )


SHORT: ( Metal Short ) Special Wire of Net VSS & Blockage of Cell MainMemory_data_sram  ( met3 )
Bounds : ( 357.900, 232.560 ) ( 360.900, 232.960 )


SHORT: ( Metal Short ) Special Wire of Net VSS & Blockage of Cell MainMemory_data_sram  ( met3 )
Bounds : ( 357.900, 224.280 ) ( 360.900, 224.680 )


SHORT: ( Metal Short ) Special Wire of Net VSS & Blockage of Cell MainMemory_data_sram  ( met3 )
Bounds : ( 357.900, 216.000 ) ( 360.900, 216.400 )


SHORT: ( Metal Short ) Special Wire of Net VSS & Blockage of Cell MainMemory_data_sram  ( met3 )
Bounds : ( 357.900, 207.720 ) ( 360.900, 208.120 )


SHORT: ( Metal Short ) Special Wire of Net VDD & Blockage of Cell MainMemory_data_sram  ( met2 )
Bounds : ( 384.900, 236.700 ) ( 387.900, 237.100 )


SHORT: ( Metal Short ) Special Wire of Net VSS & Blockage of Cell MainMemory_data_sram  ( met2 )
Bounds : ( 357.900, 207.720 ) ( 360.900, 208.120 )


SHORT: ( Metal Short ) Special Wire of Net VSS & Blockage of Cell MainMemory_data_sram  ( met2 )
Bounds : ( 357.900, 216.000 ) ( 360.900, 216.400 )


SHORT: ( Metal Short ) Special Wire of Net VSS & Blockage of Cell MainMemory_data_sram  ( met2 )
Bounds : ( 357.900, 224.280 ) ( 360.900, 224.680 )


SHORT: ( Metal Short ) Special Wire of Net VSS & Blockage of Cell MainMemory_data_sram  ( met2 )
Bounds : ( 357.900, 232.560 ) ( 360.900, 232.960 )


SHORT: ( Metal Short ) Special Wire of Net VSS & Blockage of Cell MainMemory_data_sram  ( met2 )
Bounds : ( 357.900, 240.840 ) ( 360.900, 241.240 )


SHORT: ( Metal Short ) Special Wire of Net VDD & Blockage of Cell MainMemory_data_sram  ( met2 )
Bounds : ( 384.900, 203.580 ) ( 387.900, 203.980 )


SHORT: ( Metal Short ) Special Wire of Net VDD & Blockage of Cell MainMemory_data_sram  ( met2 )
Bounds : ( 384.900, 211.860 ) ( 387.900, 212.260 )


SHORT: ( Metal Short ) Special Wire of Net VDD & Blockage of Cell MainMemory_data_sram  ( met2 )
Bounds : ( 384.900, 220.140 ) ( 387.900, 220.540 )


SHORT: ( Metal Short ) Special Wire of Net VDD & Blockage of Cell MainMemory_data_sram  ( met2 )
Bounds : ( 384.900, 228.420 ) ( 387.900, 228.820 )


SHORT: ( Metal Short ) Special Wire of Net VDD & Blockage of Cell MainMemory_data_sram  ( met2 )
Bounds : ( 384.900, 195.300 ) ( 387.900, 195.700 )


SHORT: ( Metal Short ) Special Wire of Net VSS & Blockage of Cell MainMemory_data_sram  ( met2 )
Bounds : ( 357.900, 199.440 ) ( 360.900, 199.840 )


SHORT: ( Metal Short ) Special Wire of Net VSS & Blockage of Cell MainMemory_data_sram  ( met2 )
Bounds : ( 357.900, 191.160 ) ( 360.900, 191.560 )


SHORT: ( Metal Short ) Special Wire of Net VSS & Blockage of Cell MainMemory_data_sram  ( met3 )
Bounds : ( 407.900, 182.880 ) ( 410.900, 183.280 )


SHORT: ( Metal Short ) Special Wire of Net VSS & Blockage of Cell MainMemory_data_sram  ( met3 )
Bounds : ( 407.900, 174.600 ) ( 410.900, 175.000 )


SHORT: ( Metal Short ) Special Wire of Net VSS & Blockage of Cell MainMemory_data_sram  ( met3 )
Bounds : ( 407.900, 166.320 ) ( 410.900, 166.720 )


SHORT: ( Metal Short ) Special Wire of Net VDD & Blockage of Cell MainMemory_data_sram  ( met3 )
Bounds : ( 384.900, 187.020 ) ( 387.900, 187.420 )


SHORT: ( Metal Short ) Special Wire of Net VDD & Blockage of Cell MainMemory_data_sram  ( met3 )
Bounds : ( 384.900, 178.740 ) ( 387.900, 179.140 )


SHORT: ( Metal Short ) Special Wire of Net VDD & Blockage of Cell MainMemory_data_sram  ( met3 )
Bounds : ( 384.900, 170.460 ) ( 387.900, 170.860 )


SHORT: ( Metal Short ) Special Wire of Net VSS & Blockage of Cell MainMemory_data_sram  ( met3 )
Bounds : ( 357.900, 182.880 ) ( 360.900, 183.280 )


SHORT: ( Metal Short ) Special Wire of Net VSS & Blockage of Cell MainMemory_data_sram  ( met3 )
Bounds : ( 357.900, 174.600 ) ( 360.900, 175.000 )


SHORT: ( Metal Short ) Special Wire of Net VSS & Blockage of Cell MainMemory_data_sram  ( met3 )
Bounds : ( 357.900, 166.320 ) ( 360.900, 166.720 )


SHORT: ( Metal Short ) Special Wire of Net VSS & Blockage of Cell MainMemory_data_sram  ( met2 )
Bounds : ( 407.900, 182.880 ) ( 410.900, 183.280 )


SHORT: ( Metal Short ) Special Wire of Net VSS & Blockage of Cell MainMemory_data_sram  ( met2 )
Bounds : ( 407.900, 174.600 ) ( 410.900, 175.000 )


SHORT: ( Metal Short ) Special Wire of Net VSS & Blockage of Cell MainMemory_data_sram  ( met2 )
Bounds : ( 407.900, 166.320 ) ( 410.900, 166.720 )


SHORT: ( Metal Short ) Special Wire of Net VDD & Blockage of Cell MainMemory_data_sram  ( met2 )
Bounds : ( 384.900, 187.020 ) ( 387.900, 187.420 )


SHORT: ( Metal Short ) Special Wire of Net VDD & Blockage of Cell MainMemory_data_sram  ( met2 )
Bounds : ( 384.900, 178.740 ) ( 387.900, 179.140 )


SHORT: ( Metal Short ) Special Wire of Net VDD & Blockage of Cell MainMemory_data_sram  ( met2 )
Bounds : ( 384.900, 170.460 ) ( 387.900, 170.860 )


SHORT: ( Metal Short ) Special Wire of Net VSS & Blockage of Cell MainMemory_data_sram  ( met2 )
Bounds : ( 357.900, 182.880 ) ( 360.900, 183.280 )


SHORT: ( Metal Short ) Special Wire of Net VSS & Blockage of Cell MainMemory_data_sram  ( met2 )
Bounds : ( 357.900, 174.600 ) ( 360.900, 175.000 )


SHORT: ( Metal Short ) Special Wire of Net VSS & Blockage of Cell MainMemory_data_sram  ( met2 )
Bounds : ( 357.900, 166.320 ) ( 360.900, 166.720 )


SHORT: ( Metal Short ) Special Wire of Net VSS & Blockage of Cell MainMemory_data_sram  ( met2 )
Bounds : ( 407.900, 191.160 ) ( 410.900, 191.560 )


SHORT: ( Metal Short ) Special Wire of Net VSS & Blockage of Cell MainMemory_data_sram  ( met2 )
Bounds : ( 407.900, 199.440 ) ( 410.900, 199.840 )


SHORT: ( Metal Short ) Special Wire of Net VSS & Blockage of Cell MainMemory_data_sram  ( met3 )
Bounds : ( 357.900, 191.160 ) ( 360.900, 191.560 )


SHORT: ( Metal Short ) Special Wire of Net VSS & Blockage of Cell MainMemory_data_sram  ( met3 )
Bounds : ( 357.900, 199.440 ) ( 360.900, 199.840 )


SHORT: ( Metal Short ) Special Wire of Net VDD & Blockage of Cell MainMemory_data_sram  ( met3 )
Bounds : ( 384.900, 195.300 ) ( 387.900, 195.700 )


SHORT: ( Metal Short ) Special Wire of Net VSS & Blockage of Cell MainMemory_data_sram  ( met3 )
Bounds : ( 407.900, 191.160 ) ( 410.900, 191.560 )


SHORT: ( Metal Short ) Special Wire of Net VSS & Blockage of Cell MainMemory_data_sram  ( met3 )
Bounds : ( 407.900, 199.440 ) ( 410.900, 199.840 )


SHORT: ( Metal Short ) Special Wire of Net VDD & Blockage of Cell MainMemory_data_sram  ( met3 )
Bounds : ( 334.900, 319.500 ) ( 337.900, 319.900 )


SHORT: ( Metal Short ) Special Wire of Net VDD & Blockage of Cell MainMemory_data_sram  ( met3 )
Bounds : ( 334.900, 311.220 ) ( 337.900, 311.620 )


SHORT: ( Metal Short ) Special Wire of Net VDD & Blockage of Cell MainMemory_data_sram  ( met3 )
Bounds : ( 334.900, 302.940 ) ( 337.900, 303.340 )


SHORT: ( Metal Short ) Special Wire of Net VDD & Blockage of Cell MainMemory_data_sram  ( met3 )
Bounds : ( 334.900, 294.660 ) ( 337.900, 295.060 )


SHORT: ( Metal Short ) Special Wire of Net VDD & Blockage of Cell MainMemory_data_sram  ( met3 )
Bounds : ( 334.900, 286.380 ) ( 337.900, 286.780 )


SHORT: ( Metal Short ) Special Wire of Net VDD & Blockage of Cell MainMemory_data_sram  ( met2 )
Bounds : ( 334.900, 286.380 ) ( 337.900, 286.780 )


SHORT: ( Metal Short ) Special Wire of Net VDD & Blockage of Cell MainMemory_data_sram  ( met2 )
Bounds : ( 334.900, 294.660 ) ( 337.900, 295.060 )


SHORT: ( Metal Short ) Special Wire of Net VDD & Blockage of Cell MainMemory_data_sram  ( met2 )
Bounds : ( 334.900, 302.940 ) ( 337.900, 303.340 )


SHORT: ( Metal Short ) Special Wire of Net VDD & Blockage of Cell MainMemory_data_sram  ( met2 )
Bounds : ( 334.900, 311.220 ) ( 337.900, 311.620 )


SHORT: ( Metal Short ) Special Wire of Net VDD & Blockage of Cell MainMemory_data_sram  ( met2 )
Bounds : ( 334.900, 319.500 ) ( 337.900, 319.900 )


SHORT: ( Metal Short ) Special Wire of Net VDD & Blockage of Cell MainMemory_data_sram  ( met3 )
Bounds : ( 284.900, 319.500 ) ( 287.900, 319.900 )


SHORT: ( Metal Short ) Special Wire of Net VDD & Blockage of Cell MainMemory_data_sram  ( met3 )
Bounds : ( 284.900, 311.220 ) ( 287.900, 311.620 )


SHORT: ( Metal Short ) Special Wire of Net VDD & Blockage of Cell MainMemory_data_sram  ( met3 )
Bounds : ( 284.900, 302.940 ) ( 287.900, 303.340 )


SHORT: ( Metal Short ) Special Wire of Net VDD & Blockage of Cell MainMemory_data_sram  ( met3 )
Bounds : ( 284.900, 294.660 ) ( 287.900, 295.060 )


SHORT: ( Metal Short ) Special Wire of Net VDD & Blockage of Cell MainMemory_data_sram  ( met3 )
Bounds : ( 284.900, 286.380 ) ( 287.900, 286.780 )


SHORT: ( Metal Short ) Special Wire of Net VDD & Blockage of Cell MainMemory_data_sram  ( met2 )
Bounds : ( 284.900, 286.380 ) ( 287.900, 286.780 )


SHORT: ( Metal Short ) Special Wire of Net VDD & Blockage of Cell MainMemory_data_sram  ( met2 )
Bounds : ( 284.900, 294.660 ) ( 287.900, 295.060 )


SHORT: ( Metal Short ) Special Wire of Net VDD & Blockage of Cell MainMemory_data_sram  ( met2 )
Bounds : ( 284.900, 302.940 ) ( 287.900, 303.340 )


SHORT: ( Metal Short ) Special Wire of Net VDD & Blockage of Cell MainMemory_data_sram  ( met2 )
Bounds : ( 284.900, 311.220 ) ( 287.900, 311.620 )


SHORT: ( Metal Short ) Special Wire of Net VDD & Blockage of Cell MainMemory_data_sram  ( met2 )
Bounds : ( 284.900, 319.500 ) ( 287.900, 319.900 )


SHORT: ( Metal Short ) Special Wire of Net VSS & Blockage of Cell MainMemory_data_sram  ( met2 )
Bounds : ( 307.900, 323.640 ) ( 310.900, 324.040 )


SHORT: ( Metal Short ) Special Wire of Net VSS & Blockage of Cell MainMemory_data_sram  ( met2 )
Bounds : ( 307.900, 315.360 ) ( 310.900, 315.760 )


SHORT: ( Metal Short ) Special Wire of Net VSS & Blockage of Cell MainMemory_data_sram  ( met2 )
Bounds : ( 307.900, 307.080 ) ( 310.900, 307.480 )


SHORT: ( Metal Short ) Special Wire of Net VSS & Blockage of Cell MainMemory_data_sram  ( met2 )
Bounds : ( 307.900, 298.800 ) ( 310.900, 299.200 )


SHORT: ( Metal Short ) Special Wire of Net VSS & Blockage of Cell MainMemory_data_sram  ( met2 )
Bounds : ( 307.900, 290.520 ) ( 310.900, 290.920 )


SHORT: ( Metal Short ) Special Wire of Net VSS & Blockage of Cell MainMemory_data_sram  ( met3 )
Bounds : ( 307.900, 290.520 ) ( 310.900, 290.920 )


SHORT: ( Metal Short ) Special Wire of Net VSS & Blockage of Cell MainMemory_data_sram  ( met3 )
Bounds : ( 307.900, 298.800 ) ( 310.900, 299.200 )


SHORT: ( Metal Short ) Special Wire of Net VSS & Blockage of Cell MainMemory_data_sram  ( met3 )
Bounds : ( 307.900, 307.080 ) ( 310.900, 307.480 )


SHORT: ( Metal Short ) Special Wire of Net VSS & Blockage of Cell MainMemory_data_sram  ( met3 )
Bounds : ( 307.900, 315.360 ) ( 310.900, 315.760 )


SHORT: ( Metal Short ) Special Wire of Net VSS & Blockage of Cell MainMemory_data_sram  ( met3 )
Bounds : ( 307.900, 323.640 ) ( 310.900, 324.040 )


SHORT: ( Metal Short ) Special Wire of Net VDD & Blockage of Cell MainMemory_data_sram  ( met3 )
Bounds : ( 334.900, 278.100 ) ( 337.900, 278.500 )


SHORT: ( Metal Short ) Special Wire of Net VDD & Blockage of Cell MainMemory_data_sram  ( met3 )
Bounds : ( 334.900, 269.820 ) ( 337.900, 270.220 )


SHORT: ( Metal Short ) Special Wire of Net VDD & Blockage of Cell MainMemory_data_sram  ( met3 )
Bounds : ( 334.900, 261.540 ) ( 337.900, 261.940 )


SHORT: ( Metal Short ) Special Wire of Net VDD & Blockage of Cell MainMemory_data_sram  ( met3 )
Bounds : ( 334.900, 253.260 ) ( 337.900, 253.660 )


SHORT: ( Metal Short ) Special Wire of Net VDD & Blockage of Cell MainMemory_data_sram  ( met3 )
Bounds : ( 334.900, 244.980 ) ( 337.900, 245.380 )


SHORT: ( Metal Short ) Special Wire of Net VDD & Blockage of Cell MainMemory_data_sram  ( met2 )
Bounds : ( 334.900, 244.980 ) ( 337.900, 245.380 )


SHORT: ( Metal Short ) Special Wire of Net VDD & Blockage of Cell MainMemory_data_sram  ( met2 )
Bounds : ( 334.900, 253.260 ) ( 337.900, 253.660 )


SHORT: ( Metal Short ) Special Wire of Net VDD & Blockage of Cell MainMemory_data_sram  ( met2 )
Bounds : ( 334.900, 261.540 ) ( 337.900, 261.940 )


SHORT: ( Metal Short ) Special Wire of Net VDD & Blockage of Cell MainMemory_data_sram  ( met2 )
Bounds : ( 334.900, 269.820 ) ( 337.900, 270.220 )


SHORT: ( Metal Short ) Special Wire of Net VDD & Blockage of Cell MainMemory_data_sram  ( met2 )
Bounds : ( 334.900, 278.100 ) ( 337.900, 278.500 )


SHORT: ( Metal Short ) Special Wire of Net VDD & Blockage of Cell MainMemory_data_sram  ( met3 )
Bounds : ( 284.900, 278.100 ) ( 287.900, 278.500 )


SHORT: ( Metal Short ) Special Wire of Net VDD & Blockage of Cell MainMemory_data_sram  ( met3 )
Bounds : ( 284.900, 269.820 ) ( 287.900, 270.220 )


SHORT: ( Metal Short ) Special Wire of Net VDD & Blockage of Cell MainMemory_data_sram  ( met3 )
Bounds : ( 284.900, 261.540 ) ( 287.900, 261.940 )


SHORT: ( Metal Short ) Special Wire of Net VDD & Blockage of Cell MainMemory_data_sram  ( met3 )
Bounds : ( 284.900, 253.260 ) ( 287.900, 253.660 )


SHORT: ( Metal Short ) Special Wire of Net VDD & Blockage of Cell MainMemory_data_sram  ( met3 )
Bounds : ( 284.900, 244.980 ) ( 287.900, 245.380 )


SHORT: ( Metal Short ) Special Wire of Net VDD & Blockage of Cell MainMemory_data_sram  ( met2 )
Bounds : ( 284.900, 244.980 ) ( 287.900, 245.380 )


SHORT: ( Metal Short ) Special Wire of Net VDD & Blockage of Cell MainMemory_data_sram  ( met2 )
Bounds : ( 284.900, 253.260 ) ( 287.900, 253.660 )


SHORT: ( Metal Short ) Special Wire of Net VDD & Blockage of Cell MainMemory_data_sram  ( met2 )
Bounds : ( 284.900, 261.540 ) ( 287.900, 261.940 )


SHORT: ( Metal Short ) Special Wire of Net VDD & Blockage of Cell MainMemory_data_sram  ( met2 )
Bounds : ( 284.900, 269.820 ) ( 287.900, 270.220 )


SHORT: ( Metal Short ) Special Wire of Net VDD & Blockage of Cell MainMemory_data_sram  ( met2 )
Bounds : ( 284.900, 278.100 ) ( 287.900, 278.500 )


SHORT: ( Metal Short ) Special Wire of Net VSS & Blockage of Cell MainMemory_data_sram  ( met2 )
Bounds : ( 307.900, 282.240 ) ( 310.900, 282.640 )


SHORT: ( Metal Short ) Special Wire of Net VSS & Blockage of Cell MainMemory_data_sram  ( met2 )
Bounds : ( 307.900, 273.960 ) ( 310.900, 274.360 )


SHORT: ( Metal Short ) Special Wire of Net VSS & Blockage of Cell MainMemory_data_sram  ( met2 )
Bounds : ( 307.900, 265.680 ) ( 310.900, 266.080 )


SHORT: ( Metal Short ) Special Wire of Net VSS & Blockage of Cell MainMemory_data_sram  ( met2 )
Bounds : ( 307.900, 257.400 ) ( 310.900, 257.800 )


SHORT: ( Metal Short ) Special Wire of Net VSS & Blockage of Cell MainMemory_data_sram  ( met2 )
Bounds : ( 307.900, 249.120 ) ( 310.900, 249.520 )


SHORT: ( Metal Short ) Special Wire of Net VSS & Blockage of Cell MainMemory_data_sram  ( met3 )
Bounds : ( 307.900, 249.120 ) ( 310.900, 249.520 )


SHORT: ( Metal Short ) Special Wire of Net VSS & Blockage of Cell MainMemory_data_sram  ( met3 )
Bounds : ( 307.900, 257.400 ) ( 310.900, 257.800 )


SHORT: ( Metal Short ) Special Wire of Net VSS & Blockage of Cell MainMemory_data_sram  ( met3 )
Bounds : ( 307.900, 265.680 ) ( 310.900, 266.080 )


SHORT: ( Metal Short ) Special Wire of Net VSS & Blockage of Cell MainMemory_data_sram  ( met3 )
Bounds : ( 307.900, 273.960 ) ( 310.900, 274.360 )


SHORT: ( Metal Short ) Special Wire of Net VSS & Blockage of Cell MainMemory_data_sram  ( met3 )
Bounds : ( 307.900, 282.240 ) ( 310.900, 282.640 )


SHORT: ( Metal Short ) Special Wire of Net VSS & Blockage of Cell MainMemory_data_sram  ( met3 )
Bounds : ( 257.900, 323.640 ) ( 260.900, 324.040 )


SHORT: ( Metal Short ) Special Wire of Net VSS & Blockage of Cell MainMemory_data_sram  ( met3 )
Bounds : ( 257.900, 315.360 ) ( 260.900, 315.760 )


SHORT: ( Metal Short ) Special Wire of Net VSS & Blockage of Cell MainMemory_data_sram  ( met3 )
Bounds : ( 257.900, 307.080 ) ( 260.900, 307.480 )


SHORT: ( Metal Short ) Special Wire of Net VSS & Blockage of Cell MainMemory_data_sram  ( met3 )
Bounds : ( 257.900, 298.800 ) ( 260.900, 299.200 )


SHORT: ( Metal Short ) Special Wire of Net VSS & Blockage of Cell MainMemory_data_sram  ( met3 )
Bounds : ( 257.900, 290.520 ) ( 260.900, 290.920 )


SHORT: ( Metal Short ) Special Wire of Net VDD & Blockage of Cell MainMemory_data_sram  ( met3 )
Bounds : ( 234.900, 319.500 ) ( 237.900, 319.900 )


SHORT: ( Metal Short ) Special Wire of Net VDD & Blockage of Cell MainMemory_data_sram  ( met3 )
Bounds : ( 234.900, 311.220 ) ( 237.900, 311.620 )


SHORT: ( Metal Short ) Special Wire of Net VDD & Blockage of Cell MainMemory_data_sram  ( met3 )
Bounds : ( 234.900, 302.940 ) ( 237.900, 303.340 )


SHORT: ( Metal Short ) Special Wire of Net VDD & Blockage of Cell MainMemory_data_sram  ( met3 )
Bounds : ( 234.900, 294.660 ) ( 237.900, 295.060 )


SHORT: ( Metal Short ) Special Wire of Net VDD & Blockage of Cell MainMemory_data_sram  ( met3 )
Bounds : ( 234.900, 286.380 ) ( 237.900, 286.780 )


SHORT: ( Metal Short ) Special Wire of Net VSS & Blockage of Cell MainMemory_data_sram  ( met2 )
Bounds : ( 257.900, 323.640 ) ( 260.900, 324.040 )


SHORT: ( Metal Short ) Special Wire of Net VSS & Blockage of Cell MainMemory_data_sram  ( met2 )
Bounds : ( 257.900, 315.360 ) ( 260.900, 315.760 )


SHORT: ( Metal Short ) Special Wire of Net VSS & Blockage of Cell MainMemory_data_sram  ( met2 )
Bounds : ( 257.900, 307.080 ) ( 260.900, 307.480 )


SHORT: ( Metal Short ) Special Wire of Net VSS & Blockage of Cell MainMemory_data_sram  ( met2 )
Bounds : ( 257.900, 298.800 ) ( 260.900, 299.200 )


SHORT: ( Metal Short ) Special Wire of Net VSS & Blockage of Cell MainMemory_data_sram  ( met2 )
Bounds : ( 257.900, 290.520 ) ( 260.900, 290.920 )


SHORT: ( Metal Short ) Special Wire of Net VDD & Blockage of Cell MainMemory_data_sram  ( met2 )
Bounds : ( 234.900, 319.500 ) ( 237.900, 319.900 )


SHORT: ( Metal Short ) Special Wire of Net VDD & Blockage of Cell MainMemory_data_sram  ( met2 )
Bounds : ( 234.900, 311.220 ) ( 237.900, 311.620 )


SHORT: ( Metal Short ) Special Wire of Net VDD & Blockage of Cell MainMemory_data_sram  ( met2 )
Bounds : ( 234.900, 302.940 ) ( 237.900, 303.340 )


SHORT: ( Metal Short ) Special Wire of Net VDD & Blockage of Cell MainMemory_data_sram  ( met2 )
Bounds : ( 234.900, 294.660 ) ( 237.900, 295.060 )


SHORT: ( Metal Short ) Special Wire of Net VDD & Blockage of Cell MainMemory_data_sram  ( met2 )
Bounds : ( 234.900, 286.380 ) ( 237.900, 286.780 )


SHORT: ( Metal Short ) Special Wire of Net VSS & Blockage of Cell MainMemory_data_sram  ( met3 )
Bounds : ( 207.900, 323.640 ) ( 210.900, 324.040 )


SHORT: ( Metal Short ) Special Wire of Net VSS & Blockage of Cell MainMemory_data_sram  ( met3 )
Bounds : ( 207.900, 315.360 ) ( 210.900, 315.760 )


SHORT: ( Metal Short ) Special Wire of Net VSS & Blockage of Cell MainMemory_data_sram  ( met3 )
Bounds : ( 207.900, 307.080 ) ( 210.900, 307.480 )


SHORT: ( Metal Short ) Special Wire of Net VSS & Blockage of Cell MainMemory_data_sram  ( met3 )
Bounds : ( 207.900, 298.800 ) ( 210.900, 299.200 )


SHORT: ( Metal Short ) Special Wire of Net VSS & Blockage of Cell MainMemory_data_sram  ( met3 )
Bounds : ( 207.900, 290.520 ) ( 210.900, 290.920 )


SHORT: ( Metal Short ) Special Wire of Net VSS & Blockage of Cell MainMemory_data_sram  ( met2 )
Bounds : ( 207.900, 323.640 ) ( 210.900, 324.040 )


SHORT: ( Metal Short ) Special Wire of Net VSS & Blockage of Cell MainMemory_data_sram  ( met2 )
Bounds : ( 207.900, 315.360 ) ( 210.900, 315.760 )


SHORT: ( Metal Short ) Special Wire of Net VSS & Blockage of Cell MainMemory_data_sram  ( met2 )
Bounds : ( 207.900, 307.080 ) ( 210.900, 307.480 )


SHORT: ( Metal Short ) Special Wire of Net VSS & Blockage of Cell MainMemory_data_sram  ( met2 )
Bounds : ( 207.900, 298.800 ) ( 210.900, 299.200 )


SHORT: ( Metal Short ) Special Wire of Net VSS & Blockage of Cell MainMemory_data_sram  ( met2 )
Bounds : ( 207.900, 290.520 ) ( 210.900, 290.920 )


SHORT: ( Metal Short ) Special Wire of Net VSS & Blockage of Cell MainMemory_data_sram  ( met3 )
Bounds : ( 257.900, 282.240 ) ( 260.900, 282.640 )


SHORT: ( Metal Short ) Special Wire of Net VSS & Blockage of Cell MainMemory_data_sram  ( met3 )
Bounds : ( 257.900, 273.960 ) ( 260.900, 274.360 )


SHORT: ( Metal Short ) Special Wire of Net VSS & Blockage of Cell MainMemory_data_sram  ( met3 )
Bounds : ( 257.900, 265.680 ) ( 260.900, 266.080 )


SHORT: ( Metal Short ) Special Wire of Net VSS & Blockage of Cell MainMemory_data_sram  ( met3 )
Bounds : ( 257.900, 257.400 ) ( 260.900, 257.800 )


SHORT: ( Metal Short ) Special Wire of Net VSS & Blockage of Cell MainMemory_data_sram  ( met3 )
Bounds : ( 257.900, 249.120 ) ( 260.900, 249.520 )


SHORT: ( Metal Short ) Special Wire of Net VDD & Blockage of Cell MainMemory_data_sram  ( met3 )
Bounds : ( 234.900, 278.100 ) ( 237.900, 278.500 )


SHORT: ( Metal Short ) Special Wire of Net VDD & Blockage of Cell MainMemory_data_sram  ( met3 )
Bounds : ( 234.900, 269.820 ) ( 237.900, 270.220 )


SHORT: ( Metal Short ) Special Wire of Net VDD & Blockage of Cell MainMemory_data_sram  ( met3 )
Bounds : ( 234.900, 261.540 ) ( 237.900, 261.940 )


SHORT: ( Metal Short ) Special Wire of Net VDD & Blockage of Cell MainMemory_data_sram  ( met3 )
Bounds : ( 234.900, 253.260 ) ( 237.900, 253.660 )


SHORT: ( Metal Short ) Special Wire of Net VDD & Blockage of Cell MainMemory_data_sram  ( met3 )
Bounds : ( 234.900, 244.980 ) ( 237.900, 245.380 )


SHORT: ( Metal Short ) Special Wire of Net VSS & Blockage of Cell MainMemory_data_sram  ( met2 )
Bounds : ( 257.900, 282.240 ) ( 260.900, 282.640 )


SHORT: ( Metal Short ) Special Wire of Net VSS & Blockage of Cell MainMemory_data_sram  ( met2 )
Bounds : ( 257.900, 273.960 ) ( 260.900, 274.360 )


SHORT: ( Metal Short ) Special Wire of Net VSS & Blockage of Cell MainMemory_data_sram  ( met2 )
Bounds : ( 257.900, 265.680 ) ( 260.900, 266.080 )


SHORT: ( Metal Short ) Special Wire of Net VSS & Blockage of Cell MainMemory_data_sram  ( met2 )
Bounds : ( 257.900, 257.400 ) ( 260.900, 257.800 )


SHORT: ( Metal Short ) Special Wire of Net VSS & Blockage of Cell MainMemory_data_sram  ( met2 )
Bounds : ( 257.900, 249.120 ) ( 260.900, 249.520 )


SHORT: ( Metal Short ) Special Wire of Net VDD & Blockage of Cell MainMemory_data_sram  ( met2 )
Bounds : ( 234.900, 278.100 ) ( 237.900, 278.500 )


SHORT: ( Metal Short ) Special Wire of Net VDD & Blockage of Cell MainMemory_data_sram  ( met2 )
Bounds : ( 234.900, 269.820 ) ( 237.900, 270.220 )


SHORT: ( Metal Short ) Special Wire of Net VDD & Blockage of Cell MainMemory_data_sram  ( met2 )
Bounds : ( 234.900, 261.540 ) ( 237.900, 261.940 )


SHORT: ( Metal Short ) Special Wire of Net VDD & Blockage of Cell MainMemory_data_sram  ( met2 )
Bounds : ( 234.900, 253.260 ) ( 237.900, 253.660 )


SHORT: ( Metal Short ) Special Wire of Net VDD & Blockage of Cell MainMemory_data_sram  ( met2 )
Bounds : ( 234.900, 244.980 ) ( 237.900, 245.380 )


SHORT: ( Metal Short ) Special Wire of Net VSS & Blockage of Cell MainMemory_data_sram  ( met3 )
Bounds : ( 207.900, 282.240 ) ( 210.900, 282.640 )


SHORT: ( Metal Short ) Special Wire of Net VSS & Blockage of Cell MainMemory_data_sram  ( met3 )
Bounds : ( 207.900, 273.960 ) ( 210.900, 274.360 )


SHORT: ( Metal Short ) Special Wire of Net VSS & Blockage of Cell MainMemory_data_sram  ( met3 )
Bounds : ( 207.900, 265.680 ) ( 210.900, 266.080 )


SHORT: ( Metal Short ) Special Wire of Net VSS & Blockage of Cell MainMemory_data_sram  ( met3 )
Bounds : ( 207.900, 257.400 ) ( 210.900, 257.800 )


SHORT: ( Metal Short ) Special Wire of Net VSS & Blockage of Cell MainMemory_data_sram  ( met2 )
Bounds : ( 207.900, 282.240 ) ( 210.900, 282.640 )


SHORT: ( Metal Short ) Special Wire of Net VSS & Blockage of Cell MainMemory_data_sram  ( met2 )
Bounds : ( 207.900, 273.960 ) ( 210.900, 274.360 )


SHORT: ( Metal Short ) Special Wire of Net VSS & Blockage of Cell MainMemory_data_sram  ( met2 )
Bounds : ( 207.900, 265.680 ) ( 210.900, 266.080 )


SHORT: ( Metal Short ) Special Wire of Net VSS & Blockage of Cell MainMemory_data_sram  ( met2 )
Bounds : ( 207.900, 257.400 ) ( 210.900, 257.800 )


SHORT: ( Metal Short ) Special Wire of Net VSS & Blockage of Cell MainMemory_data_sram  ( met2 )
Bounds : ( 207.900, 249.120 ) ( 210.900, 249.520 )


SHORT: ( Metal Short ) Special Wire of Net VSS & Blockage of Cell MainMemory_data_sram  ( met3 )
Bounds : ( 207.900, 249.120 ) ( 210.900, 249.520 )


SHORT: ( Metal Short ) Special Wire of Net VDD & Blockage of Cell MainMemory_data_sram  ( met3 )
Bounds : ( 334.900, 236.700 ) ( 337.900, 237.100 )


SHORT: ( Metal Short ) Special Wire of Net VDD & Blockage of Cell MainMemory_data_sram  ( met3 )
Bounds : ( 334.900, 228.420 ) ( 337.900, 228.820 )


SHORT: ( Metal Short ) Special Wire of Net VDD & Blockage of Cell MainMemory_data_sram  ( met3 )
Bounds : ( 334.900, 220.140 ) ( 337.900, 220.540 )


SHORT: ( Metal Short ) Special Wire of Net VDD & Blockage of Cell MainMemory_data_sram  ( met3 )
Bounds : ( 334.900, 211.860 ) ( 337.900, 212.260 )


SHORT: ( Metal Short ) Special Wire of Net VDD & Blockage of Cell MainMemory_data_sram  ( met3 )
Bounds : ( 334.900, 203.580 ) ( 337.900, 203.980 )


SHORT: ( Metal Short ) Special Wire of Net VDD & Blockage of Cell MainMemory_data_sram  ( met2 )
Bounds : ( 334.900, 236.700 ) ( 337.900, 237.100 )


SHORT: ( Metal Short ) Special Wire of Net VDD & Blockage of Cell MainMemory_data_sram  ( met2 )
Bounds : ( 334.900, 228.420 ) ( 337.900, 228.820 )


SHORT: ( Metal Short ) Special Wire of Net VDD & Blockage of Cell MainMemory_data_sram  ( met2 )
Bounds : ( 334.900, 220.140 ) ( 337.900, 220.540 )


SHORT: ( Metal Short ) Special Wire of Net VDD & Blockage of Cell MainMemory_data_sram  ( met2 )
Bounds : ( 334.900, 211.860 ) ( 337.900, 212.260 )


SHORT: ( Metal Short ) Special Wire of Net VDD & Blockage of Cell MainMemory_data_sram  ( met2 )
Bounds : ( 334.900, 203.580 ) ( 337.900, 203.980 )


SHORT: ( Metal Short ) Special Wire of Net VDD & Blockage of Cell MainMemory_data_sram  ( met3 )
Bounds : ( 284.900, 236.700 ) ( 287.900, 237.100 )


SHORT: ( Metal Short ) Special Wire of Net VDD & Blockage of Cell MainMemory_data_sram  ( met3 )
Bounds : ( 284.900, 228.420 ) ( 287.900, 228.820 )


SHORT: ( Metal Short ) Special Wire of Net VDD & Blockage of Cell MainMemory_data_sram  ( met3 )
Bounds : ( 284.900, 220.140 ) ( 287.900, 220.540 )


SHORT: ( Metal Short ) Special Wire of Net VDD & Blockage of Cell MainMemory_data_sram  ( met3 )
Bounds : ( 284.900, 211.860 ) ( 287.900, 212.260 )


SHORT: ( Metal Short ) Special Wire of Net VDD & Blockage of Cell MainMemory_data_sram  ( met3 )
Bounds : ( 284.900, 203.580 ) ( 287.900, 203.980 )


SHORT: ( Metal Short ) Special Wire of Net VDD & Blockage of Cell MainMemory_data_sram  ( met2 )
Bounds : ( 284.900, 203.580 ) ( 287.900, 203.980 )


SHORT: ( Metal Short ) Special Wire of Net VDD & Blockage of Cell MainMemory_data_sram  ( met2 )
Bounds : ( 284.900, 211.860 ) ( 287.900, 212.260 )


SHORT: ( Metal Short ) Special Wire of Net VDD & Blockage of Cell MainMemory_data_sram  ( met2 )
Bounds : ( 284.900, 220.140 ) ( 287.900, 220.540 )


SHORT: ( Metal Short ) Special Wire of Net VDD & Blockage of Cell MainMemory_data_sram  ( met2 )
Bounds : ( 284.900, 228.420 ) ( 287.900, 228.820 )


SHORT: ( Metal Short ) Special Wire of Net VDD & Blockage of Cell MainMemory_data_sram  ( met2 )
Bounds : ( 284.900, 236.700 ) ( 287.900, 237.100 )


SHORT: ( Metal Short ) Special Wire of Net VSS & Blockage of Cell MainMemory_data_sram  ( met2 )
Bounds : ( 307.900, 232.560 ) ( 310.900, 232.960 )


SHORT: ( Metal Short ) Special Wire of Net VSS & Blockage of Cell MainMemory_data_sram  ( met2 )
Bounds : ( 307.900, 224.280 ) ( 310.900, 224.680 )


SHORT: ( Metal Short ) Special Wire of Net VSS & Blockage of Cell MainMemory_data_sram  ( met2 )
Bounds : ( 307.900, 216.000 ) ( 310.900, 216.400 )


SHORT: ( Metal Short ) Special Wire of Net VSS & Blockage of Cell MainMemory_data_sram  ( met2 )
Bounds : ( 307.900, 207.720 ) ( 310.900, 208.120 )


SHORT: ( Metal Short ) Special Wire of Net VSS & Blockage of Cell MainMemory_data_sram  ( met2 )
Bounds : ( 307.900, 240.840 ) ( 310.900, 241.240 )


SHORT: ( Metal Short ) Special Wire of Net VSS & Blockage of Cell MainMemory_data_sram  ( met3 )
Bounds : ( 307.900, 207.720 ) ( 310.900, 208.120 )


SHORT: ( Metal Short ) Special Wire of Net VSS & Blockage of Cell MainMemory_data_sram  ( met3 )
Bounds : ( 307.900, 216.000 ) ( 310.900, 216.400 )


SHORT: ( Metal Short ) Special Wire of Net VSS & Blockage of Cell MainMemory_data_sram  ( met3 )
Bounds : ( 307.900, 224.280 ) ( 310.900, 224.680 )


SHORT: ( Metal Short ) Special Wire of Net VSS & Blockage of Cell MainMemory_data_sram  ( met3 )
Bounds : ( 307.900, 232.560 ) ( 310.900, 232.960 )


SHORT: ( Metal Short ) Special Wire of Net VSS & Blockage of Cell MainMemory_data_sram  ( met3 )
Bounds : ( 307.900, 240.840 ) ( 310.900, 241.240 )


SHORT: ( Metal Short ) Special Wire of Net VSS & Blockage of Cell MainMemory_data_sram  ( met2 )
Bounds : ( 307.900, 199.440 ) ( 310.900, 199.840 )


SHORT: ( Metal Short ) Special Wire of Net VSS & Blockage of Cell MainMemory_data_sram  ( met2 )
Bounds : ( 307.900, 191.160 ) ( 310.900, 191.560 )


SHORT: ( Metal Short ) Special Wire of Net VDD & Blockage of Cell MainMemory_data_sram  ( met2 )
Bounds : ( 284.900, 195.300 ) ( 287.900, 195.700 )


SHORT: ( Metal Short ) Special Wire of Net VDD & Blockage of Cell MainMemory_data_sram  ( met3 )
Bounds : ( 334.900, 187.020 ) ( 337.900, 187.420 )


SHORT: ( Metal Short ) Special Wire of Net VDD & Blockage of Cell MainMemory_data_sram  ( met3 )
Bounds : ( 334.900, 178.740 ) ( 337.900, 179.140 )


SHORT: ( Metal Short ) Special Wire of Net VDD & Blockage of Cell MainMemory_data_sram  ( met3 )
Bounds : ( 334.900, 170.460 ) ( 337.900, 170.860 )


SHORT: ( Metal Short ) Special Wire of Net VSS & Blockage of Cell MainMemory_data_sram  ( met3 )
Bounds : ( 307.900, 182.880 ) ( 310.900, 183.280 )


SHORT: ( Metal Short ) Special Wire of Net VSS & Blockage of Cell MainMemory_data_sram  ( met3 )
Bounds : ( 307.900, 166.320 ) ( 310.900, 166.720 )


SHORT: ( Metal Short ) Special Wire of Net VDD & Blockage of Cell MainMemory_data_sram  ( met2 )
Bounds : ( 284.900, 170.460 ) ( 287.900, 170.860 )


SHORT: ( Metal Short ) Special Wire of Net VDD & Blockage of Cell MainMemory_data_sram  ( met2 )
Bounds : ( 284.900, 178.740 ) ( 287.900, 179.140 )


SHORT: ( Metal Short ) Special Wire of Net VDD & Blockage of Cell MainMemory_data_sram  ( met2 )
Bounds : ( 284.900, 187.020 ) ( 287.900, 187.420 )


SHORT: ( Metal Short ) Special Wire of Net VSS & Blockage of Cell MainMemory_data_sram  ( met2 )
Bounds : ( 307.900, 166.320 ) ( 310.900, 166.720 )


SHORT: ( Metal Short ) Special Wire of Net VSS & Blockage of Cell MainMemory_data_sram  ( met2 )
Bounds : ( 307.900, 174.600 ) ( 310.900, 175.000 )


SHORT: ( Metal Short ) Special Wire of Net VSS & Blockage of Cell MainMemory_data_sram  ( met2 )
Bounds : ( 307.900, 182.880 ) ( 310.900, 183.280 )


SHORT: ( Metal Short ) Special Wire of Net VDD & Blockage of Cell MainMemory_data_sram  ( met2 )
Bounds : ( 334.900, 170.460 ) ( 337.900, 170.860 )


SHORT: ( Metal Short ) Special Wire of Net VDD & Blockage of Cell MainMemory_data_sram  ( met2 )
Bounds : ( 334.900, 178.740 ) ( 337.900, 179.140 )


SHORT: ( Metal Short ) Special Wire of Net VDD & Blockage of Cell MainMemory_data_sram  ( met2 )
Bounds : ( 334.900, 187.020 ) ( 337.900, 187.420 )


SHORT: ( Metal Short ) Special Wire of Net VDD & Blockage of Cell MainMemory_data_sram  ( met3 )
Bounds : ( 284.900, 170.460 ) ( 287.900, 170.860 )


SHORT: ( Metal Short ) Special Wire of Net VDD & Blockage of Cell MainMemory_data_sram  ( met3 )
Bounds : ( 284.900, 178.740 ) ( 287.900, 179.140 )


SHORT: ( Metal Short ) Special Wire of Net VDD & Blockage of Cell MainMemory_data_sram  ( met3 )
Bounds : ( 284.900, 187.020 ) ( 287.900, 187.420 )


SHORT: ( Metal Short ) Special Wire of Net VSS & Blockage of Cell MainMemory_data_sram  ( met3 )
Bounds : ( 307.900, 174.600 ) ( 310.900, 175.000 )


SHORT: ( Metal Short ) Special Wire of Net VDD & Blockage of Cell MainMemory_data_sram  ( met2 )
Bounds : ( 334.900, 195.300 ) ( 337.900, 195.700 )


SHORT: ( Metal Short ) Special Wire of Net VDD & Blockage of Cell MainMemory_data_sram  ( met3 )
Bounds : ( 284.900, 195.300 ) ( 287.900, 195.700 )


SHORT: ( Metal Short ) Special Wire of Net VSS & Blockage of Cell MainMemory_data_sram  ( met3 )
Bounds : ( 307.900, 191.160 ) ( 310.900, 191.560 )


SHORT: ( Metal Short ) Special Wire of Net VSS & Blockage of Cell MainMemory_data_sram  ( met3 )
Bounds : ( 307.900, 199.440 ) ( 310.900, 199.840 )


SHORT: ( Metal Short ) Special Wire of Net VDD & Blockage of Cell MainMemory_data_sram  ( met3 )
Bounds : ( 334.900, 195.300 ) ( 337.900, 195.700 )


SHORT: ( Metal Short ) Special Wire of Net VSS & Blockage of Cell MainMemory_data_sram  ( met3 )
Bounds : ( 257.900, 240.840 ) ( 260.900, 241.240 )


SHORT: ( Metal Short ) Special Wire of Net VSS & Blockage of Cell MainMemory_data_sram  ( met3 )
Bounds : ( 257.900, 232.560 ) ( 260.900, 232.960 )


SHORT: ( Metal Short ) Special Wire of Net VSS & Blockage of Cell MainMemory_data_sram  ( met3 )
Bounds : ( 257.900, 224.280 ) ( 260.900, 224.680 )


SHORT: ( Metal Short ) Special Wire of Net VSS & Blockage of Cell MainMemory_data_sram  ( met3 )
Bounds : ( 257.900, 216.000 ) ( 260.900, 216.400 )


SHORT: ( Metal Short ) Special Wire of Net VSS & Blockage of Cell MainMemory_data_sram  ( met3 )
Bounds : ( 257.900, 207.720 ) ( 260.900, 208.120 )


SHORT: ( Metal Short ) Special Wire of Net VDD & Blockage of Cell MainMemory_data_sram  ( met3 )
Bounds : ( 234.900, 236.700 ) ( 237.900, 237.100 )


SHORT: ( Metal Short ) Special Wire of Net VDD & Blockage of Cell MainMemory_data_sram  ( met3 )
Bounds : ( 234.900, 228.420 ) ( 237.900, 228.820 )


SHORT: ( Metal Short ) Special Wire of Net VDD & Blockage of Cell MainMemory_data_sram  ( met3 )
Bounds : ( 234.900, 220.140 ) ( 237.900, 220.540 )


SHORT: ( Metal Short ) Special Wire of Net VDD & Blockage of Cell MainMemory_data_sram  ( met3 )
Bounds : ( 234.900, 211.860 ) ( 237.900, 212.260 )


SHORT: ( Metal Short ) Special Wire of Net VDD & Blockage of Cell MainMemory_data_sram  ( met3 )
Bounds : ( 234.900, 203.580 ) ( 237.900, 203.980 )


SHORT: ( Metal Short ) Special Wire of Net VSS & Blockage of Cell MainMemory_data_sram  ( met2 )
Bounds : ( 257.900, 240.840 ) ( 260.900, 241.240 )


SHORT: ( Metal Short ) Special Wire of Net VSS & Blockage of Cell MainMemory_data_sram  ( met2 )
Bounds : ( 257.900, 232.560 ) ( 260.900, 232.960 )


SHORT: ( Metal Short ) Special Wire of Net VSS & Blockage of Cell MainMemory_data_sram  ( met2 )
Bounds : ( 257.900, 224.280 ) ( 260.900, 224.680 )


SHORT: ( Metal Short ) Special Wire of Net VSS & Blockage of Cell MainMemory_data_sram  ( met2 )
Bounds : ( 257.900, 216.000 ) ( 260.900, 216.400 )


SHORT: ( Metal Short ) Special Wire of Net VSS & Blockage of Cell MainMemory_data_sram  ( met2 )
Bounds : ( 257.900, 207.720 ) ( 260.900, 208.120 )


SHORT: ( Metal Short ) Special Wire of Net VDD & Blockage of Cell MainMemory_data_sram  ( met2 )
Bounds : ( 234.900, 236.700 ) ( 237.900, 237.100 )


SHORT: ( Metal Short ) Special Wire of Net VDD & Blockage of Cell MainMemory_data_sram  ( met2 )
Bounds : ( 234.900, 203.580 ) ( 237.900, 203.980 )


SHORT: ( Metal Short ) Special Wire of Net VDD & Blockage of Cell MainMemory_data_sram  ( met2 )
Bounds : ( 234.900, 211.860 ) ( 237.900, 212.260 )


SHORT: ( Metal Short ) Special Wire of Net VDD & Blockage of Cell MainMemory_data_sram  ( met2 )
Bounds : ( 234.900, 220.140 ) ( 237.900, 220.540 )


SHORT: ( Metal Short ) Special Wire of Net VDD & Blockage of Cell MainMemory_data_sram  ( met2 )
Bounds : ( 234.900, 228.420 ) ( 237.900, 228.820 )


SHORT: ( Metal Short ) Special Wire of Net VSS & Blockage of Cell MainMemory_data_sram  ( met3 )
Bounds : ( 207.900, 240.840 ) ( 210.900, 241.240 )


SHORT: ( Metal Short ) Special Wire of Net VSS & Blockage of Cell MainMemory_data_sram  ( met3 )
Bounds : ( 207.900, 232.560 ) ( 210.900, 232.960 )


SHORT: ( Metal Short ) Special Wire of Net VSS & Blockage of Cell MainMemory_data_sram  ( met3 )
Bounds : ( 207.900, 224.280 ) ( 210.900, 224.680 )


SHORT: ( Metal Short ) Special Wire of Net VSS & Blockage of Cell MainMemory_data_sram  ( met3 )
Bounds : ( 207.900, 216.000 ) ( 210.900, 216.400 )


SHORT: ( Metal Short ) Special Wire of Net VSS & Blockage of Cell MainMemory_data_sram  ( met3 )
Bounds : ( 207.900, 207.720 ) ( 210.900, 208.120 )


SHORT: ( Metal Short ) Special Wire of Net VSS & Blockage of Cell MainMemory_data_sram  ( met2 )
Bounds : ( 207.900, 207.720 ) ( 210.900, 208.120 )


SHORT: ( Metal Short ) Special Wire of Net VSS & Blockage of Cell MainMemory_data_sram  ( met2 )
Bounds : ( 207.900, 216.000 ) ( 210.900, 216.400 )


SHORT: ( Metal Short ) Special Wire of Net VSS & Blockage of Cell MainMemory_data_sram  ( met2 )
Bounds : ( 207.900, 224.280 ) ( 210.900, 224.680 )


SHORT: ( Metal Short ) Special Wire of Net VSS & Blockage of Cell MainMemory_data_sram  ( met2 )
Bounds : ( 207.900, 232.560 ) ( 210.900, 232.960 )


SHORT: ( Metal Short ) Special Wire of Net VSS & Blockage of Cell MainMemory_data_sram  ( met2 )
Bounds : ( 207.900, 240.840 ) ( 210.900, 241.240 )


SHORT: ( Metal Short ) Special Wire of Net VDD & Blockage of Cell MainMemory_data_sram  ( met2 )
Bounds : ( 234.900, 195.300 ) ( 237.900, 195.700 )


SHORT: ( Metal Short ) Special Wire of Net VSS & Blockage of Cell MainMemory_data_sram  ( met2 )
Bounds : ( 207.900, 199.440 ) ( 210.900, 199.840 )


SHORT: ( Metal Short ) Special Wire of Net VSS & Blockage of Cell MainMemory_data_sram  ( met2 )
Bounds : ( 207.900, 191.160 ) ( 210.900, 191.560 )


SHORT: ( Metal Short ) Special Wire of Net VSS & Blockage of Cell MainMemory_data_sram  ( met2 )
Bounds : ( 207.900, 182.880 ) ( 210.900, 183.280 )


SHORT: ( Metal Short ) Special Wire of Net VSS & Blockage of Cell MainMemory_data_sram  ( met2 )
Bounds : ( 207.900, 174.600 ) ( 210.900, 175.000 )


SHORT: ( Metal Short ) Special Wire of Net VSS & Blockage of Cell MainMemory_data_sram  ( met2 )
Bounds : ( 207.900, 166.320 ) ( 210.900, 166.720 )


SHORT: ( Metal Short ) Special Wire of Net VDD & Blockage of Cell MainMemory_data_sram  ( met2 )
Bounds : ( 234.900, 170.460 ) ( 237.900, 170.860 )


SHORT: ( Metal Short ) Special Wire of Net VDD & Blockage of Cell MainMemory_data_sram  ( met2 )
Bounds : ( 234.900, 178.740 ) ( 237.900, 179.140 )


SHORT: ( Metal Short ) Special Wire of Net VDD & Blockage of Cell MainMemory_data_sram  ( met2 )
Bounds : ( 234.900, 187.020 ) ( 237.900, 187.420 )


SHORT: ( Metal Short ) Special Wire of Net VSS & Blockage of Cell MainMemory_data_sram  ( met2 )
Bounds : ( 257.900, 166.320 ) ( 260.900, 166.720 )


SHORT: ( Metal Short ) Special Wire of Net VSS & Blockage of Cell MainMemory_data_sram  ( met2 )
Bounds : ( 257.900, 174.600 ) ( 260.900, 175.000 )


SHORT: ( Metal Short ) Special Wire of Net VSS & Blockage of Cell MainMemory_data_sram  ( met2 )
Bounds : ( 257.900, 182.880 ) ( 260.900, 183.280 )


SHORT: ( Metal Short ) Special Wire of Net VSS & Blockage of Cell MainMemory_data_sram  ( met3 )
Bounds : ( 207.900, 166.320 ) ( 210.900, 166.720 )


SHORT: ( Metal Short ) Special Wire of Net VSS & Blockage of Cell MainMemory_data_sram  ( met3 )
Bounds : ( 207.900, 174.600 ) ( 210.900, 175.000 )


SHORT: ( Metal Short ) Special Wire of Net VSS & Blockage of Cell MainMemory_data_sram  ( met3 )
Bounds : ( 207.900, 182.880 ) ( 210.900, 183.280 )


SHORT: ( Metal Short ) Special Wire of Net VDD & Blockage of Cell MainMemory_data_sram  ( met3 )
Bounds : ( 234.900, 170.460 ) ( 237.900, 170.860 )


SHORT: ( Metal Short ) Special Wire of Net VDD & Blockage of Cell MainMemory_data_sram  ( met3 )
Bounds : ( 234.900, 178.740 ) ( 237.900, 179.140 )


SHORT: ( Metal Short ) Special Wire of Net VDD & Blockage of Cell MainMemory_data_sram  ( met3 )
Bounds : ( 234.900, 187.020 ) ( 237.900, 187.420 )


SHORT: ( Metal Short ) Special Wire of Net VSS & Blockage of Cell MainMemory_data_sram  ( met3 )
Bounds : ( 257.900, 166.320 ) ( 260.900, 166.720 )


SHORT: ( Metal Short ) Special Wire of Net VSS & Blockage of Cell MainMemory_data_sram  ( met3 )
Bounds : ( 257.900, 174.600 ) ( 260.900, 175.000 )


SHORT: ( Metal Short ) Special Wire of Net VSS & Blockage of Cell MainMemory_data_sram  ( met3 )
Bounds : ( 257.900, 182.880 ) ( 260.900, 183.280 )


SHORT: ( Metal Short ) Special Wire of Net VSS & Blockage of Cell MainMemory_data_sram  ( met2 )
Bounds : ( 257.900, 191.160 ) ( 260.900, 191.560 )


SHORT: ( Metal Short ) Special Wire of Net VSS & Blockage of Cell MainMemory_data_sram  ( met2 )
Bounds : ( 257.900, 199.440 ) ( 260.900, 199.840 )


SHORT: ( Metal Short ) Special Wire of Net VSS & Blockage of Cell MainMemory_data_sram  ( met3 )
Bounds : ( 207.900, 191.160 ) ( 210.900, 191.560 )


SHORT: ( Metal Short ) Special Wire of Net VSS & Blockage of Cell MainMemory_data_sram  ( met3 )
Bounds : ( 207.900, 199.440 ) ( 210.900, 199.840 )


SHORT: ( Metal Short ) Special Wire of Net VDD & Blockage of Cell MainMemory_data_sram  ( met3 )
Bounds : ( 234.900, 195.300 ) ( 237.900, 195.700 )


SHORT: ( Metal Short ) Special Wire of Net VSS & Blockage of Cell MainMemory_data_sram  ( met3 )
Bounds : ( 257.900, 191.160 ) ( 260.900, 191.560 )


SHORT: ( Metal Short ) Special Wire of Net VSS & Blockage of Cell MainMemory_data_sram  ( met3 )
Bounds : ( 257.900, 199.440 ) ( 260.900, 199.840 )


SHORT: ( Metal Short ) Special Wire of Net VDD & Blockage of Cell MainMemory_data_sram  ( met2 )
Bounds : ( 484.900, 145.620 ) ( 487.900, 146.020 )


SHORT: ( Metal Short ) Special Wire of Net VDD & Blockage of Cell MainMemory_data_sram  ( met2 )
Bounds : ( 484.900, 137.340 ) ( 487.900, 137.740 )


SHORT: ( Metal Short ) Special Wire of Net VDD & Blockage of Cell MainMemory_data_sram  ( met2 )
Bounds : ( 484.900, 153.900 ) ( 487.900, 154.300 )


SHORT: ( Metal Short ) Special Wire of Net VDD & Blockage of Cell MainMemory_data_sram  ( met2 )
Bounds : ( 484.900, 162.180 ) ( 487.900, 162.580 )


SHORT: ( Metal Short ) Special Wire of Net VSS & Blockage of Cell MainMemory_data_sram  ( met2 )
Bounds : ( 507.900, 141.480 ) ( 510.900, 141.880 )


SHORT: ( Metal Short ) Special Wire of Net VSS & Blockage of Cell MainMemory_data_sram  ( met2 )
Bounds : ( 507.900, 149.760 ) ( 510.900, 150.160 )


SHORT: ( Metal Short ) Special Wire of Net VSS & Blockage of Cell MainMemory_data_sram  ( met2 )
Bounds : ( 507.900, 158.040 ) ( 510.900, 158.440 )


SHORT: ( Metal Short ) Special Wire of Net VDD & Blockage of Cell MainMemory_data_sram  ( met3 )
Bounds : ( 484.900, 137.340 ) ( 487.900, 137.560 )


SHORT: ( Metal Short ) Special Wire of Net VDD & Blockage of Cell MainMemory_data_sram  ( met3 )
Bounds : ( 484.900, 145.620 ) ( 487.900, 146.020 )


SHORT: ( Metal Short ) Special Wire of Net VDD & Blockage of Cell MainMemory_data_sram  ( met3 )
Bounds : ( 484.900, 153.900 ) ( 487.900, 154.300 )


SHORT: ( Metal Short ) Special Wire of Net VDD & Blockage of Cell MainMemory_data_sram  ( met3 )
Bounds : ( 484.900, 162.180 ) ( 487.900, 162.580 )


SHORT: ( Metal Short ) Special Wire of Net VSS & Blockage of Cell MainMemory_data_sram  ( met3 )
Bounds : ( 507.900, 141.480 ) ( 510.900, 141.880 )


SHORT: ( Metal Short ) Special Wire of Net VSS & Blockage of Cell MainMemory_data_sram  ( met3 )
Bounds : ( 507.900, 149.760 ) ( 510.900, 150.160 )


SHORT: ( Metal Short ) Special Wire of Net VSS & Blockage of Cell MainMemory_data_sram  ( met3 )
Bounds : ( 507.900, 158.040 ) ( 510.900, 158.440 )


SHORT: ( Metal Short ) Regular Wire of Net ex_DRAM_wdata[26] & Special Wire of Net VDD  ( met4 )
Bounds : ( 437.680, 133.400 ) ( 437.900, 134.460 )


SHORT: ( Metal Short ) Special Wire of Net VDD & Blockage of Cell MainMemory_data_sram  ( met2 )
Bounds : ( 434.900, 137.340 ) ( 437.900, 137.740 )


SHORT: ( Metal Short ) Special Wire of Net VDD & Blockage of Cell MainMemory_data_sram  ( met2 )
Bounds : ( 434.900, 145.620 ) ( 437.900, 146.020 )


SHORT: ( Metal Short ) Special Wire of Net VDD & Blockage of Cell MainMemory_data_sram  ( met2 )
Bounds : ( 434.900, 153.900 ) ( 437.900, 154.300 )


SHORT: ( Metal Short ) Special Wire of Net VDD & Blockage of Cell MainMemory_data_sram  ( met2 )
Bounds : ( 434.900, 162.180 ) ( 437.900, 162.580 )


SHORT: ( Metal Short ) Special Wire of Net VSS & Blockage of Cell MainMemory_data_sram  ( met2 )
Bounds : ( 457.900, 141.480 ) ( 460.900, 141.880 )


SHORT: ( Metal Short ) Special Wire of Net VSS & Blockage of Cell MainMemory_data_sram  ( met2 )
Bounds : ( 457.900, 149.760 ) ( 460.900, 150.160 )


SHORT: ( Metal Short ) Special Wire of Net VSS & Blockage of Cell MainMemory_data_sram  ( met2 )
Bounds : ( 457.900, 158.040 ) ( 460.900, 158.440 )


SHORT: ( Metal Short ) Special Wire of Net VDD & Blockage of Cell MainMemory_data_sram  ( met3 )
Bounds : ( 434.900, 137.340 ) ( 437.900, 137.560 )


SHORT: ( Metal Short ) Special Wire of Net VDD & Blockage of Cell MainMemory_data_sram  ( met3 )
Bounds : ( 434.900, 145.620 ) ( 437.900, 146.020 )


SHORT: ( Metal Short ) Special Wire of Net VDD & Blockage of Cell MainMemory_data_sram  ( met3 )
Bounds : ( 434.900, 153.900 ) ( 437.900, 154.300 )


SHORT: ( Metal Short ) Special Wire of Net VDD & Blockage of Cell MainMemory_data_sram  ( met3 )
Bounds : ( 434.900, 162.180 ) ( 437.900, 162.580 )


SHORT: ( Metal Short ) Special Wire of Net VSS & Blockage of Cell MainMemory_data_sram  ( met3 )
Bounds : ( 457.900, 141.480 ) ( 460.900, 141.880 )


SHORT: ( Metal Short ) Special Wire of Net VSS & Blockage of Cell MainMemory_data_sram  ( met3 )
Bounds : ( 457.900, 149.760 ) ( 460.900, 150.160 )


SHORT: ( Metal Short ) Special Wire of Net VSS & Blockage of Cell MainMemory_data_sram  ( met3 )
Bounds : ( 457.900, 158.040 ) ( 460.900, 158.440 )


SPACING: ( ParallelRunLength Spacing ) Regular Wire of Net ex_DRAM_wdata[26] & Blockage of Cell MainMemory_data_sram  ( met3 )
Bounds : ( 437.680, 133.760 ) ( 438.060, 134.020 )


SHORT: ( Metal Short ) Special Wire of Net VSS & Blockage of Cell MainMemory_data_sram  ( met2 )
Bounds : ( 407.900, 141.480 ) ( 410.900, 141.880 )


SHORT: ( Metal Short ) Special Wire of Net VSS & Blockage of Cell MainMemory_data_sram  ( met2 )
Bounds : ( 407.900, 149.760 ) ( 410.900, 150.160 )


SHORT: ( Metal Short ) Special Wire of Net VSS & Blockage of Cell MainMemory_data_sram  ( met2 )
Bounds : ( 407.900, 158.040 ) ( 410.900, 158.440 )


SHORT: ( Metal Short ) Special Wire of Net VSS & Blockage of Cell MainMemory_data_sram  ( met3 )
Bounds : ( 407.900, 141.480 ) ( 410.900, 141.880 )


SHORT: ( Metal Short ) Special Wire of Net VSS & Blockage of Cell MainMemory_data_sram  ( met3 )
Bounds : ( 407.900, 149.760 ) ( 410.900, 150.160 )


SHORT: ( Metal Short ) Special Wire of Net VSS & Blockage of Cell MainMemory_data_sram  ( met3 )
Bounds : ( 407.900, 158.040 ) ( 410.900, 158.440 )


SHORT: ( Metal Short ) Regular Wire of Net ex_DRAM_wdata[21] & Special Wire of Net VSS  ( met4 )
Bounds : ( 408.720, 133.010 ) ( 409.900, 134.190 )


SHORT: ( Metal Short ) Regular Wire of Net ex_DRAM_wdata[21] & Special Wire of Net VSS  ( met4 )
Bounds : ( 409.120, 133.010 ) ( 409.500, 134.460 )


SPACING: ( ParallelRunLength Spacing ) Regular Wire of Net ex_DRAM_wdata[21] & Special Wire of Net VDD  ( met5 )
Bounds : ( 408.510, 134.400 ) ( 410.110, 134.900 )


SHORT: ( Metal Short ) Regular Wire of Net ex_DRAM_wdata[17] & Special Wire of Net VDD  ( met4 )
Bounds : ( 385.320, 133.400 ) ( 385.700, 134.460 )


SHORT: ( Metal Short ) Special Wire of Net VSS & Blockage of Cell MainMemory_data_sram  ( met2 )
Bounds : ( 357.900, 141.480 ) ( 360.900, 141.880 )


SHORT: ( Metal Short ) Special Wire of Net VSS & Blockage of Cell MainMemory_data_sram  ( met2 )
Bounds : ( 357.900, 149.760 ) ( 360.900, 150.160 )


SHORT: ( Metal Short ) Special Wire of Net VSS & Blockage of Cell MainMemory_data_sram  ( met2 )
Bounds : ( 357.900, 158.040 ) ( 360.900, 158.440 )


SHORT: ( Metal Short ) Special Wire of Net VDD & Blockage of Cell MainMemory_data_sram  ( met2 )
Bounds : ( 384.900, 137.340 ) ( 387.900, 137.740 )


SHORT: ( Metal Short ) Special Wire of Net VDD & Blockage of Cell MainMemory_data_sram  ( met2 )
Bounds : ( 384.900, 145.620 ) ( 387.900, 146.020 )


SHORT: ( Metal Short ) Special Wire of Net VDD & Blockage of Cell MainMemory_data_sram  ( met2 )
Bounds : ( 384.900, 153.900 ) ( 387.900, 154.300 )


SHORT: ( Metal Short ) Special Wire of Net VDD & Blockage of Cell MainMemory_data_sram  ( met2 )
Bounds : ( 384.900, 162.180 ) ( 387.900, 162.580 )


SHORT: ( Metal Short ) Special Wire of Net VSS & Blockage of Cell MainMemory_data_sram  ( met3 )
Bounds : ( 357.900, 141.480 ) ( 360.900, 141.880 )


SHORT: ( Metal Short ) Special Wire of Net VSS & Blockage of Cell MainMemory_data_sram  ( met3 )
Bounds : ( 357.900, 149.760 ) ( 360.900, 150.160 )


SHORT: ( Metal Short ) Special Wire of Net VSS & Blockage of Cell MainMemory_data_sram  ( met3 )
Bounds : ( 357.900, 158.040 ) ( 360.900, 158.440 )


SHORT: ( Metal Short ) Special Wire of Net VDD & Blockage of Cell MainMemory_data_sram  ( met3 )
Bounds : ( 384.900, 137.340 ) ( 387.900, 137.560 )


SHORT: ( Metal Short ) Special Wire of Net VDD & Blockage of Cell MainMemory_data_sram  ( met3 )
Bounds : ( 384.900, 145.620 ) ( 387.900, 146.020 )


SHORT: ( Metal Short ) Special Wire of Net VDD & Blockage of Cell MainMemory_data_sram  ( met3 )
Bounds : ( 384.900, 153.900 ) ( 387.900, 154.300 )


SHORT: ( Metal Short ) Special Wire of Net VDD & Blockage of Cell MainMemory_data_sram  ( met3 )
Bounds : ( 384.900, 162.180 ) ( 387.900, 162.580 )


SPACING: ( ParallelRunLength Spacing ) Regular Wire of Net ex_DRAM_wdata[17] & Blockage of Cell MainMemory_data_sram  ( met3 )
Bounds : ( 385.320, 133.760 ) ( 385.700, 134.020 )


SHORT: ( Metal Short ) Special Wire of Net VDD & Blockage of Cell MainMemory_data_sram  ( met3 )
Bounds : ( 334.900, 153.900 ) ( 337.900, 154.300 )


SHORT: ( Metal Short ) Special Wire of Net VDD & Blockage of Cell MainMemory_data_sram  ( met2 )
Bounds : ( 334.900, 162.180 ) ( 337.900, 162.580 )


SHORT: ( Metal Short ) Special Wire of Net VDD & Blockage of Cell MainMemory_data_sram  ( met2 )
Bounds : ( 334.900, 137.340 ) ( 337.900, 137.740 )


SHORT: ( Metal Short ) Special Wire of Net VDD & Blockage of Cell MainMemory_data_sram  ( met2 )
Bounds : ( 334.900, 145.620 ) ( 337.900, 146.020 )


SHORT: ( Metal Short ) Special Wire of Net VDD & Blockage of Cell MainMemory_data_sram  ( met2 )
Bounds : ( 334.900, 153.900 ) ( 337.900, 154.300 )


SHORT: ( Metal Short ) Special Wire of Net VDD & Blockage of Cell MainMemory_data_sram  ( met3 )
Bounds : ( 334.900, 137.340 ) ( 337.900, 137.560 )


SHORT: ( Metal Short ) Special Wire of Net VDD & Blockage of Cell MainMemory_data_sram  ( met3 )
Bounds : ( 334.900, 145.620 ) ( 337.900, 146.020 )


SHORT: ( Metal Short ) Special Wire of Net VDD & Blockage of Cell MainMemory_data_sram  ( met3 )
Bounds : ( 334.900, 162.180 ) ( 337.900, 162.580 )


SHORT: ( Metal Short ) Special Wire of Net VDD & Blockage of Cell MainMemory_data_sram  ( met2 )
Bounds : ( 284.900, 137.340 ) ( 287.900, 137.740 )


SHORT: ( Metal Short ) Special Wire of Net VDD & Blockage of Cell MainMemory_data_sram  ( met2 )
Bounds : ( 284.900, 145.620 ) ( 287.900, 146.020 )


SHORT: ( Metal Short ) Special Wire of Net VDD & Blockage of Cell MainMemory_data_sram  ( met2 )
Bounds : ( 284.900, 153.900 ) ( 287.900, 154.300 )


SHORT: ( Metal Short ) Special Wire of Net VDD & Blockage of Cell MainMemory_data_sram  ( met2 )
Bounds : ( 284.900, 162.180 ) ( 287.900, 162.580 )


SHORT: ( Metal Short ) Special Wire of Net VDD & Blockage of Cell MainMemory_data_sram  ( met3 )
Bounds : ( 284.900, 137.340 ) ( 287.900, 137.560 )


SHORT: ( Metal Short ) Special Wire of Net VDD & Blockage of Cell MainMemory_data_sram  ( met3 )
Bounds : ( 284.900, 145.620 ) ( 287.900, 146.020 )


SHORT: ( Metal Short ) Special Wire of Net VDD & Blockage of Cell MainMemory_data_sram  ( met3 )
Bounds : ( 284.900, 153.900 ) ( 287.900, 154.300 )


SHORT: ( Metal Short ) Special Wire of Net VDD & Blockage of Cell MainMemory_data_sram  ( met3 )
Bounds : ( 284.900, 162.180 ) ( 287.900, 162.580 )


SHORT: ( Metal Short ) Regular Wire of Net ex_DRAM_wdata[0] & Special Wire of Net VDD  ( met4 )
Bounds : ( 286.720, 133.400 ) ( 287.100, 134.460 )


SPACING: ( ParallelRunLength Spacing ) Regular Wire of Net ex_DRAM_wdata[0] & Blockage of Cell MainMemory_data_sram  ( met3 )
Bounds : ( 286.720, 133.760 ) ( 287.100, 134.020 )


SHORT: ( Metal Short ) Special Wire of Net VSS & Blockage of Cell MainMemory_data_sram  ( met3 )
Bounds : ( 307.900, 158.040 ) ( 310.900, 158.440 )


SHORT: ( Metal Short ) Special Wire of Net VSS & Blockage of Cell MainMemory_data_sram  ( met3 )
Bounds : ( 307.900, 149.760 ) ( 310.900, 150.160 )


SHORT: ( Metal Short ) Special Wire of Net VSS & Blockage of Cell MainMemory_data_sram  ( met3 )
Bounds : ( 307.900, 141.480 ) ( 310.900, 141.880 )


SHORT: ( Metal Short ) Special Wire of Net VSS & Blockage of Cell MainMemory_data_sram  ( met2 )
Bounds : ( 307.900, 158.040 ) ( 310.900, 158.440 )


SHORT: ( Metal Short ) Special Wire of Net VSS & Blockage of Cell MainMemory_data_sram  ( met2 )
Bounds : ( 307.900, 149.760 ) ( 310.900, 150.160 )


SHORT: ( Metal Short ) Special Wire of Net VSS & Blockage of Cell MainMemory_data_sram  ( met2 )
Bounds : ( 307.900, 141.480 ) ( 310.900, 141.880 )


SHORT: ( Metal Short ) Regular Wire of Net ex_DRAM_wdata[4] & Special Wire of Net VSS  ( met4 )
Bounds : ( 308.760, 133.010 ) ( 309.940, 134.190 )


SHORT: ( Metal Short ) Regular Wire of Net ex_DRAM_wdata[4] & Special Wire of Net VSS  ( met4 )
Bounds : ( 309.160, 133.010 ) ( 309.540, 134.460 )


SPACING: ( ParallelRunLength Spacing ) Regular Wire of Net ex_DRAM_wdata[4] & Special Wire of Net VDD  ( met5 )
Bounds : ( 308.550, 134.400 ) ( 310.150, 134.900 )


SHORT: ( Metal Short ) Special Wire of Net VSS & Blockage of Cell MainMemory_data_sram  ( met2 )
Bounds : ( 257.900, 141.480 ) ( 260.900, 141.880 )


SHORT: ( Metal Short ) Special Wire of Net VDD & Blockage of Cell MainMemory_data_sram  ( met2 )
Bounds : ( 234.900, 162.180 ) ( 237.900, 162.580 )


SHORT: ( Metal Short ) Special Wire of Net VDD & Blockage of Cell MainMemory_data_sram  ( met2 )
Bounds : ( 234.900, 153.900 ) ( 237.900, 154.300 )


SHORT: ( Metal Short ) Special Wire of Net VSS & Blockage of Cell MainMemory_data_sram  ( met2 )
Bounds : ( 207.900, 149.760 ) ( 210.900, 150.160 )


SHORT: ( Metal Short ) Special Wire of Net VSS & Blockage of Cell MainMemory_data_sram  ( met2 )
Bounds : ( 207.900, 141.480 ) ( 210.900, 141.880 )


SHORT: ( Metal Short ) Special Wire of Net VSS & Blockage of Cell MainMemory_data_sram  ( met2 )
Bounds : ( 207.900, 158.040 ) ( 210.900, 158.440 )


SHORT: ( Metal Short ) Special Wire of Net VDD & Blockage of Cell MainMemory_data_sram  ( met2 )
Bounds : ( 234.900, 137.340 ) ( 237.900, 137.740 )


SHORT: ( Metal Short ) Special Wire of Net VDD & Blockage of Cell MainMemory_data_sram  ( met2 )
Bounds : ( 234.900, 145.620 ) ( 237.900, 146.020 )


SHORT: ( Metal Short ) Special Wire of Net VSS & Blockage of Cell MainMemory_data_sram  ( met2 )
Bounds : ( 257.900, 149.760 ) ( 260.900, 150.160 )


SHORT: ( Metal Short ) Special Wire of Net VSS & Blockage of Cell MainMemory_data_sram  ( met2 )
Bounds : ( 257.900, 158.040 ) ( 260.900, 158.440 )


SHORT: ( Metal Short ) Special Wire of Net VSS & Blockage of Cell MainMemory_data_sram  ( met3 )
Bounds : ( 207.900, 141.480 ) ( 210.900, 141.880 )


SHORT: ( Metal Short ) Special Wire of Net VSS & Blockage of Cell MainMemory_data_sram  ( met3 )
Bounds : ( 207.900, 149.760 ) ( 210.900, 150.160 )


SHORT: ( Metal Short ) Special Wire of Net VSS & Blockage of Cell MainMemory_data_sram  ( met3 )
Bounds : ( 207.900, 158.040 ) ( 210.900, 158.440 )


SHORT: ( Metal Short ) Special Wire of Net VDD & Blockage of Cell MainMemory_data_sram  ( met3 )
Bounds : ( 234.900, 137.340 ) ( 237.900, 137.560 )


SHORT: ( Metal Short ) Special Wire of Net VDD & Blockage of Cell MainMemory_data_sram  ( met3 )
Bounds : ( 234.900, 145.620 ) ( 237.900, 146.020 )


SHORT: ( Metal Short ) Special Wire of Net VDD & Blockage of Cell MainMemory_data_sram  ( met3 )
Bounds : ( 234.900, 153.900 ) ( 237.900, 154.300 )


SHORT: ( Metal Short ) Special Wire of Net VDD & Blockage of Cell MainMemory_data_sram  ( met3 )
Bounds : ( 234.900, 162.180 ) ( 237.900, 162.580 )


SHORT: ( Metal Short ) Special Wire of Net VSS & Blockage of Cell MainMemory_data_sram  ( met3 )
Bounds : ( 257.900, 141.480 ) ( 260.900, 141.880 )


SHORT: ( Metal Short ) Special Wire of Net VSS & Blockage of Cell MainMemory_data_sram  ( met3 )
Bounds : ( 257.900, 149.760 ) ( 260.900, 150.160 )


SHORT: ( Metal Short ) Special Wire of Net VSS & Blockage of Cell MainMemory_data_sram  ( met3 )
Bounds : ( 257.900, 158.040 ) ( 260.900, 158.440 )


SHORT: ( Metal Short ) Special Wire of Net VDD & Blockage of Cell MainMemory_data_sram  ( met3 )
Bounds : ( 184.900, 253.260 ) ( 187.900, 253.660 )


SHORT: ( Metal Short ) Special Wire of Net VDD & Blockage of Cell MainMemory_data_sram  ( met3 )
Bounds : ( 184.900, 244.980 ) ( 187.900, 245.380 )


SHORT: ( Metal Short ) Special Wire of Net VDD & Blockage of Cell MainMemory_data_sram  ( met2 )
Bounds : ( 184.900, 244.980 ) ( 187.900, 245.380 )


SHORT: ( Metal Short ) Special Wire of Net VDD & Blockage of Cell MainMemory_data_sram  ( met2 )
Bounds : ( 184.900, 253.260 ) ( 187.900, 253.660 )


SHORT: ( Metal Short ) Special Wire of Net VDD & Blockage of Cell MainMemory_data_sram  ( met2 )
Bounds : ( 184.900, 261.540 ) ( 187.900, 261.940 )


SHORT: ( Metal Short ) Special Wire of Net VDD & Blockage of Cell MainMemory_data_sram  ( met2 )
Bounds : ( 184.900, 269.820 ) ( 187.900, 270.220 )


SHORT: ( Metal Short ) Special Wire of Net VDD & Blockage of Cell MainMemory_data_sram  ( met2 )
Bounds : ( 184.900, 278.100 ) ( 187.900, 278.500 )


SHORT: ( Metal Short ) Special Wire of Net VDD & Blockage of Cell MainMemory_data_sram  ( met2 )
Bounds : ( 184.900, 286.380 ) ( 187.900, 286.780 )


SHORT: ( Metal Short ) Special Wire of Net VDD & Blockage of Cell MainMemory_data_sram  ( met2 )
Bounds : ( 184.900, 294.660 ) ( 187.900, 295.060 )


SHORT: ( Metal Short ) Special Wire of Net VDD & Blockage of Cell MainMemory_data_sram  ( met2 )
Bounds : ( 184.900, 302.940 ) ( 187.900, 303.340 )


SHORT: ( Metal Short ) Special Wire of Net VDD & Blockage of Cell MainMemory_data_sram  ( met2 )
Bounds : ( 184.900, 311.220 ) ( 187.900, 311.620 )


SHORT: ( Metal Short ) Special Wire of Net VDD & Blockage of Cell MainMemory_data_sram  ( met2 )
Bounds : ( 184.900, 319.500 ) ( 187.900, 319.900 )


SHORT: ( Metal Short ) Special Wire of Net VDD & Blockage of Cell MainMemory_data_sram  ( met3 )
Bounds : ( 184.900, 261.540 ) ( 187.900, 261.940 )


SHORT: ( Metal Short ) Special Wire of Net VDD & Blockage of Cell MainMemory_data_sram  ( met3 )
Bounds : ( 184.900, 269.820 ) ( 187.900, 270.220 )


SHORT: ( Metal Short ) Special Wire of Net VDD & Blockage of Cell MainMemory_data_sram  ( met3 )
Bounds : ( 184.900, 278.100 ) ( 187.900, 278.500 )


SHORT: ( Metal Short ) Special Wire of Net VDD & Blockage of Cell MainMemory_data_sram  ( met3 )
Bounds : ( 184.900, 286.380 ) ( 187.900, 286.780 )


SHORT: ( Metal Short ) Special Wire of Net VDD & Blockage of Cell MainMemory_data_sram  ( met3 )
Bounds : ( 184.900, 294.660 ) ( 187.900, 295.060 )


SHORT: ( Metal Short ) Special Wire of Net VDD & Blockage of Cell MainMemory_data_sram  ( met3 )
Bounds : ( 184.900, 302.940 ) ( 187.900, 303.340 )


SHORT: ( Metal Short ) Special Wire of Net VDD & Blockage of Cell MainMemory_data_sram  ( met3 )
Bounds : ( 184.900, 311.220 ) ( 187.900, 311.620 )


SHORT: ( Metal Short ) Special Wire of Net VDD & Blockage of Cell MainMemory_data_sram  ( met3 )
Bounds : ( 184.900, 319.500 ) ( 187.900, 319.900 )


SHORT: ( Metal Short ) Special Wire of Net VDD & Blockage of Cell MainMemory_data_sram  ( met3 )
Bounds : ( 184.900, 236.700 ) ( 187.900, 237.100 )


SHORT: ( Metal Short ) Special Wire of Net VDD & Blockage of Cell MainMemory_data_sram  ( met3 )
Bounds : ( 184.900, 228.420 ) ( 187.900, 228.820 )


SHORT: ( Metal Short ) Special Wire of Net VDD & Blockage of Cell MainMemory_data_sram  ( met3 )
Bounds : ( 184.900, 220.140 ) ( 187.900, 220.540 )


SHORT: ( Metal Short ) Special Wire of Net VDD & Blockage of Cell MainMemory_data_sram  ( met3 )
Bounds : ( 184.900, 211.860 ) ( 187.900, 212.260 )


SHORT: ( Metal Short ) Special Wire of Net VDD & Blockage of Cell MainMemory_data_sram  ( met3 )
Bounds : ( 184.900, 203.580 ) ( 187.900, 203.980 )


SHORT: ( Metal Short ) Special Wire of Net VDD & Blockage of Cell MainMemory_data_sram  ( met3 )
Bounds : ( 184.900, 195.300 ) ( 187.900, 195.700 )


SHORT: ( Metal Short ) Special Wire of Net VDD & Blockage of Cell MainMemory_data_sram  ( met2 )
Bounds : ( 184.900, 187.020 ) ( 187.900, 187.420 )


SHORT: ( Metal Short ) Special Wire of Net VDD & Blockage of Cell MainMemory_data_sram  ( met2 )
Bounds : ( 184.900, 178.740 ) ( 187.900, 179.140 )


SHORT: ( Metal Short ) Special Wire of Net VDD & Blockage of Cell MainMemory_data_sram  ( met2 )
Bounds : ( 184.900, 170.460 ) ( 187.900, 170.860 )


SHORT: ( Metal Short ) Special Wire of Net VDD & Blockage of Cell MainMemory_data_sram  ( met3 )
Bounds : ( 184.900, 170.460 ) ( 187.900, 170.860 )


SHORT: ( Metal Short ) Special Wire of Net VDD & Blockage of Cell MainMemory_data_sram  ( met3 )
Bounds : ( 184.900, 178.740 ) ( 187.900, 179.140 )


SHORT: ( Metal Short ) Special Wire of Net VDD & Blockage of Cell MainMemory_data_sram  ( met3 )
Bounds : ( 184.900, 187.020 ) ( 187.900, 187.420 )


SHORT: ( Metal Short ) Special Wire of Net VDD & Blockage of Cell MainMemory_data_sram  ( met2 )
Bounds : ( 184.900, 195.300 ) ( 187.900, 195.700 )


SHORT: ( Metal Short ) Special Wire of Net VDD & Blockage of Cell MainMemory_data_sram  ( met2 )
Bounds : ( 184.900, 203.580 ) ( 187.900, 203.980 )


SHORT: ( Metal Short ) Special Wire of Net VDD & Blockage of Cell MainMemory_data_sram  ( met2 )
Bounds : ( 184.900, 211.860 ) ( 187.900, 212.260 )


SHORT: ( Metal Short ) Special Wire of Net VDD & Blockage of Cell MainMemory_data_sram  ( met2 )
Bounds : ( 184.900, 220.140 ) ( 187.900, 220.540 )


SHORT: ( Metal Short ) Special Wire of Net VDD & Blockage of Cell MainMemory_data_sram  ( met2 )
Bounds : ( 184.900, 228.420 ) ( 187.900, 228.820 )


SHORT: ( Metal Short ) Special Wire of Net VDD & Blockage of Cell MainMemory_data_sram  ( met2 )
Bounds : ( 184.900, 236.700 ) ( 187.900, 237.100 )


SHORT: ( Metal Short ) Special Wire of Net VDD & Blockage of Cell MainMemory_data_sram  ( met3 )
Bounds : ( 184.900, 162.180 ) ( 187.900, 162.580 )


SHORT: ( Metal Short ) Special Wire of Net VDD & Blockage of Cell MainMemory_data_sram  ( met3 )
Bounds : ( 184.900, 153.900 ) ( 187.900, 154.300 )


SHORT: ( Metal Short ) Special Wire of Net VDD & Blockage of Cell MainMemory_data_sram  ( met3 )
Bounds : ( 184.900, 145.620 ) ( 187.900, 146.020 )


SHORT: ( Metal Short ) Special Wire of Net VDD & Blockage of Cell MainMemory_data_sram  ( met3 )
Bounds : ( 184.900, 137.340 ) ( 187.900, 137.560 )


SHORT: ( Metal Short ) Special Wire of Net VDD & Blockage of Cell MainMemory_data_sram  ( met2 )
Bounds : ( 184.900, 137.340 ) ( 187.900, 137.740 )


SHORT: ( Metal Short ) Special Wire of Net VDD & Blockage of Cell MainMemory_data_sram  ( met2 )
Bounds : ( 184.900, 145.620 ) ( 187.900, 146.020 )


SHORT: ( Metal Short ) Special Wire of Net VDD & Blockage of Cell MainMemory_data_sram  ( met2 )
Bounds : ( 184.900, 153.900 ) ( 187.900, 154.300 )


SHORT: ( Metal Short ) Special Wire of Net VDD & Blockage of Cell MainMemory_data_sram  ( met2 )
Bounds : ( 184.900, 162.180 ) ( 187.900, 162.580 )


SHORT: ( Metal Short ) Special Wire of Net VDD & Blockage of Cell MainMemory_data_sram  ( met4 )
Bounds : ( 184.900, 134.020 ) ( 187.900, 548.280 )


SHORT: ( Metal Short ) Special Wire of Net VSS & Blockage of Cell MainMemory_data_sram  ( met4 )
Bounds : ( 207.900, 134.020 ) ( 210.900, 548.280 )


SHORT: ( Metal Short ) Special Wire of Net VDD & Blockage of Cell MainMemory_data_sram  ( met4 )
Bounds : ( 234.900, 134.020 ) ( 237.900, 548.280 )


SHORT: ( Metal Short ) Special Wire of Net VSS & Blockage of Cell MainMemory_data_sram  ( met4 )
Bounds : ( 257.900, 134.020 ) ( 260.900, 549.320 )


SHORT: ( Metal Short ) Special Wire of Net VDD & Blockage of Cell MainMemory_data_sram  ( met4 )
Bounds : ( 284.900, 134.020 ) ( 286.120, 549.320 )


SHORT: ( Metal Short ) Special Wire of Net VDD & Blockage of Cell MainMemory_data_sram  ( met4 )
Bounds : ( 284.900, 135.060 ) ( 287.900, 549.320 )


SHORT: ( Metal Short ) Special Wire of Net VDD & Blockage of Cell MainMemory_data_sram  ( met4 )
Bounds : ( 287.700, 134.020 ) ( 287.900, 549.320 )


SHORT: ( Metal Short ) Special Wire of Net VSS & Blockage of Cell MainMemory_data_sram  ( met4 )
Bounds : ( 307.900, 134.020 ) ( 308.560, 549.320 )


SHORT: ( Metal Short ) Special Wire of Net VSS & Blockage of Cell MainMemory_data_sram  ( met4 )
Bounds : ( 307.900, 135.060 ) ( 310.900, 548.280 )


SHORT: ( Metal Short ) Special Wire of Net VSS & Blockage of Cell MainMemory_data_sram  ( met4 )
Bounds : ( 310.140, 134.020 ) ( 310.900, 549.320 )


SHORT: ( Metal Short ) Special Wire of Net VDD & Blockage of Cell MainMemory_data_sram  ( met4 )
Bounds : ( 334.900, 134.020 ) ( 337.800, 549.320 )


SHORT: ( Metal Short ) Special Wire of Net VDD & Blockage of Cell MainMemory_data_sram  ( met4 )
Bounds : ( 334.900, 135.060 ) ( 337.900, 548.280 )


SHORT: ( Metal Short ) Special Wire of Net VSS & Blockage of Cell MainMemory_data_sram  ( met4 )
Bounds : ( 357.900, 134.020 ) ( 360.900, 549.320 )


SHORT: ( Metal Short ) Special Wire of Net VDD & Blockage of Cell MainMemory_data_sram  ( met4 )
Bounds : ( 384.900, 135.060 ) ( 387.900, 549.320 )


SHORT: ( Metal Short ) Special Wire of Net VDD & Blockage of Cell MainMemory_data_sram  ( met4 )
Bounds : ( 386.300, 134.020 ) ( 387.900, 549.320 )


SHORT: ( Metal Short ) Special Wire of Net VSS & Blockage of Cell MainMemory_data_sram  ( met4 )
Bounds : ( 407.900, 134.020 ) ( 408.520, 549.320 )


SHORT: ( Metal Short ) Special Wire of Net VSS & Blockage of Cell MainMemory_data_sram  ( met4 )
Bounds : ( 407.900, 135.060 ) ( 410.900, 549.320 )


SHORT: ( Metal Short ) Special Wire of Net VSS & Blockage of Cell MainMemory_data_sram  ( met4 )
Bounds : ( 410.100, 134.020 ) ( 410.900, 549.320 )


SHORT: ( Metal Short ) Special Wire of Net VDD & Blockage of Cell MainMemory_data_sram  ( met4 )
Bounds : ( 434.900, 134.020 ) ( 437.080, 549.320 )


SHORT: ( Metal Short ) Special Wire of Net VDD & Blockage of Cell MainMemory_data_sram  ( met4 )
Bounds : ( 434.900, 135.060 ) ( 437.900, 549.320 )


SHORT: ( Metal Short ) Special Wire of Net VSS & Blockage of Cell MainMemory_data_sram  ( met4 )
Bounds : ( 457.900, 134.020 ) ( 460.880, 549.320 )


SHORT: ( Metal Short ) Special Wire of Net VSS & Blockage of Cell MainMemory_data_sram  ( met4 )
Bounds : ( 457.900, 135.060 ) ( 460.900, 549.320 )


SHORT: ( Metal Short ) Special Wire of Net VDD & Blockage of Cell MainMemory_data_sram  ( met4 )
Bounds : ( 484.900, 134.020 ) ( 487.900, 549.320 )


SHORT: ( Metal Short ) Special Wire of Net VSS & Blockage of Cell MainMemory_data_sram  ( met4 )
Bounds : ( 507.900, 134.020 ) ( 510.900, 549.320 )


SPACING: ( ParallelRunLength Spacing ) Special Wire of Net VDD & Blockage of Cell MainMemory_data_sram  ( met4 )
Bounds : ( 384.720, 134.020 ) ( 384.900, 549.320 )


SHORT: ( Metal Short ) Special Wire of Net VDD & Blockage of Cell MainMemory_data_sram  ( met1 )
Bounds : ( 171.740, 369.180 ) ( 853.600, 369.580 )


SHORT: ( Metal Short ) Special Wire of Net VSS & Blockage of Cell MainMemory_data_sram  ( met1 )
Bounds : ( 171.740, 373.320 ) ( 853.600, 373.720 )


SHORT: ( Metal Short ) Special Wire of Net VSS & Blockage of Cell MainMemory_data_sram  ( met1 )
Bounds : ( 171.740, 365.040 ) ( 853.600, 365.440 )


SHORT: ( Metal Short ) Special Wire of Net VDD & Blockage of Cell MainMemory_data_sram  ( met1 )
Bounds : ( 171.740, 360.900 ) ( 853.600, 361.300 )


SHORT: ( Metal Short ) Special Wire of Net VSS & Blockage of Cell MainMemory_data_sram  ( met1 )
Bounds : ( 171.740, 356.760 ) ( 853.600, 357.160 )


SHORT: ( Metal Short ) Special Wire of Net VDD & Blockage of Cell MainMemory_data_sram  ( met1 )
Bounds : ( 171.740, 352.620 ) ( 853.600, 353.020 )


SHORT: ( Metal Short ) Special Wire of Net VSS & Blockage of Cell MainMemory_data_sram  ( met1 )
Bounds : ( 171.740, 348.480 ) ( 853.600, 348.880 )


SHORT: ( Metal Short ) Special Wire of Net VDD & Blockage of Cell MainMemory_data_sram  ( met1 )
Bounds : ( 171.740, 344.340 ) ( 853.600, 344.740 )


SHORT: ( Metal Short ) Special Wire of Net VSS & Blockage of Cell MainMemory_data_sram  ( met1 )
Bounds : ( 171.740, 340.200 ) ( 853.600, 340.600 )


SHORT: ( Metal Short ) Special Wire of Net VDD & Blockage of Cell MainMemory_data_sram  ( met1 )
Bounds : ( 171.740, 336.060 ) ( 853.600, 336.460 )


SHORT: ( Metal Short ) Special Wire of Net VSS & Blockage of Cell MainMemory_data_sram  ( met1 )
Bounds : ( 171.740, 331.920 ) ( 853.600, 332.320 )


SHORT: ( Metal Short ) Special Wire of Net VDD & Blockage of Cell MainMemory_data_sram  ( met1 )
Bounds : ( 171.740, 327.780 ) ( 853.600, 328.180 )


SHORT: ( Metal Short ) Special Wire of Net VDD & Blockage of Cell MainMemory_data_sram  ( met1 )
Bounds : ( 171.740, 286.380 ) ( 853.600, 286.780 )


SHORT: ( Metal Short ) Special Wire of Net VSS & Blockage of Cell MainMemory_data_sram  ( met1 )
Bounds : ( 171.740, 290.520 ) ( 853.600, 290.920 )


SHORT: ( Metal Short ) Special Wire of Net VDD & Blockage of Cell MainMemory_data_sram  ( met1 )
Bounds : ( 171.740, 294.660 ) ( 853.600, 295.060 )


SHORT: ( Metal Short ) Special Wire of Net VSS & Blockage of Cell MainMemory_data_sram  ( met1 )
Bounds : ( 171.740, 298.800 ) ( 853.600, 299.200 )


SHORT: ( Metal Short ) Special Wire of Net VDD & Blockage of Cell MainMemory_data_sram  ( met1 )
Bounds : ( 171.740, 302.940 ) ( 853.600, 303.340 )


SHORT: ( Metal Short ) Special Wire of Net VSS & Blockage of Cell MainMemory_data_sram  ( met1 )
Bounds : ( 171.740, 307.080 ) ( 853.600, 307.480 )


SHORT: ( Metal Short ) Special Wire of Net VDD & Blockage of Cell MainMemory_data_sram  ( met1 )
Bounds : ( 171.740, 311.220 ) ( 853.600, 311.620 )


SHORT: ( Metal Short ) Special Wire of Net VSS & Blockage of Cell MainMemory_data_sram  ( met1 )
Bounds : ( 171.740, 315.360 ) ( 853.600, 315.760 )


SHORT: ( Metal Short ) Special Wire of Net VDD & Blockage of Cell MainMemory_data_sram  ( met1 )
Bounds : ( 171.740, 319.500 ) ( 853.600, 319.900 )


SHORT: ( Metal Short ) Special Wire of Net VSS & Blockage of Cell MainMemory_data_sram  ( met1 )
Bounds : ( 171.740, 323.640 ) ( 853.600, 324.040 )


SHORT: ( Metal Short ) Special Wire of Net VSS & Blockage of Cell MainMemory_data_sram  ( met1 )
Bounds : ( 171.740, 282.240 ) ( 853.600, 282.640 )


SHORT: ( Metal Short ) Special Wire of Net VDD & Blockage of Cell MainMemory_data_sram  ( met1 )
Bounds : ( 171.740, 278.100 ) ( 853.600, 278.500 )


SHORT: ( Metal Short ) Special Wire of Net VSS & Blockage of Cell MainMemory_data_sram  ( met1 )
Bounds : ( 171.740, 273.960 ) ( 853.600, 274.360 )


SHORT: ( Metal Short ) Special Wire of Net VDD & Blockage of Cell MainMemory_data_sram  ( met1 )
Bounds : ( 171.740, 269.820 ) ( 853.600, 270.220 )


SHORT: ( Metal Short ) Special Wire of Net VSS & Blockage of Cell MainMemory_data_sram  ( met1 )
Bounds : ( 171.740, 265.680 ) ( 853.600, 266.080 )


SHORT: ( Metal Short ) Special Wire of Net VDD & Blockage of Cell MainMemory_data_sram  ( met1 )
Bounds : ( 171.740, 261.540 ) ( 853.600, 261.940 )


SHORT: ( Metal Short ) Special Wire of Net VSS & Blockage of Cell MainMemory_data_sram  ( met1 )
Bounds : ( 171.740, 257.400 ) ( 853.600, 257.800 )


SHORT: ( Metal Short ) Special Wire of Net VDD & Blockage of Cell MainMemory_data_sram  ( met1 )
Bounds : ( 171.740, 253.260 ) ( 853.600, 253.660 )


SHORT: ( Metal Short ) Special Wire of Net VSS & Blockage of Cell MainMemory_data_sram  ( met1 )
Bounds : ( 171.740, 249.120 ) ( 853.600, 249.520 )


SHORT: ( Metal Short ) Special Wire of Net VDD & Blockage of Cell MainMemory_data_sram  ( met1 )
Bounds : ( 171.740, 244.980 ) ( 853.600, 245.380 )


SHORT: ( Metal Short ) Special Wire of Net VSS & Blockage of Cell MainMemory_data_sram  ( met1 )
Bounds : ( 171.740, 207.720 ) ( 853.600, 208.120 )


SHORT: ( Metal Short ) Special Wire of Net VDD & Blockage of Cell MainMemory_data_sram  ( met1 )
Bounds : ( 171.740, 203.580 ) ( 853.600, 203.980 )


SHORT: ( Metal Short ) Special Wire of Net VDD & Blockage of Cell MainMemory_data_sram  ( met1 )
Bounds : ( 171.740, 211.860 ) ( 853.600, 212.260 )


SHORT: ( Metal Short ) Special Wire of Net VSS & Blockage of Cell MainMemory_data_sram  ( met1 )
Bounds : ( 171.740, 216.000 ) ( 853.600, 216.400 )


SHORT: ( Metal Short ) Special Wire of Net VDD & Blockage of Cell MainMemory_data_sram  ( met1 )
Bounds : ( 171.740, 220.140 ) ( 853.600, 220.540 )


SHORT: ( Metal Short ) Special Wire of Net VSS & Blockage of Cell MainMemory_data_sram  ( met1 )
Bounds : ( 171.740, 224.280 ) ( 853.600, 224.680 )


SHORT: ( Metal Short ) Special Wire of Net VDD & Blockage of Cell MainMemory_data_sram  ( met1 )
Bounds : ( 171.740, 228.420 ) ( 853.600, 228.820 )


SHORT: ( Metal Short ) Special Wire of Net VSS & Blockage of Cell MainMemory_data_sram  ( met1 )
Bounds : ( 171.740, 232.560 ) ( 853.600, 232.960 )


SHORT: ( Metal Short ) Special Wire of Net VDD & Blockage of Cell MainMemory_data_sram  ( met1 )
Bounds : ( 171.740, 236.700 ) ( 853.600, 237.100 )


SHORT: ( Metal Short ) Special Wire of Net VSS & Blockage of Cell MainMemory_data_sram  ( met1 )
Bounds : ( 171.740, 240.840 ) ( 853.600, 241.240 )


SHORT: ( Metal Short ) Special Wire of Net VSS & Blockage of Cell MainMemory_data_sram  ( met1 )
Bounds : ( 171.740, 199.440 ) ( 853.600, 199.840 )


SHORT: ( Metal Short ) Special Wire of Net VDD & Blockage of Cell MainMemory_data_sram  ( met1 )
Bounds : ( 171.740, 195.300 ) ( 853.600, 195.700 )


SHORT: ( Metal Short ) Special Wire of Net VSS & Blockage of Cell MainMemory_data_sram  ( met1 )
Bounds : ( 171.740, 191.160 ) ( 853.600, 191.560 )


SHORT: ( Metal Short ) Special Wire of Net VDD & Blockage of Cell MainMemory_data_sram  ( met1 )
Bounds : ( 171.740, 187.020 ) ( 853.600, 187.420 )


SHORT: ( Metal Short ) Special Wire of Net VSS & Blockage of Cell MainMemory_data_sram  ( met1 )
Bounds : ( 171.740, 182.880 ) ( 853.600, 183.280 )


SHORT: ( Metal Short ) Special Wire of Net VDD & Blockage of Cell MainMemory_data_sram  ( met1 )
Bounds : ( 171.740, 178.740 ) ( 853.600, 179.140 )


SHORT: ( Metal Short ) Special Wire of Net VSS & Blockage of Cell MainMemory_data_sram  ( met1 )
Bounds : ( 171.740, 174.600 ) ( 853.600, 175.000 )


SHORT: ( Metal Short ) Special Wire of Net VDD & Blockage of Cell MainMemory_data_sram  ( met1 )
Bounds : ( 171.740, 170.460 ) ( 853.600, 170.860 )


SHORT: ( Metal Short ) Special Wire of Net VSS & Blockage of Cell MainMemory_data_sram  ( met1 )
Bounds : ( 171.740, 166.320 ) ( 853.600, 166.720 )


SHORT: ( Metal Short ) Special Wire of Net VDD & Blockage of Cell MainMemory_data_sram  ( met1 )
Bounds : ( 171.740, 137.340 ) ( 853.600, 137.740 )


SHORT: ( Metal Short ) Special Wire of Net VSS & Blockage of Cell MainMemory_data_sram  ( met1 )
Bounds : ( 171.740, 141.480 ) ( 853.600, 141.880 )


SHORT: ( Metal Short ) Special Wire of Net VDD & Blockage of Cell MainMemory_data_sram  ( met1 )
Bounds : ( 171.740, 145.620 ) ( 853.600, 146.020 )


SHORT: ( Metal Short ) Special Wire of Net VSS & Blockage of Cell MainMemory_data_sram  ( met1 )
Bounds : ( 171.740, 149.760 ) ( 853.600, 150.160 )


SHORT: ( Metal Short ) Special Wire of Net VDD & Blockage of Cell MainMemory_data_sram  ( met1 )
Bounds : ( 171.740, 153.900 ) ( 853.600, 154.300 )


SHORT: ( Metal Short ) Special Wire of Net VSS & Blockage of Cell MainMemory_data_sram  ( met1 )
Bounds : ( 171.740, 158.040 ) ( 853.600, 158.440 )


SHORT: ( Metal Short ) Special Wire of Net VDD & Blockage of Cell MainMemory_data_sram  ( met1 )
Bounds : ( 171.740, 162.180 ) ( 853.600, 162.580 )


  Total Violations : 1000 Viols.
